Copyright 1986-2022 Xilinx, Inc. All Rights Reserved. Copyright 2022-2024 Advanced Micro Devices, Inc. All Rights Reserved.
---------------------------------------------------------------------------------------------------------------------------------------------------------------------------------------------------------------------------------
| Tool Version : Vivado v.2024.2 (win64) Build 5239630 Fri Nov 08 22:35:27 MST 2024
| Date         : Tue May  5 13:08:06 2026
| Host         : C28-2TK4150H12 running 64-bit major release  (build 9200)
| Command      : report_timing_summary -max_paths 10 -report_unconstrained -file FinalProject_timing_summary_routed.rpt -pb FinalProject_timing_summary_routed.pb -rpx FinalProject_timing_summary_routed.rpx -warn_on_violation
| Design       : FinalProject
| Device       : 7a200t-sbg484
| Speed File   : -1  PRODUCTION 1.23 2018-06-13
| Design State : Routed
---------------------------------------------------------------------------------------------------------------------------------------------------------------------------------------------------------------------------------

Timing Summary Report

------------------------------------------------------------------------------------------------
| Timer Settings
| --------------
------------------------------------------------------------------------------------------------

  Enable Multi Corner Analysis               :  Yes
  Enable Pessimism Removal                   :  Yes
  Pessimism Removal Resolution               :  Nearest Common Node
  Enable Input Delay Default Clock           :  No
  Enable Preset / Clear Arcs                 :  No
  Disable Flight Delays                      :  No
  Ignore I/O Paths                           :  No
  Timing Early Launch at Borrowing Latches   :  No
  Borrow Time for Max Delay Exceptions       :  Yes
  Merge Timing Exceptions                    :  Yes
  Inter-SLR Compensation                     :  Conservative

  Corner  Analyze    Analyze    
  Name    Max Paths  Min Paths  
  ------  ---------  ---------  
  Slow    Yes        Yes        
  Fast    Yes        Yes        


------------------------------------------------------------------------------------------------
| Report Methodology
| ------------------
------------------------------------------------------------------------------------------------

Rule       Severity          Description                                 Violations  
---------  ----------------  ------------------------------------------  ----------  
TIMING-17  Critical Warning  Non-clocked sequential cell                 35          
TIMING-27  Critical Warning  Invalid primary clock on hierarchical pin   1           
LUTAR-1    Warning           LUT drives async reset alert                4           
SYNTH-6    Warning           Timing of a RAM block might be sub-optimal  1           
TIMING-20  Warning           Non-clocked latch                           16          
LATCH-1    Advisory          Existing latches in the design              1           

Note: This report is based on the most recent report_methodology run and may not be up-to-date. Run report_methodology on the current design for the latest report.



check_timing report

Table of Contents
-----------------
1. checking no_clock (91)
2. checking constant_clock (0)
3. checking pulse_width_clock (0)
4. checking unconstrained_internal_endpoints (125)
5. checking no_input_delay (2)
6. checking no_output_delay (6)
7. checking multiple_clock (0)
8. checking generated_clocks (0)
9. checking loops (0)
10. checking partial_input_delay (0)
11. checking partial_output_delay (0)
12. checking latch_loops (0)

1. checking no_clock (91)
-------------------------
 There are 35 register/latch pins with no clock driven by root clock pin: clk (HIGH)

 There are 8 register/latch pins with no clock driven by root clock pin: datapath_uut/video_uut/Inst_vga/color_mapper_inst/button_pressed_reg[0]/Q (HIGH)

 There are 8 register/latch pins with no clock driven by root clock pin: datapath_uut/video_uut/Inst_vga/color_mapper_inst/button_pressed_reg[1]/Q (HIGH)

 There are 8 register/latch pins with no clock driven by root clock pin: datapath_uut/video_uut/Inst_vga/color_mapper_inst/button_pressed_reg[2]/Q (HIGH)

 There are 8 register/latch pins with no clock driven by root clock pin: datapath_uut/video_uut/Inst_vga/color_mapper_inst/button_pressed_reg[3]/Q (HIGH)

 There are 2 register/latch pins with no clock driven by root clock pin: datapath_uut/video_uut/Inst_vga/color_mapper_inst/numeric_stepper_col/debouncer_down/FSM_sequential_state_reg[0]/Q (HIGH)

 There are 2 register/latch pins with no clock driven by root clock pin: datapath_uut/video_uut/Inst_vga/color_mapper_inst/numeric_stepper_col/debouncer_down/FSM_sequential_state_reg[1]/Q (HIGH)

 There are 2 register/latch pins with no clock driven by root clock pin: datapath_uut/video_uut/Inst_vga/color_mapper_inst/numeric_stepper_col/debouncer_down/FSM_sequential_state_reg[2]/Q (HIGH)

 There are 2 register/latch pins with no clock driven by root clock pin: datapath_uut/video_uut/Inst_vga/color_mapper_inst/numeric_stepper_col/debouncer_up/FSM_sequential_state_reg[0]/Q (HIGH)

 There are 2 register/latch pins with no clock driven by root clock pin: datapath_uut/video_uut/Inst_vga/color_mapper_inst/numeric_stepper_col/debouncer_up/FSM_sequential_state_reg[1]/Q (HIGH)

 There are 2 register/latch pins with no clock driven by root clock pin: datapath_uut/video_uut/Inst_vga/color_mapper_inst/numeric_stepper_col/debouncer_up/FSM_sequential_state_reg[2]/Q (HIGH)

 There are 2 register/latch pins with no clock driven by root clock pin: datapath_uut/video_uut/Inst_vga/color_mapper_inst/numeric_stepper_row/debouncer_down/FSM_sequential_state_reg[0]/Q (HIGH)

 There are 2 register/latch pins with no clock driven by root clock pin: datapath_uut/video_uut/Inst_vga/color_mapper_inst/numeric_stepper_row/debouncer_down/FSM_sequential_state_reg[1]/Q (HIGH)

 There are 2 register/latch pins with no clock driven by root clock pin: datapath_uut/video_uut/Inst_vga/color_mapper_inst/numeric_stepper_row/debouncer_down/FSM_sequential_state_reg[2]/Q (HIGH)

 There are 2 register/latch pins with no clock driven by root clock pin: datapath_uut/video_uut/Inst_vga/color_mapper_inst/numeric_stepper_row/debouncer_up/FSM_sequential_state_reg[0]/Q (HIGH)

 There are 2 register/latch pins with no clock driven by root clock pin: datapath_uut/video_uut/Inst_vga/color_mapper_inst/numeric_stepper_row/debouncer_up/FSM_sequential_state_reg[1]/Q (HIGH)

 There are 2 register/latch pins with no clock driven by root clock pin: datapath_uut/video_uut/Inst_vga/color_mapper_inst/numeric_stepper_row/debouncer_up/FSM_sequential_state_reg[2]/Q (HIGH)


2. checking constant_clock (0)
------------------------------
 There are 0 register/latch pins with constant_clock.


3. checking pulse_width_clock (0)
---------------------------------
 There are 0 register/latch pins which need pulse_width check


4. checking unconstrained_internal_endpoints (125)
--------------------------------------------------
 There are 125 pins that are not constrained for maximum delay. (HIGH)

 There are 0 pins that are not constrained for maximum delay due to constant clock.


5. checking no_input_delay (2)
------------------------------
 There are 2 input ports with no input delay specified. (HIGH)

 There are 0 input ports with no input delay but user has a false path constraint.


6. checking no_output_delay (6)
-------------------------------
 There are 6 ports with no output delay specified. (HIGH)

 There are 0 ports with no output delay but user has a false path constraint

 There are 0 ports with no output delay but with a timing clock defined on it or propagating through it


7. checking multiple_clock (0)
------------------------------
 There are 0 register/latch pins with multiple clocks.


8. checking generated_clocks (0)
--------------------------------
 There are 0 generated clocks that are not connected to a clock source.


9. checking loops (0)
---------------------
 There are 0 combinational loops in the design.


10. checking partial_input_delay (0)
------------------------------------
 There are 0 input ports with partial input delay specified.


11. checking partial_output_delay (0)
-------------------------------------
 There are 0 ports with partial output delay specified.


12. checking latch_loops (0)
----------------------------
 There are 0 combinational latch loops in the design through latch input



------------------------------------------------------------------------------------------------
| Design Timing Summary
| ---------------------
------------------------------------------------------------------------------------------------

    WNS(ns)      TNS(ns)  TNS Failing Endpoints  TNS Total Endpoints      WHS(ns)      THS(ns)  THS Failing Endpoints  THS Total Endpoints     WPWS(ns)     TPWS(ns)  TPWS Failing Endpoints  TPWS Total Endpoints  
    -------      -------  ---------------------  -------------------      -------      -------  ---------------------  -------------------     --------     --------  ----------------------  --------------------  
      3.058        0.000                      0                  430        0.122        0.000                      0                  430        3.000        0.000                       0                   323  


All user specified timing constraints are met.


------------------------------------------------------------------------------------------------
| Clock Summary
| -------------
------------------------------------------------------------------------------------------------

Clock                                                             Waveform(ns)         Period(ns)      Frequency(MHz)
-----                                                             ------------         ----------      --------------
datapath_uut/video_uut/mmcm_adv_inst_display_clocks/inst/clk_in1  {0.000 5.000}        10.000          100.000         
  clk_out1_clk_wiz_0                                              {0.000 20.000}       40.000          25.000          
  clk_out2_clk_wiz_0                                              {0.000 4.000}        8.000           125.000         
  clkfbout_clk_wiz_0                                              {0.000 5.000}        10.000          100.000         


------------------------------------------------------------------------------------------------
| Intra Clock Table
| -----------------
------------------------------------------------------------------------------------------------

Clock                                                                 WNS(ns)      TNS(ns)  TNS Failing Endpoints  TNS Total Endpoints      WHS(ns)      THS(ns)  THS Failing Endpoints  THS Total Endpoints     WPWS(ns)     TPWS(ns)  TPWS Failing Endpoints  TPWS Total Endpoints  
-----                                                                 -------      -------  ---------------------  -------------------      -------      -------  ---------------------  -------------------     --------     --------  ----------------------  --------------------  
datapath_uut/video_uut/mmcm_adv_inst_display_clocks/inst/clk_in1                                                                                                                                                    3.000        0.000                       0                     1  
  clk_out1_clk_wiz_0                                                   17.337        0.000                      0                  376        0.122        0.000                      0                  376       19.500        0.000                       0                   273  
  clk_out2_clk_wiz_0                                                    3.058        0.000                      0                   48        0.181        0.000                      0                   48        3.500        0.000                       0                    46  
  clkfbout_clk_wiz_0                                                                                                                                                                                                7.845        0.000                       0                     3  


------------------------------------------------------------------------------------------------
| Inter Clock Table
| -----------------
------------------------------------------------------------------------------------------------

From Clock          To Clock                WNS(ns)      TNS(ns)  TNS Failing Endpoints  TNS Total Endpoints      WHS(ns)      THS(ns)  THS Failing Endpoints  THS Total Endpoints  
----------          --------                -------      -------  ---------------------  -------------------      -------      -------  ---------------------  -------------------  
clk_out1_clk_wiz_0  clk_out2_clk_wiz_0        5.021        0.000                      0                   30        0.127        0.000                      0                   30  


------------------------------------------------------------------------------------------------
| Other Path Groups Table
| -----------------------
------------------------------------------------------------------------------------------------

Path Group    From Clock    To Clock          WNS(ns)      TNS(ns)  TNS Failing Endpoints  TNS Total Endpoints      WHS(ns)      THS(ns)  THS Failing Endpoints  THS Total Endpoints  
----------    ----------    --------          -------      -------  ---------------------  -------------------      -------      -------  ---------------------  -------------------  


------------------------------------------------------------------------------------------------
| User Ignored Path Table
| -----------------------
------------------------------------------------------------------------------------------------

Path Group    From Clock    To Clock    
----------    ----------    --------    


------------------------------------------------------------------------------------------------
| Unconstrained Path Table
| ------------------------
------------------------------------------------------------------------------------------------

Path Group          From Clock          To Clock          
----------          ----------          --------          
(none)                                                      
(none)              clk_out1_clk_wiz_0                      
(none)              clk_out2_clk_wiz_0                      
(none)              clkfbout_clk_wiz_0                      
(none)                                  clk_out1_clk_wiz_0  


------------------------------------------------------------------------------------------------
| Timing Details
| --------------
------------------------------------------------------------------------------------------------


---------------------------------------------------------------------------------------------------
From Clock:  datapath_uut/video_uut/mmcm_adv_inst_display_clocks/inst/clk_in1
  To Clock:  datapath_uut/video_uut/mmcm_adv_inst_display_clocks/inst/clk_in1

Setup :           NA  Failing Endpoints,  Worst Slack           NA  ,  Total Violation           NA
Hold  :           NA  Failing Endpoints,  Worst Slack           NA  ,  Total Violation           NA
PW    :            0  Failing Endpoints,  Worst Slack        3.000ns,  Total Violation        0.000ns
---------------------------------------------------------------------------------------------------


Pulse Width Checks
--------------------------------------------------------------------------------------
Clock Name:         datapath_uut/video_uut/mmcm_adv_inst_display_clocks/inst/clk_in1
Waveform(ns):       { 0.000 5.000 }
Period(ns):         10.000
Sources:            { datapath_uut/video_uut/mmcm_adv_inst_display_clocks/inst/clk_in1 }

Check Type        Corner  Lib Pin            Reference Pin  Required(ns)  Actual(ns)  Slack(ns)  Location         Pin
Min Period        n/a     MMCME2_ADV/CLKIN1  n/a            1.249         10.000      8.751      MMCME2_ADV_X1Y0  datapath_uut/video_uut/mmcm_adv_inst_display_clocks/inst/mmcm_adv_inst/CLKIN1
Max Period        n/a     MMCME2_ADV/CLKIN1  n/a            100.000       10.000      90.000     MMCME2_ADV_X1Y0  datapath_uut/video_uut/mmcm_adv_inst_display_clocks/inst/mmcm_adv_inst/CLKIN1
Low Pulse Width   Slow    MMCME2_ADV/CLKIN1  n/a            2.000         5.000       3.000      MMCME2_ADV_X1Y0  datapath_uut/video_uut/mmcm_adv_inst_display_clocks/inst/mmcm_adv_inst/CLKIN1
Low Pulse Width   Fast    MMCME2_ADV/CLKIN1  n/a            2.000         5.000       3.000      MMCME2_ADV_X1Y0  datapath_uut/video_uut/mmcm_adv_inst_display_clocks/inst/mmcm_adv_inst/CLKIN1
High Pulse Width  Slow    MMCME2_ADV/CLKIN1  n/a            2.000         5.000       3.000      MMCME2_ADV_X1Y0  datapath_uut/video_uut/mmcm_adv_inst_display_clocks/inst/mmcm_adv_inst/CLKIN1
High Pulse Width  Fast    MMCME2_ADV/CLKIN1  n/a            2.000         5.000       3.000      MMCME2_ADV_X1Y0  datapath_uut/video_uut/mmcm_adv_inst_display_clocks/inst/mmcm_adv_inst/CLKIN1



---------------------------------------------------------------------------------------------------
From Clock:  clk_out1_clk_wiz_0
  To Clock:  clk_out1_clk_wiz_0

Setup :            0  Failing Endpoints,  Worst Slack       17.337ns,  Total Violation        0.000ns
Hold  :            0  Failing Endpoints,  Worst Slack        0.122ns,  Total Violation        0.000ns
PW    :            0  Failing Endpoints,  Worst Slack       19.500ns,  Total Violation        0.000ns
---------------------------------------------------------------------------------------------------


Max Delay Paths
--------------------------------------------------------------------------------------
Slack (MET) :             17.337ns  (required time - arrival time)
  Source:                 datapath_uut/video_uut/Inst_vga/vga_signal_generator_inst/horizontal_counter/processQ_reg[1]/C
                            (rising edge-triggered cell FDRE clocked by clk_out1_clk_wiz_0  {rise@0.000ns fall@20.000ns period=40.000ns})
  Destination:            datapath_uut/video_uut/inst_dvid/TDMS_encoder_green/encoded_reg[1]/D
                            (rising edge-triggered cell FDRE clocked by clk_out1_clk_wiz_0  {rise@0.000ns fall@20.000ns period=40.000ns})
  Path Group:             clk_out1_clk_wiz_0
  Path Type:              Setup (Max at Slow Process Corner)
  Requirement:            40.000ns  (clk_out1_clk_wiz_0 rise@40.000ns - clk_out1_clk_wiz_0 rise@0.000ns)
  Data Path Delay:        22.523ns  (logic 8.011ns (35.569%)  route 14.512ns (64.431%))
  Logic Levels:           24  (CARRY4=9 LUT1=2 LUT2=2 LUT3=2 LUT4=3 LUT5=2 LUT6=4)
  Clock Path Skew:        0.021ns (DCD - SCD + CPR)
    Destination Clock Delay (DCD):    1.697ns = ( 41.697 - 40.000 ) 
    Source Clock Delay      (SCD):    1.751ns
    Clock Pessimism Removal (CPR):    0.075ns
  Clock Uncertainty:      0.095ns  ((TSJ^2 + DJ^2)^1/2) / 2 + PE
    Total System Jitter     (TSJ):    0.071ns
    Discrete Jitter          (DJ):    0.175ns
    Phase Error              (PE):    0.000ns

    Location             Delay type                Incr(ns)  Path(ns)    Netlist Resource(s)
  -------------------------------------------------------------------    -------------------
                         (clock clk_out1_clk_wiz_0 rise edge)
                                                      0.000     0.000 r  
    BUFGCTRL_X0Y2        BUFG                         0.000     0.000 r  clk_IBUF_BUFG_inst/O
                         net (fo=36, routed)          2.106     2.106    datapath_uut/video_uut/mmcm_adv_inst_display_clocks/inst/clk_in1
    MMCME2_ADV_X1Y0      MMCME2_ADV (Prop_mmcme2_adv_CLKIN1_CLKOUT0)
                                                     -4.900    -2.793 r  datapath_uut/video_uut/mmcm_adv_inst_display_clocks/inst/mmcm_adv_inst/CLKOUT0
                         net (fo=1, routed)           2.697    -0.096    datapath_uut/video_uut/mmcm_adv_inst_display_clocks/inst/clk_out1_clk_wiz_0
    BUFGCTRL_X0Y1        BUFG (Prop_bufg_I_O)         0.096    -0.000 r  datapath_uut/video_uut/mmcm_adv_inst_display_clocks/inst/clkout1_buf/O
                         net (fo=271, routed)         1.751     1.751    datapath_uut/video_uut/Inst_vga/vga_signal_generator_inst/horizontal_counter/clk_out1
    SLICE_X146Y112       FDRE                                         r  datapath_uut/video_uut/Inst_vga/vga_signal_generator_inst/horizontal_counter/processQ_reg[1]/C
  -------------------------------------------------------------------    -------------------
    SLICE_X146Y112       FDRE (Prop_fdre_C_Q)         0.478     2.229 f  datapath_uut/video_uut/Inst_vga/vga_signal_generator_inst/horizontal_counter/processQ_reg[1]/Q
                         net (fo=16, routed)          0.633     2.862    datapath_uut/video_uut/Inst_vga/vga_signal_generator_inst/horizontal_counter/Q[1]
    SLICE_X149Y112       LUT1 (Prop_lut1_I0_O)        0.295     3.157 r  datapath_uut/video_uut/Inst_vga/vga_signal_generator_inst/horizontal_counter/encoded[5]_i_316/O
                         net (fo=1, routed)           0.000     3.157    datapath_uut/video_uut/Inst_vga/vga_signal_generator_inst/horizontal_counter/encoded[5]_i_316_n_0
    SLICE_X149Y112       CARRY4 (Prop_carry4_S[1]_O[2])
                                                      0.580     3.737 f  datapath_uut/video_uut/Inst_vga/vga_signal_generator_inst/horizontal_counter/encoded_reg[5]_i_269/O[2]
                         net (fo=1, routed)           0.600     4.337    datapath_uut/video_uut/Inst_vga/vga_signal_generator_inst/horizontal_counter/color_mapper_inst/multOp[2]
    SLICE_X144Y114       LUT1 (Prop_lut1_I0_O)        0.302     4.639 r  datapath_uut/video_uut/Inst_vga/vga_signal_generator_inst/horizontal_counter/dc_bias[0]_i_909/O
                         net (fo=1, routed)           0.000     4.639    datapath_uut/video_uut/Inst_vga/vga_signal_generator_inst/horizontal_counter/dc_bias[0]_i_909_n_0
    SLICE_X144Y114       CARRY4 (Prop_carry4_S[1]_O[3])
                                                      0.643     5.282 f  datapath_uut/video_uut/Inst_vga/vga_signal_generator_inst/horizontal_counter/dc_bias_reg[0]_i_636/O[3]
                         net (fo=22, routed)          0.586     5.868    datapath_uut/video_uut/Inst_vga/vga_signal_generator_inst/horizontal_counter/color_mapper_inst/L3[4]
    SLICE_X146Y115       LUT3 (Prop_lut3_I0_O)        0.302     6.170 r  datapath_uut/video_uut/Inst_vga/vga_signal_generator_inst/horizontal_counter/encoded[5]_i_264/O
                         net (fo=1, routed)           0.327     6.497    datapath_uut/video_uut/Inst_vga/vga_signal_generator_inst/horizontal_counter/encoded[5]_i_264_n_0
    SLICE_X145Y115       CARRY4 (Prop_carry4_CYINIT_CO[3])
                                                      0.811     7.308 r  datapath_uut/video_uut/Inst_vga/vga_signal_generator_inst/horizontal_counter/encoded_reg[5]_i_168/CO[3]
                         net (fo=1, routed)           0.000     7.308    datapath_uut/video_uut/Inst_vga/vga_signal_generator_inst/horizontal_counter/encoded_reg[5]_i_168_n_0
    SLICE_X145Y116       CARRY4 (Prop_carry4_CI_CO[3])
                                                      0.114     7.422 r  datapath_uut/video_uut/Inst_vga/vga_signal_generator_inst/horizontal_counter/dc_bias_reg[0]_i_472/CO[3]
                         net (fo=1, routed)           0.000     7.422    datapath_uut/video_uut/Inst_vga/vga_signal_generator_inst/horizontal_counter/dc_bias_reg[0]_i_472_n_0
    SLICE_X145Y117       CARRY4 (Prop_carry4_CI_CO[3])
                                                      0.114     7.536 r  datapath_uut/video_uut/Inst_vga/vga_signal_generator_inst/horizontal_counter/dc_bias_reg[0]_i_473/CO[3]
                         net (fo=1, routed)           0.000     7.536    datapath_uut/video_uut/Inst_vga/vga_signal_generator_inst/horizontal_counter/dc_bias_reg[0]_i_473_n_0
    SLICE_X145Y118       CARRY4 (Prop_carry4_CI_O[0])
                                                      0.222     7.758 r  datapath_uut/video_uut/Inst_vga/vga_signal_generator_inst/horizontal_counter/dc_bias_reg[0]_i_225/O[0]
                         net (fo=27, routed)          2.514    10.272    datapath_uut/video_uut/Inst_vga/vga_signal_generator_inst/horizontal_counter/color_mapper_inst/L1[13]
    SLICE_X159Y129       LUT2 (Prop_lut2_I0_O)        0.299    10.571 r  datapath_uut/video_uut/Inst_vga/vga_signal_generator_inst/horizontal_counter/encoded[5]_i_97/O
                         net (fo=1, routed)           0.000    10.571    datapath_uut/video_uut/Inst_vga/vga_signal_generator_inst/horizontal_counter/encoded[5]_i_97_n_0
    SLICE_X159Y129       CARRY4 (Prop_carry4_S[0]_CO[3])
                                                      0.532    11.103 r  datapath_uut/video_uut/Inst_vga/vga_signal_generator_inst/horizontal_counter/encoded_reg[5]_i_36/CO[3]
                         net (fo=1, routed)           0.000    11.103    datapath_uut/video_uut/Inst_vga/vga_signal_generator_inst/horizontal_counter/encoded_reg[5]_i_36_n_0
    SLICE_X159Y130       CARRY4 (Prop_carry4_CI_O[1])
                                                      0.334    11.437 f  datapath_uut/video_uut/Inst_vga/vga_signal_generator_inst/horizontal_counter/encoded_reg[5]_i_34/O[1]
                         net (fo=3, routed)           0.589    12.026    datapath_uut/video_uut/Inst_vga/vga_signal_generator_inst/horizontal_counter/encoded_reg[5]_i_34_n_6
    SLICE_X160Y130       LUT2 (Prop_lut2_I0_O)        0.303    12.329 r  datapath_uut/video_uut/Inst_vga/vga_signal_generator_inst/horizontal_counter/dc_bias[0]_i_308/O
                         net (fo=1, routed)           0.000    12.329    datapath_uut/video_uut/Inst_vga/vga_signal_generator_inst/horizontal_counter/dc_bias[0]_i_308_n_0
    SLICE_X160Y130       CARRY4 (Prop_carry4_S[1]_CO[2])
                                                      0.570    12.899 r  datapath_uut/video_uut/Inst_vga/vga_signal_generator_inst/horizontal_counter/dc_bias_reg[0]_i_126/CO[2]
                         net (fo=1, routed)           1.271    14.170    datapath_uut/video_uut/Inst_vga/vga_signal_generator_inst/horizontal_counter/color_mapper_inst/row_41
    SLICE_X146Y130       LUT6 (Prop_lut6_I1_O)        0.313    14.483 r  datapath_uut/video_uut/Inst_vga/vga_signal_generator_inst/horizontal_counter/dc_bias[0]_i_36/O
                         net (fo=5, routed)           1.049    15.532    datapath_uut/video_uut/Inst_vga/vga_signal_generator_inst/horizontal_counter/dc_bias[0]_i_36_n_0
    SLICE_X151Y123       LUT5 (Prop_lut5_I2_O)        0.150    15.682 f  datapath_uut/video_uut/Inst_vga/vga_signal_generator_inst/horizontal_counter/encoded[7]_i_19/O
                         net (fo=2, routed)           0.799    16.481    datapath_uut/video_uut/Inst_vga/vga_signal_generator_inst/horizontal_counter/encoded[7]_i_19_n_0
    SLICE_X154Y117       LUT6 (Prop_lut6_I1_O)        0.326    16.807 r  datapath_uut/video_uut/Inst_vga/vga_signal_generator_inst/horizontal_counter/encoded[7]_i_16__0/O
                         net (fo=1, routed)           0.466    17.273    datapath_uut/video_uut/Inst_vga/vga_signal_generator_inst/horizontal_counter/encoded[7]_i_16__0_n_0
    SLICE_X154Y117       LUT6 (Prop_lut6_I4_O)        0.124    17.397 r  datapath_uut/video_uut/Inst_vga/vga_signal_generator_inst/horizontal_counter/encoded[7]_i_7/O
                         net (fo=7, routed)           0.686    18.083    datapath_uut/video_uut/Inst_vga/vga_signal_generator_inst/horizontal_counter/pixel[color][11]
    SLICE_X155Y117       LUT3 (Prop_lut3_I1_O)        0.119    18.202 r  datapath_uut/video_uut/Inst_vga/vga_signal_generator_inst/horizontal_counter/dc_bias[0]_i_16__1/O
                         net (fo=1, routed)           0.408    18.610    datapath_uut/video_uut/Inst_vga/vga_signal_generator_inst/horizontal_counter/dc_bias[0]_i_16__1_n_0
    SLICE_X155Y116       LUT5 (Prop_lut5_I2_O)        0.332    18.942 r  datapath_uut/video_uut/Inst_vga/vga_signal_generator_inst/horizontal_counter/dc_bias[0]_i_4__0/O
                         net (fo=36, routed)          1.645    20.588    datapath_uut/video_uut/Inst_vga/vga_signal_generator_inst/horizontal_counter/rgb_reg_1
    SLICE_X162Y122       LUT4 (Prop_lut4_I3_O)        0.152    20.740 r  datapath_uut/video_uut/Inst_vga/vga_signal_generator_inst/horizontal_counter/dc_bias[3]_i_22__1/O
                         net (fo=2, routed)           0.873    21.613    datapath_uut/video_uut/Inst_vga/vga_signal_generator_inst/horizontal_counter/dc_bias[3]_i_22__1_n_0
    SLICE_X162Y122       LUT6 (Prop_lut6_I2_O)        0.348    21.961 f  datapath_uut/video_uut/Inst_vga/vga_signal_generator_inst/horizontal_counter/dc_bias[3]_i_17/O
                         net (fo=7, routed)           0.804    22.766    datapath_uut/video_uut/Inst_vga/vga_signal_generator_inst/horizontal_counter/rgb_reg_13
    SLICE_X160Y124       LUT4 (Prop_lut4_I1_O)        0.124    22.890 r  datapath_uut/video_uut/Inst_vga/vga_signal_generator_inst/horizontal_counter/dc_bias[3]_i_6__0/O
                         net (fo=13, routed)          0.768    23.658    datapath_uut/video_uut/Inst_vga/vga_signal_generator_inst/horizontal_counter/dc_bias_reg[2]
    SLICE_X160Y122       LUT4 (Prop_lut4_I2_O)        0.124    23.782 r  datapath_uut/video_uut/Inst_vga/vga_signal_generator_inst/horizontal_counter/encoded[1]_i_1__0/O
                         net (fo=1, routed)           0.492    24.274    datapath_uut/video_uut/inst_dvid/TDMS_encoder_green/encoded_reg[1]_0
    SLICE_X159Y122       FDRE                                         r  datapath_uut/video_uut/inst_dvid/TDMS_encoder_green/encoded_reg[1]/D
  -------------------------------------------------------------------    -------------------

                         (clock clk_out1_clk_wiz_0 rise edge)
                                                     40.000    40.000 r  
    BUFGCTRL_X0Y2        BUFG                         0.000    40.000 r  clk_IBUF_BUFG_inst/O
                         net (fo=36, routed)          1.972    41.972    datapath_uut/video_uut/mmcm_adv_inst_display_clocks/inst/clk_in1
    MMCME2_ADV_X1Y0      MMCME2_ADV (Prop_mmcme2_adv_CLKIN1_CLKOUT0)
                                                     -4.637    37.335 r  datapath_uut/video_uut/mmcm_adv_inst_display_clocks/inst/mmcm_adv_inst/CLKOUT0
                         net (fo=1, routed)           2.574    39.909    datapath_uut/video_uut/mmcm_adv_inst_display_clocks/inst/clk_out1_clk_wiz_0
    BUFGCTRL_X0Y1        BUFG (Prop_bufg_I_O)         0.091    40.000 r  datapath_uut/video_uut/mmcm_adv_inst_display_clocks/inst/clkout1_buf/O
                         net (fo=271, routed)         1.697    41.697    datapath_uut/video_uut/inst_dvid/TDMS_encoder_green/clk_out1
    SLICE_X159Y122       FDRE                                         r  datapath_uut/video_uut/inst_dvid/TDMS_encoder_green/encoded_reg[1]/C
                         clock pessimism              0.075    41.772    
                         clock uncertainty           -0.095    41.678    
    SLICE_X159Y122       FDRE (Setup_fdre_C_D)       -0.067    41.611    datapath_uut/video_uut/inst_dvid/TDMS_encoder_green/encoded_reg[1]
  -------------------------------------------------------------------
                         required time                         41.611    
                         arrival time                         -24.274    
  -------------------------------------------------------------------
                         slack                                 17.337    

Slack (MET) :             17.567ns  (required time - arrival time)
  Source:                 datapath_uut/video_uut/Inst_vga/vga_signal_generator_inst/horizontal_counter/processQ_reg[1]/C
                            (rising edge-triggered cell FDRE clocked by clk_out1_clk_wiz_0  {rise@0.000ns fall@20.000ns period=40.000ns})
  Destination:            datapath_uut/video_uut/inst_dvid/TDMS_encoder_green/dc_bias_reg[2]/D
                            (rising edge-triggered cell FDRE clocked by clk_out1_clk_wiz_0  {rise@0.000ns fall@20.000ns period=40.000ns})
  Path Group:             clk_out1_clk_wiz_0
  Path Type:              Setup (Max at Slow Process Corner)
  Requirement:            40.000ns  (clk_out1_clk_wiz_0 rise@40.000ns - clk_out1_clk_wiz_0 rise@0.000ns)
  Data Path Delay:        22.425ns  (logic 8.455ns (37.704%)  route 13.970ns (62.296%))
  Logic Levels:           25  (CARRY4=9 LUT1=2 LUT2=2 LUT3=2 LUT4=1 LUT5=3 LUT6=5 MUXF7=1)
  Clock Path Skew:        0.022ns (DCD - SCD + CPR)
    Destination Clock Delay (DCD):    1.698ns = ( 41.698 - 40.000 ) 
    Source Clock Delay      (SCD):    1.751ns
    Clock Pessimism Removal (CPR):    0.075ns
  Clock Uncertainty:      0.095ns  ((TSJ^2 + DJ^2)^1/2) / 2 + PE
    Total System Jitter     (TSJ):    0.071ns
    Discrete Jitter          (DJ):    0.175ns
    Phase Error              (PE):    0.000ns

    Location             Delay type                Incr(ns)  Path(ns)    Netlist Resource(s)
  -------------------------------------------------------------------    -------------------
                         (clock clk_out1_clk_wiz_0 rise edge)
                                                      0.000     0.000 r  
    BUFGCTRL_X0Y2        BUFG                         0.000     0.000 r  clk_IBUF_BUFG_inst/O
                         net (fo=36, routed)          2.106     2.106    datapath_uut/video_uut/mmcm_adv_inst_display_clocks/inst/clk_in1
    MMCME2_ADV_X1Y0      MMCME2_ADV (Prop_mmcme2_adv_CLKIN1_CLKOUT0)
                                                     -4.900    -2.793 r  datapath_uut/video_uut/mmcm_adv_inst_display_clocks/inst/mmcm_adv_inst/CLKOUT0
                         net (fo=1, routed)           2.697    -0.096    datapath_uut/video_uut/mmcm_adv_inst_display_clocks/inst/clk_out1_clk_wiz_0
    BUFGCTRL_X0Y1        BUFG (Prop_bufg_I_O)         0.096    -0.000 r  datapath_uut/video_uut/mmcm_adv_inst_display_clocks/inst/clkout1_buf/O
                         net (fo=271, routed)         1.751     1.751    datapath_uut/video_uut/Inst_vga/vga_signal_generator_inst/horizontal_counter/clk_out1
    SLICE_X146Y112       FDRE                                         r  datapath_uut/video_uut/Inst_vga/vga_signal_generator_inst/horizontal_counter/processQ_reg[1]/C
  -------------------------------------------------------------------    -------------------
    SLICE_X146Y112       FDRE (Prop_fdre_C_Q)         0.478     2.229 f  datapath_uut/video_uut/Inst_vga/vga_signal_generator_inst/horizontal_counter/processQ_reg[1]/Q
                         net (fo=16, routed)          0.633     2.862    datapath_uut/video_uut/Inst_vga/vga_signal_generator_inst/horizontal_counter/Q[1]
    SLICE_X149Y112       LUT1 (Prop_lut1_I0_O)        0.295     3.157 r  datapath_uut/video_uut/Inst_vga/vga_signal_generator_inst/horizontal_counter/encoded[5]_i_316/O
                         net (fo=1, routed)           0.000     3.157    datapath_uut/video_uut/Inst_vga/vga_signal_generator_inst/horizontal_counter/encoded[5]_i_316_n_0
    SLICE_X149Y112       CARRY4 (Prop_carry4_S[1]_O[2])
                                                      0.580     3.737 f  datapath_uut/video_uut/Inst_vga/vga_signal_generator_inst/horizontal_counter/encoded_reg[5]_i_269/O[2]
                         net (fo=1, routed)           0.600     4.337    datapath_uut/video_uut/Inst_vga/vga_signal_generator_inst/horizontal_counter/color_mapper_inst/multOp[2]
    SLICE_X144Y114       LUT1 (Prop_lut1_I0_O)        0.302     4.639 r  datapath_uut/video_uut/Inst_vga/vga_signal_generator_inst/horizontal_counter/dc_bias[0]_i_909/O
                         net (fo=1, routed)           0.000     4.639    datapath_uut/video_uut/Inst_vga/vga_signal_generator_inst/horizontal_counter/dc_bias[0]_i_909_n_0
    SLICE_X144Y114       CARRY4 (Prop_carry4_S[1]_O[3])
                                                      0.643     5.282 f  datapath_uut/video_uut/Inst_vga/vga_signal_generator_inst/horizontal_counter/dc_bias_reg[0]_i_636/O[3]
                         net (fo=22, routed)          0.586     5.868    datapath_uut/video_uut/Inst_vga/vga_signal_generator_inst/horizontal_counter/color_mapper_inst/L3[4]
    SLICE_X146Y115       LUT3 (Prop_lut3_I0_O)        0.302     6.170 r  datapath_uut/video_uut/Inst_vga/vga_signal_generator_inst/horizontal_counter/encoded[5]_i_264/O
                         net (fo=1, routed)           0.327     6.497    datapath_uut/video_uut/Inst_vga/vga_signal_generator_inst/horizontal_counter/encoded[5]_i_264_n_0
    SLICE_X145Y115       CARRY4 (Prop_carry4_CYINIT_CO[3])
                                                      0.811     7.308 r  datapath_uut/video_uut/Inst_vga/vga_signal_generator_inst/horizontal_counter/encoded_reg[5]_i_168/CO[3]
                         net (fo=1, routed)           0.000     7.308    datapath_uut/video_uut/Inst_vga/vga_signal_generator_inst/horizontal_counter/encoded_reg[5]_i_168_n_0
    SLICE_X145Y116       CARRY4 (Prop_carry4_CI_CO[3])
                                                      0.114     7.422 r  datapath_uut/video_uut/Inst_vga/vga_signal_generator_inst/horizontal_counter/dc_bias_reg[0]_i_472/CO[3]
                         net (fo=1, routed)           0.000     7.422    datapath_uut/video_uut/Inst_vga/vga_signal_generator_inst/horizontal_counter/dc_bias_reg[0]_i_472_n_0
    SLICE_X145Y117       CARRY4 (Prop_carry4_CI_CO[3])
                                                      0.114     7.536 r  datapath_uut/video_uut/Inst_vga/vga_signal_generator_inst/horizontal_counter/dc_bias_reg[0]_i_473/CO[3]
                         net (fo=1, routed)           0.000     7.536    datapath_uut/video_uut/Inst_vga/vga_signal_generator_inst/horizontal_counter/dc_bias_reg[0]_i_473_n_0
    SLICE_X145Y118       CARRY4 (Prop_carry4_CI_O[0])
                                                      0.222     7.758 r  datapath_uut/video_uut/Inst_vga/vga_signal_generator_inst/horizontal_counter/dc_bias_reg[0]_i_225/O[0]
                         net (fo=27, routed)          2.514    10.272    datapath_uut/video_uut/Inst_vga/vga_signal_generator_inst/horizontal_counter/color_mapper_inst/L1[13]
    SLICE_X159Y129       LUT2 (Prop_lut2_I0_O)        0.299    10.571 r  datapath_uut/video_uut/Inst_vga/vga_signal_generator_inst/horizontal_counter/encoded[5]_i_97/O
                         net (fo=1, routed)           0.000    10.571    datapath_uut/video_uut/Inst_vga/vga_signal_generator_inst/horizontal_counter/encoded[5]_i_97_n_0
    SLICE_X159Y129       CARRY4 (Prop_carry4_S[0]_CO[3])
                                                      0.532    11.103 r  datapath_uut/video_uut/Inst_vga/vga_signal_generator_inst/horizontal_counter/encoded_reg[5]_i_36/CO[3]
                         net (fo=1, routed)           0.000    11.103    datapath_uut/video_uut/Inst_vga/vga_signal_generator_inst/horizontal_counter/encoded_reg[5]_i_36_n_0
    SLICE_X159Y130       CARRY4 (Prop_carry4_CI_O[1])
                                                      0.334    11.437 f  datapath_uut/video_uut/Inst_vga/vga_signal_generator_inst/horizontal_counter/encoded_reg[5]_i_34/O[1]
                         net (fo=3, routed)           0.589    12.026    datapath_uut/video_uut/Inst_vga/vga_signal_generator_inst/horizontal_counter/encoded_reg[5]_i_34_n_6
    SLICE_X160Y130       LUT2 (Prop_lut2_I0_O)        0.303    12.329 r  datapath_uut/video_uut/Inst_vga/vga_signal_generator_inst/horizontal_counter/dc_bias[0]_i_308/O
                         net (fo=1, routed)           0.000    12.329    datapath_uut/video_uut/Inst_vga/vga_signal_generator_inst/horizontal_counter/dc_bias[0]_i_308_n_0
    SLICE_X160Y130       CARRY4 (Prop_carry4_S[1]_CO[2])
                                                      0.570    12.899 r  datapath_uut/video_uut/Inst_vga/vga_signal_generator_inst/horizontal_counter/dc_bias_reg[0]_i_126/CO[2]
                         net (fo=1, routed)           1.271    14.170    datapath_uut/video_uut/Inst_vga/vga_signal_generator_inst/horizontal_counter/color_mapper_inst/row_41
    SLICE_X146Y130       LUT6 (Prop_lut6_I1_O)        0.313    14.483 r  datapath_uut/video_uut/Inst_vga/vga_signal_generator_inst/horizontal_counter/dc_bias[0]_i_36/O
                         net (fo=5, routed)           1.049    15.532    datapath_uut/video_uut/Inst_vga/vga_signal_generator_inst/horizontal_counter/dc_bias[0]_i_36_n_0
    SLICE_X151Y123       LUT5 (Prop_lut5_I2_O)        0.150    15.682 f  datapath_uut/video_uut/Inst_vga/vga_signal_generator_inst/horizontal_counter/encoded[7]_i_19/O
                         net (fo=2, routed)           0.799    16.481    datapath_uut/video_uut/Inst_vga/vga_signal_generator_inst/horizontal_counter/encoded[7]_i_19_n_0
    SLICE_X154Y117       LUT6 (Prop_lut6_I1_O)        0.326    16.807 r  datapath_uut/video_uut/Inst_vga/vga_signal_generator_inst/horizontal_counter/encoded[7]_i_16__0/O
                         net (fo=1, routed)           0.466    17.273    datapath_uut/video_uut/Inst_vga/vga_signal_generator_inst/horizontal_counter/encoded[7]_i_16__0_n_0
    SLICE_X154Y117       LUT6 (Prop_lut6_I4_O)        0.124    17.397 r  datapath_uut/video_uut/Inst_vga/vga_signal_generator_inst/horizontal_counter/encoded[7]_i_7/O
                         net (fo=7, routed)           0.686    18.083    datapath_uut/video_uut/Inst_vga/vga_signal_generator_inst/horizontal_counter/pixel[color][11]
    SLICE_X155Y117       LUT3 (Prop_lut3_I1_O)        0.119    18.202 r  datapath_uut/video_uut/Inst_vga/vga_signal_generator_inst/horizontal_counter/dc_bias[0]_i_16__1/O
                         net (fo=1, routed)           0.408    18.610    datapath_uut/video_uut/Inst_vga/vga_signal_generator_inst/horizontal_counter/dc_bias[0]_i_16__1_n_0
    SLICE_X155Y116       LUT5 (Prop_lut5_I2_O)        0.332    18.942 r  datapath_uut/video_uut/Inst_vga/vga_signal_generator_inst/horizontal_counter/dc_bias[0]_i_4__0/O
                         net (fo=36, routed)          1.645    20.588    datapath_uut/video_uut/Inst_vga/vga_signal_generator_inst/horizontal_counter/rgb_reg_1
    SLICE_X162Y122       LUT4 (Prop_lut4_I3_O)        0.152    20.740 r  datapath_uut/video_uut/Inst_vga/vga_signal_generator_inst/horizontal_counter/dc_bias[3]_i_22__1/O
                         net (fo=2, routed)           0.873    21.613    datapath_uut/video_uut/Inst_vga/vga_signal_generator_inst/horizontal_counter/dc_bias[3]_i_22__1_n_0
    SLICE_X162Y122       LUT6 (Prop_lut6_I2_O)        0.348    21.961 r  datapath_uut/video_uut/Inst_vga/vga_signal_generator_inst/horizontal_counter/dc_bias[3]_i_17/O
                         net (fo=7, routed)           0.524    22.485    datapath_uut/video_uut/Inst_vga/vga_signal_generator_inst/horizontal_counter/rgb_reg_13
    SLICE_X163Y122       LUT5 (Prop_lut5_I1_O)        0.153    22.638 r  datapath_uut/video_uut/Inst_vga/vga_signal_generator_inst/horizontal_counter/dc_bias[2]_i_5__0/O
                         net (fo=1, routed)           0.999    23.637    datapath_uut/video_uut/Inst_vga/vga_signal_generator_inst/horizontal_counter/dc_bias[2]_i_5__0_n_0
    SLICE_X160Y123       LUT6 (Prop_lut6_I1_O)        0.327    23.964 r  datapath_uut/video_uut/Inst_vga/vga_signal_generator_inst/horizontal_counter/dc_bias[2]_i_2__0/O
                         net (fo=1, routed)           0.000    23.964    datapath_uut/video_uut/Inst_vga/vga_signal_generator_inst/horizontal_counter/dc_bias[2]_i_2__0_n_0
    SLICE_X160Y123       MUXF7 (Prop_muxf7_I0_O)      0.212    24.176 r  datapath_uut/video_uut/Inst_vga/vga_signal_generator_inst/horizontal_counter/dc_bias_reg[2]_i_1__0/O
                         net (fo=1, routed)           0.000    24.176    datapath_uut/video_uut/inst_dvid/TDMS_encoder_green/dc_bias_reg[3]_1[2]
    SLICE_X160Y123       FDRE                                         r  datapath_uut/video_uut/inst_dvid/TDMS_encoder_green/dc_bias_reg[2]/D
  -------------------------------------------------------------------    -------------------

                         (clock clk_out1_clk_wiz_0 rise edge)
                                                     40.000    40.000 r  
    BUFGCTRL_X0Y2        BUFG                         0.000    40.000 r  clk_IBUF_BUFG_inst/O
                         net (fo=36, routed)          1.972    41.972    datapath_uut/video_uut/mmcm_adv_inst_display_clocks/inst/clk_in1
    MMCME2_ADV_X1Y0      MMCME2_ADV (Prop_mmcme2_adv_CLKIN1_CLKOUT0)
                                                     -4.637    37.335 r  datapath_uut/video_uut/mmcm_adv_inst_display_clocks/inst/mmcm_adv_inst/CLKOUT0
                         net (fo=1, routed)           2.574    39.909    datapath_uut/video_uut/mmcm_adv_inst_display_clocks/inst/clk_out1_clk_wiz_0
    BUFGCTRL_X0Y1        BUFG (Prop_bufg_I_O)         0.091    40.000 r  datapath_uut/video_uut/mmcm_adv_inst_display_clocks/inst/clkout1_buf/O
                         net (fo=271, routed)         1.698    41.698    datapath_uut/video_uut/inst_dvid/TDMS_encoder_green/clk_out1
    SLICE_X160Y123       FDRE                                         r  datapath_uut/video_uut/inst_dvid/TDMS_encoder_green/dc_bias_reg[2]/C
                         clock pessimism              0.075    41.773    
                         clock uncertainty           -0.095    41.679    
    SLICE_X160Y123       FDRE (Setup_fdre_C_D)        0.064    41.743    datapath_uut/video_uut/inst_dvid/TDMS_encoder_green/dc_bias_reg[2]
  -------------------------------------------------------------------
                         required time                         41.743    
                         arrival time                         -24.176    
  -------------------------------------------------------------------
                         slack                                 17.567    

Slack (MET) :             17.714ns  (required time - arrival time)
  Source:                 datapath_uut/video_uut/Inst_vga/vga_signal_generator_inst/horizontal_counter/processQ_reg[1]/C
                            (rising edge-triggered cell FDRE clocked by clk_out1_clk_wiz_0  {rise@0.000ns fall@20.000ns period=40.000ns})
  Destination:            datapath_uut/video_uut/inst_dvid/TDMS_encoder_green/encoded_reg[2]/D
                            (rising edge-triggered cell FDSE clocked by clk_out1_clk_wiz_0  {rise@0.000ns fall@20.000ns period=40.000ns})
  Path Group:             clk_out1_clk_wiz_0
  Path Type:              Setup (Max at Slow Process Corner)
  Requirement:            40.000ns  (clk_out1_clk_wiz_0 rise@40.000ns - clk_out1_clk_wiz_0 rise@0.000ns)
  Data Path Delay:        22.143ns  (logic 8.011ns (36.179%)  route 14.132ns (63.821%))
  Logic Levels:           24  (CARRY4=9 LUT1=2 LUT2=2 LUT3=2 LUT4=3 LUT5=2 LUT6=4)
  Clock Path Skew:        0.018ns (DCD - SCD + CPR)
    Destination Clock Delay (DCD):    1.694ns = ( 41.694 - 40.000 ) 
    Source Clock Delay      (SCD):    1.751ns
    Clock Pessimism Removal (CPR):    0.075ns
  Clock Uncertainty:      0.095ns  ((TSJ^2 + DJ^2)^1/2) / 2 + PE
    Total System Jitter     (TSJ):    0.071ns
    Discrete Jitter          (DJ):    0.175ns
    Phase Error              (PE):    0.000ns

    Location             Delay type                Incr(ns)  Path(ns)    Netlist Resource(s)
  -------------------------------------------------------------------    -------------------
                         (clock clk_out1_clk_wiz_0 rise edge)
                                                      0.000     0.000 r  
    BUFGCTRL_X0Y2        BUFG                         0.000     0.000 r  clk_IBUF_BUFG_inst/O
                         net (fo=36, routed)          2.106     2.106    datapath_uut/video_uut/mmcm_adv_inst_display_clocks/inst/clk_in1
    MMCME2_ADV_X1Y0      MMCME2_ADV (Prop_mmcme2_adv_CLKIN1_CLKOUT0)
                                                     -4.900    -2.793 r  datapath_uut/video_uut/mmcm_adv_inst_display_clocks/inst/mmcm_adv_inst/CLKOUT0
                         net (fo=1, routed)           2.697    -0.096    datapath_uut/video_uut/mmcm_adv_inst_display_clocks/inst/clk_out1_clk_wiz_0
    BUFGCTRL_X0Y1        BUFG (Prop_bufg_I_O)         0.096    -0.000 r  datapath_uut/video_uut/mmcm_adv_inst_display_clocks/inst/clkout1_buf/O
                         net (fo=271, routed)         1.751     1.751    datapath_uut/video_uut/Inst_vga/vga_signal_generator_inst/horizontal_counter/clk_out1
    SLICE_X146Y112       FDRE                                         r  datapath_uut/video_uut/Inst_vga/vga_signal_generator_inst/horizontal_counter/processQ_reg[1]/C
  -------------------------------------------------------------------    -------------------
    SLICE_X146Y112       FDRE (Prop_fdre_C_Q)         0.478     2.229 f  datapath_uut/video_uut/Inst_vga/vga_signal_generator_inst/horizontal_counter/processQ_reg[1]/Q
                         net (fo=16, routed)          0.633     2.862    datapath_uut/video_uut/Inst_vga/vga_signal_generator_inst/horizontal_counter/Q[1]
    SLICE_X149Y112       LUT1 (Prop_lut1_I0_O)        0.295     3.157 r  datapath_uut/video_uut/Inst_vga/vga_signal_generator_inst/horizontal_counter/encoded[5]_i_316/O
                         net (fo=1, routed)           0.000     3.157    datapath_uut/video_uut/Inst_vga/vga_signal_generator_inst/horizontal_counter/encoded[5]_i_316_n_0
    SLICE_X149Y112       CARRY4 (Prop_carry4_S[1]_O[2])
                                                      0.580     3.737 f  datapath_uut/video_uut/Inst_vga/vga_signal_generator_inst/horizontal_counter/encoded_reg[5]_i_269/O[2]
                         net (fo=1, routed)           0.600     4.337    datapath_uut/video_uut/Inst_vga/vga_signal_generator_inst/horizontal_counter/color_mapper_inst/multOp[2]
    SLICE_X144Y114       LUT1 (Prop_lut1_I0_O)        0.302     4.639 r  datapath_uut/video_uut/Inst_vga/vga_signal_generator_inst/horizontal_counter/dc_bias[0]_i_909/O
                         net (fo=1, routed)           0.000     4.639    datapath_uut/video_uut/Inst_vga/vga_signal_generator_inst/horizontal_counter/dc_bias[0]_i_909_n_0
    SLICE_X144Y114       CARRY4 (Prop_carry4_S[1]_O[3])
                                                      0.643     5.282 f  datapath_uut/video_uut/Inst_vga/vga_signal_generator_inst/horizontal_counter/dc_bias_reg[0]_i_636/O[3]
                         net (fo=22, routed)          0.586     5.868    datapath_uut/video_uut/Inst_vga/vga_signal_generator_inst/horizontal_counter/color_mapper_inst/L3[4]
    SLICE_X146Y115       LUT3 (Prop_lut3_I0_O)        0.302     6.170 r  datapath_uut/video_uut/Inst_vga/vga_signal_generator_inst/horizontal_counter/encoded[5]_i_264/O
                         net (fo=1, routed)           0.327     6.497    datapath_uut/video_uut/Inst_vga/vga_signal_generator_inst/horizontal_counter/encoded[5]_i_264_n_0
    SLICE_X145Y115       CARRY4 (Prop_carry4_CYINIT_CO[3])
                                                      0.811     7.308 r  datapath_uut/video_uut/Inst_vga/vga_signal_generator_inst/horizontal_counter/encoded_reg[5]_i_168/CO[3]
                         net (fo=1, routed)           0.000     7.308    datapath_uut/video_uut/Inst_vga/vga_signal_generator_inst/horizontal_counter/encoded_reg[5]_i_168_n_0
    SLICE_X145Y116       CARRY4 (Prop_carry4_CI_CO[3])
                                                      0.114     7.422 r  datapath_uut/video_uut/Inst_vga/vga_signal_generator_inst/horizontal_counter/dc_bias_reg[0]_i_472/CO[3]
                         net (fo=1, routed)           0.000     7.422    datapath_uut/video_uut/Inst_vga/vga_signal_generator_inst/horizontal_counter/dc_bias_reg[0]_i_472_n_0
    SLICE_X145Y117       CARRY4 (Prop_carry4_CI_CO[3])
                                                      0.114     7.536 r  datapath_uut/video_uut/Inst_vga/vga_signal_generator_inst/horizontal_counter/dc_bias_reg[0]_i_473/CO[3]
                         net (fo=1, routed)           0.000     7.536    datapath_uut/video_uut/Inst_vga/vga_signal_generator_inst/horizontal_counter/dc_bias_reg[0]_i_473_n_0
    SLICE_X145Y118       CARRY4 (Prop_carry4_CI_O[0])
                                                      0.222     7.758 r  datapath_uut/video_uut/Inst_vga/vga_signal_generator_inst/horizontal_counter/dc_bias_reg[0]_i_225/O[0]
                         net (fo=27, routed)          2.514    10.272    datapath_uut/video_uut/Inst_vga/vga_signal_generator_inst/horizontal_counter/color_mapper_inst/L1[13]
    SLICE_X159Y129       LUT2 (Prop_lut2_I0_O)        0.299    10.571 r  datapath_uut/video_uut/Inst_vga/vga_signal_generator_inst/horizontal_counter/encoded[5]_i_97/O
                         net (fo=1, routed)           0.000    10.571    datapath_uut/video_uut/Inst_vga/vga_signal_generator_inst/horizontal_counter/encoded[5]_i_97_n_0
    SLICE_X159Y129       CARRY4 (Prop_carry4_S[0]_CO[3])
                                                      0.532    11.103 r  datapath_uut/video_uut/Inst_vga/vga_signal_generator_inst/horizontal_counter/encoded_reg[5]_i_36/CO[3]
                         net (fo=1, routed)           0.000    11.103    datapath_uut/video_uut/Inst_vga/vga_signal_generator_inst/horizontal_counter/encoded_reg[5]_i_36_n_0
    SLICE_X159Y130       CARRY4 (Prop_carry4_CI_O[1])
                                                      0.334    11.437 f  datapath_uut/video_uut/Inst_vga/vga_signal_generator_inst/horizontal_counter/encoded_reg[5]_i_34/O[1]
                         net (fo=3, routed)           0.589    12.026    datapath_uut/video_uut/Inst_vga/vga_signal_generator_inst/horizontal_counter/encoded_reg[5]_i_34_n_6
    SLICE_X160Y130       LUT2 (Prop_lut2_I0_O)        0.303    12.329 r  datapath_uut/video_uut/Inst_vga/vga_signal_generator_inst/horizontal_counter/dc_bias[0]_i_308/O
                         net (fo=1, routed)           0.000    12.329    datapath_uut/video_uut/Inst_vga/vga_signal_generator_inst/horizontal_counter/dc_bias[0]_i_308_n_0
    SLICE_X160Y130       CARRY4 (Prop_carry4_S[1]_CO[2])
                                                      0.570    12.899 r  datapath_uut/video_uut/Inst_vga/vga_signal_generator_inst/horizontal_counter/dc_bias_reg[0]_i_126/CO[2]
                         net (fo=1, routed)           1.271    14.170    datapath_uut/video_uut/Inst_vga/vga_signal_generator_inst/horizontal_counter/color_mapper_inst/row_41
    SLICE_X146Y130       LUT6 (Prop_lut6_I1_O)        0.313    14.483 r  datapath_uut/video_uut/Inst_vga/vga_signal_generator_inst/horizontal_counter/dc_bias[0]_i_36/O
                         net (fo=5, routed)           1.049    15.532    datapath_uut/video_uut/Inst_vga/vga_signal_generator_inst/horizontal_counter/dc_bias[0]_i_36_n_0
    SLICE_X151Y123       LUT5 (Prop_lut5_I2_O)        0.150    15.682 f  datapath_uut/video_uut/Inst_vga/vga_signal_generator_inst/horizontal_counter/encoded[7]_i_19/O
                         net (fo=2, routed)           0.799    16.481    datapath_uut/video_uut/Inst_vga/vga_signal_generator_inst/horizontal_counter/encoded[7]_i_19_n_0
    SLICE_X154Y117       LUT6 (Prop_lut6_I1_O)        0.326    16.807 r  datapath_uut/video_uut/Inst_vga/vga_signal_generator_inst/horizontal_counter/encoded[7]_i_16__0/O
                         net (fo=1, routed)           0.466    17.273    datapath_uut/video_uut/Inst_vga/vga_signal_generator_inst/horizontal_counter/encoded[7]_i_16__0_n_0
    SLICE_X154Y117       LUT6 (Prop_lut6_I4_O)        0.124    17.397 r  datapath_uut/video_uut/Inst_vga/vga_signal_generator_inst/horizontal_counter/encoded[7]_i_7/O
                         net (fo=7, routed)           0.686    18.083    datapath_uut/video_uut/Inst_vga/vga_signal_generator_inst/horizontal_counter/pixel[color][11]
    SLICE_X155Y117       LUT3 (Prop_lut3_I1_O)        0.119    18.202 r  datapath_uut/video_uut/Inst_vga/vga_signal_generator_inst/horizontal_counter/dc_bias[0]_i_16__1/O
                         net (fo=1, routed)           0.408    18.610    datapath_uut/video_uut/Inst_vga/vga_signal_generator_inst/horizontal_counter/dc_bias[0]_i_16__1_n_0
    SLICE_X155Y116       LUT5 (Prop_lut5_I2_O)        0.332    18.942 r  datapath_uut/video_uut/Inst_vga/vga_signal_generator_inst/horizontal_counter/dc_bias[0]_i_4__0/O
                         net (fo=36, routed)          1.645    20.588    datapath_uut/video_uut/Inst_vga/vga_signal_generator_inst/horizontal_counter/rgb_reg_1
    SLICE_X162Y122       LUT4 (Prop_lut4_I3_O)        0.152    20.740 r  datapath_uut/video_uut/Inst_vga/vga_signal_generator_inst/horizontal_counter/dc_bias[3]_i_22__1/O
                         net (fo=2, routed)           0.873    21.613    datapath_uut/video_uut/Inst_vga/vga_signal_generator_inst/horizontal_counter/dc_bias[3]_i_22__1_n_0
    SLICE_X162Y122       LUT6 (Prop_lut6_I2_O)        0.348    21.961 f  datapath_uut/video_uut/Inst_vga/vga_signal_generator_inst/horizontal_counter/dc_bias[3]_i_17/O
                         net (fo=7, routed)           0.804    22.766    datapath_uut/video_uut/Inst_vga/vga_signal_generator_inst/horizontal_counter/rgb_reg_13
    SLICE_X160Y124       LUT4 (Prop_lut4_I1_O)        0.124    22.890 r  datapath_uut/video_uut/Inst_vga/vga_signal_generator_inst/horizontal_counter/dc_bias[3]_i_6__0/O
                         net (fo=13, routed)          0.303    23.193    datapath_uut/video_uut/Inst_vga/vga_signal_generator_inst/horizontal_counter/dc_bias_reg[2]
    SLICE_X160Y124       LUT4 (Prop_lut4_I2_O)        0.124    23.317 r  datapath_uut/video_uut/Inst_vga/vga_signal_generator_inst/horizontal_counter/encoded[2]_i_1__0/O
                         net (fo=1, routed)           0.577    23.894    datapath_uut/video_uut/inst_dvid/TDMS_encoder_green/encoded_reg[2]_0
    SLICE_X159Y125       FDSE                                         r  datapath_uut/video_uut/inst_dvid/TDMS_encoder_green/encoded_reg[2]/D
  -------------------------------------------------------------------    -------------------

                         (clock clk_out1_clk_wiz_0 rise edge)
                                                     40.000    40.000 r  
    BUFGCTRL_X0Y2        BUFG                         0.000    40.000 r  clk_IBUF_BUFG_inst/O
                         net (fo=36, routed)          1.972    41.972    datapath_uut/video_uut/mmcm_adv_inst_display_clocks/inst/clk_in1
    MMCME2_ADV_X1Y0      MMCME2_ADV (Prop_mmcme2_adv_CLKIN1_CLKOUT0)
                                                     -4.637    37.335 r  datapath_uut/video_uut/mmcm_adv_inst_display_clocks/inst/mmcm_adv_inst/CLKOUT0
                         net (fo=1, routed)           2.574    39.909    datapath_uut/video_uut/mmcm_adv_inst_display_clocks/inst/clk_out1_clk_wiz_0
    BUFGCTRL_X0Y1        BUFG (Prop_bufg_I_O)         0.091    40.000 r  datapath_uut/video_uut/mmcm_adv_inst_display_clocks/inst/clkout1_buf/O
                         net (fo=271, routed)         1.694    41.694    datapath_uut/video_uut/inst_dvid/TDMS_encoder_green/clk_out1
    SLICE_X159Y125       FDSE                                         r  datapath_uut/video_uut/inst_dvid/TDMS_encoder_green/encoded_reg[2]/C
                         clock pessimism              0.075    41.769    
                         clock uncertainty           -0.095    41.675    
    SLICE_X159Y125       FDSE (Setup_fdse_C_D)       -0.067    41.608    datapath_uut/video_uut/inst_dvid/TDMS_encoder_green/encoded_reg[2]
  -------------------------------------------------------------------
                         required time                         41.608    
                         arrival time                         -23.894    
  -------------------------------------------------------------------
                         slack                                 17.714    

Slack (MET) :             17.738ns  (required time - arrival time)
  Source:                 datapath_uut/video_uut/Inst_vga/vga_signal_generator_inst/horizontal_counter/processQ_reg[1]/C
                            (rising edge-triggered cell FDRE clocked by clk_out1_clk_wiz_0  {rise@0.000ns fall@20.000ns period=40.000ns})
  Destination:            datapath_uut/video_uut/inst_dvid/TDMS_encoder_green/dc_bias_reg[3]/D
                            (rising edge-triggered cell FDRE clocked by clk_out1_clk_wiz_0  {rise@0.000ns fall@20.000ns period=40.000ns})
  Path Group:             clk_out1_clk_wiz_0
  Path Type:              Setup (Max at Slow Process Corner)
  Requirement:            40.000ns  (clk_out1_clk_wiz_0 rise@40.000ns - clk_out1_clk_wiz_0 rise@0.000ns)
  Data Path Delay:        22.219ns  (logic 8.011ns (36.055%)  route 14.208ns (63.945%))
  Logic Levels:           24  (CARRY4=9 LUT1=2 LUT2=2 LUT3=2 LUT4=1 LUT5=2 LUT6=6)
  Clock Path Skew:        0.022ns (DCD - SCD + CPR)
    Destination Clock Delay (DCD):    1.698ns = ( 41.698 - 40.000 ) 
    Source Clock Delay      (SCD):    1.751ns
    Clock Pessimism Removal (CPR):    0.075ns
  Clock Uncertainty:      0.095ns  ((TSJ^2 + DJ^2)^1/2) / 2 + PE
    Total System Jitter     (TSJ):    0.071ns
    Discrete Jitter          (DJ):    0.175ns
    Phase Error              (PE):    0.000ns

    Location             Delay type                Incr(ns)  Path(ns)    Netlist Resource(s)
  -------------------------------------------------------------------    -------------------
                         (clock clk_out1_clk_wiz_0 rise edge)
                                                      0.000     0.000 r  
    BUFGCTRL_X0Y2        BUFG                         0.000     0.000 r  clk_IBUF_BUFG_inst/O
                         net (fo=36, routed)          2.106     2.106    datapath_uut/video_uut/mmcm_adv_inst_display_clocks/inst/clk_in1
    MMCME2_ADV_X1Y0      MMCME2_ADV (Prop_mmcme2_adv_CLKIN1_CLKOUT0)
                                                     -4.900    -2.793 r  datapath_uut/video_uut/mmcm_adv_inst_display_clocks/inst/mmcm_adv_inst/CLKOUT0
                         net (fo=1, routed)           2.697    -0.096    datapath_uut/video_uut/mmcm_adv_inst_display_clocks/inst/clk_out1_clk_wiz_0
    BUFGCTRL_X0Y1        BUFG (Prop_bufg_I_O)         0.096    -0.000 r  datapath_uut/video_uut/mmcm_adv_inst_display_clocks/inst/clkout1_buf/O
                         net (fo=271, routed)         1.751     1.751    datapath_uut/video_uut/Inst_vga/vga_signal_generator_inst/horizontal_counter/clk_out1
    SLICE_X146Y112       FDRE                                         r  datapath_uut/video_uut/Inst_vga/vga_signal_generator_inst/horizontal_counter/processQ_reg[1]/C
  -------------------------------------------------------------------    -------------------
    SLICE_X146Y112       FDRE (Prop_fdre_C_Q)         0.478     2.229 f  datapath_uut/video_uut/Inst_vga/vga_signal_generator_inst/horizontal_counter/processQ_reg[1]/Q
                         net (fo=16, routed)          0.633     2.862    datapath_uut/video_uut/Inst_vga/vga_signal_generator_inst/horizontal_counter/Q[1]
    SLICE_X149Y112       LUT1 (Prop_lut1_I0_O)        0.295     3.157 r  datapath_uut/video_uut/Inst_vga/vga_signal_generator_inst/horizontal_counter/encoded[5]_i_316/O
                         net (fo=1, routed)           0.000     3.157    datapath_uut/video_uut/Inst_vga/vga_signal_generator_inst/horizontal_counter/encoded[5]_i_316_n_0
    SLICE_X149Y112       CARRY4 (Prop_carry4_S[1]_O[2])
                                                      0.580     3.737 f  datapath_uut/video_uut/Inst_vga/vga_signal_generator_inst/horizontal_counter/encoded_reg[5]_i_269/O[2]
                         net (fo=1, routed)           0.600     4.337    datapath_uut/video_uut/Inst_vga/vga_signal_generator_inst/horizontal_counter/color_mapper_inst/multOp[2]
    SLICE_X144Y114       LUT1 (Prop_lut1_I0_O)        0.302     4.639 r  datapath_uut/video_uut/Inst_vga/vga_signal_generator_inst/horizontal_counter/dc_bias[0]_i_909/O
                         net (fo=1, routed)           0.000     4.639    datapath_uut/video_uut/Inst_vga/vga_signal_generator_inst/horizontal_counter/dc_bias[0]_i_909_n_0
    SLICE_X144Y114       CARRY4 (Prop_carry4_S[1]_O[3])
                                                      0.643     5.282 f  datapath_uut/video_uut/Inst_vga/vga_signal_generator_inst/horizontal_counter/dc_bias_reg[0]_i_636/O[3]
                         net (fo=22, routed)          0.586     5.868    datapath_uut/video_uut/Inst_vga/vga_signal_generator_inst/horizontal_counter/color_mapper_inst/L3[4]
    SLICE_X146Y115       LUT3 (Prop_lut3_I0_O)        0.302     6.170 r  datapath_uut/video_uut/Inst_vga/vga_signal_generator_inst/horizontal_counter/encoded[5]_i_264/O
                         net (fo=1, routed)           0.327     6.497    datapath_uut/video_uut/Inst_vga/vga_signal_generator_inst/horizontal_counter/encoded[5]_i_264_n_0
    SLICE_X145Y115       CARRY4 (Prop_carry4_CYINIT_CO[3])
                                                      0.811     7.308 r  datapath_uut/video_uut/Inst_vga/vga_signal_generator_inst/horizontal_counter/encoded_reg[5]_i_168/CO[3]
                         net (fo=1, routed)           0.000     7.308    datapath_uut/video_uut/Inst_vga/vga_signal_generator_inst/horizontal_counter/encoded_reg[5]_i_168_n_0
    SLICE_X145Y116       CARRY4 (Prop_carry4_CI_CO[3])
                                                      0.114     7.422 r  datapath_uut/video_uut/Inst_vga/vga_signal_generator_inst/horizontal_counter/dc_bias_reg[0]_i_472/CO[3]
                         net (fo=1, routed)           0.000     7.422    datapath_uut/video_uut/Inst_vga/vga_signal_generator_inst/horizontal_counter/dc_bias_reg[0]_i_472_n_0
    SLICE_X145Y117       CARRY4 (Prop_carry4_CI_CO[3])
                                                      0.114     7.536 r  datapath_uut/video_uut/Inst_vga/vga_signal_generator_inst/horizontal_counter/dc_bias_reg[0]_i_473/CO[3]
                         net (fo=1, routed)           0.000     7.536    datapath_uut/video_uut/Inst_vga/vga_signal_generator_inst/horizontal_counter/dc_bias_reg[0]_i_473_n_0
    SLICE_X145Y118       CARRY4 (Prop_carry4_CI_O[0])
                                                      0.222     7.758 r  datapath_uut/video_uut/Inst_vga/vga_signal_generator_inst/horizontal_counter/dc_bias_reg[0]_i_225/O[0]
                         net (fo=27, routed)          2.514    10.272    datapath_uut/video_uut/Inst_vga/vga_signal_generator_inst/horizontal_counter/color_mapper_inst/L1[13]
    SLICE_X159Y129       LUT2 (Prop_lut2_I0_O)        0.299    10.571 r  datapath_uut/video_uut/Inst_vga/vga_signal_generator_inst/horizontal_counter/encoded[5]_i_97/O
                         net (fo=1, routed)           0.000    10.571    datapath_uut/video_uut/Inst_vga/vga_signal_generator_inst/horizontal_counter/encoded[5]_i_97_n_0
    SLICE_X159Y129       CARRY4 (Prop_carry4_S[0]_CO[3])
                                                      0.532    11.103 r  datapath_uut/video_uut/Inst_vga/vga_signal_generator_inst/horizontal_counter/encoded_reg[5]_i_36/CO[3]
                         net (fo=1, routed)           0.000    11.103    datapath_uut/video_uut/Inst_vga/vga_signal_generator_inst/horizontal_counter/encoded_reg[5]_i_36_n_0
    SLICE_X159Y130       CARRY4 (Prop_carry4_CI_O[1])
                                                      0.334    11.437 f  datapath_uut/video_uut/Inst_vga/vga_signal_generator_inst/horizontal_counter/encoded_reg[5]_i_34/O[1]
                         net (fo=3, routed)           0.589    12.026    datapath_uut/video_uut/Inst_vga/vga_signal_generator_inst/horizontal_counter/encoded_reg[5]_i_34_n_6
    SLICE_X160Y130       LUT2 (Prop_lut2_I0_O)        0.303    12.329 r  datapath_uut/video_uut/Inst_vga/vga_signal_generator_inst/horizontal_counter/dc_bias[0]_i_308/O
                         net (fo=1, routed)           0.000    12.329    datapath_uut/video_uut/Inst_vga/vga_signal_generator_inst/horizontal_counter/dc_bias[0]_i_308_n_0
    SLICE_X160Y130       CARRY4 (Prop_carry4_S[1]_CO[2])
                                                      0.570    12.899 r  datapath_uut/video_uut/Inst_vga/vga_signal_generator_inst/horizontal_counter/dc_bias_reg[0]_i_126/CO[2]
                         net (fo=1, routed)           1.271    14.170    datapath_uut/video_uut/Inst_vga/vga_signal_generator_inst/horizontal_counter/color_mapper_inst/row_41
    SLICE_X146Y130       LUT6 (Prop_lut6_I1_O)        0.313    14.483 r  datapath_uut/video_uut/Inst_vga/vga_signal_generator_inst/horizontal_counter/dc_bias[0]_i_36/O
                         net (fo=5, routed)           1.049    15.532    datapath_uut/video_uut/Inst_vga/vga_signal_generator_inst/horizontal_counter/dc_bias[0]_i_36_n_0
    SLICE_X151Y123       LUT5 (Prop_lut5_I2_O)        0.150    15.682 f  datapath_uut/video_uut/Inst_vga/vga_signal_generator_inst/horizontal_counter/encoded[7]_i_19/O
                         net (fo=2, routed)           0.799    16.481    datapath_uut/video_uut/Inst_vga/vga_signal_generator_inst/horizontal_counter/encoded[7]_i_19_n_0
    SLICE_X154Y117       LUT6 (Prop_lut6_I1_O)        0.326    16.807 r  datapath_uut/video_uut/Inst_vga/vga_signal_generator_inst/horizontal_counter/encoded[7]_i_16__0/O
                         net (fo=1, routed)           0.466    17.273    datapath_uut/video_uut/Inst_vga/vga_signal_generator_inst/horizontal_counter/encoded[7]_i_16__0_n_0
    SLICE_X154Y117       LUT6 (Prop_lut6_I4_O)        0.124    17.397 r  datapath_uut/video_uut/Inst_vga/vga_signal_generator_inst/horizontal_counter/encoded[7]_i_7/O
                         net (fo=7, routed)           0.686    18.083    datapath_uut/video_uut/Inst_vga/vga_signal_generator_inst/horizontal_counter/pixel[color][11]
    SLICE_X155Y117       LUT3 (Prop_lut3_I1_O)        0.119    18.202 r  datapath_uut/video_uut/Inst_vga/vga_signal_generator_inst/horizontal_counter/dc_bias[0]_i_16__1/O
                         net (fo=1, routed)           0.408    18.610    datapath_uut/video_uut/Inst_vga/vga_signal_generator_inst/horizontal_counter/dc_bias[0]_i_16__1_n_0
    SLICE_X155Y116       LUT5 (Prop_lut5_I2_O)        0.332    18.942 r  datapath_uut/video_uut/Inst_vga/vga_signal_generator_inst/horizontal_counter/dc_bias[0]_i_4__0/O
                         net (fo=36, routed)          1.645    20.588    datapath_uut/video_uut/Inst_vga/vga_signal_generator_inst/horizontal_counter/rgb_reg_1
    SLICE_X162Y122       LUT4 (Prop_lut4_I3_O)        0.152    20.740 r  datapath_uut/video_uut/Inst_vga/vga_signal_generator_inst/horizontal_counter/dc_bias[3]_i_22__1/O
                         net (fo=2, routed)           0.859    21.599    datapath_uut/video_uut/Inst_vga/vga_signal_generator_inst/horizontal_counter/dc_bias[3]_i_22__1_n_0
    SLICE_X162Y122       LUT6 (Prop_lut6_I2_O)        0.348    21.947 r  datapath_uut/video_uut/Inst_vga/vga_signal_generator_inst/horizontal_counter/dc_bias[3]_i_10/O
                         net (fo=3, routed)           0.951    22.898    datapath_uut/video_uut/Inst_vga/vga_signal_generator_inst/horizontal_counter/dc_bias[3]_i_10_n_0
    SLICE_X161Y124       LUT6 (Prop_lut6_I4_O)        0.124    23.022 r  datapath_uut/video_uut/Inst_vga/vga_signal_generator_inst/horizontal_counter/dc_bias[3]_i_2/O
                         net (fo=1, routed)           0.824    23.846    datapath_uut/video_uut/Inst_vga/vga_signal_generator_inst/horizontal_counter/dc_bias[3]_i_2_n_0
    SLICE_X161Y123       LUT6 (Prop_lut6_I0_O)        0.124    23.970 r  datapath_uut/video_uut/Inst_vga/vga_signal_generator_inst/horizontal_counter/dc_bias[3]_i_1__0/O
                         net (fo=1, routed)           0.000    23.970    datapath_uut/video_uut/inst_dvid/TDMS_encoder_green/dc_bias_reg[3]_1[3]
    SLICE_X161Y123       FDRE                                         r  datapath_uut/video_uut/inst_dvid/TDMS_encoder_green/dc_bias_reg[3]/D
  -------------------------------------------------------------------    -------------------

                         (clock clk_out1_clk_wiz_0 rise edge)
                                                     40.000    40.000 r  
    BUFGCTRL_X0Y2        BUFG                         0.000    40.000 r  clk_IBUF_BUFG_inst/O
                         net (fo=36, routed)          1.972    41.972    datapath_uut/video_uut/mmcm_adv_inst_display_clocks/inst/clk_in1
    MMCME2_ADV_X1Y0      MMCME2_ADV (Prop_mmcme2_adv_CLKIN1_CLKOUT0)
                                                     -4.637    37.335 r  datapath_uut/video_uut/mmcm_adv_inst_display_clocks/inst/mmcm_adv_inst/CLKOUT0
                         net (fo=1, routed)           2.574    39.909    datapath_uut/video_uut/mmcm_adv_inst_display_clocks/inst/clk_out1_clk_wiz_0
    BUFGCTRL_X0Y1        BUFG (Prop_bufg_I_O)         0.091    40.000 r  datapath_uut/video_uut/mmcm_adv_inst_display_clocks/inst/clkout1_buf/O
                         net (fo=271, routed)         1.698    41.698    datapath_uut/video_uut/inst_dvid/TDMS_encoder_green/clk_out1
    SLICE_X161Y123       FDRE                                         r  datapath_uut/video_uut/inst_dvid/TDMS_encoder_green/dc_bias_reg[3]/C
                         clock pessimism              0.075    41.773    
                         clock uncertainty           -0.095    41.679    
    SLICE_X161Y123       FDRE (Setup_fdre_C_D)        0.029    41.708    datapath_uut/video_uut/inst_dvid/TDMS_encoder_green/dc_bias_reg[3]
  -------------------------------------------------------------------
                         required time                         41.708    
                         arrival time                         -23.970    
  -------------------------------------------------------------------
                         slack                                 17.738    

Slack (MET) :             17.844ns  (required time - arrival time)
  Source:                 datapath_uut/video_uut/Inst_vga/vga_signal_generator_inst/horizontal_counter/processQ_reg[1]/C
                            (rising edge-triggered cell FDRE clocked by clk_out1_clk_wiz_0  {rise@0.000ns fall@20.000ns period=40.000ns})
  Destination:            datapath_uut/video_uut/inst_dvid/TDMS_encoder_green/dc_bias_reg[1]/D
                            (rising edge-triggered cell FDRE clocked by clk_out1_clk_wiz_0  {rise@0.000ns fall@20.000ns period=40.000ns})
  Path Group:             clk_out1_clk_wiz_0
  Path Type:              Setup (Max at Slow Process Corner)
  Requirement:            40.000ns  (clk_out1_clk_wiz_0 rise@40.000ns - clk_out1_clk_wiz_0 rise@0.000ns)
  Data Path Delay:        22.146ns  (logic 8.456ns (38.183%)  route 13.690ns (61.817%))
  Logic Levels:           25  (CARRY4=9 LUT1=2 LUT2=3 LUT3=2 LUT4=1 LUT5=2 LUT6=5 MUXF7=1)
  Clock Path Skew:        0.020ns (DCD - SCD + CPR)
    Destination Clock Delay (DCD):    1.696ns = ( 41.696 - 40.000 ) 
    Source Clock Delay      (SCD):    1.751ns
    Clock Pessimism Removal (CPR):    0.075ns
  Clock Uncertainty:      0.095ns  ((TSJ^2 + DJ^2)^1/2) / 2 + PE
    Total System Jitter     (TSJ):    0.071ns
    Discrete Jitter          (DJ):    0.175ns
    Phase Error              (PE):    0.000ns

    Location             Delay type                Incr(ns)  Path(ns)    Netlist Resource(s)
  -------------------------------------------------------------------    -------------------
                         (clock clk_out1_clk_wiz_0 rise edge)
                                                      0.000     0.000 r  
    BUFGCTRL_X0Y2        BUFG                         0.000     0.000 r  clk_IBUF_BUFG_inst/O
                         net (fo=36, routed)          2.106     2.106    datapath_uut/video_uut/mmcm_adv_inst_display_clocks/inst/clk_in1
    MMCME2_ADV_X1Y0      MMCME2_ADV (Prop_mmcme2_adv_CLKIN1_CLKOUT0)
                                                     -4.900    -2.793 r  datapath_uut/video_uut/mmcm_adv_inst_display_clocks/inst/mmcm_adv_inst/CLKOUT0
                         net (fo=1, routed)           2.697    -0.096    datapath_uut/video_uut/mmcm_adv_inst_display_clocks/inst/clk_out1_clk_wiz_0
    BUFGCTRL_X0Y1        BUFG (Prop_bufg_I_O)         0.096    -0.000 r  datapath_uut/video_uut/mmcm_adv_inst_display_clocks/inst/clkout1_buf/O
                         net (fo=271, routed)         1.751     1.751    datapath_uut/video_uut/Inst_vga/vga_signal_generator_inst/horizontal_counter/clk_out1
    SLICE_X146Y112       FDRE                                         r  datapath_uut/video_uut/Inst_vga/vga_signal_generator_inst/horizontal_counter/processQ_reg[1]/C
  -------------------------------------------------------------------    -------------------
    SLICE_X146Y112       FDRE (Prop_fdre_C_Q)         0.478     2.229 f  datapath_uut/video_uut/Inst_vga/vga_signal_generator_inst/horizontal_counter/processQ_reg[1]/Q
                         net (fo=16, routed)          0.633     2.862    datapath_uut/video_uut/Inst_vga/vga_signal_generator_inst/horizontal_counter/Q[1]
    SLICE_X149Y112       LUT1 (Prop_lut1_I0_O)        0.295     3.157 r  datapath_uut/video_uut/Inst_vga/vga_signal_generator_inst/horizontal_counter/encoded[5]_i_316/O
                         net (fo=1, routed)           0.000     3.157    datapath_uut/video_uut/Inst_vga/vga_signal_generator_inst/horizontal_counter/encoded[5]_i_316_n_0
    SLICE_X149Y112       CARRY4 (Prop_carry4_S[1]_O[2])
                                                      0.580     3.737 f  datapath_uut/video_uut/Inst_vga/vga_signal_generator_inst/horizontal_counter/encoded_reg[5]_i_269/O[2]
                         net (fo=1, routed)           0.600     4.337    datapath_uut/video_uut/Inst_vga/vga_signal_generator_inst/horizontal_counter/color_mapper_inst/multOp[2]
    SLICE_X144Y114       LUT1 (Prop_lut1_I0_O)        0.302     4.639 r  datapath_uut/video_uut/Inst_vga/vga_signal_generator_inst/horizontal_counter/dc_bias[0]_i_909/O
                         net (fo=1, routed)           0.000     4.639    datapath_uut/video_uut/Inst_vga/vga_signal_generator_inst/horizontal_counter/dc_bias[0]_i_909_n_0
    SLICE_X144Y114       CARRY4 (Prop_carry4_S[1]_O[3])
                                                      0.643     5.282 f  datapath_uut/video_uut/Inst_vga/vga_signal_generator_inst/horizontal_counter/dc_bias_reg[0]_i_636/O[3]
                         net (fo=22, routed)          0.586     5.868    datapath_uut/video_uut/Inst_vga/vga_signal_generator_inst/horizontal_counter/color_mapper_inst/L3[4]
    SLICE_X146Y115       LUT3 (Prop_lut3_I0_O)        0.302     6.170 r  datapath_uut/video_uut/Inst_vga/vga_signal_generator_inst/horizontal_counter/encoded[5]_i_264/O
                         net (fo=1, routed)           0.327     6.497    datapath_uut/video_uut/Inst_vga/vga_signal_generator_inst/horizontal_counter/encoded[5]_i_264_n_0
    SLICE_X145Y115       CARRY4 (Prop_carry4_CYINIT_CO[3])
                                                      0.811     7.308 r  datapath_uut/video_uut/Inst_vga/vga_signal_generator_inst/horizontal_counter/encoded_reg[5]_i_168/CO[3]
                         net (fo=1, routed)           0.000     7.308    datapath_uut/video_uut/Inst_vga/vga_signal_generator_inst/horizontal_counter/encoded_reg[5]_i_168_n_0
    SLICE_X145Y116       CARRY4 (Prop_carry4_CI_CO[3])
                                                      0.114     7.422 r  datapath_uut/video_uut/Inst_vga/vga_signal_generator_inst/horizontal_counter/dc_bias_reg[0]_i_472/CO[3]
                         net (fo=1, routed)           0.000     7.422    datapath_uut/video_uut/Inst_vga/vga_signal_generator_inst/horizontal_counter/dc_bias_reg[0]_i_472_n_0
    SLICE_X145Y117       CARRY4 (Prop_carry4_CI_CO[3])
                                                      0.114     7.536 r  datapath_uut/video_uut/Inst_vga/vga_signal_generator_inst/horizontal_counter/dc_bias_reg[0]_i_473/CO[3]
                         net (fo=1, routed)           0.000     7.536    datapath_uut/video_uut/Inst_vga/vga_signal_generator_inst/horizontal_counter/dc_bias_reg[0]_i_473_n_0
    SLICE_X145Y118       CARRY4 (Prop_carry4_CI_O[0])
                                                      0.222     7.758 r  datapath_uut/video_uut/Inst_vga/vga_signal_generator_inst/horizontal_counter/dc_bias_reg[0]_i_225/O[0]
                         net (fo=27, routed)          2.514    10.272    datapath_uut/video_uut/Inst_vga/vga_signal_generator_inst/horizontal_counter/color_mapper_inst/L1[13]
    SLICE_X159Y129       LUT2 (Prop_lut2_I0_O)        0.299    10.571 r  datapath_uut/video_uut/Inst_vga/vga_signal_generator_inst/horizontal_counter/encoded[5]_i_97/O
                         net (fo=1, routed)           0.000    10.571    datapath_uut/video_uut/Inst_vga/vga_signal_generator_inst/horizontal_counter/encoded[5]_i_97_n_0
    SLICE_X159Y129       CARRY4 (Prop_carry4_S[0]_CO[3])
                                                      0.532    11.103 r  datapath_uut/video_uut/Inst_vga/vga_signal_generator_inst/horizontal_counter/encoded_reg[5]_i_36/CO[3]
                         net (fo=1, routed)           0.000    11.103    datapath_uut/video_uut/Inst_vga/vga_signal_generator_inst/horizontal_counter/encoded_reg[5]_i_36_n_0
    SLICE_X159Y130       CARRY4 (Prop_carry4_CI_O[1])
                                                      0.334    11.437 f  datapath_uut/video_uut/Inst_vga/vga_signal_generator_inst/horizontal_counter/encoded_reg[5]_i_34/O[1]
                         net (fo=3, routed)           0.589    12.026    datapath_uut/video_uut/Inst_vga/vga_signal_generator_inst/horizontal_counter/encoded_reg[5]_i_34_n_6
    SLICE_X160Y130       LUT2 (Prop_lut2_I0_O)        0.303    12.329 r  datapath_uut/video_uut/Inst_vga/vga_signal_generator_inst/horizontal_counter/dc_bias[0]_i_308/O
                         net (fo=1, routed)           0.000    12.329    datapath_uut/video_uut/Inst_vga/vga_signal_generator_inst/horizontal_counter/dc_bias[0]_i_308_n_0
    SLICE_X160Y130       CARRY4 (Prop_carry4_S[1]_CO[2])
                                                      0.570    12.899 r  datapath_uut/video_uut/Inst_vga/vga_signal_generator_inst/horizontal_counter/dc_bias_reg[0]_i_126/CO[2]
                         net (fo=1, routed)           1.271    14.170    datapath_uut/video_uut/Inst_vga/vga_signal_generator_inst/horizontal_counter/color_mapper_inst/row_41
    SLICE_X146Y130       LUT6 (Prop_lut6_I1_O)        0.313    14.483 r  datapath_uut/video_uut/Inst_vga/vga_signal_generator_inst/horizontal_counter/dc_bias[0]_i_36/O
                         net (fo=5, routed)           1.049    15.532    datapath_uut/video_uut/Inst_vga/vga_signal_generator_inst/horizontal_counter/dc_bias[0]_i_36_n_0
    SLICE_X151Y123       LUT5 (Prop_lut5_I2_O)        0.150    15.682 f  datapath_uut/video_uut/Inst_vga/vga_signal_generator_inst/horizontal_counter/encoded[7]_i_19/O
                         net (fo=2, routed)           0.799    16.481    datapath_uut/video_uut/Inst_vga/vga_signal_generator_inst/horizontal_counter/encoded[7]_i_19_n_0
    SLICE_X154Y117       LUT6 (Prop_lut6_I1_O)        0.326    16.807 r  datapath_uut/video_uut/Inst_vga/vga_signal_generator_inst/horizontal_counter/encoded[7]_i_16__0/O
                         net (fo=1, routed)           0.466    17.273    datapath_uut/video_uut/Inst_vga/vga_signal_generator_inst/horizontal_counter/encoded[7]_i_16__0_n_0
    SLICE_X154Y117       LUT6 (Prop_lut6_I4_O)        0.124    17.397 r  datapath_uut/video_uut/Inst_vga/vga_signal_generator_inst/horizontal_counter/encoded[7]_i_7/O
                         net (fo=7, routed)           0.686    18.083    datapath_uut/video_uut/Inst_vga/vga_signal_generator_inst/horizontal_counter/pixel[color][11]
    SLICE_X155Y117       LUT3 (Prop_lut3_I1_O)        0.119    18.202 r  datapath_uut/video_uut/Inst_vga/vga_signal_generator_inst/horizontal_counter/dc_bias[0]_i_16__1/O
                         net (fo=1, routed)           0.408    18.610    datapath_uut/video_uut/Inst_vga/vga_signal_generator_inst/horizontal_counter/dc_bias[0]_i_16__1_n_0
    SLICE_X155Y116       LUT5 (Prop_lut5_I2_O)        0.332    18.942 r  datapath_uut/video_uut/Inst_vga/vga_signal_generator_inst/horizontal_counter/dc_bias[0]_i_4__0/O
                         net (fo=36, routed)          1.645    20.588    datapath_uut/video_uut/Inst_vga/vga_signal_generator_inst/horizontal_counter/rgb_reg_1
    SLICE_X162Y122       LUT4 (Prop_lut4_I3_O)        0.152    20.740 r  datapath_uut/video_uut/Inst_vga/vga_signal_generator_inst/horizontal_counter/dc_bias[3]_i_22__1/O
                         net (fo=2, routed)           0.873    21.613    datapath_uut/video_uut/Inst_vga/vga_signal_generator_inst/horizontal_counter/dc_bias[3]_i_22__1_n_0
    SLICE_X162Y122       LUT6 (Prop_lut6_I2_O)        0.348    21.961 r  datapath_uut/video_uut/Inst_vga/vga_signal_generator_inst/horizontal_counter/dc_bias[3]_i_17/O
                         net (fo=7, routed)           0.804    22.766    datapath_uut/video_uut/inst_dvid/TDMS_encoder_green/dc_bias[2]_i_2__0
    SLICE_X160Y124       LUT2 (Prop_lut2_I1_O)        0.149    22.915 r  datapath_uut/video_uut/inst_dvid/TDMS_encoder_green/dc_bias[1]_i_4__0/O
                         net (fo=1, routed)           0.439    23.353    datapath_uut/video_uut/Inst_vga/vga_signal_generator_inst/horizontal_counter/dc_bias_reg[1]_0
    SLICE_X160Y124       LUT6 (Prop_lut6_I0_O)        0.332    23.685 r  datapath_uut/video_uut/Inst_vga/vga_signal_generator_inst/horizontal_counter/dc_bias[1]_i_2__0/O
                         net (fo=1, routed)           0.000    23.685    datapath_uut/video_uut/Inst_vga/vga_signal_generator_inst/horizontal_counter/dc_bias[1]_i_2__0_n_0
    SLICE_X160Y124       MUXF7 (Prop_muxf7_I0_O)      0.212    23.897 r  datapath_uut/video_uut/Inst_vga/vga_signal_generator_inst/horizontal_counter/dc_bias_reg[1]_i_1__0/O
                         net (fo=1, routed)           0.000    23.897    datapath_uut/video_uut/inst_dvid/TDMS_encoder_green/dc_bias_reg[3]_1[1]
    SLICE_X160Y124       FDRE                                         r  datapath_uut/video_uut/inst_dvid/TDMS_encoder_green/dc_bias_reg[1]/D
  -------------------------------------------------------------------    -------------------

                         (clock clk_out1_clk_wiz_0 rise edge)
                                                     40.000    40.000 r  
    BUFGCTRL_X0Y2        BUFG                         0.000    40.000 r  clk_IBUF_BUFG_inst/O
                         net (fo=36, routed)          1.972    41.972    datapath_uut/video_uut/mmcm_adv_inst_display_clocks/inst/clk_in1
    MMCME2_ADV_X1Y0      MMCME2_ADV (Prop_mmcme2_adv_CLKIN1_CLKOUT0)
                                                     -4.637    37.335 r  datapath_uut/video_uut/mmcm_adv_inst_display_clocks/inst/mmcm_adv_inst/CLKOUT0
                         net (fo=1, routed)           2.574    39.909    datapath_uut/video_uut/mmcm_adv_inst_display_clocks/inst/clk_out1_clk_wiz_0
    BUFGCTRL_X0Y1        BUFG (Prop_bufg_I_O)         0.091    40.000 r  datapath_uut/video_uut/mmcm_adv_inst_display_clocks/inst/clkout1_buf/O
                         net (fo=271, routed)         1.696    41.696    datapath_uut/video_uut/inst_dvid/TDMS_encoder_green/clk_out1
    SLICE_X160Y124       FDRE                                         r  datapath_uut/video_uut/inst_dvid/TDMS_encoder_green/dc_bias_reg[1]/C
                         clock pessimism              0.075    41.771    
                         clock uncertainty           -0.095    41.677    
    SLICE_X160Y124       FDRE (Setup_fdre_C_D)        0.064    41.741    datapath_uut/video_uut/inst_dvid/TDMS_encoder_green/dc_bias_reg[1]
  -------------------------------------------------------------------
                         required time                         41.741    
                         arrival time                         -23.897    
  -------------------------------------------------------------------
                         slack                                 17.844    

Slack (MET) :             17.924ns  (required time - arrival time)
  Source:                 datapath_uut/video_uut/Inst_vga/vga_signal_generator_inst/horizontal_counter/processQ_reg[1]/C
                            (rising edge-triggered cell FDRE clocked by clk_out1_clk_wiz_0  {rise@0.000ns fall@20.000ns period=40.000ns})
  Destination:            datapath_uut/video_uut/inst_dvid/TDMS_encoder_blue/dc_bias_reg[3]/D
                            (rising edge-triggered cell FDRE clocked by clk_out1_clk_wiz_0  {rise@0.000ns fall@20.000ns period=40.000ns})
  Path Group:             clk_out1_clk_wiz_0
  Path Type:              Setup (Max at Slow Process Corner)
  Requirement:            40.000ns  (clk_out1_clk_wiz_0 rise@40.000ns - clk_out1_clk_wiz_0 rise@0.000ns)
  Data Path Delay:        22.091ns  (logic 7.987ns (36.154%)  route 14.104ns (63.846%))
  Logic Levels:           24  (CARRY4=9 LUT1=2 LUT2=2 LUT3=2 LUT4=3 LUT6=6)
  Clock Path Skew:        0.031ns (DCD - SCD + CPR)
    Destination Clock Delay (DCD):    1.707ns = ( 41.707 - 40.000 ) 
    Source Clock Delay      (SCD):    1.751ns
    Clock Pessimism Removal (CPR):    0.075ns
  Clock Uncertainty:      0.095ns  ((TSJ^2 + DJ^2)^1/2) / 2 + PE
    Total System Jitter     (TSJ):    0.071ns
    Discrete Jitter          (DJ):    0.175ns
    Phase Error              (PE):    0.000ns

    Location             Delay type                Incr(ns)  Path(ns)    Netlist Resource(s)
  -------------------------------------------------------------------    -------------------
                         (clock clk_out1_clk_wiz_0 rise edge)
                                                      0.000     0.000 r  
    BUFGCTRL_X0Y2        BUFG                         0.000     0.000 r  clk_IBUF_BUFG_inst/O
                         net (fo=36, routed)          2.106     2.106    datapath_uut/video_uut/mmcm_adv_inst_display_clocks/inst/clk_in1
    MMCME2_ADV_X1Y0      MMCME2_ADV (Prop_mmcme2_adv_CLKIN1_CLKOUT0)
                                                     -4.900    -2.793 r  datapath_uut/video_uut/mmcm_adv_inst_display_clocks/inst/mmcm_adv_inst/CLKOUT0
                         net (fo=1, routed)           2.697    -0.096    datapath_uut/video_uut/mmcm_adv_inst_display_clocks/inst/clk_out1_clk_wiz_0
    BUFGCTRL_X0Y1        BUFG (Prop_bufg_I_O)         0.096    -0.000 r  datapath_uut/video_uut/mmcm_adv_inst_display_clocks/inst/clkout1_buf/O
                         net (fo=271, routed)         1.751     1.751    datapath_uut/video_uut/Inst_vga/vga_signal_generator_inst/horizontal_counter/clk_out1
    SLICE_X146Y112       FDRE                                         r  datapath_uut/video_uut/Inst_vga/vga_signal_generator_inst/horizontal_counter/processQ_reg[1]/C
  -------------------------------------------------------------------    -------------------
    SLICE_X146Y112       FDRE (Prop_fdre_C_Q)         0.478     2.229 f  datapath_uut/video_uut/Inst_vga/vga_signal_generator_inst/horizontal_counter/processQ_reg[1]/Q
                         net (fo=16, routed)          0.633     2.862    datapath_uut/video_uut/Inst_vga/vga_signal_generator_inst/horizontal_counter/Q[1]
    SLICE_X149Y112       LUT1 (Prop_lut1_I0_O)        0.295     3.157 r  datapath_uut/video_uut/Inst_vga/vga_signal_generator_inst/horizontal_counter/encoded[5]_i_316/O
                         net (fo=1, routed)           0.000     3.157    datapath_uut/video_uut/Inst_vga/vga_signal_generator_inst/horizontal_counter/encoded[5]_i_316_n_0
    SLICE_X149Y112       CARRY4 (Prop_carry4_S[1]_O[2])
                                                      0.580     3.737 f  datapath_uut/video_uut/Inst_vga/vga_signal_generator_inst/horizontal_counter/encoded_reg[5]_i_269/O[2]
                         net (fo=1, routed)           0.600     4.337    datapath_uut/video_uut/Inst_vga/vga_signal_generator_inst/horizontal_counter/color_mapper_inst/multOp[2]
    SLICE_X144Y114       LUT1 (Prop_lut1_I0_O)        0.302     4.639 r  datapath_uut/video_uut/Inst_vga/vga_signal_generator_inst/horizontal_counter/dc_bias[0]_i_909/O
                         net (fo=1, routed)           0.000     4.639    datapath_uut/video_uut/Inst_vga/vga_signal_generator_inst/horizontal_counter/dc_bias[0]_i_909_n_0
    SLICE_X144Y114       CARRY4 (Prop_carry4_S[1]_O[3])
                                                      0.643     5.282 f  datapath_uut/video_uut/Inst_vga/vga_signal_generator_inst/horizontal_counter/dc_bias_reg[0]_i_636/O[3]
                         net (fo=22, routed)          0.586     5.868    datapath_uut/video_uut/Inst_vga/vga_signal_generator_inst/horizontal_counter/color_mapper_inst/L3[4]
    SLICE_X146Y115       LUT3 (Prop_lut3_I0_O)        0.302     6.170 r  datapath_uut/video_uut/Inst_vga/vga_signal_generator_inst/horizontal_counter/encoded[5]_i_264/O
                         net (fo=1, routed)           0.327     6.497    datapath_uut/video_uut/Inst_vga/vga_signal_generator_inst/horizontal_counter/encoded[5]_i_264_n_0
    SLICE_X145Y115       CARRY4 (Prop_carry4_CYINIT_CO[3])
                                                      0.811     7.308 r  datapath_uut/video_uut/Inst_vga/vga_signal_generator_inst/horizontal_counter/encoded_reg[5]_i_168/CO[3]
                         net (fo=1, routed)           0.000     7.308    datapath_uut/video_uut/Inst_vga/vga_signal_generator_inst/horizontal_counter/encoded_reg[5]_i_168_n_0
    SLICE_X145Y116       CARRY4 (Prop_carry4_CI_CO[3])
                                                      0.114     7.422 r  datapath_uut/video_uut/Inst_vga/vga_signal_generator_inst/horizontal_counter/dc_bias_reg[0]_i_472/CO[3]
                         net (fo=1, routed)           0.000     7.422    datapath_uut/video_uut/Inst_vga/vga_signal_generator_inst/horizontal_counter/dc_bias_reg[0]_i_472_n_0
    SLICE_X145Y117       CARRY4 (Prop_carry4_CI_CO[3])
                                                      0.114     7.536 r  datapath_uut/video_uut/Inst_vga/vga_signal_generator_inst/horizontal_counter/dc_bias_reg[0]_i_473/CO[3]
                         net (fo=1, routed)           0.000     7.536    datapath_uut/video_uut/Inst_vga/vga_signal_generator_inst/horizontal_counter/dc_bias_reg[0]_i_473_n_0
    SLICE_X145Y118       CARRY4 (Prop_carry4_CI_O[0])
                                                      0.222     7.758 r  datapath_uut/video_uut/Inst_vga/vga_signal_generator_inst/horizontal_counter/dc_bias_reg[0]_i_225/O[0]
                         net (fo=27, routed)          2.514    10.272    datapath_uut/video_uut/Inst_vga/vga_signal_generator_inst/horizontal_counter/color_mapper_inst/L1[13]
    SLICE_X159Y129       LUT2 (Prop_lut2_I0_O)        0.299    10.571 r  datapath_uut/video_uut/Inst_vga/vga_signal_generator_inst/horizontal_counter/encoded[5]_i_97/O
                         net (fo=1, routed)           0.000    10.571    datapath_uut/video_uut/Inst_vga/vga_signal_generator_inst/horizontal_counter/encoded[5]_i_97_n_0
    SLICE_X159Y129       CARRY4 (Prop_carry4_S[0]_CO[3])
                                                      0.532    11.103 r  datapath_uut/video_uut/Inst_vga/vga_signal_generator_inst/horizontal_counter/encoded_reg[5]_i_36/CO[3]
                         net (fo=1, routed)           0.000    11.103    datapath_uut/video_uut/Inst_vga/vga_signal_generator_inst/horizontal_counter/encoded_reg[5]_i_36_n_0
    SLICE_X159Y130       CARRY4 (Prop_carry4_CI_O[1])
                                                      0.334    11.437 f  datapath_uut/video_uut/Inst_vga/vga_signal_generator_inst/horizontal_counter/encoded_reg[5]_i_34/O[1]
                         net (fo=3, routed)           0.589    12.026    datapath_uut/video_uut/Inst_vga/vga_signal_generator_inst/horizontal_counter/encoded_reg[5]_i_34_n_6
    SLICE_X160Y130       LUT2 (Prop_lut2_I0_O)        0.303    12.329 r  datapath_uut/video_uut/Inst_vga/vga_signal_generator_inst/horizontal_counter/dc_bias[0]_i_308/O
                         net (fo=1, routed)           0.000    12.329    datapath_uut/video_uut/Inst_vga/vga_signal_generator_inst/horizontal_counter/dc_bias[0]_i_308_n_0
    SLICE_X160Y130       CARRY4 (Prop_carry4_S[1]_CO[2])
                                                      0.570    12.899 r  datapath_uut/video_uut/Inst_vga/vga_signal_generator_inst/horizontal_counter/dc_bias_reg[0]_i_126/CO[2]
                         net (fo=1, routed)           1.271    14.170    datapath_uut/video_uut/Inst_vga/vga_signal_generator_inst/horizontal_counter/color_mapper_inst/row_41
    SLICE_X146Y130       LUT6 (Prop_lut6_I1_O)        0.313    14.483 r  datapath_uut/video_uut/Inst_vga/vga_signal_generator_inst/horizontal_counter/dc_bias[0]_i_36/O
                         net (fo=5, routed)           0.821    15.304    datapath_uut/video_uut/Inst_vga/vga_signal_generator_inst/horizontal_counter/dc_bias[0]_i_36_n_0
    SLICE_X151Y123       LUT6 (Prop_lut6_I3_O)        0.124    15.428 r  datapath_uut/video_uut/Inst_vga/vga_signal_generator_inst/horizontal_counter/dc_bias[0]_i_16__0/O
                         net (fo=2, routed)           0.677    16.105    datapath_uut/video_uut/Inst_vga/vga_signal_generator_inst/horizontal_counter/dc_bias[0]_i_16__0_n_0
    SLICE_X154Y117       LUT6 (Prop_lut6_I0_O)        0.124    16.229 r  datapath_uut/video_uut/Inst_vga/vga_signal_generator_inst/horizontal_counter/dc_bias[0]_i_13/O
                         net (fo=13, routed)          1.219    17.448    datapath_uut/video_uut/Inst_vga/color_mapper_inst/chicken_color/dc_bias_reg[0]_8
    SLICE_X156Y114       LUT3 (Prop_lut3_I0_O)        0.124    17.572 r  datapath_uut/video_uut/Inst_vga/color_mapper_inst/chicken_color/encoded[0]_i_2/O
                         net (fo=19, routed)          0.298    17.870    datapath_uut/video_uut/Inst_vga/color_mapper_inst/chicken_color/rgb_reg_2
    SLICE_X156Y114       LUT4 (Prop_lut4_I3_O)        0.118    17.988 r  datapath_uut/video_uut/Inst_vga/color_mapper_inst/chicken_color/encoded[1]_i_3__0/O
                         net (fo=15, routed)          0.991    18.979    datapath_uut/video_uut/Inst_vga/color_mapper_inst/chicken_color/encoded[1]_i_3__0_n_0
    SLICE_X157Y113       LUT4 (Prop_lut4_I3_O)        0.354    19.333 r  datapath_uut/video_uut/Inst_vga/color_mapper_inst/chicken_color/encoded[2]_i_2__0/O
                         net (fo=6, routed)           0.834    20.166    datapath_uut/video_uut/Inst_vga/color_mapper_inst/chicken_color/encoded[2]_i_2__0_n_0
    SLICE_X159Y113       LUT4 (Prop_lut4_I0_O)        0.356    20.522 r  datapath_uut/video_uut/Inst_vga/color_mapper_inst/chicken_color/dc_bias[0]_i_8/O
                         net (fo=7, routed)           0.851    21.374    datapath_uut/video_uut/Inst_vga/color_mapper_inst/chicken_color/dc_bias[0]_i_8_n_0
    SLICE_X158Y113       LUT6 (Prop_lut6_I4_O)        0.327    21.701 r  datapath_uut/video_uut/Inst_vga/color_mapper_inst/chicken_color/dc_bias[3]_i_20/O
                         net (fo=1, routed)           1.138    22.838    datapath_uut/video_uut/Inst_vga/color_mapper_inst/chicken_color/dc_bias[3]_i_20_n_0
    SLICE_X158Y111       LUT6 (Prop_lut6_I0_O)        0.124    22.962 r  datapath_uut/video_uut/Inst_vga/color_mapper_inst/chicken_color/dc_bias[3]_i_7/O
                         net (fo=1, routed)           0.757    23.719    datapath_uut/video_uut/Inst_vga/color_mapper_inst/chicken_color/dc_bias[3]_i_7_n_0
    SLICE_X158Y112       LUT6 (Prop_lut6_I5_O)        0.124    23.843 r  datapath_uut/video_uut/Inst_vga/color_mapper_inst/chicken_color/dc_bias[3]_i_1/O
                         net (fo=1, routed)           0.000    23.843    datapath_uut/video_uut/inst_dvid/TDMS_encoder_blue/dc_bias_reg[3]_1[3]
    SLICE_X158Y112       FDRE                                         r  datapath_uut/video_uut/inst_dvid/TDMS_encoder_blue/dc_bias_reg[3]/D
  -------------------------------------------------------------------    -------------------

                         (clock clk_out1_clk_wiz_0 rise edge)
                                                     40.000    40.000 r  
    BUFGCTRL_X0Y2        BUFG                         0.000    40.000 r  clk_IBUF_BUFG_inst/O
                         net (fo=36, routed)          1.972    41.972    datapath_uut/video_uut/mmcm_adv_inst_display_clocks/inst/clk_in1
    MMCME2_ADV_X1Y0      MMCME2_ADV (Prop_mmcme2_adv_CLKIN1_CLKOUT0)
                                                     -4.637    37.335 r  datapath_uut/video_uut/mmcm_adv_inst_display_clocks/inst/mmcm_adv_inst/CLKOUT0
                         net (fo=1, routed)           2.574    39.909    datapath_uut/video_uut/mmcm_adv_inst_display_clocks/inst/clk_out1_clk_wiz_0
    BUFGCTRL_X0Y1        BUFG (Prop_bufg_I_O)         0.091    40.000 r  datapath_uut/video_uut/mmcm_adv_inst_display_clocks/inst/clkout1_buf/O
                         net (fo=271, routed)         1.707    41.707    datapath_uut/video_uut/inst_dvid/TDMS_encoder_blue/clk_out1
    SLICE_X158Y112       FDRE                                         r  datapath_uut/video_uut/inst_dvid/TDMS_encoder_blue/dc_bias_reg[3]/C
                         clock pessimism              0.075    41.782    
                         clock uncertainty           -0.095    41.688    
    SLICE_X158Y112       FDRE (Setup_fdre_C_D)        0.079    41.767    datapath_uut/video_uut/inst_dvid/TDMS_encoder_blue/dc_bias_reg[3]
  -------------------------------------------------------------------
                         required time                         41.767    
                         arrival time                         -23.843    
  -------------------------------------------------------------------
                         slack                                 17.924    

Slack (MET) :             17.935ns  (required time - arrival time)
  Source:                 datapath_uut/video_uut/Inst_vga/vga_signal_generator_inst/horizontal_counter/processQ_reg[1]/C
                            (rising edge-triggered cell FDRE clocked by clk_out1_clk_wiz_0  {rise@0.000ns fall@20.000ns period=40.000ns})
  Destination:            datapath_uut/video_uut/inst_dvid/TDMS_encoder_green/dc_bias_reg[0]/D
                            (rising edge-triggered cell FDRE clocked by clk_out1_clk_wiz_0  {rise@0.000ns fall@20.000ns period=40.000ns})
  Path Group:             clk_out1_clk_wiz_0
  Path Type:              Setup (Max at Slow Process Corner)
  Requirement:            40.000ns  (clk_out1_clk_wiz_0 rise@40.000ns - clk_out1_clk_wiz_0 rise@0.000ns)
  Data Path Delay:        22.023ns  (logic 8.011ns (36.376%)  route 14.012ns (63.624%))
  Logic Levels:           24  (CARRY4=9 LUT1=2 LUT2=2 LUT3=2 LUT4=2 LUT5=2 LUT6=5)
  Clock Path Skew:        0.023ns (DCD - SCD + CPR)
    Destination Clock Delay (DCD):    1.699ns = ( 41.699 - 40.000 ) 
    Source Clock Delay      (SCD):    1.751ns
    Clock Pessimism Removal (CPR):    0.075ns
  Clock Uncertainty:      0.095ns  ((TSJ^2 + DJ^2)^1/2) / 2 + PE
    Total System Jitter     (TSJ):    0.071ns
    Discrete Jitter          (DJ):    0.175ns
    Phase Error              (PE):    0.000ns

    Location             Delay type                Incr(ns)  Path(ns)    Netlist Resource(s)
  -------------------------------------------------------------------    -------------------
                         (clock clk_out1_clk_wiz_0 rise edge)
                                                      0.000     0.000 r  
    BUFGCTRL_X0Y2        BUFG                         0.000     0.000 r  clk_IBUF_BUFG_inst/O
                         net (fo=36, routed)          2.106     2.106    datapath_uut/video_uut/mmcm_adv_inst_display_clocks/inst/clk_in1
    MMCME2_ADV_X1Y0      MMCME2_ADV (Prop_mmcme2_adv_CLKIN1_CLKOUT0)
                                                     -4.900    -2.793 r  datapath_uut/video_uut/mmcm_adv_inst_display_clocks/inst/mmcm_adv_inst/CLKOUT0
                         net (fo=1, routed)           2.697    -0.096    datapath_uut/video_uut/mmcm_adv_inst_display_clocks/inst/clk_out1_clk_wiz_0
    BUFGCTRL_X0Y1        BUFG (Prop_bufg_I_O)         0.096    -0.000 r  datapath_uut/video_uut/mmcm_adv_inst_display_clocks/inst/clkout1_buf/O
                         net (fo=271, routed)         1.751     1.751    datapath_uut/video_uut/Inst_vga/vga_signal_generator_inst/horizontal_counter/clk_out1
    SLICE_X146Y112       FDRE                                         r  datapath_uut/video_uut/Inst_vga/vga_signal_generator_inst/horizontal_counter/processQ_reg[1]/C
  -------------------------------------------------------------------    -------------------
    SLICE_X146Y112       FDRE (Prop_fdre_C_Q)         0.478     2.229 f  datapath_uut/video_uut/Inst_vga/vga_signal_generator_inst/horizontal_counter/processQ_reg[1]/Q
                         net (fo=16, routed)          0.633     2.862    datapath_uut/video_uut/Inst_vga/vga_signal_generator_inst/horizontal_counter/Q[1]
    SLICE_X149Y112       LUT1 (Prop_lut1_I0_O)        0.295     3.157 r  datapath_uut/video_uut/Inst_vga/vga_signal_generator_inst/horizontal_counter/encoded[5]_i_316/O
                         net (fo=1, routed)           0.000     3.157    datapath_uut/video_uut/Inst_vga/vga_signal_generator_inst/horizontal_counter/encoded[5]_i_316_n_0
    SLICE_X149Y112       CARRY4 (Prop_carry4_S[1]_O[2])
                                                      0.580     3.737 f  datapath_uut/video_uut/Inst_vga/vga_signal_generator_inst/horizontal_counter/encoded_reg[5]_i_269/O[2]
                         net (fo=1, routed)           0.600     4.337    datapath_uut/video_uut/Inst_vga/vga_signal_generator_inst/horizontal_counter/color_mapper_inst/multOp[2]
    SLICE_X144Y114       LUT1 (Prop_lut1_I0_O)        0.302     4.639 r  datapath_uut/video_uut/Inst_vga/vga_signal_generator_inst/horizontal_counter/dc_bias[0]_i_909/O
                         net (fo=1, routed)           0.000     4.639    datapath_uut/video_uut/Inst_vga/vga_signal_generator_inst/horizontal_counter/dc_bias[0]_i_909_n_0
    SLICE_X144Y114       CARRY4 (Prop_carry4_S[1]_O[3])
                                                      0.643     5.282 f  datapath_uut/video_uut/Inst_vga/vga_signal_generator_inst/horizontal_counter/dc_bias_reg[0]_i_636/O[3]
                         net (fo=22, routed)          0.586     5.868    datapath_uut/video_uut/Inst_vga/vga_signal_generator_inst/horizontal_counter/color_mapper_inst/L3[4]
    SLICE_X146Y115       LUT3 (Prop_lut3_I0_O)        0.302     6.170 r  datapath_uut/video_uut/Inst_vga/vga_signal_generator_inst/horizontal_counter/encoded[5]_i_264/O
                         net (fo=1, routed)           0.327     6.497    datapath_uut/video_uut/Inst_vga/vga_signal_generator_inst/horizontal_counter/encoded[5]_i_264_n_0
    SLICE_X145Y115       CARRY4 (Prop_carry4_CYINIT_CO[3])
                                                      0.811     7.308 r  datapath_uut/video_uut/Inst_vga/vga_signal_generator_inst/horizontal_counter/encoded_reg[5]_i_168/CO[3]
                         net (fo=1, routed)           0.000     7.308    datapath_uut/video_uut/Inst_vga/vga_signal_generator_inst/horizontal_counter/encoded_reg[5]_i_168_n_0
    SLICE_X145Y116       CARRY4 (Prop_carry4_CI_CO[3])
                                                      0.114     7.422 r  datapath_uut/video_uut/Inst_vga/vga_signal_generator_inst/horizontal_counter/dc_bias_reg[0]_i_472/CO[3]
                         net (fo=1, routed)           0.000     7.422    datapath_uut/video_uut/Inst_vga/vga_signal_generator_inst/horizontal_counter/dc_bias_reg[0]_i_472_n_0
    SLICE_X145Y117       CARRY4 (Prop_carry4_CI_CO[3])
                                                      0.114     7.536 r  datapath_uut/video_uut/Inst_vga/vga_signal_generator_inst/horizontal_counter/dc_bias_reg[0]_i_473/CO[3]
                         net (fo=1, routed)           0.000     7.536    datapath_uut/video_uut/Inst_vga/vga_signal_generator_inst/horizontal_counter/dc_bias_reg[0]_i_473_n_0
    SLICE_X145Y118       CARRY4 (Prop_carry4_CI_O[0])
                                                      0.222     7.758 r  datapath_uut/video_uut/Inst_vga/vga_signal_generator_inst/horizontal_counter/dc_bias_reg[0]_i_225/O[0]
                         net (fo=27, routed)          2.514    10.272    datapath_uut/video_uut/Inst_vga/vga_signal_generator_inst/horizontal_counter/color_mapper_inst/L1[13]
    SLICE_X159Y129       LUT2 (Prop_lut2_I0_O)        0.299    10.571 r  datapath_uut/video_uut/Inst_vga/vga_signal_generator_inst/horizontal_counter/encoded[5]_i_97/O
                         net (fo=1, routed)           0.000    10.571    datapath_uut/video_uut/Inst_vga/vga_signal_generator_inst/horizontal_counter/encoded[5]_i_97_n_0
    SLICE_X159Y129       CARRY4 (Prop_carry4_S[0]_CO[3])
                                                      0.532    11.103 r  datapath_uut/video_uut/Inst_vga/vga_signal_generator_inst/horizontal_counter/encoded_reg[5]_i_36/CO[3]
                         net (fo=1, routed)           0.000    11.103    datapath_uut/video_uut/Inst_vga/vga_signal_generator_inst/horizontal_counter/encoded_reg[5]_i_36_n_0
    SLICE_X159Y130       CARRY4 (Prop_carry4_CI_O[1])
                                                      0.334    11.437 f  datapath_uut/video_uut/Inst_vga/vga_signal_generator_inst/horizontal_counter/encoded_reg[5]_i_34/O[1]
                         net (fo=3, routed)           0.589    12.026    datapath_uut/video_uut/Inst_vga/vga_signal_generator_inst/horizontal_counter/encoded_reg[5]_i_34_n_6
    SLICE_X160Y130       LUT2 (Prop_lut2_I0_O)        0.303    12.329 r  datapath_uut/video_uut/Inst_vga/vga_signal_generator_inst/horizontal_counter/dc_bias[0]_i_308/O
                         net (fo=1, routed)           0.000    12.329    datapath_uut/video_uut/Inst_vga/vga_signal_generator_inst/horizontal_counter/dc_bias[0]_i_308_n_0
    SLICE_X160Y130       CARRY4 (Prop_carry4_S[1]_CO[2])
                                                      0.570    12.899 r  datapath_uut/video_uut/Inst_vga/vga_signal_generator_inst/horizontal_counter/dc_bias_reg[0]_i_126/CO[2]
                         net (fo=1, routed)           1.271    14.170    datapath_uut/video_uut/Inst_vga/vga_signal_generator_inst/horizontal_counter/color_mapper_inst/row_41
    SLICE_X146Y130       LUT6 (Prop_lut6_I1_O)        0.313    14.483 r  datapath_uut/video_uut/Inst_vga/vga_signal_generator_inst/horizontal_counter/dc_bias[0]_i_36/O
                         net (fo=5, routed)           1.049    15.532    datapath_uut/video_uut/Inst_vga/vga_signal_generator_inst/horizontal_counter/dc_bias[0]_i_36_n_0
    SLICE_X151Y123       LUT5 (Prop_lut5_I2_O)        0.150    15.682 f  datapath_uut/video_uut/Inst_vga/vga_signal_generator_inst/horizontal_counter/encoded[7]_i_19/O
                         net (fo=2, routed)           0.799    16.481    datapath_uut/video_uut/Inst_vga/vga_signal_generator_inst/horizontal_counter/encoded[7]_i_19_n_0
    SLICE_X154Y117       LUT6 (Prop_lut6_I1_O)        0.326    16.807 r  datapath_uut/video_uut/Inst_vga/vga_signal_generator_inst/horizontal_counter/encoded[7]_i_16__0/O
                         net (fo=1, routed)           0.466    17.273    datapath_uut/video_uut/Inst_vga/vga_signal_generator_inst/horizontal_counter/encoded[7]_i_16__0_n_0
    SLICE_X154Y117       LUT6 (Prop_lut6_I4_O)        0.124    17.397 r  datapath_uut/video_uut/Inst_vga/vga_signal_generator_inst/horizontal_counter/encoded[7]_i_7/O
                         net (fo=7, routed)           0.686    18.083    datapath_uut/video_uut/Inst_vga/vga_signal_generator_inst/horizontal_counter/pixel[color][11]
    SLICE_X155Y117       LUT3 (Prop_lut3_I1_O)        0.119    18.202 r  datapath_uut/video_uut/Inst_vga/vga_signal_generator_inst/horizontal_counter/dc_bias[0]_i_16__1/O
                         net (fo=1, routed)           0.408    18.610    datapath_uut/video_uut/Inst_vga/vga_signal_generator_inst/horizontal_counter/dc_bias[0]_i_16__1_n_0
    SLICE_X155Y116       LUT5 (Prop_lut5_I2_O)        0.332    18.942 r  datapath_uut/video_uut/Inst_vga/vga_signal_generator_inst/horizontal_counter/dc_bias[0]_i_4__0/O
                         net (fo=36, routed)          1.645    20.588    datapath_uut/video_uut/Inst_vga/vga_signal_generator_inst/horizontal_counter/rgb_reg_1
    SLICE_X162Y122       LUT4 (Prop_lut4_I3_O)        0.152    20.740 r  datapath_uut/video_uut/Inst_vga/vga_signal_generator_inst/horizontal_counter/dc_bias[3]_i_22__1/O
                         net (fo=2, routed)           0.873    21.613    datapath_uut/video_uut/Inst_vga/vga_signal_generator_inst/horizontal_counter/dc_bias[3]_i_22__1_n_0
    SLICE_X162Y122       LUT6 (Prop_lut6_I2_O)        0.348    21.961 f  datapath_uut/video_uut/Inst_vga/vga_signal_generator_inst/horizontal_counter/dc_bias[3]_i_17/O
                         net (fo=7, routed)           0.804    22.766    datapath_uut/video_uut/Inst_vga/vga_signal_generator_inst/horizontal_counter/rgb_reg_13
    SLICE_X160Y124       LUT4 (Prop_lut4_I1_O)        0.124    22.890 r  datapath_uut/video_uut/Inst_vga/vga_signal_generator_inst/horizontal_counter/dc_bias[3]_i_6__0/O
                         net (fo=13, routed)          0.761    23.650    datapath_uut/video_uut/Inst_vga/vga_signal_generator_inst/horizontal_counter/dc_bias_reg[2]
    SLICE_X163Y122       LUT6 (Prop_lut6_I4_O)        0.124    23.774 r  datapath_uut/video_uut/Inst_vga/vga_signal_generator_inst/horizontal_counter/dc_bias[0]_i_1__1/O
                         net (fo=1, routed)           0.000    23.774    datapath_uut/video_uut/inst_dvid/TDMS_encoder_green/dc_bias_reg[3]_1[0]
    SLICE_X163Y122       FDRE                                         r  datapath_uut/video_uut/inst_dvid/TDMS_encoder_green/dc_bias_reg[0]/D
  -------------------------------------------------------------------    -------------------

                         (clock clk_out1_clk_wiz_0 rise edge)
                                                     40.000    40.000 r  
    BUFGCTRL_X0Y2        BUFG                         0.000    40.000 r  clk_IBUF_BUFG_inst/O
                         net (fo=36, routed)          1.972    41.972    datapath_uut/video_uut/mmcm_adv_inst_display_clocks/inst/clk_in1
    MMCME2_ADV_X1Y0      MMCME2_ADV (Prop_mmcme2_adv_CLKIN1_CLKOUT0)
                                                     -4.637    37.335 r  datapath_uut/video_uut/mmcm_adv_inst_display_clocks/inst/mmcm_adv_inst/CLKOUT0
                         net (fo=1, routed)           2.574    39.909    datapath_uut/video_uut/mmcm_adv_inst_display_clocks/inst/clk_out1_clk_wiz_0
    BUFGCTRL_X0Y1        BUFG (Prop_bufg_I_O)         0.091    40.000 r  datapath_uut/video_uut/mmcm_adv_inst_display_clocks/inst/clkout1_buf/O
                         net (fo=271, routed)         1.699    41.699    datapath_uut/video_uut/inst_dvid/TDMS_encoder_green/clk_out1
    SLICE_X163Y122       FDRE                                         r  datapath_uut/video_uut/inst_dvid/TDMS_encoder_green/dc_bias_reg[0]/C
                         clock pessimism              0.075    41.774    
                         clock uncertainty           -0.095    41.680    
    SLICE_X163Y122       FDRE (Setup_fdre_C_D)        0.029    41.709    datapath_uut/video_uut/inst_dvid/TDMS_encoder_green/dc_bias_reg[0]
  -------------------------------------------------------------------
                         required time                         41.709    
                         arrival time                         -23.774    
  -------------------------------------------------------------------
                         slack                                 17.935    

Slack (MET) :             18.023ns  (required time - arrival time)
  Source:                 datapath_uut/video_uut/Inst_vga/vga_signal_generator_inst/horizontal_counter/processQ_reg[1]/C
                            (rising edge-triggered cell FDRE clocked by clk_out1_clk_wiz_0  {rise@0.000ns fall@20.000ns period=40.000ns})
  Destination:            datapath_uut/video_uut/inst_dvid/TDMS_encoder_green/encoded_reg[9]/D
                            (rising edge-triggered cell FDRE clocked by clk_out1_clk_wiz_0  {rise@0.000ns fall@20.000ns period=40.000ns})
  Path Group:             clk_out1_clk_wiz_0
  Path Type:              Setup (Max at Slow Process Corner)
  Requirement:            40.000ns  (clk_out1_clk_wiz_0 rise@40.000ns - clk_out1_clk_wiz_0 rise@0.000ns)
  Data Path Delay:        22.021ns  (logic 8.037ns (36.497%)  route 13.984ns (63.503%))
  Logic Levels:           24  (CARRY4=9 LUT1=2 LUT2=2 LUT3=2 LUT4=3 LUT5=2 LUT6=4)
  Clock Path Skew:        0.020ns (DCD - SCD + CPR)
    Destination Clock Delay (DCD):    1.696ns = ( 41.696 - 40.000 ) 
    Source Clock Delay      (SCD):    1.751ns
    Clock Pessimism Removal (CPR):    0.075ns
  Clock Uncertainty:      0.095ns  ((TSJ^2 + DJ^2)^1/2) / 2 + PE
    Total System Jitter     (TSJ):    0.071ns
    Discrete Jitter          (DJ):    0.175ns
    Phase Error              (PE):    0.000ns

    Location             Delay type                Incr(ns)  Path(ns)    Netlist Resource(s)
  -------------------------------------------------------------------    -------------------
                         (clock clk_out1_clk_wiz_0 rise edge)
                                                      0.000     0.000 r  
    BUFGCTRL_X0Y2        BUFG                         0.000     0.000 r  clk_IBUF_BUFG_inst/O
                         net (fo=36, routed)          2.106     2.106    datapath_uut/video_uut/mmcm_adv_inst_display_clocks/inst/clk_in1
    MMCME2_ADV_X1Y0      MMCME2_ADV (Prop_mmcme2_adv_CLKIN1_CLKOUT0)
                                                     -4.900    -2.793 r  datapath_uut/video_uut/mmcm_adv_inst_display_clocks/inst/mmcm_adv_inst/CLKOUT0
                         net (fo=1, routed)           2.697    -0.096    datapath_uut/video_uut/mmcm_adv_inst_display_clocks/inst/clk_out1_clk_wiz_0
    BUFGCTRL_X0Y1        BUFG (Prop_bufg_I_O)         0.096    -0.000 r  datapath_uut/video_uut/mmcm_adv_inst_display_clocks/inst/clkout1_buf/O
                         net (fo=271, routed)         1.751     1.751    datapath_uut/video_uut/Inst_vga/vga_signal_generator_inst/horizontal_counter/clk_out1
    SLICE_X146Y112       FDRE                                         r  datapath_uut/video_uut/Inst_vga/vga_signal_generator_inst/horizontal_counter/processQ_reg[1]/C
  -------------------------------------------------------------------    -------------------
    SLICE_X146Y112       FDRE (Prop_fdre_C_Q)         0.478     2.229 f  datapath_uut/video_uut/Inst_vga/vga_signal_generator_inst/horizontal_counter/processQ_reg[1]/Q
                         net (fo=16, routed)          0.633     2.862    datapath_uut/video_uut/Inst_vga/vga_signal_generator_inst/horizontal_counter/Q[1]
    SLICE_X149Y112       LUT1 (Prop_lut1_I0_O)        0.295     3.157 r  datapath_uut/video_uut/Inst_vga/vga_signal_generator_inst/horizontal_counter/encoded[5]_i_316/O
                         net (fo=1, routed)           0.000     3.157    datapath_uut/video_uut/Inst_vga/vga_signal_generator_inst/horizontal_counter/encoded[5]_i_316_n_0
    SLICE_X149Y112       CARRY4 (Prop_carry4_S[1]_O[2])
                                                      0.580     3.737 f  datapath_uut/video_uut/Inst_vga/vga_signal_generator_inst/horizontal_counter/encoded_reg[5]_i_269/O[2]
                         net (fo=1, routed)           0.600     4.337    datapath_uut/video_uut/Inst_vga/vga_signal_generator_inst/horizontal_counter/color_mapper_inst/multOp[2]
    SLICE_X144Y114       LUT1 (Prop_lut1_I0_O)        0.302     4.639 r  datapath_uut/video_uut/Inst_vga/vga_signal_generator_inst/horizontal_counter/dc_bias[0]_i_909/O
                         net (fo=1, routed)           0.000     4.639    datapath_uut/video_uut/Inst_vga/vga_signal_generator_inst/horizontal_counter/dc_bias[0]_i_909_n_0
    SLICE_X144Y114       CARRY4 (Prop_carry4_S[1]_O[3])
                                                      0.643     5.282 f  datapath_uut/video_uut/Inst_vga/vga_signal_generator_inst/horizontal_counter/dc_bias_reg[0]_i_636/O[3]
                         net (fo=22, routed)          0.586     5.868    datapath_uut/video_uut/Inst_vga/vga_signal_generator_inst/horizontal_counter/color_mapper_inst/L3[4]
    SLICE_X146Y115       LUT3 (Prop_lut3_I0_O)        0.302     6.170 r  datapath_uut/video_uut/Inst_vga/vga_signal_generator_inst/horizontal_counter/encoded[5]_i_264/O
                         net (fo=1, routed)           0.327     6.497    datapath_uut/video_uut/Inst_vga/vga_signal_generator_inst/horizontal_counter/encoded[5]_i_264_n_0
    SLICE_X145Y115       CARRY4 (Prop_carry4_CYINIT_CO[3])
                                                      0.811     7.308 r  datapath_uut/video_uut/Inst_vga/vga_signal_generator_inst/horizontal_counter/encoded_reg[5]_i_168/CO[3]
                         net (fo=1, routed)           0.000     7.308    datapath_uut/video_uut/Inst_vga/vga_signal_generator_inst/horizontal_counter/encoded_reg[5]_i_168_n_0
    SLICE_X145Y116       CARRY4 (Prop_carry4_CI_CO[3])
                                                      0.114     7.422 r  datapath_uut/video_uut/Inst_vga/vga_signal_generator_inst/horizontal_counter/dc_bias_reg[0]_i_472/CO[3]
                         net (fo=1, routed)           0.000     7.422    datapath_uut/video_uut/Inst_vga/vga_signal_generator_inst/horizontal_counter/dc_bias_reg[0]_i_472_n_0
    SLICE_X145Y117       CARRY4 (Prop_carry4_CI_CO[3])
                                                      0.114     7.536 r  datapath_uut/video_uut/Inst_vga/vga_signal_generator_inst/horizontal_counter/dc_bias_reg[0]_i_473/CO[3]
                         net (fo=1, routed)           0.000     7.536    datapath_uut/video_uut/Inst_vga/vga_signal_generator_inst/horizontal_counter/dc_bias_reg[0]_i_473_n_0
    SLICE_X145Y118       CARRY4 (Prop_carry4_CI_O[0])
                                                      0.222     7.758 r  datapath_uut/video_uut/Inst_vga/vga_signal_generator_inst/horizontal_counter/dc_bias_reg[0]_i_225/O[0]
                         net (fo=27, routed)          2.514    10.272    datapath_uut/video_uut/Inst_vga/vga_signal_generator_inst/horizontal_counter/color_mapper_inst/L1[13]
    SLICE_X159Y129       LUT2 (Prop_lut2_I0_O)        0.299    10.571 r  datapath_uut/video_uut/Inst_vga/vga_signal_generator_inst/horizontal_counter/encoded[5]_i_97/O
                         net (fo=1, routed)           0.000    10.571    datapath_uut/video_uut/Inst_vga/vga_signal_generator_inst/horizontal_counter/encoded[5]_i_97_n_0
    SLICE_X159Y129       CARRY4 (Prop_carry4_S[0]_CO[3])
                                                      0.532    11.103 r  datapath_uut/video_uut/Inst_vga/vga_signal_generator_inst/horizontal_counter/encoded_reg[5]_i_36/CO[3]
                         net (fo=1, routed)           0.000    11.103    datapath_uut/video_uut/Inst_vga/vga_signal_generator_inst/horizontal_counter/encoded_reg[5]_i_36_n_0
    SLICE_X159Y130       CARRY4 (Prop_carry4_CI_O[1])
                                                      0.334    11.437 f  datapath_uut/video_uut/Inst_vga/vga_signal_generator_inst/horizontal_counter/encoded_reg[5]_i_34/O[1]
                         net (fo=3, routed)           0.589    12.026    datapath_uut/video_uut/Inst_vga/vga_signal_generator_inst/horizontal_counter/encoded_reg[5]_i_34_n_6
    SLICE_X160Y130       LUT2 (Prop_lut2_I0_O)        0.303    12.329 r  datapath_uut/video_uut/Inst_vga/vga_signal_generator_inst/horizontal_counter/dc_bias[0]_i_308/O
                         net (fo=1, routed)           0.000    12.329    datapath_uut/video_uut/Inst_vga/vga_signal_generator_inst/horizontal_counter/dc_bias[0]_i_308_n_0
    SLICE_X160Y130       CARRY4 (Prop_carry4_S[1]_CO[2])
                                                      0.570    12.899 r  datapath_uut/video_uut/Inst_vga/vga_signal_generator_inst/horizontal_counter/dc_bias_reg[0]_i_126/CO[2]
                         net (fo=1, routed)           1.271    14.170    datapath_uut/video_uut/Inst_vga/vga_signal_generator_inst/horizontal_counter/color_mapper_inst/row_41
    SLICE_X146Y130       LUT6 (Prop_lut6_I1_O)        0.313    14.483 r  datapath_uut/video_uut/Inst_vga/vga_signal_generator_inst/horizontal_counter/dc_bias[0]_i_36/O
                         net (fo=5, routed)           1.049    15.532    datapath_uut/video_uut/Inst_vga/vga_signal_generator_inst/horizontal_counter/dc_bias[0]_i_36_n_0
    SLICE_X151Y123       LUT5 (Prop_lut5_I2_O)        0.150    15.682 f  datapath_uut/video_uut/Inst_vga/vga_signal_generator_inst/horizontal_counter/encoded[7]_i_19/O
                         net (fo=2, routed)           0.799    16.481    datapath_uut/video_uut/Inst_vga/vga_signal_generator_inst/horizontal_counter/encoded[7]_i_19_n_0
    SLICE_X154Y117       LUT6 (Prop_lut6_I1_O)        0.326    16.807 r  datapath_uut/video_uut/Inst_vga/vga_signal_generator_inst/horizontal_counter/encoded[7]_i_16__0/O
                         net (fo=1, routed)           0.466    17.273    datapath_uut/video_uut/Inst_vga/vga_signal_generator_inst/horizontal_counter/encoded[7]_i_16__0_n_0
    SLICE_X154Y117       LUT6 (Prop_lut6_I4_O)        0.124    17.397 r  datapath_uut/video_uut/Inst_vga/vga_signal_generator_inst/horizontal_counter/encoded[7]_i_7/O
                         net (fo=7, routed)           0.686    18.083    datapath_uut/video_uut/Inst_vga/vga_signal_generator_inst/horizontal_counter/pixel[color][11]
    SLICE_X155Y117       LUT3 (Prop_lut3_I1_O)        0.119    18.202 r  datapath_uut/video_uut/Inst_vga/vga_signal_generator_inst/horizontal_counter/dc_bias[0]_i_16__1/O
                         net (fo=1, routed)           0.408    18.610    datapath_uut/video_uut/Inst_vga/vga_signal_generator_inst/horizontal_counter/dc_bias[0]_i_16__1_n_0
    SLICE_X155Y116       LUT5 (Prop_lut5_I2_O)        0.332    18.942 r  datapath_uut/video_uut/Inst_vga/vga_signal_generator_inst/horizontal_counter/dc_bias[0]_i_4__0/O
                         net (fo=36, routed)          1.645    20.588    datapath_uut/video_uut/Inst_vga/vga_signal_generator_inst/horizontal_counter/rgb_reg_1
    SLICE_X162Y122       LUT4 (Prop_lut4_I3_O)        0.152    20.740 r  datapath_uut/video_uut/Inst_vga/vga_signal_generator_inst/horizontal_counter/dc_bias[3]_i_22__1/O
                         net (fo=2, routed)           0.873    21.613    datapath_uut/video_uut/Inst_vga/vga_signal_generator_inst/horizontal_counter/dc_bias[3]_i_22__1_n_0
    SLICE_X162Y122       LUT6 (Prop_lut6_I2_O)        0.348    21.961 f  datapath_uut/video_uut/Inst_vga/vga_signal_generator_inst/horizontal_counter/dc_bias[3]_i_17/O
                         net (fo=7, routed)           0.804    22.766    datapath_uut/video_uut/Inst_vga/vga_signal_generator_inst/horizontal_counter/rgb_reg_13
    SLICE_X160Y124       LUT4 (Prop_lut4_I1_O)        0.124    22.890 r  datapath_uut/video_uut/Inst_vga/vga_signal_generator_inst/horizontal_counter/dc_bias[3]_i_6__0/O
                         net (fo=13, routed)          0.733    23.622    datapath_uut/video_uut/inst_dvid/TDMS_encoder_green/encoded_reg[9]_1
    SLICE_X162Y125       LUT4 (Prop_lut4_I2_O)        0.150    23.772 r  datapath_uut/video_uut/inst_dvid/TDMS_encoder_green/encoded[9]_i_1/O
                         net (fo=1, routed)           0.000    23.772    datapath_uut/video_uut/inst_dvid/TDMS_encoder_green/encoded[9]_i_1_n_0
    SLICE_X162Y125       FDRE                                         r  datapath_uut/video_uut/inst_dvid/TDMS_encoder_green/encoded_reg[9]/D
  -------------------------------------------------------------------    -------------------

                         (clock clk_out1_clk_wiz_0 rise edge)
                                                     40.000    40.000 r  
    BUFGCTRL_X0Y2        BUFG                         0.000    40.000 r  clk_IBUF_BUFG_inst/O
                         net (fo=36, routed)          1.972    41.972    datapath_uut/video_uut/mmcm_adv_inst_display_clocks/inst/clk_in1
    MMCME2_ADV_X1Y0      MMCME2_ADV (Prop_mmcme2_adv_CLKIN1_CLKOUT0)
                                                     -4.637    37.335 r  datapath_uut/video_uut/mmcm_adv_inst_display_clocks/inst/mmcm_adv_inst/CLKOUT0
                         net (fo=1, routed)           2.574    39.909    datapath_uut/video_uut/mmcm_adv_inst_display_clocks/inst/clk_out1_clk_wiz_0
    BUFGCTRL_X0Y1        BUFG (Prop_bufg_I_O)         0.091    40.000 r  datapath_uut/video_uut/mmcm_adv_inst_display_clocks/inst/clkout1_buf/O
                         net (fo=271, routed)         1.696    41.696    datapath_uut/video_uut/inst_dvid/TDMS_encoder_green/clk_out1
    SLICE_X162Y125       FDRE                                         r  datapath_uut/video_uut/inst_dvid/TDMS_encoder_green/encoded_reg[9]/C
                         clock pessimism              0.075    41.771    
                         clock uncertainty           -0.095    41.677    
    SLICE_X162Y125       FDRE (Setup_fdre_C_D)        0.118    41.795    datapath_uut/video_uut/inst_dvid/TDMS_encoder_green/encoded_reg[9]
  -------------------------------------------------------------------
                         required time                         41.795    
                         arrival time                         -23.772    
  -------------------------------------------------------------------
                         slack                                 18.023    

Slack (MET) :             18.131ns  (required time - arrival time)
  Source:                 datapath_uut/video_uut/Inst_vga/vga_signal_generator_inst/horizontal_counter/processQ_reg[1]/C
                            (rising edge-triggered cell FDRE clocked by clk_out1_clk_wiz_0  {rise@0.000ns fall@20.000ns period=40.000ns})
  Destination:            datapath_uut/video_uut/inst_dvid/TDMS_encoder_red/dc_bias_reg[3]/D
                            (rising edge-triggered cell FDRE clocked by clk_out1_clk_wiz_0  {rise@0.000ns fall@20.000ns period=40.000ns})
  Path Group:             clk_out1_clk_wiz_0
  Path Type:              Setup (Max at Slow Process Corner)
  Requirement:            40.000ns  (clk_out1_clk_wiz_0 rise@40.000ns - clk_out1_clk_wiz_0 rise@0.000ns)
  Data Path Delay:        21.867ns  (logic 7.932ns (36.274%)  route 13.935ns (63.726%))
  Logic Levels:           25  (CARRY4=9 LUT1=2 LUT2=3 LUT3=3 LUT4=1 LUT5=1 LUT6=5 MUXF7=1)
  Clock Path Skew:        0.029ns (DCD - SCD + CPR)
    Destination Clock Delay (DCD):    1.705ns = ( 41.705 - 40.000 ) 
    Source Clock Delay      (SCD):    1.751ns
    Clock Pessimism Removal (CPR):    0.075ns
  Clock Uncertainty:      0.095ns  ((TSJ^2 + DJ^2)^1/2) / 2 + PE
    Total System Jitter     (TSJ):    0.071ns
    Discrete Jitter          (DJ):    0.175ns
    Phase Error              (PE):    0.000ns

    Location             Delay type                Incr(ns)  Path(ns)    Netlist Resource(s)
  -------------------------------------------------------------------    -------------------
                         (clock clk_out1_clk_wiz_0 rise edge)
                                                      0.000     0.000 r  
    BUFGCTRL_X0Y2        BUFG                         0.000     0.000 r  clk_IBUF_BUFG_inst/O
                         net (fo=36, routed)          2.106     2.106    datapath_uut/video_uut/mmcm_adv_inst_display_clocks/inst/clk_in1
    MMCME2_ADV_X1Y0      MMCME2_ADV (Prop_mmcme2_adv_CLKIN1_CLKOUT0)
                                                     -4.900    -2.793 r  datapath_uut/video_uut/mmcm_adv_inst_display_clocks/inst/mmcm_adv_inst/CLKOUT0
                         net (fo=1, routed)           2.697    -0.096    datapath_uut/video_uut/mmcm_adv_inst_display_clocks/inst/clk_out1_clk_wiz_0
    BUFGCTRL_X0Y1        BUFG (Prop_bufg_I_O)         0.096    -0.000 r  datapath_uut/video_uut/mmcm_adv_inst_display_clocks/inst/clkout1_buf/O
                         net (fo=271, routed)         1.751     1.751    datapath_uut/video_uut/Inst_vga/vga_signal_generator_inst/horizontal_counter/clk_out1
    SLICE_X146Y112       FDRE                                         r  datapath_uut/video_uut/Inst_vga/vga_signal_generator_inst/horizontal_counter/processQ_reg[1]/C
  -------------------------------------------------------------------    -------------------
    SLICE_X146Y112       FDRE (Prop_fdre_C_Q)         0.478     2.229 f  datapath_uut/video_uut/Inst_vga/vga_signal_generator_inst/horizontal_counter/processQ_reg[1]/Q
                         net (fo=16, routed)          0.633     2.862    datapath_uut/video_uut/Inst_vga/vga_signal_generator_inst/horizontal_counter/Q[1]
    SLICE_X149Y112       LUT1 (Prop_lut1_I0_O)        0.295     3.157 r  datapath_uut/video_uut/Inst_vga/vga_signal_generator_inst/horizontal_counter/encoded[5]_i_316/O
                         net (fo=1, routed)           0.000     3.157    datapath_uut/video_uut/Inst_vga/vga_signal_generator_inst/horizontal_counter/encoded[5]_i_316_n_0
    SLICE_X149Y112       CARRY4 (Prop_carry4_S[1]_O[2])
                                                      0.580     3.737 f  datapath_uut/video_uut/Inst_vga/vga_signal_generator_inst/horizontal_counter/encoded_reg[5]_i_269/O[2]
                         net (fo=1, routed)           0.600     4.337    datapath_uut/video_uut/Inst_vga/vga_signal_generator_inst/horizontal_counter/color_mapper_inst/multOp[2]
    SLICE_X144Y114       LUT1 (Prop_lut1_I0_O)        0.302     4.639 r  datapath_uut/video_uut/Inst_vga/vga_signal_generator_inst/horizontal_counter/dc_bias[0]_i_909/O
                         net (fo=1, routed)           0.000     4.639    datapath_uut/video_uut/Inst_vga/vga_signal_generator_inst/horizontal_counter/dc_bias[0]_i_909_n_0
    SLICE_X144Y114       CARRY4 (Prop_carry4_S[1]_O[3])
                                                      0.643     5.282 f  datapath_uut/video_uut/Inst_vga/vga_signal_generator_inst/horizontal_counter/dc_bias_reg[0]_i_636/O[3]
                         net (fo=22, routed)          0.586     5.868    datapath_uut/video_uut/Inst_vga/vga_signal_generator_inst/horizontal_counter/color_mapper_inst/L3[4]
    SLICE_X146Y115       LUT3 (Prop_lut3_I0_O)        0.302     6.170 r  datapath_uut/video_uut/Inst_vga/vga_signal_generator_inst/horizontal_counter/encoded[5]_i_264/O
                         net (fo=1, routed)           0.327     6.497    datapath_uut/video_uut/Inst_vga/vga_signal_generator_inst/horizontal_counter/encoded[5]_i_264_n_0
    SLICE_X145Y115       CARRY4 (Prop_carry4_CYINIT_CO[3])
                                                      0.811     7.308 r  datapath_uut/video_uut/Inst_vga/vga_signal_generator_inst/horizontal_counter/encoded_reg[5]_i_168/CO[3]
                         net (fo=1, routed)           0.000     7.308    datapath_uut/video_uut/Inst_vga/vga_signal_generator_inst/horizontal_counter/encoded_reg[5]_i_168_n_0
    SLICE_X145Y116       CARRY4 (Prop_carry4_CI_CO[3])
                                                      0.114     7.422 r  datapath_uut/video_uut/Inst_vga/vga_signal_generator_inst/horizontal_counter/dc_bias_reg[0]_i_472/CO[3]
                         net (fo=1, routed)           0.000     7.422    datapath_uut/video_uut/Inst_vga/vga_signal_generator_inst/horizontal_counter/dc_bias_reg[0]_i_472_n_0
    SLICE_X145Y117       CARRY4 (Prop_carry4_CI_CO[3])
                                                      0.114     7.536 r  datapath_uut/video_uut/Inst_vga/vga_signal_generator_inst/horizontal_counter/dc_bias_reg[0]_i_473/CO[3]
                         net (fo=1, routed)           0.000     7.536    datapath_uut/video_uut/Inst_vga/vga_signal_generator_inst/horizontal_counter/dc_bias_reg[0]_i_473_n_0
    SLICE_X145Y118       CARRY4 (Prop_carry4_CI_O[0])
                                                      0.222     7.758 r  datapath_uut/video_uut/Inst_vga/vga_signal_generator_inst/horizontal_counter/dc_bias_reg[0]_i_225/O[0]
                         net (fo=27, routed)          2.514    10.272    datapath_uut/video_uut/Inst_vga/vga_signal_generator_inst/horizontal_counter/color_mapper_inst/L1[13]
    SLICE_X159Y129       LUT2 (Prop_lut2_I0_O)        0.299    10.571 r  datapath_uut/video_uut/Inst_vga/vga_signal_generator_inst/horizontal_counter/encoded[5]_i_97/O
                         net (fo=1, routed)           0.000    10.571    datapath_uut/video_uut/Inst_vga/vga_signal_generator_inst/horizontal_counter/encoded[5]_i_97_n_0
    SLICE_X159Y129       CARRY4 (Prop_carry4_S[0]_CO[3])
                                                      0.532    11.103 r  datapath_uut/video_uut/Inst_vga/vga_signal_generator_inst/horizontal_counter/encoded_reg[5]_i_36/CO[3]
                         net (fo=1, routed)           0.000    11.103    datapath_uut/video_uut/Inst_vga/vga_signal_generator_inst/horizontal_counter/encoded_reg[5]_i_36_n_0
    SLICE_X159Y130       CARRY4 (Prop_carry4_CI_O[1])
                                                      0.334    11.437 f  datapath_uut/video_uut/Inst_vga/vga_signal_generator_inst/horizontal_counter/encoded_reg[5]_i_34/O[1]
                         net (fo=3, routed)           0.589    12.026    datapath_uut/video_uut/Inst_vga/vga_signal_generator_inst/horizontal_counter/encoded_reg[5]_i_34_n_6
    SLICE_X160Y130       LUT2 (Prop_lut2_I0_O)        0.303    12.329 r  datapath_uut/video_uut/Inst_vga/vga_signal_generator_inst/horizontal_counter/dc_bias[0]_i_308/O
                         net (fo=1, routed)           0.000    12.329    datapath_uut/video_uut/Inst_vga/vga_signal_generator_inst/horizontal_counter/dc_bias[0]_i_308_n_0
    SLICE_X160Y130       CARRY4 (Prop_carry4_S[1]_CO[2])
                                                      0.570    12.899 r  datapath_uut/video_uut/Inst_vga/vga_signal_generator_inst/horizontal_counter/dc_bias_reg[0]_i_126/CO[2]
                         net (fo=1, routed)           1.271    14.170    datapath_uut/video_uut/Inst_vga/vga_signal_generator_inst/horizontal_counter/color_mapper_inst/row_41
    SLICE_X146Y130       LUT6 (Prop_lut6_I1_O)        0.313    14.483 r  datapath_uut/video_uut/Inst_vga/vga_signal_generator_inst/horizontal_counter/dc_bias[0]_i_36/O
                         net (fo=5, routed)           1.049    15.532    datapath_uut/video_uut/Inst_vga/vga_signal_generator_inst/horizontal_counter/dc_bias[0]_i_36_n_0
    SLICE_X151Y123       LUT3 (Prop_lut3_I2_O)        0.124    15.656 r  datapath_uut/video_uut/Inst_vga/vga_signal_generator_inst/horizontal_counter/encoded[3]_i_12/O
                         net (fo=1, routed)           0.403    16.060    datapath_uut/video_uut/Inst_vga/vga_signal_generator_inst/horizontal_counter/encoded[3]_i_12_n_0
    SLICE_X151Y123       LUT6 (Prop_lut6_I4_O)        0.124    16.184 f  datapath_uut/video_uut/Inst_vga/vga_signal_generator_inst/horizontal_counter/encoded[3]_i_6/O
                         net (fo=1, routed)           0.660    16.843    datapath_uut/video_uut/Inst_vga/color_mapper_inst/chicken_color/encoded_reg[3]_0
    SLICE_X152Y117       LUT6 (Prop_lut6_I2_O)        0.124    16.967 r  datapath_uut/video_uut/Inst_vga/color_mapper_inst/chicken_color/encoded[3]_i_2/O
                         net (fo=9, routed)           0.691    17.658    datapath_uut/video_uut/Inst_vga/color_mapper_inst/chicken_color/pixel[color][19]
    SLICE_X158Y117       LUT4 (Prop_lut4_I1_O)        0.116    17.774 r  datapath_uut/video_uut/Inst_vga/color_mapper_inst/chicken_color/encoded[6]_i_4/O
                         net (fo=1, routed)           1.012    18.786    datapath_uut/video_uut/Inst_vga/color_mapper_inst/chicken_color/encoded[6]_i_4_n_0
    SLICE_X158Y116       LUT5 (Prop_lut5_I0_O)        0.328    19.114 r  datapath_uut/video_uut/Inst_vga/color_mapper_inst/chicken_color/encoded[6]_i_2/O
                         net (fo=36, routed)          1.023    20.137    datapath_uut/video_uut/Inst_vga/vga_signal_generator_inst/horizontal_counter/dc_bias_reg[0]_2
    SLICE_X162Y115       LUT3 (Prop_lut3_I2_O)        0.124    20.261 r  datapath_uut/video_uut/Inst_vga/vga_signal_generator_inst/horizontal_counter/dc_bias[3]_i_19__0/O
                         net (fo=3, routed)           0.975    21.237    datapath_uut/video_uut/Inst_vga/color_mapper_inst/chicken_color/dc_bias[2]_i_2__1_0
    SLICE_X160Y117       LUT6 (Prop_lut6_I2_O)        0.124    21.361 r  datapath_uut/video_uut/Inst_vga/color_mapper_inst/chicken_color/dc_bias[3]_i_5__1/O
                         net (fo=8, routed)           0.633    21.994    datapath_uut/video_uut/Inst_vga/color_mapper_inst/chicken_color/rgb_reg_12
    SLICE_X161Y116       LUT2 (Prop_lut2_I0_O)        0.118    22.112 r  datapath_uut/video_uut/Inst_vga/color_mapper_inst/chicken_color/dc_bias[3]_i_9__1/O
                         net (fo=2, routed)           0.969    23.081    datapath_uut/video_uut/Inst_vga/color_mapper_inst/chicken_color/dc_bias[3]_i_9__1_n_0
    SLICE_X161Y117       LUT6 (Prop_lut6_I0_O)        0.326    23.407 r  datapath_uut/video_uut/Inst_vga/color_mapper_inst/chicken_color/dc_bias[3]_i_3__1/O
                         net (fo=1, routed)           0.000    23.407    datapath_uut/video_uut/Inst_vga/color_mapper_inst/chicken_color/dc_bias[3]_i_3__1_n_0
    SLICE_X161Y117       MUXF7 (Prop_muxf7_I0_O)      0.212    23.619 r  datapath_uut/video_uut/Inst_vga/color_mapper_inst/chicken_color/dc_bias_reg[3]_i_1/O
                         net (fo=1, routed)           0.000    23.619    datapath_uut/video_uut/inst_dvid/TDMS_encoder_red/D[3]
    SLICE_X161Y117       FDRE                                         r  datapath_uut/video_uut/inst_dvid/TDMS_encoder_red/dc_bias_reg[3]/D
  -------------------------------------------------------------------    -------------------

                         (clock clk_out1_clk_wiz_0 rise edge)
                                                     40.000    40.000 r  
    BUFGCTRL_X0Y2        BUFG                         0.000    40.000 r  clk_IBUF_BUFG_inst/O
                         net (fo=36, routed)          1.972    41.972    datapath_uut/video_uut/mmcm_adv_inst_display_clocks/inst/clk_in1
    MMCME2_ADV_X1Y0      MMCME2_ADV (Prop_mmcme2_adv_CLKIN1_CLKOUT0)
                                                     -4.637    37.335 r  datapath_uut/video_uut/mmcm_adv_inst_display_clocks/inst/mmcm_adv_inst/CLKOUT0
                         net (fo=1, routed)           2.574    39.909    datapath_uut/video_uut/mmcm_adv_inst_display_clocks/inst/clk_out1_clk_wiz_0
    BUFGCTRL_X0Y1        BUFG (Prop_bufg_I_O)         0.091    40.000 r  datapath_uut/video_uut/mmcm_adv_inst_display_clocks/inst/clkout1_buf/O
                         net (fo=271, routed)         1.705    41.705    datapath_uut/video_uut/inst_dvid/TDMS_encoder_red/clk_out1
    SLICE_X161Y117       FDRE                                         r  datapath_uut/video_uut/inst_dvid/TDMS_encoder_red/dc_bias_reg[3]/C
                         clock pessimism              0.075    41.780    
                         clock uncertainty           -0.095    41.686    
    SLICE_X161Y117       FDRE (Setup_fdre_C_D)        0.064    41.750    datapath_uut/video_uut/inst_dvid/TDMS_encoder_red/dc_bias_reg[3]
  -------------------------------------------------------------------
                         required time                         41.750    
                         arrival time                         -23.619    
  -------------------------------------------------------------------
                         slack                                 18.131    

Slack (MET) :             18.142ns  (required time - arrival time)
  Source:                 datapath_uut/video_uut/Inst_vga/vga_signal_generator_inst/horizontal_counter/processQ_reg[1]/C
                            (rising edge-triggered cell FDRE clocked by clk_out1_clk_wiz_0  {rise@0.000ns fall@20.000ns period=40.000ns})
  Destination:            datapath_uut/video_uut/inst_dvid/TDMS_encoder_green/encoded_reg[5]/D
                            (rising edge-triggered cell FDRE clocked by clk_out1_clk_wiz_0  {rise@0.000ns fall@20.000ns period=40.000ns})
  Path Group:             clk_out1_clk_wiz_0
  Path Type:              Setup (Max at Slow Process Corner)
  Requirement:            40.000ns  (clk_out1_clk_wiz_0 rise@40.000ns - clk_out1_clk_wiz_0 rise@0.000ns)
  Data Path Delay:        21.814ns  (logic 8.011ns (36.723%)  route 13.803ns (63.276%))
  Logic Levels:           24  (CARRY4=9 LUT1=2 LUT2=2 LUT3=2 LUT4=2 LUT5=3 LUT6=4)
  Clock Path Skew:        0.020ns (DCD - SCD + CPR)
    Destination Clock Delay (DCD):    1.696ns = ( 41.696 - 40.000 ) 
    Source Clock Delay      (SCD):    1.751ns
    Clock Pessimism Removal (CPR):    0.075ns
  Clock Uncertainty:      0.095ns  ((TSJ^2 + DJ^2)^1/2) / 2 + PE
    Total System Jitter     (TSJ):    0.071ns
    Discrete Jitter          (DJ):    0.175ns
    Phase Error              (PE):    0.000ns

    Location             Delay type                Incr(ns)  Path(ns)    Netlist Resource(s)
  -------------------------------------------------------------------    -------------------
                         (clock clk_out1_clk_wiz_0 rise edge)
                                                      0.000     0.000 r  
    BUFGCTRL_X0Y2        BUFG                         0.000     0.000 r  clk_IBUF_BUFG_inst/O
                         net (fo=36, routed)          2.106     2.106    datapath_uut/video_uut/mmcm_adv_inst_display_clocks/inst/clk_in1
    MMCME2_ADV_X1Y0      MMCME2_ADV (Prop_mmcme2_adv_CLKIN1_CLKOUT0)
                                                     -4.900    -2.793 r  datapath_uut/video_uut/mmcm_adv_inst_display_clocks/inst/mmcm_adv_inst/CLKOUT0
                         net (fo=1, routed)           2.697    -0.096    datapath_uut/video_uut/mmcm_adv_inst_display_clocks/inst/clk_out1_clk_wiz_0
    BUFGCTRL_X0Y1        BUFG (Prop_bufg_I_O)         0.096    -0.000 r  datapath_uut/video_uut/mmcm_adv_inst_display_clocks/inst/clkout1_buf/O
                         net (fo=271, routed)         1.751     1.751    datapath_uut/video_uut/Inst_vga/vga_signal_generator_inst/horizontal_counter/clk_out1
    SLICE_X146Y112       FDRE                                         r  datapath_uut/video_uut/Inst_vga/vga_signal_generator_inst/horizontal_counter/processQ_reg[1]/C
  -------------------------------------------------------------------    -------------------
    SLICE_X146Y112       FDRE (Prop_fdre_C_Q)         0.478     2.229 f  datapath_uut/video_uut/Inst_vga/vga_signal_generator_inst/horizontal_counter/processQ_reg[1]/Q
                         net (fo=16, routed)          0.633     2.862    datapath_uut/video_uut/Inst_vga/vga_signal_generator_inst/horizontal_counter/Q[1]
    SLICE_X149Y112       LUT1 (Prop_lut1_I0_O)        0.295     3.157 r  datapath_uut/video_uut/Inst_vga/vga_signal_generator_inst/horizontal_counter/encoded[5]_i_316/O
                         net (fo=1, routed)           0.000     3.157    datapath_uut/video_uut/Inst_vga/vga_signal_generator_inst/horizontal_counter/encoded[5]_i_316_n_0
    SLICE_X149Y112       CARRY4 (Prop_carry4_S[1]_O[2])
                                                      0.580     3.737 f  datapath_uut/video_uut/Inst_vga/vga_signal_generator_inst/horizontal_counter/encoded_reg[5]_i_269/O[2]
                         net (fo=1, routed)           0.600     4.337    datapath_uut/video_uut/Inst_vga/vga_signal_generator_inst/horizontal_counter/color_mapper_inst/multOp[2]
    SLICE_X144Y114       LUT1 (Prop_lut1_I0_O)        0.302     4.639 r  datapath_uut/video_uut/Inst_vga/vga_signal_generator_inst/horizontal_counter/dc_bias[0]_i_909/O
                         net (fo=1, routed)           0.000     4.639    datapath_uut/video_uut/Inst_vga/vga_signal_generator_inst/horizontal_counter/dc_bias[0]_i_909_n_0
    SLICE_X144Y114       CARRY4 (Prop_carry4_S[1]_O[3])
                                                      0.643     5.282 f  datapath_uut/video_uut/Inst_vga/vga_signal_generator_inst/horizontal_counter/dc_bias_reg[0]_i_636/O[3]
                         net (fo=22, routed)          0.586     5.868    datapath_uut/video_uut/Inst_vga/vga_signal_generator_inst/horizontal_counter/color_mapper_inst/L3[4]
    SLICE_X146Y115       LUT3 (Prop_lut3_I0_O)        0.302     6.170 r  datapath_uut/video_uut/Inst_vga/vga_signal_generator_inst/horizontal_counter/encoded[5]_i_264/O
                         net (fo=1, routed)           0.327     6.497    datapath_uut/video_uut/Inst_vga/vga_signal_generator_inst/horizontal_counter/encoded[5]_i_264_n_0
    SLICE_X145Y115       CARRY4 (Prop_carry4_CYINIT_CO[3])
                                                      0.811     7.308 r  datapath_uut/video_uut/Inst_vga/vga_signal_generator_inst/horizontal_counter/encoded_reg[5]_i_168/CO[3]
                         net (fo=1, routed)           0.000     7.308    datapath_uut/video_uut/Inst_vga/vga_signal_generator_inst/horizontal_counter/encoded_reg[5]_i_168_n_0
    SLICE_X145Y116       CARRY4 (Prop_carry4_CI_CO[3])
                                                      0.114     7.422 r  datapath_uut/video_uut/Inst_vga/vga_signal_generator_inst/horizontal_counter/dc_bias_reg[0]_i_472/CO[3]
                         net (fo=1, routed)           0.000     7.422    datapath_uut/video_uut/Inst_vga/vga_signal_generator_inst/horizontal_counter/dc_bias_reg[0]_i_472_n_0
    SLICE_X145Y117       CARRY4 (Prop_carry4_CI_CO[3])
                                                      0.114     7.536 r  datapath_uut/video_uut/Inst_vga/vga_signal_generator_inst/horizontal_counter/dc_bias_reg[0]_i_473/CO[3]
                         net (fo=1, routed)           0.000     7.536    datapath_uut/video_uut/Inst_vga/vga_signal_generator_inst/horizontal_counter/dc_bias_reg[0]_i_473_n_0
    SLICE_X145Y118       CARRY4 (Prop_carry4_CI_O[0])
                                                      0.222     7.758 r  datapath_uut/video_uut/Inst_vga/vga_signal_generator_inst/horizontal_counter/dc_bias_reg[0]_i_225/O[0]
                         net (fo=27, routed)          2.514    10.272    datapath_uut/video_uut/Inst_vga/vga_signal_generator_inst/horizontal_counter/color_mapper_inst/L1[13]
    SLICE_X159Y129       LUT2 (Prop_lut2_I0_O)        0.299    10.571 r  datapath_uut/video_uut/Inst_vga/vga_signal_generator_inst/horizontal_counter/encoded[5]_i_97/O
                         net (fo=1, routed)           0.000    10.571    datapath_uut/video_uut/Inst_vga/vga_signal_generator_inst/horizontal_counter/encoded[5]_i_97_n_0
    SLICE_X159Y129       CARRY4 (Prop_carry4_S[0]_CO[3])
                                                      0.532    11.103 r  datapath_uut/video_uut/Inst_vga/vga_signal_generator_inst/horizontal_counter/encoded_reg[5]_i_36/CO[3]
                         net (fo=1, routed)           0.000    11.103    datapath_uut/video_uut/Inst_vga/vga_signal_generator_inst/horizontal_counter/encoded_reg[5]_i_36_n_0
    SLICE_X159Y130       CARRY4 (Prop_carry4_CI_O[1])
                                                      0.334    11.437 f  datapath_uut/video_uut/Inst_vga/vga_signal_generator_inst/horizontal_counter/encoded_reg[5]_i_34/O[1]
                         net (fo=3, routed)           0.589    12.026    datapath_uut/video_uut/Inst_vga/vga_signal_generator_inst/horizontal_counter/encoded_reg[5]_i_34_n_6
    SLICE_X160Y130       LUT2 (Prop_lut2_I0_O)        0.303    12.329 r  datapath_uut/video_uut/Inst_vga/vga_signal_generator_inst/horizontal_counter/dc_bias[0]_i_308/O
                         net (fo=1, routed)           0.000    12.329    datapath_uut/video_uut/Inst_vga/vga_signal_generator_inst/horizontal_counter/dc_bias[0]_i_308_n_0
    SLICE_X160Y130       CARRY4 (Prop_carry4_S[1]_CO[2])
                                                      0.570    12.899 r  datapath_uut/video_uut/Inst_vga/vga_signal_generator_inst/horizontal_counter/dc_bias_reg[0]_i_126/CO[2]
                         net (fo=1, routed)           1.271    14.170    datapath_uut/video_uut/Inst_vga/vga_signal_generator_inst/horizontal_counter/color_mapper_inst/row_41
    SLICE_X146Y130       LUT6 (Prop_lut6_I1_O)        0.313    14.483 r  datapath_uut/video_uut/Inst_vga/vga_signal_generator_inst/horizontal_counter/dc_bias[0]_i_36/O
                         net (fo=5, routed)           1.049    15.532    datapath_uut/video_uut/Inst_vga/vga_signal_generator_inst/horizontal_counter/dc_bias[0]_i_36_n_0
    SLICE_X151Y123       LUT5 (Prop_lut5_I2_O)        0.150    15.682 f  datapath_uut/video_uut/Inst_vga/vga_signal_generator_inst/horizontal_counter/encoded[7]_i_19/O
                         net (fo=2, routed)           0.799    16.481    datapath_uut/video_uut/Inst_vga/vga_signal_generator_inst/horizontal_counter/encoded[7]_i_19_n_0
    SLICE_X154Y117       LUT6 (Prop_lut6_I1_O)        0.326    16.807 r  datapath_uut/video_uut/Inst_vga/vga_signal_generator_inst/horizontal_counter/encoded[7]_i_16__0/O
                         net (fo=1, routed)           0.466    17.273    datapath_uut/video_uut/Inst_vga/vga_signal_generator_inst/horizontal_counter/encoded[7]_i_16__0_n_0
    SLICE_X154Y117       LUT6 (Prop_lut6_I4_O)        0.124    17.397 r  datapath_uut/video_uut/Inst_vga/vga_signal_generator_inst/horizontal_counter/encoded[7]_i_7/O
                         net (fo=7, routed)           0.686    18.083    datapath_uut/video_uut/Inst_vga/vga_signal_generator_inst/horizontal_counter/pixel[color][11]
    SLICE_X155Y117       LUT3 (Prop_lut3_I1_O)        0.119    18.202 r  datapath_uut/video_uut/Inst_vga/vga_signal_generator_inst/horizontal_counter/dc_bias[0]_i_16__1/O
                         net (fo=1, routed)           0.408    18.610    datapath_uut/video_uut/Inst_vga/vga_signal_generator_inst/horizontal_counter/dc_bias[0]_i_16__1_n_0
    SLICE_X155Y116       LUT5 (Prop_lut5_I2_O)        0.332    18.942 r  datapath_uut/video_uut/Inst_vga/vga_signal_generator_inst/horizontal_counter/dc_bias[0]_i_4__0/O
                         net (fo=36, routed)          1.645    20.588    datapath_uut/video_uut/Inst_vga/vga_signal_generator_inst/horizontal_counter/rgb_reg_1
    SLICE_X162Y122       LUT4 (Prop_lut4_I3_O)        0.152    20.740 r  datapath_uut/video_uut/Inst_vga/vga_signal_generator_inst/horizontal_counter/dc_bias[3]_i_22__1/O
                         net (fo=2, routed)           0.873    21.613    datapath_uut/video_uut/Inst_vga/vga_signal_generator_inst/horizontal_counter/dc_bias[3]_i_22__1_n_0
    SLICE_X162Y122       LUT6 (Prop_lut6_I2_O)        0.348    21.961 f  datapath_uut/video_uut/Inst_vga/vga_signal_generator_inst/horizontal_counter/dc_bias[3]_i_17/O
                         net (fo=7, routed)           0.804    22.766    datapath_uut/video_uut/Inst_vga/vga_signal_generator_inst/horizontal_counter/rgb_reg_13
    SLICE_X160Y124       LUT4 (Prop_lut4_I1_O)        0.124    22.890 r  datapath_uut/video_uut/Inst_vga/vga_signal_generator_inst/horizontal_counter/dc_bias[3]_i_6__0/O
                         net (fo=13, routed)          0.552    23.442    datapath_uut/video_uut/Inst_vga/vga_signal_generator_inst/horizontal_counter/dc_bias_reg[2]
    SLICE_X163Y125       LUT5 (Prop_lut5_I4_O)        0.124    23.566 r  datapath_uut/video_uut/Inst_vga/vga_signal_generator_inst/horizontal_counter/encoded[5]_i_1__0/O
                         net (fo=1, routed)           0.000    23.566    datapath_uut/video_uut/inst_dvid/TDMS_encoder_green/encoded_reg[5]_0
    SLICE_X163Y125       FDRE                                         r  datapath_uut/video_uut/inst_dvid/TDMS_encoder_green/encoded_reg[5]/D
  -------------------------------------------------------------------    -------------------

                         (clock clk_out1_clk_wiz_0 rise edge)
                                                     40.000    40.000 r  
    BUFGCTRL_X0Y2        BUFG                         0.000    40.000 r  clk_IBUF_BUFG_inst/O
                         net (fo=36, routed)          1.972    41.972    datapath_uut/video_uut/mmcm_adv_inst_display_clocks/inst/clk_in1
    MMCME2_ADV_X1Y0      MMCME2_ADV (Prop_mmcme2_adv_CLKIN1_CLKOUT0)
                                                     -4.637    37.335 r  datapath_uut/video_uut/mmcm_adv_inst_display_clocks/inst/mmcm_adv_inst/CLKOUT0
                         net (fo=1, routed)           2.574    39.909    datapath_uut/video_uut/mmcm_adv_inst_display_clocks/inst/clk_out1_clk_wiz_0
    BUFGCTRL_X0Y1        BUFG (Prop_bufg_I_O)         0.091    40.000 r  datapath_uut/video_uut/mmcm_adv_inst_display_clocks/inst/clkout1_buf/O
                         net (fo=271, routed)         1.696    41.696    datapath_uut/video_uut/inst_dvid/TDMS_encoder_green/clk_out1
    SLICE_X163Y125       FDRE                                         r  datapath_uut/video_uut/inst_dvid/TDMS_encoder_green/encoded_reg[5]/C
                         clock pessimism              0.075    41.771    
                         clock uncertainty           -0.095    41.677    
    SLICE_X163Y125       FDRE (Setup_fdre_C_D)        0.031    41.708    datapath_uut/video_uut/inst_dvid/TDMS_encoder_green/encoded_reg[5]
  -------------------------------------------------------------------
                         required time                         41.708    
                         arrival time                         -23.566    
  -------------------------------------------------------------------
                         slack                                 18.142    





Min Delay Paths
--------------------------------------------------------------------------------------
Slack (MET) :             0.122ns  (arrival time - required time)
  Source:                 datapath_uut/video_uut/inst_dvid/TDMS_encoder_blue/encoded_reg[0]/C
                            (rising edge-triggered cell FDRE clocked by clk_out1_clk_wiz_0  {rise@0.000ns fall@20.000ns period=40.000ns})
  Destination:            datapath_uut/video_uut/inst_dvid/latched_blue_reg[0]/D
                            (rising edge-triggered cell FDRE clocked by clk_out1_clk_wiz_0  {rise@0.000ns fall@20.000ns period=40.000ns})
  Path Group:             clk_out1_clk_wiz_0
  Path Type:              Hold (Min at Fast Process Corner)
  Requirement:            0.000ns  (clk_out1_clk_wiz_0 rise@0.000ns - clk_out1_clk_wiz_0 rise@0.000ns)
  Data Path Delay:        0.197ns  (logic 0.141ns (71.611%)  route 0.056ns (28.389%))
  Logic Levels:           0  
  Clock Path Skew:        0.000ns (DCD - SCD - CPR)
    Destination Clock Delay (DCD):    0.916ns
    Source Clock Delay      (SCD):    0.644ns
    Clock Pessimism Removal (CPR):    0.272ns

    Location             Delay type                Incr(ns)  Path(ns)    Netlist Resource(s)
  -------------------------------------------------------------------    -------------------
                         (clock clk_out1_clk_wiz_0 rise edge)
                                                      0.000     0.000 r  
    BUFGCTRL_X0Y2        BUFG                         0.000     0.000 r  clk_IBUF_BUFG_inst/O
                         net (fo=36, routed)          0.745     0.745    datapath_uut/video_uut/mmcm_adv_inst_display_clocks/inst/clk_in1
    MMCME2_ADV_X1Y0      MMCME2_ADV (Prop_mmcme2_adv_CLKIN1_CLKOUT0)
                                                     -1.683    -0.938 r  datapath_uut/video_uut/mmcm_adv_inst_display_clocks/inst/mmcm_adv_inst/CLKOUT0
                         net (fo=1, routed)           0.912    -0.026    datapath_uut/video_uut/mmcm_adv_inst_display_clocks/inst/clk_out1_clk_wiz_0
    BUFGCTRL_X0Y1        BUFG (Prop_bufg_I_O)         0.026    -0.000 r  datapath_uut/video_uut/mmcm_adv_inst_display_clocks/inst/clkout1_buf/O
                         net (fo=271, routed)         0.644     0.644    datapath_uut/video_uut/inst_dvid/TDMS_encoder_blue/clk_out1
    SLICE_X161Y114       FDRE                                         r  datapath_uut/video_uut/inst_dvid/TDMS_encoder_blue/encoded_reg[0]/C
  -------------------------------------------------------------------    -------------------
    SLICE_X161Y114       FDRE (Prop_fdre_C_Q)         0.141     0.785 r  datapath_uut/video_uut/inst_dvid/TDMS_encoder_blue/encoded_reg[0]/Q
                         net (fo=1, routed)           0.056     0.840    datapath_uut/video_uut/inst_dvid/TDMS_encoder_blue_n_16
    SLICE_X161Y114       FDRE                                         r  datapath_uut/video_uut/inst_dvid/latched_blue_reg[0]/D
  -------------------------------------------------------------------    -------------------

                         (clock clk_out1_clk_wiz_0 rise edge)
                                                      0.000     0.000 r  
    BUFGCTRL_X0Y2        BUFG                         0.000     0.000 r  clk_IBUF_BUFG_inst/O
                         net (fo=36, routed)          1.022     1.022    datapath_uut/video_uut/mmcm_adv_inst_display_clocks/inst/clk_in1
    MMCME2_ADV_X1Y0      MMCME2_ADV (Prop_mmcme2_adv_CLKIN1_CLKOUT0)
                                                     -2.040    -1.018 r  datapath_uut/video_uut/mmcm_adv_inst_display_clocks/inst/mmcm_adv_inst/CLKOUT0
                         net (fo=1, routed)           0.989    -0.029    datapath_uut/video_uut/mmcm_adv_inst_display_clocks/inst/clk_out1_clk_wiz_0
    BUFGCTRL_X0Y1        BUFG (Prop_bufg_I_O)         0.029    -0.000 r  datapath_uut/video_uut/mmcm_adv_inst_display_clocks/inst/clkout1_buf/O
                         net (fo=271, routed)         0.916     0.916    datapath_uut/video_uut/inst_dvid/clk_out1
    SLICE_X161Y114       FDRE                                         r  datapath_uut/video_uut/inst_dvid/latched_blue_reg[0]/C
                         clock pessimism             -0.272     0.644    
    SLICE_X161Y114       FDRE (Hold_fdre_C_D)         0.075     0.719    datapath_uut/video_uut/inst_dvid/latched_blue_reg[0]
  -------------------------------------------------------------------
                         required time                         -0.719    
                         arrival time                           0.840    
  -------------------------------------------------------------------
                         slack                                  0.122    

Slack (MET) :             0.124ns  (arrival time - required time)
  Source:                 datapath_uut/video_uut/inst_dvid/TDMS_encoder_blue/encoded_reg[8]/C
                            (rising edge-triggered cell FDRE clocked by clk_out1_clk_wiz_0  {rise@0.000ns fall@20.000ns period=40.000ns})
  Destination:            datapath_uut/video_uut/inst_dvid/latched_blue_reg[8]/D
                            (rising edge-triggered cell FDRE clocked by clk_out1_clk_wiz_0  {rise@0.000ns fall@20.000ns period=40.000ns})
  Path Group:             clk_out1_clk_wiz_0
  Path Type:              Hold (Min at Fast Process Corner)
  Requirement:            0.000ns  (clk_out1_clk_wiz_0 rise@0.000ns - clk_out1_clk_wiz_0 rise@0.000ns)
  Data Path Delay:        0.200ns  (logic 0.141ns (70.589%)  route 0.059ns (29.411%))
  Logic Levels:           0  
  Clock Path Skew:        0.000ns (DCD - SCD - CPR)
    Destination Clock Delay (DCD):    0.916ns
    Source Clock Delay      (SCD):    0.644ns
    Clock Pessimism Removal (CPR):    0.272ns

    Location             Delay type                Incr(ns)  Path(ns)    Netlist Resource(s)
  -------------------------------------------------------------------    -------------------
                         (clock clk_out1_clk_wiz_0 rise edge)
                                                      0.000     0.000 r  
    BUFGCTRL_X0Y2        BUFG                         0.000     0.000 r  clk_IBUF_BUFG_inst/O
                         net (fo=36, routed)          0.745     0.745    datapath_uut/video_uut/mmcm_adv_inst_display_clocks/inst/clk_in1
    MMCME2_ADV_X1Y0      MMCME2_ADV (Prop_mmcme2_adv_CLKIN1_CLKOUT0)
                                                     -1.683    -0.938 r  datapath_uut/video_uut/mmcm_adv_inst_display_clocks/inst/mmcm_adv_inst/CLKOUT0
                         net (fo=1, routed)           0.912    -0.026    datapath_uut/video_uut/mmcm_adv_inst_display_clocks/inst/clk_out1_clk_wiz_0
    BUFGCTRL_X0Y1        BUFG (Prop_bufg_I_O)         0.026    -0.000 r  datapath_uut/video_uut/mmcm_adv_inst_display_clocks/inst/clkout1_buf/O
                         net (fo=271, routed)         0.644     0.644    datapath_uut/video_uut/inst_dvid/TDMS_encoder_blue/clk_out1
    SLICE_X160Y114       FDRE                                         r  datapath_uut/video_uut/inst_dvid/TDMS_encoder_blue/encoded_reg[8]/C
  -------------------------------------------------------------------    -------------------
    SLICE_X160Y114       FDRE (Prop_fdre_C_Q)         0.141     0.785 r  datapath_uut/video_uut/inst_dvid/TDMS_encoder_blue/encoded_reg[8]/Q
                         net (fo=1, routed)           0.059     0.843    datapath_uut/video_uut/inst_dvid/TDMS_encoder_blue_n_8
    SLICE_X160Y114       FDRE                                         r  datapath_uut/video_uut/inst_dvid/latched_blue_reg[8]/D
  -------------------------------------------------------------------    -------------------

                         (clock clk_out1_clk_wiz_0 rise edge)
                                                      0.000     0.000 r  
    BUFGCTRL_X0Y2        BUFG                         0.000     0.000 r  clk_IBUF_BUFG_inst/O
                         net (fo=36, routed)          1.022     1.022    datapath_uut/video_uut/mmcm_adv_inst_display_clocks/inst/clk_in1
    MMCME2_ADV_X1Y0      MMCME2_ADV (Prop_mmcme2_adv_CLKIN1_CLKOUT0)
                                                     -2.040    -1.018 r  datapath_uut/video_uut/mmcm_adv_inst_display_clocks/inst/mmcm_adv_inst/CLKOUT0
                         net (fo=1, routed)           0.989    -0.029    datapath_uut/video_uut/mmcm_adv_inst_display_clocks/inst/clk_out1_clk_wiz_0
    BUFGCTRL_X0Y1        BUFG (Prop_bufg_I_O)         0.029    -0.000 r  datapath_uut/video_uut/mmcm_adv_inst_display_clocks/inst/clkout1_buf/O
                         net (fo=271, routed)         0.916     0.916    datapath_uut/video_uut/inst_dvid/clk_out1
    SLICE_X160Y114       FDRE                                         r  datapath_uut/video_uut/inst_dvid/latched_blue_reg[8]/C
                         clock pessimism             -0.272     0.644    
    SLICE_X160Y114       FDRE (Hold_fdre_C_D)         0.076     0.720    datapath_uut/video_uut/inst_dvid/latched_blue_reg[8]
  -------------------------------------------------------------------
                         required time                         -0.720    
                         arrival time                           0.843    
  -------------------------------------------------------------------
                         slack                                  0.124    

Slack (MET) :             0.128ns  (arrival time - required time)
  Source:                 datapath_uut/video_uut/inst_dvid/TDMS_encoder_blue/encoded_reg[4]/C
                            (rising edge-triggered cell FDRE clocked by clk_out1_clk_wiz_0  {rise@0.000ns fall@20.000ns period=40.000ns})
  Destination:            datapath_uut/video_uut/inst_dvid/latched_blue_reg[4]/D
                            (rising edge-triggered cell FDRE clocked by clk_out1_clk_wiz_0  {rise@0.000ns fall@20.000ns period=40.000ns})
  Path Group:             clk_out1_clk_wiz_0
  Path Type:              Hold (Min at Fast Process Corner)
  Requirement:            0.000ns  (clk_out1_clk_wiz_0 rise@0.000ns - clk_out1_clk_wiz_0 rise@0.000ns)
  Data Path Delay:        0.199ns  (logic 0.141ns (70.953%)  route 0.058ns (29.047%))
  Logic Levels:           0  
  Clock Path Skew:        0.000ns (DCD - SCD - CPR)
    Destination Clock Delay (DCD):    0.916ns
    Source Clock Delay      (SCD):    0.644ns
    Clock Pessimism Removal (CPR):    0.272ns

    Location             Delay type                Incr(ns)  Path(ns)    Netlist Resource(s)
  -------------------------------------------------------------------    -------------------
                         (clock clk_out1_clk_wiz_0 rise edge)
                                                      0.000     0.000 r  
    BUFGCTRL_X0Y2        BUFG                         0.000     0.000 r  clk_IBUF_BUFG_inst/O
                         net (fo=36, routed)          0.745     0.745    datapath_uut/video_uut/mmcm_adv_inst_display_clocks/inst/clk_in1
    MMCME2_ADV_X1Y0      MMCME2_ADV (Prop_mmcme2_adv_CLKIN1_CLKOUT0)
                                                     -1.683    -0.938 r  datapath_uut/video_uut/mmcm_adv_inst_display_clocks/inst/mmcm_adv_inst/CLKOUT0
                         net (fo=1, routed)           0.912    -0.026    datapath_uut/video_uut/mmcm_adv_inst_display_clocks/inst/clk_out1_clk_wiz_0
    BUFGCTRL_X0Y1        BUFG (Prop_bufg_I_O)         0.026    -0.000 r  datapath_uut/video_uut/mmcm_adv_inst_display_clocks/inst/clkout1_buf/O
                         net (fo=271, routed)         0.644     0.644    datapath_uut/video_uut/inst_dvid/TDMS_encoder_blue/clk_out1
    SLICE_X160Y114       FDRE                                         r  datapath_uut/video_uut/inst_dvid/TDMS_encoder_blue/encoded_reg[4]/C
  -------------------------------------------------------------------    -------------------
    SLICE_X160Y114       FDRE (Prop_fdre_C_Q)         0.141     0.785 r  datapath_uut/video_uut/inst_dvid/TDMS_encoder_blue/encoded_reg[4]/Q
                         net (fo=1, routed)           0.058     0.842    datapath_uut/video_uut/inst_dvid/TDMS_encoder_blue_n_12
    SLICE_X160Y114       FDRE                                         r  datapath_uut/video_uut/inst_dvid/latched_blue_reg[4]/D
  -------------------------------------------------------------------    -------------------

                         (clock clk_out1_clk_wiz_0 rise edge)
                                                      0.000     0.000 r  
    BUFGCTRL_X0Y2        BUFG                         0.000     0.000 r  clk_IBUF_BUFG_inst/O
                         net (fo=36, routed)          1.022     1.022    datapath_uut/video_uut/mmcm_adv_inst_display_clocks/inst/clk_in1
    MMCME2_ADV_X1Y0      MMCME2_ADV (Prop_mmcme2_adv_CLKIN1_CLKOUT0)
                                                     -2.040    -1.018 r  datapath_uut/video_uut/mmcm_adv_inst_display_clocks/inst/mmcm_adv_inst/CLKOUT0
                         net (fo=1, routed)           0.989    -0.029    datapath_uut/video_uut/mmcm_adv_inst_display_clocks/inst/clk_out1_clk_wiz_0
    BUFGCTRL_X0Y1        BUFG (Prop_bufg_I_O)         0.029    -0.000 r  datapath_uut/video_uut/mmcm_adv_inst_display_clocks/inst/clkout1_buf/O
                         net (fo=271, routed)         0.916     0.916    datapath_uut/video_uut/inst_dvid/clk_out1
    SLICE_X160Y114       FDRE                                         r  datapath_uut/video_uut/inst_dvid/latched_blue_reg[4]/C
                         clock pessimism             -0.272     0.644    
    SLICE_X160Y114       FDRE (Hold_fdre_C_D)         0.071     0.715    datapath_uut/video_uut/inst_dvid/latched_blue_reg[4]
  -------------------------------------------------------------------
                         required time                         -0.715    
                         arrival time                           0.842    
  -------------------------------------------------------------------
                         slack                                  0.128    

Slack (MET) :             0.131ns  (arrival time - required time)
  Source:                 datapath_uut/video_uut/inst_dvid/TDMS_encoder_blue/encoded_reg[2]/C
                            (rising edge-triggered cell FDRE clocked by clk_out1_clk_wiz_0  {rise@0.000ns fall@20.000ns period=40.000ns})
  Destination:            datapath_uut/video_uut/inst_dvid/latched_blue_reg[2]/D
                            (rising edge-triggered cell FDRE clocked by clk_out1_clk_wiz_0  {rise@0.000ns fall@20.000ns period=40.000ns})
  Path Group:             clk_out1_clk_wiz_0
  Path Type:              Hold (Min at Fast Process Corner)
  Requirement:            0.000ns  (clk_out1_clk_wiz_0 rise@0.000ns - clk_out1_clk_wiz_0 rise@0.000ns)
  Data Path Delay:        0.206ns  (logic 0.141ns (68.336%)  route 0.065ns (31.664%))
  Logic Levels:           0  
  Clock Path Skew:        0.000ns (DCD - SCD - CPR)
    Destination Clock Delay (DCD):    0.916ns
    Source Clock Delay      (SCD):    0.644ns
    Clock Pessimism Removal (CPR):    0.272ns

    Location             Delay type                Incr(ns)  Path(ns)    Netlist Resource(s)
  -------------------------------------------------------------------    -------------------
                         (clock clk_out1_clk_wiz_0 rise edge)
                                                      0.000     0.000 r  
    BUFGCTRL_X0Y2        BUFG                         0.000     0.000 r  clk_IBUF_BUFG_inst/O
                         net (fo=36, routed)          0.745     0.745    datapath_uut/video_uut/mmcm_adv_inst_display_clocks/inst/clk_in1
    MMCME2_ADV_X1Y0      MMCME2_ADV (Prop_mmcme2_adv_CLKIN1_CLKOUT0)
                                                     -1.683    -0.938 r  datapath_uut/video_uut/mmcm_adv_inst_display_clocks/inst/mmcm_adv_inst/CLKOUT0
                         net (fo=1, routed)           0.912    -0.026    datapath_uut/video_uut/mmcm_adv_inst_display_clocks/inst/clk_out1_clk_wiz_0
    BUFGCTRL_X0Y1        BUFG (Prop_bufg_I_O)         0.026    -0.000 r  datapath_uut/video_uut/mmcm_adv_inst_display_clocks/inst/clkout1_buf/O
                         net (fo=271, routed)         0.644     0.644    datapath_uut/video_uut/inst_dvid/TDMS_encoder_blue/clk_out1
    SLICE_X160Y114       FDRE                                         r  datapath_uut/video_uut/inst_dvid/TDMS_encoder_blue/encoded_reg[2]/C
  -------------------------------------------------------------------    -------------------
    SLICE_X160Y114       FDRE (Prop_fdre_C_Q)         0.141     0.785 r  datapath_uut/video_uut/inst_dvid/TDMS_encoder_blue/encoded_reg[2]/Q
                         net (fo=1, routed)           0.065     0.850    datapath_uut/video_uut/inst_dvid/TDMS_encoder_blue_n_14
    SLICE_X160Y114       FDRE                                         r  datapath_uut/video_uut/inst_dvid/latched_blue_reg[2]/D
  -------------------------------------------------------------------    -------------------

                         (clock clk_out1_clk_wiz_0 rise edge)
                                                      0.000     0.000 r  
    BUFGCTRL_X0Y2        BUFG                         0.000     0.000 r  clk_IBUF_BUFG_inst/O
                         net (fo=36, routed)          1.022     1.022    datapath_uut/video_uut/mmcm_adv_inst_display_clocks/inst/clk_in1
    MMCME2_ADV_X1Y0      MMCME2_ADV (Prop_mmcme2_adv_CLKIN1_CLKOUT0)
                                                     -2.040    -1.018 r  datapath_uut/video_uut/mmcm_adv_inst_display_clocks/inst/mmcm_adv_inst/CLKOUT0
                         net (fo=1, routed)           0.989    -0.029    datapath_uut/video_uut/mmcm_adv_inst_display_clocks/inst/clk_out1_clk_wiz_0
    BUFGCTRL_X0Y1        BUFG (Prop_bufg_I_O)         0.029    -0.000 r  datapath_uut/video_uut/mmcm_adv_inst_display_clocks/inst/clkout1_buf/O
                         net (fo=271, routed)         0.916     0.916    datapath_uut/video_uut/inst_dvid/clk_out1
    SLICE_X160Y114       FDRE                                         r  datapath_uut/video_uut/inst_dvid/latched_blue_reg[2]/C
                         clock pessimism             -0.272     0.644    
    SLICE_X160Y114       FDRE (Hold_fdre_C_D)         0.075     0.719    datapath_uut/video_uut/inst_dvid/latched_blue_reg[2]
  -------------------------------------------------------------------
                         required time                         -0.719    
                         arrival time                           0.850    
  -------------------------------------------------------------------
                         slack                                  0.131    

Slack (MET) :             0.174ns  (arrival time - required time)
  Source:                 datapath_uut/video_uut/inst_dvid/TDMS_encoder_red/encoded_reg[4]/C
                            (rising edge-triggered cell FDSE clocked by clk_out1_clk_wiz_0  {rise@0.000ns fall@20.000ns period=40.000ns})
  Destination:            datapath_uut/video_uut/inst_dvid/latched_red_reg[4]/D
                            (rising edge-triggered cell FDRE clocked by clk_out1_clk_wiz_0  {rise@0.000ns fall@20.000ns period=40.000ns})
  Path Group:             clk_out1_clk_wiz_0
  Path Type:              Hold (Min at Fast Process Corner)
  Requirement:            0.000ns  (clk_out1_clk_wiz_0 rise@0.000ns - clk_out1_clk_wiz_0 rise@0.000ns)
  Data Path Delay:        0.257ns  (logic 0.141ns (54.895%)  route 0.116ns (45.105%))
  Logic Levels:           0  
  Clock Path Skew:        0.013ns (DCD - SCD - CPR)
    Destination Clock Delay (DCD):    0.915ns
    Source Clock Delay      (SCD):    0.644ns
    Clock Pessimism Removal (CPR):    0.258ns

    Location             Delay type                Incr(ns)  Path(ns)    Netlist Resource(s)
  -------------------------------------------------------------------    -------------------
                         (clock clk_out1_clk_wiz_0 rise edge)
                                                      0.000     0.000 r  
    BUFGCTRL_X0Y2        BUFG                         0.000     0.000 r  clk_IBUF_BUFG_inst/O
                         net (fo=36, routed)          0.745     0.745    datapath_uut/video_uut/mmcm_adv_inst_display_clocks/inst/clk_in1
    MMCME2_ADV_X1Y0      MMCME2_ADV (Prop_mmcme2_adv_CLKIN1_CLKOUT0)
                                                     -1.683    -0.938 r  datapath_uut/video_uut/mmcm_adv_inst_display_clocks/inst/mmcm_adv_inst/CLKOUT0
                         net (fo=1, routed)           0.912    -0.026    datapath_uut/video_uut/mmcm_adv_inst_display_clocks/inst/clk_out1_clk_wiz_0
    BUFGCTRL_X0Y1        BUFG (Prop_bufg_I_O)         0.026    -0.000 r  datapath_uut/video_uut/mmcm_adv_inst_display_clocks/inst/clkout1_buf/O
                         net (fo=271, routed)         0.644     0.644    datapath_uut/video_uut/inst_dvid/TDMS_encoder_red/clk_out1
    SLICE_X160Y115       FDSE                                         r  datapath_uut/video_uut/inst_dvid/TDMS_encoder_red/encoded_reg[4]/C
  -------------------------------------------------------------------    -------------------
    SLICE_X160Y115       FDSE (Prop_fdse_C_Q)         0.141     0.785 r  datapath_uut/video_uut/inst_dvid/TDMS_encoder_red/encoded_reg[4]/Q
                         net (fo=1, routed)           0.116     0.900    datapath_uut/video_uut/inst_dvid/TDMS_encoder_red_n_12
    SLICE_X161Y115       FDRE                                         r  datapath_uut/video_uut/inst_dvid/latched_red_reg[4]/D
  -------------------------------------------------------------------    -------------------

                         (clock clk_out1_clk_wiz_0 rise edge)
                                                      0.000     0.000 r  
    BUFGCTRL_X0Y2        BUFG                         0.000     0.000 r  clk_IBUF_BUFG_inst/O
                         net (fo=36, routed)          1.022     1.022    datapath_uut/video_uut/mmcm_adv_inst_display_clocks/inst/clk_in1
    MMCME2_ADV_X1Y0      MMCME2_ADV (Prop_mmcme2_adv_CLKIN1_CLKOUT0)
                                                     -2.040    -1.018 r  datapath_uut/video_uut/mmcm_adv_inst_display_clocks/inst/mmcm_adv_inst/CLKOUT0
                         net (fo=1, routed)           0.989    -0.029    datapath_uut/video_uut/mmcm_adv_inst_display_clocks/inst/clk_out1_clk_wiz_0
    BUFGCTRL_X0Y1        BUFG (Prop_bufg_I_O)         0.029    -0.000 r  datapath_uut/video_uut/mmcm_adv_inst_display_clocks/inst/clkout1_buf/O
                         net (fo=271, routed)         0.915     0.915    datapath_uut/video_uut/inst_dvid/clk_out1
    SLICE_X161Y115       FDRE                                         r  datapath_uut/video_uut/inst_dvid/latched_red_reg[4]/C
                         clock pessimism             -0.258     0.657    
    SLICE_X161Y115       FDRE (Hold_fdre_C_D)         0.070     0.727    datapath_uut/video_uut/inst_dvid/latched_red_reg[4]
  -------------------------------------------------------------------
                         required time                         -0.727    
                         arrival time                           0.900    
  -------------------------------------------------------------------
                         slack                                  0.174    

Slack (MET) :             0.175ns  (arrival time - required time)
  Source:                 datapath_uut/video_uut/inst_dvid/TDMS_encoder_red/encoded_reg[0]/C
                            (rising edge-triggered cell FDRE clocked by clk_out1_clk_wiz_0  {rise@0.000ns fall@20.000ns period=40.000ns})
  Destination:            datapath_uut/video_uut/inst_dvid/latched_red_reg[0]/D
                            (rising edge-triggered cell FDRE clocked by clk_out1_clk_wiz_0  {rise@0.000ns fall@20.000ns period=40.000ns})
  Path Group:             clk_out1_clk_wiz_0
  Path Type:              Hold (Min at Fast Process Corner)
  Requirement:            0.000ns  (clk_out1_clk_wiz_0 rise@0.000ns - clk_out1_clk_wiz_0 rise@0.000ns)
  Data Path Delay:        0.257ns  (logic 0.141ns (54.812%)  route 0.116ns (45.188%))
  Logic Levels:           0  
  Clock Path Skew:        0.012ns (DCD - SCD - CPR)
    Destination Clock Delay (DCD):    0.910ns
    Source Clock Delay      (SCD):    0.641ns
    Clock Pessimism Removal (CPR):    0.257ns

    Location             Delay type                Incr(ns)  Path(ns)    Netlist Resource(s)
  -------------------------------------------------------------------    -------------------
                         (clock clk_out1_clk_wiz_0 rise edge)
                                                      0.000     0.000 r  
    BUFGCTRL_X0Y2        BUFG                         0.000     0.000 r  clk_IBUF_BUFG_inst/O
                         net (fo=36, routed)          0.745     0.745    datapath_uut/video_uut/mmcm_adv_inst_display_clocks/inst/clk_in1
    MMCME2_ADV_X1Y0      MMCME2_ADV (Prop_mmcme2_adv_CLKIN1_CLKOUT0)
                                                     -1.683    -0.938 r  datapath_uut/video_uut/mmcm_adv_inst_display_clocks/inst/mmcm_adv_inst/CLKOUT0
                         net (fo=1, routed)           0.912    -0.026    datapath_uut/video_uut/mmcm_adv_inst_display_clocks/inst/clk_out1_clk_wiz_0
    BUFGCTRL_X0Y1        BUFG (Prop_bufg_I_O)         0.026    -0.000 r  datapath_uut/video_uut/mmcm_adv_inst_display_clocks/inst/clkout1_buf/O
                         net (fo=271, routed)         0.641     0.641    datapath_uut/video_uut/inst_dvid/TDMS_encoder_red/clk_out1
    SLICE_X159Y117       FDRE                                         r  datapath_uut/video_uut/inst_dvid/TDMS_encoder_red/encoded_reg[0]/C
  -------------------------------------------------------------------    -------------------
    SLICE_X159Y117       FDRE (Prop_fdre_C_Q)         0.141     0.782 r  datapath_uut/video_uut/inst_dvid/TDMS_encoder_red/encoded_reg[0]/Q
                         net (fo=1, routed)           0.116     0.898    datapath_uut/video_uut/inst_dvid/TDMS_encoder_red_n_16
    SLICE_X159Y119       FDRE                                         r  datapath_uut/video_uut/inst_dvid/latched_red_reg[0]/D
  -------------------------------------------------------------------    -------------------

                         (clock clk_out1_clk_wiz_0 rise edge)
                                                      0.000     0.000 r  
    BUFGCTRL_X0Y2        BUFG                         0.000     0.000 r  clk_IBUF_BUFG_inst/O
                         net (fo=36, routed)          1.022     1.022    datapath_uut/video_uut/mmcm_adv_inst_display_clocks/inst/clk_in1
    MMCME2_ADV_X1Y0      MMCME2_ADV (Prop_mmcme2_adv_CLKIN1_CLKOUT0)
                                                     -2.040    -1.018 r  datapath_uut/video_uut/mmcm_adv_inst_display_clocks/inst/mmcm_adv_inst/CLKOUT0
                         net (fo=1, routed)           0.989    -0.029    datapath_uut/video_uut/mmcm_adv_inst_display_clocks/inst/clk_out1_clk_wiz_0
    BUFGCTRL_X0Y1        BUFG (Prop_bufg_I_O)         0.029    -0.000 r  datapath_uut/video_uut/mmcm_adv_inst_display_clocks/inst/clkout1_buf/O
                         net (fo=271, routed)         0.910     0.910    datapath_uut/video_uut/inst_dvid/clk_out1
    SLICE_X159Y119       FDRE                                         r  datapath_uut/video_uut/inst_dvid/latched_red_reg[0]/C
                         clock pessimism             -0.257     0.653    
    SLICE_X159Y119       FDRE (Hold_fdre_C_D)         0.070     0.723    datapath_uut/video_uut/inst_dvid/latched_red_reg[0]
  -------------------------------------------------------------------
                         required time                         -0.723    
                         arrival time                           0.898    
  -------------------------------------------------------------------
                         slack                                  0.175    

Slack (MET) :             0.182ns  (arrival time - required time)
  Source:                 datapath_uut/video_uut/inst_dvid/TDMS_encoder_blue/encoded_reg[9]/C
                            (rising edge-triggered cell FDRE clocked by clk_out1_clk_wiz_0  {rise@0.000ns fall@20.000ns period=40.000ns})
  Destination:            datapath_uut/video_uut/inst_dvid/latched_blue_reg[9]/D
                            (rising edge-triggered cell FDRE clocked by clk_out1_clk_wiz_0  {rise@0.000ns fall@20.000ns period=40.000ns})
  Path Group:             clk_out1_clk_wiz_0
  Path Type:              Hold (Min at Fast Process Corner)
  Requirement:            0.000ns  (clk_out1_clk_wiz_0 rise@0.000ns - clk_out1_clk_wiz_0 rise@0.000ns)
  Data Path Delay:        0.257ns  (logic 0.141ns (54.828%)  route 0.116ns (45.172%))
  Logic Levels:           0  
  Clock Path Skew:        0.000ns (DCD - SCD - CPR)
    Destination Clock Delay (DCD):    0.915ns
    Source Clock Delay      (SCD):    0.643ns
    Clock Pessimism Removal (CPR):    0.272ns

    Location             Delay type                Incr(ns)  Path(ns)    Netlist Resource(s)
  -------------------------------------------------------------------    -------------------
                         (clock clk_out1_clk_wiz_0 rise edge)
                                                      0.000     0.000 r  
    BUFGCTRL_X0Y2        BUFG                         0.000     0.000 r  clk_IBUF_BUFG_inst/O
                         net (fo=36, routed)          0.745     0.745    datapath_uut/video_uut/mmcm_adv_inst_display_clocks/inst/clk_in1
    MMCME2_ADV_X1Y0      MMCME2_ADV (Prop_mmcme2_adv_CLKIN1_CLKOUT0)
                                                     -1.683    -0.938 r  datapath_uut/video_uut/mmcm_adv_inst_display_clocks/inst/mmcm_adv_inst/CLKOUT0
                         net (fo=1, routed)           0.912    -0.026    datapath_uut/video_uut/mmcm_adv_inst_display_clocks/inst/clk_out1_clk_wiz_0
    BUFGCTRL_X0Y1        BUFG (Prop_bufg_I_O)         0.026    -0.000 r  datapath_uut/video_uut/mmcm_adv_inst_display_clocks/inst/clkout1_buf/O
                         net (fo=271, routed)         0.643     0.643    datapath_uut/video_uut/inst_dvid/TDMS_encoder_blue/clk_out1
    SLICE_X157Y114       FDRE                                         r  datapath_uut/video_uut/inst_dvid/TDMS_encoder_blue/encoded_reg[9]/C
  -------------------------------------------------------------------    -------------------
    SLICE_X157Y114       FDRE (Prop_fdre_C_Q)         0.141     0.784 r  datapath_uut/video_uut/inst_dvid/TDMS_encoder_blue/encoded_reg[9]/Q
                         net (fo=1, routed)           0.116     0.900    datapath_uut/video_uut/inst_dvid/TDMS_encoder_blue_n_7
    SLICE_X157Y114       FDRE                                         r  datapath_uut/video_uut/inst_dvid/latched_blue_reg[9]/D
  -------------------------------------------------------------------    -------------------

                         (clock clk_out1_clk_wiz_0 rise edge)
                                                      0.000     0.000 r  
    BUFGCTRL_X0Y2        BUFG                         0.000     0.000 r  clk_IBUF_BUFG_inst/O
                         net (fo=36, routed)          1.022     1.022    datapath_uut/video_uut/mmcm_adv_inst_display_clocks/inst/clk_in1
    MMCME2_ADV_X1Y0      MMCME2_ADV (Prop_mmcme2_adv_CLKIN1_CLKOUT0)
                                                     -2.040    -1.018 r  datapath_uut/video_uut/mmcm_adv_inst_display_clocks/inst/mmcm_adv_inst/CLKOUT0
                         net (fo=1, routed)           0.989    -0.029    datapath_uut/video_uut/mmcm_adv_inst_display_clocks/inst/clk_out1_clk_wiz_0
    BUFGCTRL_X0Y1        BUFG (Prop_bufg_I_O)         0.029    -0.000 r  datapath_uut/video_uut/mmcm_adv_inst_display_clocks/inst/clkout1_buf/O
                         net (fo=271, routed)         0.915     0.915    datapath_uut/video_uut/inst_dvid/clk_out1
    SLICE_X157Y114       FDRE                                         r  datapath_uut/video_uut/inst_dvid/latched_blue_reg[9]/C
                         clock pessimism             -0.272     0.643    
    SLICE_X157Y114       FDRE (Hold_fdre_C_D)         0.075     0.718    datapath_uut/video_uut/inst_dvid/latched_blue_reg[9]
  -------------------------------------------------------------------
                         required time                         -0.718    
                         arrival time                           0.900    
  -------------------------------------------------------------------
                         slack                                  0.182    

Slack (MET) :             0.204ns  (arrival time - required time)
  Source:                 datapath_uut/video_uut/inst_dvid/TDMS_encoder_red/encoded_reg[2]/C
                            (rising edge-triggered cell FDSE clocked by clk_out1_clk_wiz_0  {rise@0.000ns fall@20.000ns period=40.000ns})
  Destination:            datapath_uut/video_uut/inst_dvid/latched_red_reg[2]/D
                            (rising edge-triggered cell FDRE clocked by clk_out1_clk_wiz_0  {rise@0.000ns fall@20.000ns period=40.000ns})
  Path Group:             clk_out1_clk_wiz_0
  Path Type:              Hold (Min at Fast Process Corner)
  Requirement:            0.000ns  (clk_out1_clk_wiz_0 rise@0.000ns - clk_out1_clk_wiz_0 rise@0.000ns)
  Data Path Delay:        0.276ns  (logic 0.164ns (59.419%)  route 0.112ns (40.581%))
  Logic Levels:           0  
  Clock Path Skew:        0.013ns (DCD - SCD - CPR)
    Destination Clock Delay (DCD):    0.912ns
    Source Clock Delay      (SCD):    0.642ns
    Clock Pessimism Removal (CPR):    0.257ns

    Location             Delay type                Incr(ns)  Path(ns)    Netlist Resource(s)
  -------------------------------------------------------------------    -------------------
                         (clock clk_out1_clk_wiz_0 rise edge)
                                                      0.000     0.000 r  
    BUFGCTRL_X0Y2        BUFG                         0.000     0.000 r  clk_IBUF_BUFG_inst/O
                         net (fo=36, routed)          0.745     0.745    datapath_uut/video_uut/mmcm_adv_inst_display_clocks/inst/clk_in1
    MMCME2_ADV_X1Y0      MMCME2_ADV (Prop_mmcme2_adv_CLKIN1_CLKOUT0)
                                                     -1.683    -0.938 r  datapath_uut/video_uut/mmcm_adv_inst_display_clocks/inst/mmcm_adv_inst/CLKOUT0
                         net (fo=1, routed)           0.912    -0.026    datapath_uut/video_uut/mmcm_adv_inst_display_clocks/inst/clk_out1_clk_wiz_0
    BUFGCTRL_X0Y1        BUFG (Prop_bufg_I_O)         0.026    -0.000 r  datapath_uut/video_uut/mmcm_adv_inst_display_clocks/inst/clkout1_buf/O
                         net (fo=271, routed)         0.642     0.642    datapath_uut/video_uut/inst_dvid/TDMS_encoder_red/clk_out1
    SLICE_X162Y117       FDSE                                         r  datapath_uut/video_uut/inst_dvid/TDMS_encoder_red/encoded_reg[2]/C
  -------------------------------------------------------------------    -------------------
    SLICE_X162Y117       FDSE (Prop_fdse_C_Q)         0.164     0.806 r  datapath_uut/video_uut/inst_dvid/TDMS_encoder_red/encoded_reg[2]/Q
                         net (fo=1, routed)           0.112     0.918    datapath_uut/video_uut/inst_dvid/TDMS_encoder_red_n_14
    SLICE_X162Y118       FDRE                                         r  datapath_uut/video_uut/inst_dvid/latched_red_reg[2]/D
  -------------------------------------------------------------------    -------------------

                         (clock clk_out1_clk_wiz_0 rise edge)
                                                      0.000     0.000 r  
    BUFGCTRL_X0Y2        BUFG                         0.000     0.000 r  clk_IBUF_BUFG_inst/O
                         net (fo=36, routed)          1.022     1.022    datapath_uut/video_uut/mmcm_adv_inst_display_clocks/inst/clk_in1
    MMCME2_ADV_X1Y0      MMCME2_ADV (Prop_mmcme2_adv_CLKIN1_CLKOUT0)
                                                     -2.040    -1.018 r  datapath_uut/video_uut/mmcm_adv_inst_display_clocks/inst/mmcm_adv_inst/CLKOUT0
                         net (fo=1, routed)           0.989    -0.029    datapath_uut/video_uut/mmcm_adv_inst_display_clocks/inst/clk_out1_clk_wiz_0
    BUFGCTRL_X0Y1        BUFG (Prop_bufg_I_O)         0.029    -0.000 r  datapath_uut/video_uut/mmcm_adv_inst_display_clocks/inst/clkout1_buf/O
                         net (fo=271, routed)         0.912     0.912    datapath_uut/video_uut/inst_dvid/clk_out1
    SLICE_X162Y118       FDRE                                         r  datapath_uut/video_uut/inst_dvid/latched_red_reg[2]/C
                         clock pessimism             -0.257     0.655    
    SLICE_X162Y118       FDRE (Hold_fdre_C_D)         0.059     0.714    datapath_uut/video_uut/inst_dvid/latched_red_reg[2]
  -------------------------------------------------------------------
                         required time                         -0.714    
                         arrival time                           0.918    
  -------------------------------------------------------------------
                         slack                                  0.204    

Slack (MET) :             0.210ns  (arrival time - required time)
  Source:                 datapath_uut/video_uut/inst_dvid/TDMS_encoder_green/encoded_reg[8]/C
                            (rising edge-triggered cell FDRE clocked by clk_out1_clk_wiz_0  {rise@0.000ns fall@20.000ns period=40.000ns})
  Destination:            datapath_uut/video_uut/inst_dvid/latched_green_reg[8]/D
                            (rising edge-triggered cell FDRE clocked by clk_out1_clk_wiz_0  {rise@0.000ns fall@20.000ns period=40.000ns})
  Path Group:             clk_out1_clk_wiz_0
  Path Type:              Hold (Min at Fast Process Corner)
  Requirement:            0.000ns  (clk_out1_clk_wiz_0 rise@0.000ns - clk_out1_clk_wiz_0 rise@0.000ns)
  Data Path Delay:        0.276ns  (logic 0.164ns (59.419%)  route 0.112ns (40.581%))
  Logic Levels:           0  
  Clock Path Skew:        0.014ns (DCD - SCD - CPR)
    Destination Clock Delay (DCD):    0.906ns
    Source Clock Delay      (SCD):    0.635ns
    Clock Pessimism Removal (CPR):    0.257ns

    Location             Delay type                Incr(ns)  Path(ns)    Netlist Resource(s)
  -------------------------------------------------------------------    -------------------
                         (clock clk_out1_clk_wiz_0 rise edge)
                                                      0.000     0.000 r  
    BUFGCTRL_X0Y2        BUFG                         0.000     0.000 r  clk_IBUF_BUFG_inst/O
                         net (fo=36, routed)          0.745     0.745    datapath_uut/video_uut/mmcm_adv_inst_display_clocks/inst/clk_in1
    MMCME2_ADV_X1Y0      MMCME2_ADV (Prop_mmcme2_adv_CLKIN1_CLKOUT0)
                                                     -1.683    -0.938 r  datapath_uut/video_uut/mmcm_adv_inst_display_clocks/inst/mmcm_adv_inst/CLKOUT0
                         net (fo=1, routed)           0.912    -0.026    datapath_uut/video_uut/mmcm_adv_inst_display_clocks/inst/clk_out1_clk_wiz_0
    BUFGCTRL_X0Y1        BUFG (Prop_bufg_I_O)         0.026    -0.000 r  datapath_uut/video_uut/mmcm_adv_inst_display_clocks/inst/clkout1_buf/O
                         net (fo=271, routed)         0.635     0.635    datapath_uut/video_uut/inst_dvid/TDMS_encoder_green/clk_out1
    SLICE_X162Y125       FDRE                                         r  datapath_uut/video_uut/inst_dvid/TDMS_encoder_green/encoded_reg[8]/C
  -------------------------------------------------------------------    -------------------
    SLICE_X162Y125       FDRE (Prop_fdre_C_Q)         0.164     0.799 r  datapath_uut/video_uut/inst_dvid/TDMS_encoder_green/encoded_reg[8]/Q
                         net (fo=1, routed)           0.112     0.911    datapath_uut/video_uut/inst_dvid/TDMS_encoder_green_n_9
    SLICE_X162Y126       FDRE                                         r  datapath_uut/video_uut/inst_dvid/latched_green_reg[8]/D
  -------------------------------------------------------------------    -------------------

                         (clock clk_out1_clk_wiz_0 rise edge)
                                                      0.000     0.000 r  
    BUFGCTRL_X0Y2        BUFG                         0.000     0.000 r  clk_IBUF_BUFG_inst/O
                         net (fo=36, routed)          1.022     1.022    datapath_uut/video_uut/mmcm_adv_inst_display_clocks/inst/clk_in1
    MMCME2_ADV_X1Y0      MMCME2_ADV (Prop_mmcme2_adv_CLKIN1_CLKOUT0)
                                                     -2.040    -1.018 r  datapath_uut/video_uut/mmcm_adv_inst_display_clocks/inst/mmcm_adv_inst/CLKOUT0
                         net (fo=1, routed)           0.989    -0.029    datapath_uut/video_uut/mmcm_adv_inst_display_clocks/inst/clk_out1_clk_wiz_0
    BUFGCTRL_X0Y1        BUFG (Prop_bufg_I_O)         0.029    -0.000 r  datapath_uut/video_uut/mmcm_adv_inst_display_clocks/inst/clkout1_buf/O
                         net (fo=271, routed)         0.906     0.906    datapath_uut/video_uut/inst_dvid/clk_out1
    SLICE_X162Y126       FDRE                                         r  datapath_uut/video_uut/inst_dvid/latched_green_reg[8]/C
                         clock pessimism             -0.257     0.649    
    SLICE_X162Y126       FDRE (Hold_fdre_C_D)         0.052     0.701    datapath_uut/video_uut/inst_dvid/latched_green_reg[8]
  -------------------------------------------------------------------
                         required time                         -0.701    
                         arrival time                           0.911    
  -------------------------------------------------------------------
                         slack                                  0.210    

Slack (MET) :             0.217ns  (arrival time - required time)
  Source:                 datapath_uut/video_uut/Inst_vga/color_mapper_inst/numeric_stepper_col/debouncer_down/delay_counter/processQ_reg[22]/C
                            (rising edge-triggered cell FDRE clocked by clk_out1_clk_wiz_0  {rise@0.000ns fall@20.000ns period=40.000ns})
  Destination:            datapath_uut/video_uut/Inst_vga/color_mapper_inst/numeric_stepper_col/debouncer_down/FSM_sequential_state_reg[0]/D
                            (rising edge-triggered cell FDRE clocked by clk_out1_clk_wiz_0  {rise@0.000ns fall@20.000ns period=40.000ns})
  Path Group:             clk_out1_clk_wiz_0
  Path Type:              Hold (Min at Fast Process Corner)
  Requirement:            0.000ns  (clk_out1_clk_wiz_0 rise@0.000ns - clk_out1_clk_wiz_0 rise@0.000ns)
  Data Path Delay:        0.351ns  (logic 0.231ns (65.787%)  route 0.120ns (34.213%))
  Logic Levels:           2  (LUT6=2)
  Clock Path Skew:        0.013ns (DCD - SCD - CPR)
    Destination Clock Delay (DCD):    0.861ns
    Source Clock Delay      (SCD):    0.591ns
    Clock Pessimism Removal (CPR):    0.257ns

    Location             Delay type                Incr(ns)  Path(ns)    Netlist Resource(s)
  -------------------------------------------------------------------    -------------------
                         (clock clk_out1_clk_wiz_0 rise edge)
                                                      0.000     0.000 r  
    BUFGCTRL_X0Y2        BUFG                         0.000     0.000 r  clk_IBUF_BUFG_inst/O
                         net (fo=36, routed)          0.745     0.745    datapath_uut/video_uut/mmcm_adv_inst_display_clocks/inst/clk_in1
    MMCME2_ADV_X1Y0      MMCME2_ADV (Prop_mmcme2_adv_CLKIN1_CLKOUT0)
                                                     -1.683    -0.938 r  datapath_uut/video_uut/mmcm_adv_inst_display_clocks/inst/mmcm_adv_inst/CLKOUT0
                         net (fo=1, routed)           0.912    -0.026    datapath_uut/video_uut/mmcm_adv_inst_display_clocks/inst/clk_out1_clk_wiz_0
    BUFGCTRL_X0Y1        BUFG (Prop_bufg_I_O)         0.026    -0.000 r  datapath_uut/video_uut/mmcm_adv_inst_display_clocks/inst/clkout1_buf/O
                         net (fo=271, routed)         0.591     0.591    datapath_uut/video_uut/Inst_vga/color_mapper_inst/numeric_stepper_col/debouncer_down/delay_counter/clk_out1
    SLICE_X137Y113       FDRE                                         r  datapath_uut/video_uut/Inst_vga/color_mapper_inst/numeric_stepper_col/debouncer_down/delay_counter/processQ_reg[22]/C
  -------------------------------------------------------------------    -------------------
    SLICE_X137Y113       FDRE (Prop_fdre_C_Q)         0.141     0.732 r  datapath_uut/video_uut/Inst_vga/color_mapper_inst/numeric_stepper_col/debouncer_down/delay_counter/processQ_reg[22]/Q
                         net (fo=2, routed)           0.066     0.798    datapath_uut/video_uut/Inst_vga/color_mapper_inst/numeric_stepper_col/debouncer_down/delay_counter/processQ_reg_n_0_[22]
    SLICE_X136Y113       LUT6 (Prop_lut6_I5_O)        0.045     0.843 r  datapath_uut/video_uut/Inst_vga/color_mapper_inst/numeric_stepper_col/debouncer_down/delay_counter/FSM_sequential_state[0]_i_3__2/O
                         net (fo=1, routed)           0.054     0.897    datapath_uut/video_uut/Inst_vga/color_mapper_inst/numeric_stepper_col/debouncer_down/delay_counter/FSM_sequential_state[0]_i_3__2_n_0
    SLICE_X136Y113       LUT6 (Prop_lut6_I1_O)        0.045     0.942 r  datapath_uut/video_uut/Inst_vga/color_mapper_inst/numeric_stepper_col/debouncer_down/delay_counter/FSM_sequential_state[0]_i_1__2/O
                         net (fo=1, routed)           0.000     0.942    datapath_uut/video_uut/Inst_vga/color_mapper_inst/numeric_stepper_col/debouncer_down/delay_counter_n_0
    SLICE_X136Y113       FDRE                                         r  datapath_uut/video_uut/Inst_vga/color_mapper_inst/numeric_stepper_col/debouncer_down/FSM_sequential_state_reg[0]/D
  -------------------------------------------------------------------    -------------------

                         (clock clk_out1_clk_wiz_0 rise edge)
                                                      0.000     0.000 r  
    BUFGCTRL_X0Y2        BUFG                         0.000     0.000 r  clk_IBUF_BUFG_inst/O
                         net (fo=36, routed)          1.022     1.022    datapath_uut/video_uut/mmcm_adv_inst_display_clocks/inst/clk_in1
    MMCME2_ADV_X1Y0      MMCME2_ADV (Prop_mmcme2_adv_CLKIN1_CLKOUT0)
                                                     -2.040    -1.018 r  datapath_uut/video_uut/mmcm_adv_inst_display_clocks/inst/mmcm_adv_inst/CLKOUT0
                         net (fo=1, routed)           0.989    -0.029    datapath_uut/video_uut/mmcm_adv_inst_display_clocks/inst/clk_out1_clk_wiz_0
    BUFGCTRL_X0Y1        BUFG (Prop_bufg_I_O)         0.029    -0.000 r  datapath_uut/video_uut/mmcm_adv_inst_display_clocks/inst/clkout1_buf/O
                         net (fo=271, routed)         0.861     0.861    datapath_uut/video_uut/Inst_vga/color_mapper_inst/numeric_stepper_col/debouncer_down/clk_out1
    SLICE_X136Y113       FDRE                                         r  datapath_uut/video_uut/Inst_vga/color_mapper_inst/numeric_stepper_col/debouncer_down/FSM_sequential_state_reg[0]/C
                         clock pessimism             -0.257     0.604    
    SLICE_X136Y113       FDRE (Hold_fdre_C_D)         0.121     0.725    datapath_uut/video_uut/Inst_vga/color_mapper_inst/numeric_stepper_col/debouncer_down/FSM_sequential_state_reg[0]
  -------------------------------------------------------------------
                         required time                         -0.725    
                         arrival time                           0.942    
  -------------------------------------------------------------------
                         slack                                  0.217    





Pulse Width Checks
--------------------------------------------------------------------------------------
Clock Name:         clk_out1_clk_wiz_0
Waveform(ns):       { 0.000 20.000 }
Period(ns):         40.000
Sources:            { datapath_uut/video_uut/mmcm_adv_inst_display_clocks/inst/mmcm_adv_inst/CLKOUT0 }

Check Type        Corner  Lib Pin             Reference Pin  Required(ns)  Actual(ns)  Slack(ns)  Location         Pin
Min Period        n/a     RAMB18E1/CLKARDCLK  n/a            2.576         40.000      37.424     RAMB18_X8Y46     datapath_uut/video_uut/Inst_vga/color_mapper_inst/chicken_color/rgb_reg/CLKARDCLK
Min Period        n/a     RAMB18E1/CLKBWRCLK  n/a            2.576         40.000      37.424     RAMB18_X8Y46     datapath_uut/video_uut/Inst_vga/color_mapper_inst/chicken_color/rgb_reg/CLKBWRCLK
Min Period        n/a     BUFG/I              n/a            2.155         40.000      37.845     BUFGCTRL_X0Y1    datapath_uut/video_uut/mmcm_adv_inst_display_clocks/inst/clkout1_buf/I
Min Period        n/a     MMCME2_ADV/CLKOUT0  n/a            1.249         40.000      38.751     MMCME2_ADV_X1Y0  datapath_uut/video_uut/mmcm_adv_inst_display_clocks/inst/mmcm_adv_inst/CLKOUT0
Min Period        n/a     FDRE/C              n/a            1.000         40.000      39.000     SLICE_X148Y111   datapath_uut/video_uut/Inst_vga/color_mapper_inst/button_pressed_reg[0]/C
Min Period        n/a     FDRE/C              n/a            1.000         40.000      39.000     SLICE_X148Y111   datapath_uut/video_uut/Inst_vga/color_mapper_inst/button_pressed_reg[1]/C
Min Period        n/a     FDRE/C              n/a            1.000         40.000      39.000     SLICE_X148Y111   datapath_uut/video_uut/Inst_vga/color_mapper_inst/button_pressed_reg[2]/C
Min Period        n/a     FDRE/C              n/a            1.000         40.000      39.000     SLICE_X148Y111   datapath_uut/video_uut/Inst_vga/color_mapper_inst/button_pressed_reg[3]/C
Min Period        n/a     FDRE/C              n/a            1.000         40.000      39.000     SLICE_X158Y107   datapath_uut/video_uut/Inst_vga/color_mapper_inst/chicken_backward/color_index_reg[0]/C
Min Period        n/a     FDRE/C              n/a            1.000         40.000      39.000     SLICE_X158Y108   datapath_uut/video_uut/Inst_vga/color_mapper_inst/chicken_backward/color_index_reg[1]/C
Max Period        n/a     MMCME2_ADV/CLKOUT0  n/a            213.360       40.000      173.360    MMCME2_ADV_X1Y0  datapath_uut/video_uut/mmcm_adv_inst_display_clocks/inst/mmcm_adv_inst/CLKOUT0
Low Pulse Width   Slow    FDRE/C              n/a            0.500         20.000      19.500     SLICE_X148Y111   datapath_uut/video_uut/Inst_vga/color_mapper_inst/button_pressed_reg[0]/C
Low Pulse Width   Fast    FDRE/C              n/a            0.500         20.000      19.500     SLICE_X148Y111   datapath_uut/video_uut/Inst_vga/color_mapper_inst/button_pressed_reg[0]/C
Low Pulse Width   Slow    FDRE/C              n/a            0.500         20.000      19.500     SLICE_X148Y111   datapath_uut/video_uut/Inst_vga/color_mapper_inst/button_pressed_reg[1]/C
Low Pulse Width   Fast    FDRE/C              n/a            0.500         20.000      19.500     SLICE_X148Y111   datapath_uut/video_uut/Inst_vga/color_mapper_inst/button_pressed_reg[1]/C
Low Pulse Width   Slow    FDRE/C              n/a            0.500         20.000      19.500     SLICE_X148Y111   datapath_uut/video_uut/Inst_vga/color_mapper_inst/button_pressed_reg[2]/C
Low Pulse Width   Fast    FDRE/C              n/a            0.500         20.000      19.500     SLICE_X148Y111   datapath_uut/video_uut/Inst_vga/color_mapper_inst/button_pressed_reg[2]/C
Low Pulse Width   Slow    FDRE/C              n/a            0.500         20.000      19.500     SLICE_X148Y111   datapath_uut/video_uut/Inst_vga/color_mapper_inst/button_pressed_reg[3]/C
Low Pulse Width   Fast    FDRE/C              n/a            0.500         20.000      19.500     SLICE_X148Y111   datapath_uut/video_uut/Inst_vga/color_mapper_inst/button_pressed_reg[3]/C
Low Pulse Width   Slow    FDRE/C              n/a            0.500         20.000      19.500     SLICE_X158Y107   datapath_uut/video_uut/Inst_vga/color_mapper_inst/chicken_backward/color_index_reg[0]/C
Low Pulse Width   Fast    FDRE/C              n/a            0.500         20.000      19.500     SLICE_X158Y107   datapath_uut/video_uut/Inst_vga/color_mapper_inst/chicken_backward/color_index_reg[0]/C
High Pulse Width  Slow    FDRE/C              n/a            0.500         20.000      19.500     SLICE_X148Y111   datapath_uut/video_uut/Inst_vga/color_mapper_inst/button_pressed_reg[0]/C
High Pulse Width  Fast    FDRE/C              n/a            0.500         20.000      19.500     SLICE_X148Y111   datapath_uut/video_uut/Inst_vga/color_mapper_inst/button_pressed_reg[0]/C
High Pulse Width  Slow    FDRE/C              n/a            0.500         20.000      19.500     SLICE_X148Y111   datapath_uut/video_uut/Inst_vga/color_mapper_inst/button_pressed_reg[1]/C
High Pulse Width  Fast    FDRE/C              n/a            0.500         20.000      19.500     SLICE_X148Y111   datapath_uut/video_uut/Inst_vga/color_mapper_inst/button_pressed_reg[1]/C
High Pulse Width  Slow    FDRE/C              n/a            0.500         20.000      19.500     SLICE_X148Y111   datapath_uut/video_uut/Inst_vga/color_mapper_inst/button_pressed_reg[2]/C
High Pulse Width  Fast    FDRE/C              n/a            0.500         20.000      19.500     SLICE_X148Y111   datapath_uut/video_uut/Inst_vga/color_mapper_inst/button_pressed_reg[2]/C
High Pulse Width  Slow    FDRE/C              n/a            0.500         20.000      19.500     SLICE_X148Y111   datapath_uut/video_uut/Inst_vga/color_mapper_inst/button_pressed_reg[3]/C
High Pulse Width  Fast    FDRE/C              n/a            0.500         20.000      19.500     SLICE_X148Y111   datapath_uut/video_uut/Inst_vga/color_mapper_inst/button_pressed_reg[3]/C
High Pulse Width  Slow    FDRE/C              n/a            0.500         20.000      19.500     SLICE_X158Y107   datapath_uut/video_uut/Inst_vga/color_mapper_inst/chicken_backward/color_index_reg[0]/C
High Pulse Width  Fast    FDRE/C              n/a            0.500         20.000      19.500     SLICE_X158Y107   datapath_uut/video_uut/Inst_vga/color_mapper_inst/chicken_backward/color_index_reg[0]/C



---------------------------------------------------------------------------------------------------
From Clock:  clk_out2_clk_wiz_0
  To Clock:  clk_out2_clk_wiz_0

Setup :            0  Failing Endpoints,  Worst Slack        3.058ns,  Total Violation        0.000ns
Hold  :            0  Failing Endpoints,  Worst Slack        0.181ns,  Total Violation        0.000ns
PW    :            0  Failing Endpoints,  Worst Slack        3.500ns,  Total Violation        0.000ns
---------------------------------------------------------------------------------------------------


Max Delay Paths
--------------------------------------------------------------------------------------
Slack (MET) :             3.058ns  (required time - arrival time)
  Source:                 datapath_uut/video_uut/inst_dvid/shift_clock_reg[7]/C
                            (rising edge-triggered cell FDRE clocked by clk_out2_clk_wiz_0  {rise@0.000ns fall@4.000ns period=8.000ns})
  Destination:            datapath_uut/video_uut/inst_dvid/shift_blue_reg[8]/R
                            (rising edge-triggered cell FDRE clocked by clk_out2_clk_wiz_0  {rise@0.000ns fall@4.000ns period=8.000ns})
  Path Group:             clk_out2_clk_wiz_0
  Path Type:              Setup (Max at Slow Process Corner)
  Requirement:            8.000ns  (clk_out2_clk_wiz_0 rise@8.000ns - clk_out2_clk_wiz_0 rise@0.000ns)
  Data Path Delay:        4.390ns  (logic 0.766ns (17.451%)  route 3.624ns (82.549%))
  Logic Levels:           2  (LUT5=1 LUT6=1)
  Clock Path Skew:        -0.052ns (DCD - SCD + CPR)
    Destination Clock Delay (DCD):    1.706ns = ( 9.706 - 8.000 ) 
    Source Clock Delay      (SCD):    1.833ns
    Clock Pessimism Removal (CPR):    0.075ns
  Clock Uncertainty:      0.072ns  ((TSJ^2 + DJ^2)^1/2) / 2 + PE
    Total System Jitter     (TSJ):    0.071ns
    Discrete Jitter          (DJ):    0.125ns
    Phase Error              (PE):    0.000ns

    Location             Delay type                Incr(ns)  Path(ns)    Netlist Resource(s)
  -------------------------------------------------------------------    -------------------
                         (clock clk_out2_clk_wiz_0 rise edge)
                                                      0.000     0.000 r  
    BUFGCTRL_X0Y2        BUFG                         0.000     0.000 r  clk_IBUF_BUFG_inst/O
                         net (fo=36, routed)          2.106     2.106    datapath_uut/video_uut/mmcm_adv_inst_display_clocks/inst/clk_in1
    MMCME2_ADV_X1Y0      MMCME2_ADV (Prop_mmcme2_adv_CLKIN1_CLKOUT1)
                                                     -4.900    -2.793 r  datapath_uut/video_uut/mmcm_adv_inst_display_clocks/inst/mmcm_adv_inst/CLKOUT1
                         net (fo=1, routed)           2.697    -0.096    datapath_uut/video_uut/mmcm_adv_inst_display_clocks/inst/clk_out2_clk_wiz_0
    BUFGCTRL_X0Y0        BUFG (Prop_bufg_I_O)         0.096    -0.000 r  datapath_uut/video_uut/mmcm_adv_inst_display_clocks/inst/clkout2_buf/O
                         net (fo=44, routed)          1.833     1.833    datapath_uut/video_uut/inst_dvid/clk_out2
    SLICE_X162Y148       FDRE                                         r  datapath_uut/video_uut/inst_dvid/shift_clock_reg[7]/C
  -------------------------------------------------------------------    -------------------
    SLICE_X162Y148       FDRE (Prop_fdre_C_Q)         0.518     2.351 r  datapath_uut/video_uut/inst_dvid/shift_clock_reg[7]/Q
                         net (fo=2, routed)           0.829     3.180    datapath_uut/video_uut/inst_dvid/shift_clock_reg_n_0_[7]
    SLICE_X162Y148       LUT6 (Prop_lut6_I3_O)        0.124     3.304 r  datapath_uut/video_uut/inst_dvid/shift_red[9]_i_2/O
                         net (fo=1, routed)           0.307     3.612    datapath_uut/video_uut/inst_dvid/shift_red[9]_i_2_n_0
    SLICE_X162Y147       LUT5 (Prop_lut5_I0_O)        0.124     3.736 r  datapath_uut/video_uut/inst_dvid/shift_red[9]_i_1/O
                         net (fo=30, routed)          2.487     6.223    datapath_uut/video_uut/inst_dvid/shift_red[9]_i_1_n_0
    SLICE_X161Y116       FDRE                                         r  datapath_uut/video_uut/inst_dvid/shift_blue_reg[8]/R
  -------------------------------------------------------------------    -------------------

                         (clock clk_out2_clk_wiz_0 rise edge)
                                                      8.000     8.000 r  
    BUFGCTRL_X0Y2        BUFG                         0.000     8.000 r  clk_IBUF_BUFG_inst/O
                         net (fo=36, routed)          1.972     9.972    datapath_uut/video_uut/mmcm_adv_inst_display_clocks/inst/clk_in1
    MMCME2_ADV_X1Y0      MMCME2_ADV (Prop_mmcme2_adv_CLKIN1_CLKOUT1)
                                                     -4.637     5.335 r  datapath_uut/video_uut/mmcm_adv_inst_display_clocks/inst/mmcm_adv_inst/CLKOUT1
                         net (fo=1, routed)           2.574     7.909    datapath_uut/video_uut/mmcm_adv_inst_display_clocks/inst/clk_out2_clk_wiz_0
    BUFGCTRL_X0Y0        BUFG (Prop_bufg_I_O)         0.091     8.000 r  datapath_uut/video_uut/mmcm_adv_inst_display_clocks/inst/clkout2_buf/O
                         net (fo=44, routed)          1.706     9.706    datapath_uut/video_uut/inst_dvid/clk_out2
    SLICE_X161Y116       FDRE                                         r  datapath_uut/video_uut/inst_dvid/shift_blue_reg[8]/C
                         clock pessimism              0.075     9.781    
                         clock uncertainty           -0.072     9.709    
    SLICE_X161Y116       FDRE (Setup_fdre_C_R)       -0.429     9.280    datapath_uut/video_uut/inst_dvid/shift_blue_reg[8]
  -------------------------------------------------------------------
                         required time                          9.280    
                         arrival time                          -6.223    
  -------------------------------------------------------------------
                         slack                                  3.058    

Slack (MET) :             3.058ns  (required time - arrival time)
  Source:                 datapath_uut/video_uut/inst_dvid/shift_clock_reg[7]/C
                            (rising edge-triggered cell FDRE clocked by clk_out2_clk_wiz_0  {rise@0.000ns fall@4.000ns period=8.000ns})
  Destination:            datapath_uut/video_uut/inst_dvid/shift_blue_reg[9]/R
                            (rising edge-triggered cell FDRE clocked by clk_out2_clk_wiz_0  {rise@0.000ns fall@4.000ns period=8.000ns})
  Path Group:             clk_out2_clk_wiz_0
  Path Type:              Setup (Max at Slow Process Corner)
  Requirement:            8.000ns  (clk_out2_clk_wiz_0 rise@8.000ns - clk_out2_clk_wiz_0 rise@0.000ns)
  Data Path Delay:        4.390ns  (logic 0.766ns (17.451%)  route 3.624ns (82.549%))
  Logic Levels:           2  (LUT5=1 LUT6=1)
  Clock Path Skew:        -0.052ns (DCD - SCD + CPR)
    Destination Clock Delay (DCD):    1.706ns = ( 9.706 - 8.000 ) 
    Source Clock Delay      (SCD):    1.833ns
    Clock Pessimism Removal (CPR):    0.075ns
  Clock Uncertainty:      0.072ns  ((TSJ^2 + DJ^2)^1/2) / 2 + PE
    Total System Jitter     (TSJ):    0.071ns
    Discrete Jitter          (DJ):    0.125ns
    Phase Error              (PE):    0.000ns

    Location             Delay type                Incr(ns)  Path(ns)    Netlist Resource(s)
  -------------------------------------------------------------------    -------------------
                         (clock clk_out2_clk_wiz_0 rise edge)
                                                      0.000     0.000 r  
    BUFGCTRL_X0Y2        BUFG                         0.000     0.000 r  clk_IBUF_BUFG_inst/O
                         net (fo=36, routed)          2.106     2.106    datapath_uut/video_uut/mmcm_adv_inst_display_clocks/inst/clk_in1
    MMCME2_ADV_X1Y0      MMCME2_ADV (Prop_mmcme2_adv_CLKIN1_CLKOUT1)
                                                     -4.900    -2.793 r  datapath_uut/video_uut/mmcm_adv_inst_display_clocks/inst/mmcm_adv_inst/CLKOUT1
                         net (fo=1, routed)           2.697    -0.096    datapath_uut/video_uut/mmcm_adv_inst_display_clocks/inst/clk_out2_clk_wiz_0
    BUFGCTRL_X0Y0        BUFG (Prop_bufg_I_O)         0.096    -0.000 r  datapath_uut/video_uut/mmcm_adv_inst_display_clocks/inst/clkout2_buf/O
                         net (fo=44, routed)          1.833     1.833    datapath_uut/video_uut/inst_dvid/clk_out2
    SLICE_X162Y148       FDRE                                         r  datapath_uut/video_uut/inst_dvid/shift_clock_reg[7]/C
  -------------------------------------------------------------------    -------------------
    SLICE_X162Y148       FDRE (Prop_fdre_C_Q)         0.518     2.351 r  datapath_uut/video_uut/inst_dvid/shift_clock_reg[7]/Q
                         net (fo=2, routed)           0.829     3.180    datapath_uut/video_uut/inst_dvid/shift_clock_reg_n_0_[7]
    SLICE_X162Y148       LUT6 (Prop_lut6_I3_O)        0.124     3.304 r  datapath_uut/video_uut/inst_dvid/shift_red[9]_i_2/O
                         net (fo=1, routed)           0.307     3.612    datapath_uut/video_uut/inst_dvid/shift_red[9]_i_2_n_0
    SLICE_X162Y147       LUT5 (Prop_lut5_I0_O)        0.124     3.736 r  datapath_uut/video_uut/inst_dvid/shift_red[9]_i_1/O
                         net (fo=30, routed)          2.487     6.223    datapath_uut/video_uut/inst_dvid/shift_red[9]_i_1_n_0
    SLICE_X161Y116       FDRE                                         r  datapath_uut/video_uut/inst_dvid/shift_blue_reg[9]/R
  -------------------------------------------------------------------    -------------------

                         (clock clk_out2_clk_wiz_0 rise edge)
                                                      8.000     8.000 r  
    BUFGCTRL_X0Y2        BUFG                         0.000     8.000 r  clk_IBUF_BUFG_inst/O
                         net (fo=36, routed)          1.972     9.972    datapath_uut/video_uut/mmcm_adv_inst_display_clocks/inst/clk_in1
    MMCME2_ADV_X1Y0      MMCME2_ADV (Prop_mmcme2_adv_CLKIN1_CLKOUT1)
                                                     -4.637     5.335 r  datapath_uut/video_uut/mmcm_adv_inst_display_clocks/inst/mmcm_adv_inst/CLKOUT1
                         net (fo=1, routed)           2.574     7.909    datapath_uut/video_uut/mmcm_adv_inst_display_clocks/inst/clk_out2_clk_wiz_0
    BUFGCTRL_X0Y0        BUFG (Prop_bufg_I_O)         0.091     8.000 r  datapath_uut/video_uut/mmcm_adv_inst_display_clocks/inst/clkout2_buf/O
                         net (fo=44, routed)          1.706     9.706    datapath_uut/video_uut/inst_dvid/clk_out2
    SLICE_X161Y116       FDRE                                         r  datapath_uut/video_uut/inst_dvid/shift_blue_reg[9]/C
                         clock pessimism              0.075     9.781    
                         clock uncertainty           -0.072     9.709    
    SLICE_X161Y116       FDRE (Setup_fdre_C_R)       -0.429     9.280    datapath_uut/video_uut/inst_dvid/shift_blue_reg[9]
  -------------------------------------------------------------------
                         required time                          9.280    
                         arrival time                          -6.223    
  -------------------------------------------------------------------
                         slack                                  3.058    

Slack (MET) :             3.378ns  (required time - arrival time)
  Source:                 datapath_uut/video_uut/inst_dvid/shift_clock_reg[7]/C
                            (rising edge-triggered cell FDRE clocked by clk_out2_clk_wiz_0  {rise@0.000ns fall@4.000ns period=8.000ns})
  Destination:            datapath_uut/video_uut/inst_dvid/shift_red_reg[8]/R
                            (rising edge-triggered cell FDRE clocked by clk_out2_clk_wiz_0  {rise@0.000ns fall@4.000ns period=8.000ns})
  Path Group:             clk_out2_clk_wiz_0
  Path Type:              Setup (Max at Slow Process Corner)
  Requirement:            8.000ns  (clk_out2_clk_wiz_0 rise@8.000ns - clk_out2_clk_wiz_0 rise@0.000ns)
  Data Path Delay:        4.066ns  (logic 0.766ns (18.837%)  route 3.300ns (81.163%))
  Logic Levels:           2  (LUT5=1 LUT6=1)
  Clock Path Skew:        -0.055ns (DCD - SCD + CPR)
    Destination Clock Delay (DCD):    1.703ns = ( 9.703 - 8.000 ) 
    Source Clock Delay      (SCD):    1.833ns
    Clock Pessimism Removal (CPR):    0.075ns
  Clock Uncertainty:      0.072ns  ((TSJ^2 + DJ^2)^1/2) / 2 + PE
    Total System Jitter     (TSJ):    0.071ns
    Discrete Jitter          (DJ):    0.125ns
    Phase Error              (PE):    0.000ns

    Location             Delay type                Incr(ns)  Path(ns)    Netlist Resource(s)
  -------------------------------------------------------------------    -------------------
                         (clock clk_out2_clk_wiz_0 rise edge)
                                                      0.000     0.000 r  
    BUFGCTRL_X0Y2        BUFG                         0.000     0.000 r  clk_IBUF_BUFG_inst/O
                         net (fo=36, routed)          2.106     2.106    datapath_uut/video_uut/mmcm_adv_inst_display_clocks/inst/clk_in1
    MMCME2_ADV_X1Y0      MMCME2_ADV (Prop_mmcme2_adv_CLKIN1_CLKOUT1)
                                                     -4.900    -2.793 r  datapath_uut/video_uut/mmcm_adv_inst_display_clocks/inst/mmcm_adv_inst/CLKOUT1
                         net (fo=1, routed)           2.697    -0.096    datapath_uut/video_uut/mmcm_adv_inst_display_clocks/inst/clk_out2_clk_wiz_0
    BUFGCTRL_X0Y0        BUFG (Prop_bufg_I_O)         0.096    -0.000 r  datapath_uut/video_uut/mmcm_adv_inst_display_clocks/inst/clkout2_buf/O
                         net (fo=44, routed)          1.833     1.833    datapath_uut/video_uut/inst_dvid/clk_out2
    SLICE_X162Y148       FDRE                                         r  datapath_uut/video_uut/inst_dvid/shift_clock_reg[7]/C
  -------------------------------------------------------------------    -------------------
    SLICE_X162Y148       FDRE (Prop_fdre_C_Q)         0.518     2.351 r  datapath_uut/video_uut/inst_dvid/shift_clock_reg[7]/Q
                         net (fo=2, routed)           0.829     3.180    datapath_uut/video_uut/inst_dvid/shift_clock_reg_n_0_[7]
    SLICE_X162Y148       LUT6 (Prop_lut6_I3_O)        0.124     3.304 r  datapath_uut/video_uut/inst_dvid/shift_red[9]_i_2/O
                         net (fo=1, routed)           0.307     3.612    datapath_uut/video_uut/inst_dvid/shift_red[9]_i_2_n_0
    SLICE_X162Y147       LUT5 (Prop_lut5_I0_O)        0.124     3.736 r  datapath_uut/video_uut/inst_dvid/shift_red[9]_i_1/O
                         net (fo=30, routed)          2.164     5.900    datapath_uut/video_uut/inst_dvid/shift_red[9]_i_1_n_0
    SLICE_X160Y118       FDRE                                         r  datapath_uut/video_uut/inst_dvid/shift_red_reg[8]/R
  -------------------------------------------------------------------    -------------------

                         (clock clk_out2_clk_wiz_0 rise edge)
                                                      8.000     8.000 r  
    BUFGCTRL_X0Y2        BUFG                         0.000     8.000 r  clk_IBUF_BUFG_inst/O
                         net (fo=36, routed)          1.972     9.972    datapath_uut/video_uut/mmcm_adv_inst_display_clocks/inst/clk_in1
    MMCME2_ADV_X1Y0      MMCME2_ADV (Prop_mmcme2_adv_CLKIN1_CLKOUT1)
                                                     -4.637     5.335 r  datapath_uut/video_uut/mmcm_adv_inst_display_clocks/inst/mmcm_adv_inst/CLKOUT1
                         net (fo=1, routed)           2.574     7.909    datapath_uut/video_uut/mmcm_adv_inst_display_clocks/inst/clk_out2_clk_wiz_0
    BUFGCTRL_X0Y0        BUFG (Prop_bufg_I_O)         0.091     8.000 r  datapath_uut/video_uut/mmcm_adv_inst_display_clocks/inst/clkout2_buf/O
                         net (fo=44, routed)          1.703     9.703    datapath_uut/video_uut/inst_dvid/clk_out2
    SLICE_X160Y118       FDRE                                         r  datapath_uut/video_uut/inst_dvid/shift_red_reg[8]/C
                         clock pessimism              0.075     9.778    
                         clock uncertainty           -0.072     9.706    
    SLICE_X160Y118       FDRE (Setup_fdre_C_R)       -0.429     9.277    datapath_uut/video_uut/inst_dvid/shift_red_reg[8]
  -------------------------------------------------------------------
                         required time                          9.277    
                         arrival time                          -5.900    
  -------------------------------------------------------------------
                         slack                                  3.378    

Slack (MET) :             3.378ns  (required time - arrival time)
  Source:                 datapath_uut/video_uut/inst_dvid/shift_clock_reg[7]/C
                            (rising edge-triggered cell FDRE clocked by clk_out2_clk_wiz_0  {rise@0.000ns fall@4.000ns period=8.000ns})
  Destination:            datapath_uut/video_uut/inst_dvid/shift_blue_reg[6]/D
                            (rising edge-triggered cell FDRE clocked by clk_out2_clk_wiz_0  {rise@0.000ns fall@4.000ns period=8.000ns})
  Path Group:             clk_out2_clk_wiz_0
  Path Type:              Setup (Max at Slow Process Corner)
  Requirement:            8.000ns  (clk_out2_clk_wiz_0 rise@8.000ns - clk_out2_clk_wiz_0 rise@0.000ns)
  Data Path Delay:        4.531ns  (logic 0.890ns (19.643%)  route 3.641ns (80.357%))
  Logic Levels:           3  (LUT3=1 LUT5=1 LUT6=1)
  Clock Path Skew:        -0.051ns (DCD - SCD + CPR)
    Destination Clock Delay (DCD):    1.707ns = ( 9.707 - 8.000 ) 
    Source Clock Delay      (SCD):    1.833ns
    Clock Pessimism Removal (CPR):    0.075ns
  Clock Uncertainty:      0.072ns  ((TSJ^2 + DJ^2)^1/2) / 2 + PE
    Total System Jitter     (TSJ):    0.071ns
    Discrete Jitter          (DJ):    0.125ns
    Phase Error              (PE):    0.000ns

    Location             Delay type                Incr(ns)  Path(ns)    Netlist Resource(s)
  -------------------------------------------------------------------    -------------------
                         (clock clk_out2_clk_wiz_0 rise edge)
                                                      0.000     0.000 r  
    BUFGCTRL_X0Y2        BUFG                         0.000     0.000 r  clk_IBUF_BUFG_inst/O
                         net (fo=36, routed)          2.106     2.106    datapath_uut/video_uut/mmcm_adv_inst_display_clocks/inst/clk_in1
    MMCME2_ADV_X1Y0      MMCME2_ADV (Prop_mmcme2_adv_CLKIN1_CLKOUT1)
                                                     -4.900    -2.793 r  datapath_uut/video_uut/mmcm_adv_inst_display_clocks/inst/mmcm_adv_inst/CLKOUT1
                         net (fo=1, routed)           2.697    -0.096    datapath_uut/video_uut/mmcm_adv_inst_display_clocks/inst/clk_out2_clk_wiz_0
    BUFGCTRL_X0Y0        BUFG (Prop_bufg_I_O)         0.096    -0.000 r  datapath_uut/video_uut/mmcm_adv_inst_display_clocks/inst/clkout2_buf/O
                         net (fo=44, routed)          1.833     1.833    datapath_uut/video_uut/inst_dvid/clk_out2
    SLICE_X162Y148       FDRE                                         r  datapath_uut/video_uut/inst_dvid/shift_clock_reg[7]/C
  -------------------------------------------------------------------    -------------------
    SLICE_X162Y148       FDRE (Prop_fdre_C_Q)         0.518     2.351 r  datapath_uut/video_uut/inst_dvid/shift_clock_reg[7]/Q
                         net (fo=2, routed)           0.829     3.180    datapath_uut/video_uut/inst_dvid/shift_clock_reg_n_0_[7]
    SLICE_X162Y148       LUT6 (Prop_lut6_I3_O)        0.124     3.304 r  datapath_uut/video_uut/inst_dvid/shift_red[9]_i_2/O
                         net (fo=1, routed)           0.307     3.612    datapath_uut/video_uut/inst_dvid/shift_red[9]_i_2_n_0
    SLICE_X162Y147       LUT5 (Prop_lut5_I0_O)        0.124     3.736 r  datapath_uut/video_uut/inst_dvid/shift_red[9]_i_1/O
                         net (fo=30, routed)          2.504     6.240    datapath_uut/video_uut/inst_dvid/shift_red[9]_i_1_n_0
    SLICE_X163Y115       LUT3 (Prop_lut3_I1_O)        0.124     6.364 r  datapath_uut/video_uut/inst_dvid/shift_blue[6]_i_1/O
                         net (fo=1, routed)           0.000     6.364    datapath_uut/video_uut/inst_dvid/shift_blue_0[6]
    SLICE_X163Y115       FDRE                                         r  datapath_uut/video_uut/inst_dvid/shift_blue_reg[6]/D
  -------------------------------------------------------------------    -------------------

                         (clock clk_out2_clk_wiz_0 rise edge)
                                                      8.000     8.000 r  
    BUFGCTRL_X0Y2        BUFG                         0.000     8.000 r  clk_IBUF_BUFG_inst/O
                         net (fo=36, routed)          1.972     9.972    datapath_uut/video_uut/mmcm_adv_inst_display_clocks/inst/clk_in1
    MMCME2_ADV_X1Y0      MMCME2_ADV (Prop_mmcme2_adv_CLKIN1_CLKOUT1)
                                                     -4.637     5.335 r  datapath_uut/video_uut/mmcm_adv_inst_display_clocks/inst/mmcm_adv_inst/CLKOUT1
                         net (fo=1, routed)           2.574     7.909    datapath_uut/video_uut/mmcm_adv_inst_display_clocks/inst/clk_out2_clk_wiz_0
    BUFGCTRL_X0Y0        BUFG (Prop_bufg_I_O)         0.091     8.000 r  datapath_uut/video_uut/mmcm_adv_inst_display_clocks/inst/clkout2_buf/O
                         net (fo=44, routed)          1.707     9.707    datapath_uut/video_uut/inst_dvid/clk_out2
    SLICE_X163Y115       FDRE                                         r  datapath_uut/video_uut/inst_dvid/shift_blue_reg[6]/C
                         clock pessimism              0.075     9.782    
                         clock uncertainty           -0.072     9.710    
    SLICE_X163Y115       FDRE (Setup_fdre_C_D)        0.032     9.742    datapath_uut/video_uut/inst_dvid/shift_blue_reg[6]
  -------------------------------------------------------------------
                         required time                          9.742    
                         arrival time                          -6.364    
  -------------------------------------------------------------------
                         slack                                  3.378    

Slack (MET) :             3.382ns  (required time - arrival time)
  Source:                 datapath_uut/video_uut/inst_dvid/shift_clock_reg[7]/C
                            (rising edge-triggered cell FDRE clocked by clk_out2_clk_wiz_0  {rise@0.000ns fall@4.000ns period=8.000ns})
  Destination:            datapath_uut/video_uut/inst_dvid/shift_blue_reg[4]/D
                            (rising edge-triggered cell FDRE clocked by clk_out2_clk_wiz_0  {rise@0.000ns fall@4.000ns period=8.000ns})
  Path Group:             clk_out2_clk_wiz_0
  Path Type:              Setup (Max at Slow Process Corner)
  Requirement:            8.000ns  (clk_out2_clk_wiz_0 rise@8.000ns - clk_out2_clk_wiz_0 rise@0.000ns)
  Data Path Delay:        4.526ns  (logic 0.890ns (19.665%)  route 3.636ns (80.335%))
  Logic Levels:           3  (LUT3=1 LUT5=1 LUT6=1)
  Clock Path Skew:        -0.051ns (DCD - SCD + CPR)
    Destination Clock Delay (DCD):    1.707ns = ( 9.707 - 8.000 ) 
    Source Clock Delay      (SCD):    1.833ns
    Clock Pessimism Removal (CPR):    0.075ns
  Clock Uncertainty:      0.072ns  ((TSJ^2 + DJ^2)^1/2) / 2 + PE
    Total System Jitter     (TSJ):    0.071ns
    Discrete Jitter          (DJ):    0.125ns
    Phase Error              (PE):    0.000ns

    Location             Delay type                Incr(ns)  Path(ns)    Netlist Resource(s)
  -------------------------------------------------------------------    -------------------
                         (clock clk_out2_clk_wiz_0 rise edge)
                                                      0.000     0.000 r  
    BUFGCTRL_X0Y2        BUFG                         0.000     0.000 r  clk_IBUF_BUFG_inst/O
                         net (fo=36, routed)          2.106     2.106    datapath_uut/video_uut/mmcm_adv_inst_display_clocks/inst/clk_in1
    MMCME2_ADV_X1Y0      MMCME2_ADV (Prop_mmcme2_adv_CLKIN1_CLKOUT1)
                                                     -4.900    -2.793 r  datapath_uut/video_uut/mmcm_adv_inst_display_clocks/inst/mmcm_adv_inst/CLKOUT1
                         net (fo=1, routed)           2.697    -0.096    datapath_uut/video_uut/mmcm_adv_inst_display_clocks/inst/clk_out2_clk_wiz_0
    BUFGCTRL_X0Y0        BUFG (Prop_bufg_I_O)         0.096    -0.000 r  datapath_uut/video_uut/mmcm_adv_inst_display_clocks/inst/clkout2_buf/O
                         net (fo=44, routed)          1.833     1.833    datapath_uut/video_uut/inst_dvid/clk_out2
    SLICE_X162Y148       FDRE                                         r  datapath_uut/video_uut/inst_dvid/shift_clock_reg[7]/C
  -------------------------------------------------------------------    -------------------
    SLICE_X162Y148       FDRE (Prop_fdre_C_Q)         0.518     2.351 r  datapath_uut/video_uut/inst_dvid/shift_clock_reg[7]/Q
                         net (fo=2, routed)           0.829     3.180    datapath_uut/video_uut/inst_dvid/shift_clock_reg_n_0_[7]
    SLICE_X162Y148       LUT6 (Prop_lut6_I3_O)        0.124     3.304 r  datapath_uut/video_uut/inst_dvid/shift_red[9]_i_2/O
                         net (fo=1, routed)           0.307     3.612    datapath_uut/video_uut/inst_dvid/shift_red[9]_i_2_n_0
    SLICE_X162Y147       LUT5 (Prop_lut5_I0_O)        0.124     3.736 r  datapath_uut/video_uut/inst_dvid/shift_red[9]_i_1/O
                         net (fo=30, routed)          2.499     6.235    datapath_uut/video_uut/inst_dvid/shift_red[9]_i_1_n_0
    SLICE_X163Y115       LUT3 (Prop_lut3_I1_O)        0.124     6.359 r  datapath_uut/video_uut/inst_dvid/shift_blue[4]_i_1/O
                         net (fo=1, routed)           0.000     6.359    datapath_uut/video_uut/inst_dvid/shift_blue_0[4]
    SLICE_X163Y115       FDRE                                         r  datapath_uut/video_uut/inst_dvid/shift_blue_reg[4]/D
  -------------------------------------------------------------------    -------------------

                         (clock clk_out2_clk_wiz_0 rise edge)
                                                      8.000     8.000 r  
    BUFGCTRL_X0Y2        BUFG                         0.000     8.000 r  clk_IBUF_BUFG_inst/O
                         net (fo=36, routed)          1.972     9.972    datapath_uut/video_uut/mmcm_adv_inst_display_clocks/inst/clk_in1
    MMCME2_ADV_X1Y0      MMCME2_ADV (Prop_mmcme2_adv_CLKIN1_CLKOUT1)
                                                     -4.637     5.335 r  datapath_uut/video_uut/mmcm_adv_inst_display_clocks/inst/mmcm_adv_inst/CLKOUT1
                         net (fo=1, routed)           2.574     7.909    datapath_uut/video_uut/mmcm_adv_inst_display_clocks/inst/clk_out2_clk_wiz_0
    BUFGCTRL_X0Y0        BUFG (Prop_bufg_I_O)         0.091     8.000 r  datapath_uut/video_uut/mmcm_adv_inst_display_clocks/inst/clkout2_buf/O
                         net (fo=44, routed)          1.707     9.707    datapath_uut/video_uut/inst_dvid/clk_out2
    SLICE_X163Y115       FDRE                                         r  datapath_uut/video_uut/inst_dvid/shift_blue_reg[4]/C
                         clock pessimism              0.075     9.782    
                         clock uncertainty           -0.072     9.710    
    SLICE_X163Y115       FDRE (Setup_fdre_C_D)        0.031     9.741    datapath_uut/video_uut/inst_dvid/shift_blue_reg[4]
  -------------------------------------------------------------------
                         required time                          9.741    
                         arrival time                          -6.359    
  -------------------------------------------------------------------
                         slack                                  3.382    

Slack (MET) :             3.396ns  (required time - arrival time)
  Source:                 datapath_uut/video_uut/inst_dvid/shift_clock_reg[7]/C
                            (rising edge-triggered cell FDRE clocked by clk_out2_clk_wiz_0  {rise@0.000ns fall@4.000ns period=8.000ns})
  Destination:            datapath_uut/video_uut/inst_dvid/shift_blue_reg[7]/D
                            (rising edge-triggered cell FDRE clocked by clk_out2_clk_wiz_0  {rise@0.000ns fall@4.000ns period=8.000ns})
  Path Group:             clk_out2_clk_wiz_0
  Path Type:              Setup (Max at Slow Process Corner)
  Requirement:            8.000ns  (clk_out2_clk_wiz_0 rise@8.000ns - clk_out2_clk_wiz_0 rise@0.000ns)
  Data Path Delay:        4.556ns  (logic 0.915ns (20.084%)  route 3.641ns (79.916%))
  Logic Levels:           3  (LUT3=1 LUT5=1 LUT6=1)
  Clock Path Skew:        -0.051ns (DCD - SCD + CPR)
    Destination Clock Delay (DCD):    1.707ns = ( 9.707 - 8.000 ) 
    Source Clock Delay      (SCD):    1.833ns
    Clock Pessimism Removal (CPR):    0.075ns
  Clock Uncertainty:      0.072ns  ((TSJ^2 + DJ^2)^1/2) / 2 + PE
    Total System Jitter     (TSJ):    0.071ns
    Discrete Jitter          (DJ):    0.125ns
    Phase Error              (PE):    0.000ns

    Location             Delay type                Incr(ns)  Path(ns)    Netlist Resource(s)
  -------------------------------------------------------------------    -------------------
                         (clock clk_out2_clk_wiz_0 rise edge)
                                                      0.000     0.000 r  
    BUFGCTRL_X0Y2        BUFG                         0.000     0.000 r  clk_IBUF_BUFG_inst/O
                         net (fo=36, routed)          2.106     2.106    datapath_uut/video_uut/mmcm_adv_inst_display_clocks/inst/clk_in1
    MMCME2_ADV_X1Y0      MMCME2_ADV (Prop_mmcme2_adv_CLKIN1_CLKOUT1)
                                                     -4.900    -2.793 r  datapath_uut/video_uut/mmcm_adv_inst_display_clocks/inst/mmcm_adv_inst/CLKOUT1
                         net (fo=1, routed)           2.697    -0.096    datapath_uut/video_uut/mmcm_adv_inst_display_clocks/inst/clk_out2_clk_wiz_0
    BUFGCTRL_X0Y0        BUFG (Prop_bufg_I_O)         0.096    -0.000 r  datapath_uut/video_uut/mmcm_adv_inst_display_clocks/inst/clkout2_buf/O
                         net (fo=44, routed)          1.833     1.833    datapath_uut/video_uut/inst_dvid/clk_out2
    SLICE_X162Y148       FDRE                                         r  datapath_uut/video_uut/inst_dvid/shift_clock_reg[7]/C
  -------------------------------------------------------------------    -------------------
    SLICE_X162Y148       FDRE (Prop_fdre_C_Q)         0.518     2.351 r  datapath_uut/video_uut/inst_dvid/shift_clock_reg[7]/Q
                         net (fo=2, routed)           0.829     3.180    datapath_uut/video_uut/inst_dvid/shift_clock_reg_n_0_[7]
    SLICE_X162Y148       LUT6 (Prop_lut6_I3_O)        0.124     3.304 r  datapath_uut/video_uut/inst_dvid/shift_red[9]_i_2/O
                         net (fo=1, routed)           0.307     3.612    datapath_uut/video_uut/inst_dvid/shift_red[9]_i_2_n_0
    SLICE_X162Y147       LUT5 (Prop_lut5_I0_O)        0.124     3.736 r  datapath_uut/video_uut/inst_dvid/shift_red[9]_i_1/O
                         net (fo=30, routed)          2.504     6.240    datapath_uut/video_uut/inst_dvid/shift_red[9]_i_1_n_0
    SLICE_X163Y115       LUT3 (Prop_lut3_I1_O)        0.149     6.389 r  datapath_uut/video_uut/inst_dvid/shift_blue[7]_i_1/O
                         net (fo=1, routed)           0.000     6.389    datapath_uut/video_uut/inst_dvid/shift_blue_0[7]
    SLICE_X163Y115       FDRE                                         r  datapath_uut/video_uut/inst_dvid/shift_blue_reg[7]/D
  -------------------------------------------------------------------    -------------------

                         (clock clk_out2_clk_wiz_0 rise edge)
                                                      8.000     8.000 r  
    BUFGCTRL_X0Y2        BUFG                         0.000     8.000 r  clk_IBUF_BUFG_inst/O
                         net (fo=36, routed)          1.972     9.972    datapath_uut/video_uut/mmcm_adv_inst_display_clocks/inst/clk_in1
    MMCME2_ADV_X1Y0      MMCME2_ADV (Prop_mmcme2_adv_CLKIN1_CLKOUT1)
                                                     -4.637     5.335 r  datapath_uut/video_uut/mmcm_adv_inst_display_clocks/inst/mmcm_adv_inst/CLKOUT1
                         net (fo=1, routed)           2.574     7.909    datapath_uut/video_uut/mmcm_adv_inst_display_clocks/inst/clk_out2_clk_wiz_0
    BUFGCTRL_X0Y0        BUFG (Prop_bufg_I_O)         0.091     8.000 r  datapath_uut/video_uut/mmcm_adv_inst_display_clocks/inst/clkout2_buf/O
                         net (fo=44, routed)          1.707     9.707    datapath_uut/video_uut/inst_dvid/clk_out2
    SLICE_X163Y115       FDRE                                         r  datapath_uut/video_uut/inst_dvid/shift_blue_reg[7]/C
                         clock pessimism              0.075     9.782    
                         clock uncertainty           -0.072     9.710    
    SLICE_X163Y115       FDRE (Setup_fdre_C_D)        0.075     9.785    datapath_uut/video_uut/inst_dvid/shift_blue_reg[7]
  -------------------------------------------------------------------
                         required time                          9.785    
                         arrival time                          -6.389    
  -------------------------------------------------------------------
                         slack                                  3.396    

Slack (MET) :             3.396ns  (required time - arrival time)
  Source:                 datapath_uut/video_uut/inst_dvid/shift_clock_reg[7]/C
                            (rising edge-triggered cell FDRE clocked by clk_out2_clk_wiz_0  {rise@0.000ns fall@4.000ns period=8.000ns})
  Destination:            datapath_uut/video_uut/inst_dvid/shift_blue_reg[5]/D
                            (rising edge-triggered cell FDRE clocked by clk_out2_clk_wiz_0  {rise@0.000ns fall@4.000ns period=8.000ns})
  Path Group:             clk_out2_clk_wiz_0
  Path Type:              Setup (Max at Slow Process Corner)
  Requirement:            8.000ns  (clk_out2_clk_wiz_0 rise@8.000ns - clk_out2_clk_wiz_0 rise@0.000ns)
  Data Path Delay:        4.556ns  (logic 0.920ns (20.194%)  route 3.636ns (79.806%))
  Logic Levels:           3  (LUT3=1 LUT5=1 LUT6=1)
  Clock Path Skew:        -0.051ns (DCD - SCD + CPR)
    Destination Clock Delay (DCD):    1.707ns = ( 9.707 - 8.000 ) 
    Source Clock Delay      (SCD):    1.833ns
    Clock Pessimism Removal (CPR):    0.075ns
  Clock Uncertainty:      0.072ns  ((TSJ^2 + DJ^2)^1/2) / 2 + PE
    Total System Jitter     (TSJ):    0.071ns
    Discrete Jitter          (DJ):    0.125ns
    Phase Error              (PE):    0.000ns

    Location             Delay type                Incr(ns)  Path(ns)    Netlist Resource(s)
  -------------------------------------------------------------------    -------------------
                         (clock clk_out2_clk_wiz_0 rise edge)
                                                      0.000     0.000 r  
    BUFGCTRL_X0Y2        BUFG                         0.000     0.000 r  clk_IBUF_BUFG_inst/O
                         net (fo=36, routed)          2.106     2.106    datapath_uut/video_uut/mmcm_adv_inst_display_clocks/inst/clk_in1
    MMCME2_ADV_X1Y0      MMCME2_ADV (Prop_mmcme2_adv_CLKIN1_CLKOUT1)
                                                     -4.900    -2.793 r  datapath_uut/video_uut/mmcm_adv_inst_display_clocks/inst/mmcm_adv_inst/CLKOUT1
                         net (fo=1, routed)           2.697    -0.096    datapath_uut/video_uut/mmcm_adv_inst_display_clocks/inst/clk_out2_clk_wiz_0
    BUFGCTRL_X0Y0        BUFG (Prop_bufg_I_O)         0.096    -0.000 r  datapath_uut/video_uut/mmcm_adv_inst_display_clocks/inst/clkout2_buf/O
                         net (fo=44, routed)          1.833     1.833    datapath_uut/video_uut/inst_dvid/clk_out2
    SLICE_X162Y148       FDRE                                         r  datapath_uut/video_uut/inst_dvid/shift_clock_reg[7]/C
  -------------------------------------------------------------------    -------------------
    SLICE_X162Y148       FDRE (Prop_fdre_C_Q)         0.518     2.351 r  datapath_uut/video_uut/inst_dvid/shift_clock_reg[7]/Q
                         net (fo=2, routed)           0.829     3.180    datapath_uut/video_uut/inst_dvid/shift_clock_reg_n_0_[7]
    SLICE_X162Y148       LUT6 (Prop_lut6_I3_O)        0.124     3.304 r  datapath_uut/video_uut/inst_dvid/shift_red[9]_i_2/O
                         net (fo=1, routed)           0.307     3.612    datapath_uut/video_uut/inst_dvid/shift_red[9]_i_2_n_0
    SLICE_X162Y147       LUT5 (Prop_lut5_I0_O)        0.124     3.736 r  datapath_uut/video_uut/inst_dvid/shift_red[9]_i_1/O
                         net (fo=30, routed)          2.499     6.235    datapath_uut/video_uut/inst_dvid/shift_red[9]_i_1_n_0
    SLICE_X163Y115       LUT3 (Prop_lut3_I1_O)        0.154     6.389 r  datapath_uut/video_uut/inst_dvid/shift_blue[5]_i_1/O
                         net (fo=1, routed)           0.000     6.389    datapath_uut/video_uut/inst_dvid/shift_blue_0[5]
    SLICE_X163Y115       FDRE                                         r  datapath_uut/video_uut/inst_dvid/shift_blue_reg[5]/D
  -------------------------------------------------------------------    -------------------

                         (clock clk_out2_clk_wiz_0 rise edge)
                                                      8.000     8.000 r  
    BUFGCTRL_X0Y2        BUFG                         0.000     8.000 r  clk_IBUF_BUFG_inst/O
                         net (fo=36, routed)          1.972     9.972    datapath_uut/video_uut/mmcm_adv_inst_display_clocks/inst/clk_in1
    MMCME2_ADV_X1Y0      MMCME2_ADV (Prop_mmcme2_adv_CLKIN1_CLKOUT1)
                                                     -4.637     5.335 r  datapath_uut/video_uut/mmcm_adv_inst_display_clocks/inst/mmcm_adv_inst/CLKOUT1
                         net (fo=1, routed)           2.574     7.909    datapath_uut/video_uut/mmcm_adv_inst_display_clocks/inst/clk_out2_clk_wiz_0
    BUFGCTRL_X0Y0        BUFG (Prop_bufg_I_O)         0.091     8.000 r  datapath_uut/video_uut/mmcm_adv_inst_display_clocks/inst/clkout2_buf/O
                         net (fo=44, routed)          1.707     9.707    datapath_uut/video_uut/inst_dvid/clk_out2
    SLICE_X163Y115       FDRE                                         r  datapath_uut/video_uut/inst_dvid/shift_blue_reg[5]/C
                         clock pessimism              0.075     9.782    
                         clock uncertainty           -0.072     9.710    
    SLICE_X163Y115       FDRE (Setup_fdre_C_D)        0.075     9.785    datapath_uut/video_uut/inst_dvid/shift_blue_reg[5]
  -------------------------------------------------------------------
                         required time                          9.785    
                         arrival time                          -6.389    
  -------------------------------------------------------------------
                         slack                                  3.396    

Slack (MET) :             3.420ns  (required time - arrival time)
  Source:                 datapath_uut/video_uut/inst_dvid/shift_clock_reg[7]/C
                            (rising edge-triggered cell FDRE clocked by clk_out2_clk_wiz_0  {rise@0.000ns fall@4.000ns period=8.000ns})
  Destination:            datapath_uut/video_uut/inst_dvid/shift_red_reg[4]/D
                            (rising edge-triggered cell FDRE clocked by clk_out2_clk_wiz_0  {rise@0.000ns fall@4.000ns period=8.000ns})
  Path Group:             clk_out2_clk_wiz_0
  Path Type:              Setup (Max at Slow Process Corner)
  Requirement:            8.000ns  (clk_out2_clk_wiz_0 rise@8.000ns - clk_out2_clk_wiz_0 rise@0.000ns)
  Data Path Delay:        4.484ns  (logic 0.890ns (19.846%)  route 3.594ns (80.154%))
  Logic Levels:           3  (LUT3=1 LUT5=1 LUT6=1)
  Clock Path Skew:        -0.055ns (DCD - SCD + CPR)
    Destination Clock Delay (DCD):    1.703ns = ( 9.703 - 8.000 ) 
    Source Clock Delay      (SCD):    1.833ns
    Clock Pessimism Removal (CPR):    0.075ns
  Clock Uncertainty:      0.072ns  ((TSJ^2 + DJ^2)^1/2) / 2 + PE
    Total System Jitter     (TSJ):    0.071ns
    Discrete Jitter          (DJ):    0.125ns
    Phase Error              (PE):    0.000ns

    Location             Delay type                Incr(ns)  Path(ns)    Netlist Resource(s)
  -------------------------------------------------------------------    -------------------
                         (clock clk_out2_clk_wiz_0 rise edge)
                                                      0.000     0.000 r  
    BUFGCTRL_X0Y2        BUFG                         0.000     0.000 r  clk_IBUF_BUFG_inst/O
                         net (fo=36, routed)          2.106     2.106    datapath_uut/video_uut/mmcm_adv_inst_display_clocks/inst/clk_in1
    MMCME2_ADV_X1Y0      MMCME2_ADV (Prop_mmcme2_adv_CLKIN1_CLKOUT1)
                                                     -4.900    -2.793 r  datapath_uut/video_uut/mmcm_adv_inst_display_clocks/inst/mmcm_adv_inst/CLKOUT1
                         net (fo=1, routed)           2.697    -0.096    datapath_uut/video_uut/mmcm_adv_inst_display_clocks/inst/clk_out2_clk_wiz_0
    BUFGCTRL_X0Y0        BUFG (Prop_bufg_I_O)         0.096    -0.000 r  datapath_uut/video_uut/mmcm_adv_inst_display_clocks/inst/clkout2_buf/O
                         net (fo=44, routed)          1.833     1.833    datapath_uut/video_uut/inst_dvid/clk_out2
    SLICE_X162Y148       FDRE                                         r  datapath_uut/video_uut/inst_dvid/shift_clock_reg[7]/C
  -------------------------------------------------------------------    -------------------
    SLICE_X162Y148       FDRE (Prop_fdre_C_Q)         0.518     2.351 r  datapath_uut/video_uut/inst_dvid/shift_clock_reg[7]/Q
                         net (fo=2, routed)           0.829     3.180    datapath_uut/video_uut/inst_dvid/shift_clock_reg_n_0_[7]
    SLICE_X162Y148       LUT6 (Prop_lut6_I3_O)        0.124     3.304 r  datapath_uut/video_uut/inst_dvid/shift_red[9]_i_2/O
                         net (fo=1, routed)           0.307     3.612    datapath_uut/video_uut/inst_dvid/shift_red[9]_i_2_n_0
    SLICE_X162Y147       LUT5 (Prop_lut5_I0_O)        0.124     3.736 r  datapath_uut/video_uut/inst_dvid/shift_red[9]_i_1/O
                         net (fo=30, routed)          2.458     6.194    datapath_uut/video_uut/inst_dvid/shift_red[9]_i_1_n_0
    SLICE_X163Y118       LUT3 (Prop_lut3_I1_O)        0.124     6.318 r  datapath_uut/video_uut/inst_dvid/shift_red[4]_i_1/O
                         net (fo=1, routed)           0.000     6.318    datapath_uut/video_uut/inst_dvid/shift_red[4]
    SLICE_X163Y118       FDRE                                         r  datapath_uut/video_uut/inst_dvid/shift_red_reg[4]/D
  -------------------------------------------------------------------    -------------------

                         (clock clk_out2_clk_wiz_0 rise edge)
                                                      8.000     8.000 r  
    BUFGCTRL_X0Y2        BUFG                         0.000     8.000 r  clk_IBUF_BUFG_inst/O
                         net (fo=36, routed)          1.972     9.972    datapath_uut/video_uut/mmcm_adv_inst_display_clocks/inst/clk_in1
    MMCME2_ADV_X1Y0      MMCME2_ADV (Prop_mmcme2_adv_CLKIN1_CLKOUT1)
                                                     -4.637     5.335 r  datapath_uut/video_uut/mmcm_adv_inst_display_clocks/inst/mmcm_adv_inst/CLKOUT1
                         net (fo=1, routed)           2.574     7.909    datapath_uut/video_uut/mmcm_adv_inst_display_clocks/inst/clk_out2_clk_wiz_0
    BUFGCTRL_X0Y0        BUFG (Prop_bufg_I_O)         0.091     8.000 r  datapath_uut/video_uut/mmcm_adv_inst_display_clocks/inst/clkout2_buf/O
                         net (fo=44, routed)          1.703     9.703    datapath_uut/video_uut/inst_dvid/clk_out2
    SLICE_X163Y118       FDRE                                         r  datapath_uut/video_uut/inst_dvid/shift_red_reg[4]/C
                         clock pessimism              0.075     9.778    
                         clock uncertainty           -0.072     9.706    
    SLICE_X163Y118       FDRE (Setup_fdre_C_D)        0.031     9.737    datapath_uut/video_uut/inst_dvid/shift_red_reg[4]
  -------------------------------------------------------------------
                         required time                          9.737    
                         arrival time                          -6.318    
  -------------------------------------------------------------------
                         slack                                  3.420    

Slack (MET) :             3.436ns  (required time - arrival time)
  Source:                 datapath_uut/video_uut/inst_dvid/shift_clock_reg[7]/C
                            (rising edge-triggered cell FDRE clocked by clk_out2_clk_wiz_0  {rise@0.000ns fall@4.000ns period=8.000ns})
  Destination:            datapath_uut/video_uut/inst_dvid/shift_red_reg[5]/D
                            (rising edge-triggered cell FDRE clocked by clk_out2_clk_wiz_0  {rise@0.000ns fall@4.000ns period=8.000ns})
  Path Group:             clk_out2_clk_wiz_0
  Path Type:              Setup (Max at Slow Process Corner)
  Requirement:            8.000ns  (clk_out2_clk_wiz_0 rise@8.000ns - clk_out2_clk_wiz_0 rise@0.000ns)
  Data Path Delay:        4.512ns  (logic 0.918ns (20.344%)  route 3.594ns (79.656%))
  Logic Levels:           3  (LUT3=1 LUT5=1 LUT6=1)
  Clock Path Skew:        -0.055ns (DCD - SCD + CPR)
    Destination Clock Delay (DCD):    1.703ns = ( 9.703 - 8.000 ) 
    Source Clock Delay      (SCD):    1.833ns
    Clock Pessimism Removal (CPR):    0.075ns
  Clock Uncertainty:      0.072ns  ((TSJ^2 + DJ^2)^1/2) / 2 + PE
    Total System Jitter     (TSJ):    0.071ns
    Discrete Jitter          (DJ):    0.125ns
    Phase Error              (PE):    0.000ns

    Location             Delay type                Incr(ns)  Path(ns)    Netlist Resource(s)
  -------------------------------------------------------------------    -------------------
                         (clock clk_out2_clk_wiz_0 rise edge)
                                                      0.000     0.000 r  
    BUFGCTRL_X0Y2        BUFG                         0.000     0.000 r  clk_IBUF_BUFG_inst/O
                         net (fo=36, routed)          2.106     2.106    datapath_uut/video_uut/mmcm_adv_inst_display_clocks/inst/clk_in1
    MMCME2_ADV_X1Y0      MMCME2_ADV (Prop_mmcme2_adv_CLKIN1_CLKOUT1)
                                                     -4.900    -2.793 r  datapath_uut/video_uut/mmcm_adv_inst_display_clocks/inst/mmcm_adv_inst/CLKOUT1
                         net (fo=1, routed)           2.697    -0.096    datapath_uut/video_uut/mmcm_adv_inst_display_clocks/inst/clk_out2_clk_wiz_0
    BUFGCTRL_X0Y0        BUFG (Prop_bufg_I_O)         0.096    -0.000 r  datapath_uut/video_uut/mmcm_adv_inst_display_clocks/inst/clkout2_buf/O
                         net (fo=44, routed)          1.833     1.833    datapath_uut/video_uut/inst_dvid/clk_out2
    SLICE_X162Y148       FDRE                                         r  datapath_uut/video_uut/inst_dvid/shift_clock_reg[7]/C
  -------------------------------------------------------------------    -------------------
    SLICE_X162Y148       FDRE (Prop_fdre_C_Q)         0.518     2.351 r  datapath_uut/video_uut/inst_dvid/shift_clock_reg[7]/Q
                         net (fo=2, routed)           0.829     3.180    datapath_uut/video_uut/inst_dvid/shift_clock_reg_n_0_[7]
    SLICE_X162Y148       LUT6 (Prop_lut6_I3_O)        0.124     3.304 r  datapath_uut/video_uut/inst_dvid/shift_red[9]_i_2/O
                         net (fo=1, routed)           0.307     3.612    datapath_uut/video_uut/inst_dvid/shift_red[9]_i_2_n_0
    SLICE_X162Y147       LUT5 (Prop_lut5_I0_O)        0.124     3.736 r  datapath_uut/video_uut/inst_dvid/shift_red[9]_i_1/O
                         net (fo=30, routed)          2.458     6.194    datapath_uut/video_uut/inst_dvid/shift_red[9]_i_1_n_0
    SLICE_X163Y118       LUT3 (Prop_lut3_I1_O)        0.152     6.346 r  datapath_uut/video_uut/inst_dvid/shift_red[5]_i_1/O
                         net (fo=1, routed)           0.000     6.346    datapath_uut/video_uut/inst_dvid/shift_red[5]
    SLICE_X163Y118       FDRE                                         r  datapath_uut/video_uut/inst_dvid/shift_red_reg[5]/D
  -------------------------------------------------------------------    -------------------

                         (clock clk_out2_clk_wiz_0 rise edge)
                                                      8.000     8.000 r  
    BUFGCTRL_X0Y2        BUFG                         0.000     8.000 r  clk_IBUF_BUFG_inst/O
                         net (fo=36, routed)          1.972     9.972    datapath_uut/video_uut/mmcm_adv_inst_display_clocks/inst/clk_in1
    MMCME2_ADV_X1Y0      MMCME2_ADV (Prop_mmcme2_adv_CLKIN1_CLKOUT1)
                                                     -4.637     5.335 r  datapath_uut/video_uut/mmcm_adv_inst_display_clocks/inst/mmcm_adv_inst/CLKOUT1
                         net (fo=1, routed)           2.574     7.909    datapath_uut/video_uut/mmcm_adv_inst_display_clocks/inst/clk_out2_clk_wiz_0
    BUFGCTRL_X0Y0        BUFG (Prop_bufg_I_O)         0.091     8.000 r  datapath_uut/video_uut/mmcm_adv_inst_display_clocks/inst/clkout2_buf/O
                         net (fo=44, routed)          1.703     9.703    datapath_uut/video_uut/inst_dvid/clk_out2
    SLICE_X163Y118       FDRE                                         r  datapath_uut/video_uut/inst_dvid/shift_red_reg[5]/C
                         clock pessimism              0.075     9.778    
                         clock uncertainty           -0.072     9.706    
    SLICE_X163Y118       FDRE (Setup_fdre_C_D)        0.075     9.781    datapath_uut/video_uut/inst_dvid/shift_red_reg[5]
  -------------------------------------------------------------------
                         required time                          9.781    
                         arrival time                          -6.346    
  -------------------------------------------------------------------
                         slack                                  3.436    

Slack (MET) :             3.534ns  (required time - arrival time)
  Source:                 datapath_uut/video_uut/inst_dvid/shift_clock_reg[7]/C
                            (rising edge-triggered cell FDRE clocked by clk_out2_clk_wiz_0  {rise@0.000ns fall@4.000ns period=8.000ns})
  Destination:            datapath_uut/video_uut/inst_dvid/shift_red_reg[9]/R
                            (rising edge-triggered cell FDRE clocked by clk_out2_clk_wiz_0  {rise@0.000ns fall@4.000ns period=8.000ns})
  Path Group:             clk_out2_clk_wiz_0
  Path Type:              Setup (Max at Slow Process Corner)
  Requirement:            8.000ns  (clk_out2_clk_wiz_0 rise@8.000ns - clk_out2_clk_wiz_0 rise@0.000ns)
  Data Path Delay:        3.909ns  (logic 0.766ns (19.595%)  route 3.143ns (80.405%))
  Logic Levels:           2  (LUT5=1 LUT6=1)
  Clock Path Skew:        -0.056ns (DCD - SCD + CPR)
    Destination Clock Delay (DCD):    1.702ns = ( 9.702 - 8.000 ) 
    Source Clock Delay      (SCD):    1.833ns
    Clock Pessimism Removal (CPR):    0.075ns
  Clock Uncertainty:      0.072ns  ((TSJ^2 + DJ^2)^1/2) / 2 + PE
    Total System Jitter     (TSJ):    0.071ns
    Discrete Jitter          (DJ):    0.125ns
    Phase Error              (PE):    0.000ns

    Location             Delay type                Incr(ns)  Path(ns)    Netlist Resource(s)
  -------------------------------------------------------------------    -------------------
                         (clock clk_out2_clk_wiz_0 rise edge)
                                                      0.000     0.000 r  
    BUFGCTRL_X0Y2        BUFG                         0.000     0.000 r  clk_IBUF_BUFG_inst/O
                         net (fo=36, routed)          2.106     2.106    datapath_uut/video_uut/mmcm_adv_inst_display_clocks/inst/clk_in1
    MMCME2_ADV_X1Y0      MMCME2_ADV (Prop_mmcme2_adv_CLKIN1_CLKOUT1)
                                                     -4.900    -2.793 r  datapath_uut/video_uut/mmcm_adv_inst_display_clocks/inst/mmcm_adv_inst/CLKOUT1
                         net (fo=1, routed)           2.697    -0.096    datapath_uut/video_uut/mmcm_adv_inst_display_clocks/inst/clk_out2_clk_wiz_0
    BUFGCTRL_X0Y0        BUFG (Prop_bufg_I_O)         0.096    -0.000 r  datapath_uut/video_uut/mmcm_adv_inst_display_clocks/inst/clkout2_buf/O
                         net (fo=44, routed)          1.833     1.833    datapath_uut/video_uut/inst_dvid/clk_out2
    SLICE_X162Y148       FDRE                                         r  datapath_uut/video_uut/inst_dvid/shift_clock_reg[7]/C
  -------------------------------------------------------------------    -------------------
    SLICE_X162Y148       FDRE (Prop_fdre_C_Q)         0.518     2.351 r  datapath_uut/video_uut/inst_dvid/shift_clock_reg[7]/Q
                         net (fo=2, routed)           0.829     3.180    datapath_uut/video_uut/inst_dvid/shift_clock_reg_n_0_[7]
    SLICE_X162Y148       LUT6 (Prop_lut6_I3_O)        0.124     3.304 r  datapath_uut/video_uut/inst_dvid/shift_red[9]_i_2/O
                         net (fo=1, routed)           0.307     3.612    datapath_uut/video_uut/inst_dvid/shift_red[9]_i_2_n_0
    SLICE_X162Y147       LUT5 (Prop_lut5_I0_O)        0.124     3.736 r  datapath_uut/video_uut/inst_dvid/shift_red[9]_i_1/O
                         net (fo=30, routed)          2.007     5.742    datapath_uut/video_uut/inst_dvid/shift_red[9]_i_1_n_0
    SLICE_X160Y119       FDRE                                         r  datapath_uut/video_uut/inst_dvid/shift_red_reg[9]/R
  -------------------------------------------------------------------    -------------------

                         (clock clk_out2_clk_wiz_0 rise edge)
                                                      8.000     8.000 r  
    BUFGCTRL_X0Y2        BUFG                         0.000     8.000 r  clk_IBUF_BUFG_inst/O
                         net (fo=36, routed)          1.972     9.972    datapath_uut/video_uut/mmcm_adv_inst_display_clocks/inst/clk_in1
    MMCME2_ADV_X1Y0      MMCME2_ADV (Prop_mmcme2_adv_CLKIN1_CLKOUT1)
                                                     -4.637     5.335 r  datapath_uut/video_uut/mmcm_adv_inst_display_clocks/inst/mmcm_adv_inst/CLKOUT1
                         net (fo=1, routed)           2.574     7.909    datapath_uut/video_uut/mmcm_adv_inst_display_clocks/inst/clk_out2_clk_wiz_0
    BUFGCTRL_X0Y0        BUFG (Prop_bufg_I_O)         0.091     8.000 r  datapath_uut/video_uut/mmcm_adv_inst_display_clocks/inst/clkout2_buf/O
                         net (fo=44, routed)          1.702     9.702    datapath_uut/video_uut/inst_dvid/clk_out2
    SLICE_X160Y119       FDRE                                         r  datapath_uut/video_uut/inst_dvid/shift_red_reg[9]/C
                         clock pessimism              0.075     9.777    
                         clock uncertainty           -0.072     9.705    
    SLICE_X160Y119       FDRE (Setup_fdre_C_R)       -0.429     9.276    datapath_uut/video_uut/inst_dvid/shift_red_reg[9]
  -------------------------------------------------------------------
                         required time                          9.276    
                         arrival time                          -5.742    
  -------------------------------------------------------------------
                         slack                                  3.534    





Min Delay Paths
--------------------------------------------------------------------------------------
Slack (MET) :             0.181ns  (arrival time - required time)
  Source:                 datapath_uut/video_uut/inst_dvid/shift_green_reg[8]/C
                            (rising edge-triggered cell FDRE clocked by clk_out2_clk_wiz_0  {rise@0.000ns fall@4.000ns period=8.000ns})
  Destination:            datapath_uut/video_uut/inst_dvid/shift_green_reg[6]/D
                            (rising edge-triggered cell FDRE clocked by clk_out2_clk_wiz_0  {rise@0.000ns fall@4.000ns period=8.000ns})
  Path Group:             clk_out2_clk_wiz_0
  Path Type:              Hold (Min at Fast Process Corner)
  Requirement:            0.000ns  (clk_out2_clk_wiz_0 rise@0.000ns - clk_out2_clk_wiz_0 rise@0.000ns)
  Data Path Delay:        0.316ns  (logic 0.186ns (58.784%)  route 0.130ns (41.216%))
  Logic Levels:           1  (LUT3=1)
  Clock Path Skew:        0.015ns (DCD - SCD - CPR)
    Destination Clock Delay (DCD):    0.908ns
    Source Clock Delay      (SCD):    0.636ns
    Clock Pessimism Removal (CPR):    0.257ns

    Location             Delay type                Incr(ns)  Path(ns)    Netlist Resource(s)
  -------------------------------------------------------------------    -------------------
                         (clock clk_out2_clk_wiz_0 rise edge)
                                                      0.000     0.000 r  
    BUFGCTRL_X0Y2        BUFG                         0.000     0.000 r  clk_IBUF_BUFG_inst/O
                         net (fo=36, routed)          0.745     0.745    datapath_uut/video_uut/mmcm_adv_inst_display_clocks/inst/clk_in1
    MMCME2_ADV_X1Y0      MMCME2_ADV (Prop_mmcme2_adv_CLKIN1_CLKOUT1)
                                                     -1.683    -0.938 r  datapath_uut/video_uut/mmcm_adv_inst_display_clocks/inst/mmcm_adv_inst/CLKOUT1
                         net (fo=1, routed)           0.912    -0.026    datapath_uut/video_uut/mmcm_adv_inst_display_clocks/inst/clk_out2_clk_wiz_0
    BUFGCTRL_X0Y0        BUFG (Prop_bufg_I_O)         0.026    -0.000 r  datapath_uut/video_uut/mmcm_adv_inst_display_clocks/inst/clkout2_buf/O
                         net (fo=44, routed)          0.636     0.636    datapath_uut/video_uut/inst_dvid/clk_out2
    SLICE_X161Y126       FDRE                                         r  datapath_uut/video_uut/inst_dvid/shift_green_reg[8]/C
  -------------------------------------------------------------------    -------------------
    SLICE_X161Y126       FDRE (Prop_fdre_C_Q)         0.141     0.777 r  datapath_uut/video_uut/inst_dvid/shift_green_reg[8]/Q
                         net (fo=1, routed)           0.130     0.907    datapath_uut/video_uut/inst_dvid/shift_green[8]
    SLICE_X162Y127       LUT3 (Prop_lut3_I0_O)        0.045     0.952 r  datapath_uut/video_uut/inst_dvid/shift_green[6]_i_1/O
                         net (fo=1, routed)           0.000     0.952    datapath_uut/video_uut/inst_dvid/shift_green_1[6]
    SLICE_X162Y127       FDRE                                         r  datapath_uut/video_uut/inst_dvid/shift_green_reg[6]/D
  -------------------------------------------------------------------    -------------------

                         (clock clk_out2_clk_wiz_0 rise edge)
                                                      0.000     0.000 r  
    BUFGCTRL_X0Y2        BUFG                         0.000     0.000 r  clk_IBUF_BUFG_inst/O
                         net (fo=36, routed)          1.022     1.022    datapath_uut/video_uut/mmcm_adv_inst_display_clocks/inst/clk_in1
    MMCME2_ADV_X1Y0      MMCME2_ADV (Prop_mmcme2_adv_CLKIN1_CLKOUT1)
                                                     -2.040    -1.018 r  datapath_uut/video_uut/mmcm_adv_inst_display_clocks/inst/mmcm_adv_inst/CLKOUT1
                         net (fo=1, routed)           0.989    -0.029    datapath_uut/video_uut/mmcm_adv_inst_display_clocks/inst/clk_out2_clk_wiz_0
    BUFGCTRL_X0Y0        BUFG (Prop_bufg_I_O)         0.029    -0.000 r  datapath_uut/video_uut/mmcm_adv_inst_display_clocks/inst/clkout2_buf/O
                         net (fo=44, routed)          0.908     0.908    datapath_uut/video_uut/inst_dvid/clk_out2
    SLICE_X162Y127       FDRE                                         r  datapath_uut/video_uut/inst_dvid/shift_green_reg[6]/C
                         clock pessimism             -0.257     0.651    
    SLICE_X162Y127       FDRE (Hold_fdre_C_D)         0.120     0.771    datapath_uut/video_uut/inst_dvid/shift_green_reg[6]
  -------------------------------------------------------------------
                         required time                         -0.771    
                         arrival time                           0.952    
  -------------------------------------------------------------------
                         slack                                  0.181    

Slack (MET) :             0.187ns  (arrival time - required time)
  Source:                 datapath_uut/video_uut/inst_dvid/shift_clock_reg[5]/C
                            (rising edge-triggered cell FDRE clocked by clk_out2_clk_wiz_0  {rise@0.000ns fall@4.000ns period=8.000ns})
  Destination:            datapath_uut/video_uut/inst_dvid/shift_clock_reg[3]/D
                            (rising edge-triggered cell FDRE clocked by clk_out2_clk_wiz_0  {rise@0.000ns fall@4.000ns period=8.000ns})
  Path Group:             clk_out2_clk_wiz_0
  Path Type:              Hold (Min at Fast Process Corner)
  Requirement:            0.000ns  (clk_out2_clk_wiz_0 rise@0.000ns - clk_out2_clk_wiz_0 rise@0.000ns)
  Data Path Delay:        0.266ns  (logic 0.141ns (52.980%)  route 0.125ns (47.020%))
  Logic Levels:           0  
  Clock Path Skew:        0.016ns (DCD - SCD - CPR)
    Destination Clock Delay (DCD):    0.922ns
    Source Clock Delay      (SCD):    0.649ns
    Clock Pessimism Removal (CPR):    0.257ns

    Location             Delay type                Incr(ns)  Path(ns)    Netlist Resource(s)
  -------------------------------------------------------------------    -------------------
                         (clock clk_out2_clk_wiz_0 rise edge)
                                                      0.000     0.000 r  
    BUFGCTRL_X0Y2        BUFG                         0.000     0.000 r  clk_IBUF_BUFG_inst/O
                         net (fo=36, routed)          0.745     0.745    datapath_uut/video_uut/mmcm_adv_inst_display_clocks/inst/clk_in1
    MMCME2_ADV_X1Y0      MMCME2_ADV (Prop_mmcme2_adv_CLKIN1_CLKOUT1)
                                                     -1.683    -0.938 r  datapath_uut/video_uut/mmcm_adv_inst_display_clocks/inst/mmcm_adv_inst/CLKOUT1
                         net (fo=1, routed)           0.912    -0.026    datapath_uut/video_uut/mmcm_adv_inst_display_clocks/inst/clk_out2_clk_wiz_0
    BUFGCTRL_X0Y0        BUFG (Prop_bufg_I_O)         0.026    -0.000 r  datapath_uut/video_uut/mmcm_adv_inst_display_clocks/inst/clkout2_buf/O
                         net (fo=44, routed)          0.649     0.649    datapath_uut/video_uut/inst_dvid/clk_out2
    SLICE_X163Y148       FDRE                                         r  datapath_uut/video_uut/inst_dvid/shift_clock_reg[5]/C
  -------------------------------------------------------------------    -------------------
    SLICE_X163Y148       FDRE (Prop_fdre_C_Q)         0.141     0.790 r  datapath_uut/video_uut/inst_dvid/shift_clock_reg[5]/Q
                         net (fo=2, routed)           0.125     0.915    datapath_uut/video_uut/inst_dvid/shift_clock_reg_n_0_[5]
    SLICE_X162Y147       FDRE                                         r  datapath_uut/video_uut/inst_dvid/shift_clock_reg[3]/D
  -------------------------------------------------------------------    -------------------

                         (clock clk_out2_clk_wiz_0 rise edge)
                                                      0.000     0.000 r  
    BUFGCTRL_X0Y2        BUFG                         0.000     0.000 r  clk_IBUF_BUFG_inst/O
                         net (fo=36, routed)          1.022     1.022    datapath_uut/video_uut/mmcm_adv_inst_display_clocks/inst/clk_in1
    MMCME2_ADV_X1Y0      MMCME2_ADV (Prop_mmcme2_adv_CLKIN1_CLKOUT1)
                                                     -2.040    -1.018 r  datapath_uut/video_uut/mmcm_adv_inst_display_clocks/inst/mmcm_adv_inst/CLKOUT1
                         net (fo=1, routed)           0.989    -0.029    datapath_uut/video_uut/mmcm_adv_inst_display_clocks/inst/clk_out2_clk_wiz_0
    BUFGCTRL_X0Y0        BUFG (Prop_bufg_I_O)         0.029    -0.000 r  datapath_uut/video_uut/mmcm_adv_inst_display_clocks/inst/clkout2_buf/O
                         net (fo=44, routed)          0.922     0.922    datapath_uut/video_uut/inst_dvid/clk_out2
    SLICE_X162Y147       FDRE                                         r  datapath_uut/video_uut/inst_dvid/shift_clock_reg[3]/C
                         clock pessimism             -0.257     0.665    
    SLICE_X162Y147       FDRE (Hold_fdre_C_D)         0.063     0.728    datapath_uut/video_uut/inst_dvid/shift_clock_reg[3]
  -------------------------------------------------------------------
                         required time                         -0.728    
                         arrival time                           0.915    
  -------------------------------------------------------------------
                         slack                                  0.187    

Slack (MET) :             0.201ns  (arrival time - required time)
  Source:                 datapath_uut/video_uut/inst_dvid/shift_red_reg[9]/C
                            (rising edge-triggered cell FDRE clocked by clk_out2_clk_wiz_0  {rise@0.000ns fall@4.000ns period=8.000ns})
  Destination:            datapath_uut/video_uut/inst_dvid/shift_red_reg[7]/D
                            (rising edge-triggered cell FDRE clocked by clk_out2_clk_wiz_0  {rise@0.000ns fall@4.000ns period=8.000ns})
  Path Group:             clk_out2_clk_wiz_0
  Path Type:              Hold (Min at Fast Process Corner)
  Requirement:            0.000ns  (clk_out2_clk_wiz_0 rise@0.000ns - clk_out2_clk_wiz_0 rise@0.000ns)
  Data Path Delay:        0.323ns  (logic 0.192ns (59.489%)  route 0.131ns (40.511%))
  Logic Levels:           1  (LUT3=1)
  Clock Path Skew:        0.015ns (DCD - SCD - CPR)
    Destination Clock Delay (DCD):    0.912ns
    Source Clock Delay      (SCD):    0.640ns
    Clock Pessimism Removal (CPR):    0.257ns

    Location             Delay type                Incr(ns)  Path(ns)    Netlist Resource(s)
  -------------------------------------------------------------------    -------------------
                         (clock clk_out2_clk_wiz_0 rise edge)
                                                      0.000     0.000 r  
    BUFGCTRL_X0Y2        BUFG                         0.000     0.000 r  clk_IBUF_BUFG_inst/O
                         net (fo=36, routed)          0.745     0.745    datapath_uut/video_uut/mmcm_adv_inst_display_clocks/inst/clk_in1
    MMCME2_ADV_X1Y0      MMCME2_ADV (Prop_mmcme2_adv_CLKIN1_CLKOUT1)
                                                     -1.683    -0.938 r  datapath_uut/video_uut/mmcm_adv_inst_display_clocks/inst/mmcm_adv_inst/CLKOUT1
                         net (fo=1, routed)           0.912    -0.026    datapath_uut/video_uut/mmcm_adv_inst_display_clocks/inst/clk_out2_clk_wiz_0
    BUFGCTRL_X0Y0        BUFG (Prop_bufg_I_O)         0.026    -0.000 r  datapath_uut/video_uut/mmcm_adv_inst_display_clocks/inst/clkout2_buf/O
                         net (fo=44, routed)          0.640     0.640    datapath_uut/video_uut/inst_dvid/clk_out2
    SLICE_X160Y119       FDRE                                         r  datapath_uut/video_uut/inst_dvid/shift_red_reg[9]/C
  -------------------------------------------------------------------    -------------------
    SLICE_X160Y119       FDRE (Prop_fdre_C_Q)         0.141     0.781 r  datapath_uut/video_uut/inst_dvid/shift_red_reg[9]/Q
                         net (fo=1, routed)           0.131     0.911    datapath_uut/video_uut/inst_dvid/data1[7]
    SLICE_X163Y118       LUT3 (Prop_lut3_I0_O)        0.051     0.962 r  datapath_uut/video_uut/inst_dvid/shift_red[7]_i_1/O
                         net (fo=1, routed)           0.000     0.962    datapath_uut/video_uut/inst_dvid/shift_red[7]
    SLICE_X163Y118       FDRE                                         r  datapath_uut/video_uut/inst_dvid/shift_red_reg[7]/D
  -------------------------------------------------------------------    -------------------

                         (clock clk_out2_clk_wiz_0 rise edge)
                                                      0.000     0.000 r  
    BUFGCTRL_X0Y2        BUFG                         0.000     0.000 r  clk_IBUF_BUFG_inst/O
                         net (fo=36, routed)          1.022     1.022    datapath_uut/video_uut/mmcm_adv_inst_display_clocks/inst/clk_in1
    MMCME2_ADV_X1Y0      MMCME2_ADV (Prop_mmcme2_adv_CLKIN1_CLKOUT1)
                                                     -2.040    -1.018 r  datapath_uut/video_uut/mmcm_adv_inst_display_clocks/inst/mmcm_adv_inst/CLKOUT1
                         net (fo=1, routed)           0.989    -0.029    datapath_uut/video_uut/mmcm_adv_inst_display_clocks/inst/clk_out2_clk_wiz_0
    BUFGCTRL_X0Y0        BUFG (Prop_bufg_I_O)         0.029    -0.000 r  datapath_uut/video_uut/mmcm_adv_inst_display_clocks/inst/clkout2_buf/O
                         net (fo=44, routed)          0.912     0.912    datapath_uut/video_uut/inst_dvid/clk_out2
    SLICE_X163Y118       FDRE                                         r  datapath_uut/video_uut/inst_dvid/shift_red_reg[7]/C
                         clock pessimism             -0.257     0.655    
    SLICE_X163Y118       FDRE (Hold_fdre_C_D)         0.107     0.762    datapath_uut/video_uut/inst_dvid/shift_red_reg[7]
  -------------------------------------------------------------------
                         required time                         -0.762    
                         arrival time                           0.962    
  -------------------------------------------------------------------
                         slack                                  0.201    

Slack (MET) :             0.206ns  (arrival time - required time)
  Source:                 datapath_uut/video_uut/inst_dvid/shift_blue_reg[8]/C
                            (rising edge-triggered cell FDRE clocked by clk_out2_clk_wiz_0  {rise@0.000ns fall@4.000ns period=8.000ns})
  Destination:            datapath_uut/video_uut/inst_dvid/shift_blue_reg[6]/D
                            (rising edge-triggered cell FDRE clocked by clk_out2_clk_wiz_0  {rise@0.000ns fall@4.000ns period=8.000ns})
  Path Group:             clk_out2_clk_wiz_0
  Path Type:              Hold (Min at Fast Process Corner)
  Requirement:            0.000ns  (clk_out2_clk_wiz_0 rise@0.000ns - clk_out2_clk_wiz_0 rise@0.000ns)
  Data Path Delay:        0.313ns  (logic 0.186ns (59.392%)  route 0.127ns (40.608%))
  Logic Levels:           1  (LUT3=1)
  Clock Path Skew:        0.015ns (DCD - SCD - CPR)
    Destination Clock Delay (DCD):    0.915ns
    Source Clock Delay      (SCD):    0.643ns
    Clock Pessimism Removal (CPR):    0.257ns

    Location             Delay type                Incr(ns)  Path(ns)    Netlist Resource(s)
  -------------------------------------------------------------------    -------------------
                         (clock clk_out2_clk_wiz_0 rise edge)
                                                      0.000     0.000 r  
    BUFGCTRL_X0Y2        BUFG                         0.000     0.000 r  clk_IBUF_BUFG_inst/O
                         net (fo=36, routed)          0.745     0.745    datapath_uut/video_uut/mmcm_adv_inst_display_clocks/inst/clk_in1
    MMCME2_ADV_X1Y0      MMCME2_ADV (Prop_mmcme2_adv_CLKIN1_CLKOUT1)
                                                     -1.683    -0.938 r  datapath_uut/video_uut/mmcm_adv_inst_display_clocks/inst/mmcm_adv_inst/CLKOUT1
                         net (fo=1, routed)           0.912    -0.026    datapath_uut/video_uut/mmcm_adv_inst_display_clocks/inst/clk_out2_clk_wiz_0
    BUFGCTRL_X0Y0        BUFG (Prop_bufg_I_O)         0.026    -0.000 r  datapath_uut/video_uut/mmcm_adv_inst_display_clocks/inst/clkout2_buf/O
                         net (fo=44, routed)          0.643     0.643    datapath_uut/video_uut/inst_dvid/clk_out2
    SLICE_X161Y116       FDRE                                         r  datapath_uut/video_uut/inst_dvid/shift_blue_reg[8]/C
  -------------------------------------------------------------------    -------------------
    SLICE_X161Y116       FDRE (Prop_fdre_C_Q)         0.141     0.784 r  datapath_uut/video_uut/inst_dvid/shift_blue_reg[8]/Q
                         net (fo=1, routed)           0.127     0.911    datapath_uut/video_uut/inst_dvid/shift_blue[8]
    SLICE_X163Y115       LUT3 (Prop_lut3_I0_O)        0.045     0.956 r  datapath_uut/video_uut/inst_dvid/shift_blue[6]_i_1/O
                         net (fo=1, routed)           0.000     0.956    datapath_uut/video_uut/inst_dvid/shift_blue_0[6]
    SLICE_X163Y115       FDRE                                         r  datapath_uut/video_uut/inst_dvid/shift_blue_reg[6]/D
  -------------------------------------------------------------------    -------------------

                         (clock clk_out2_clk_wiz_0 rise edge)
                                                      0.000     0.000 r  
    BUFGCTRL_X0Y2        BUFG                         0.000     0.000 r  clk_IBUF_BUFG_inst/O
                         net (fo=36, routed)          1.022     1.022    datapath_uut/video_uut/mmcm_adv_inst_display_clocks/inst/clk_in1
    MMCME2_ADV_X1Y0      MMCME2_ADV (Prop_mmcme2_adv_CLKIN1_CLKOUT1)
                                                     -2.040    -1.018 r  datapath_uut/video_uut/mmcm_adv_inst_display_clocks/inst/mmcm_adv_inst/CLKOUT1
                         net (fo=1, routed)           0.989    -0.029    datapath_uut/video_uut/mmcm_adv_inst_display_clocks/inst/clk_out2_clk_wiz_0
    BUFGCTRL_X0Y0        BUFG (Prop_bufg_I_O)         0.029    -0.000 r  datapath_uut/video_uut/mmcm_adv_inst_display_clocks/inst/clkout2_buf/O
                         net (fo=44, routed)          0.915     0.915    datapath_uut/video_uut/inst_dvid/clk_out2
    SLICE_X163Y115       FDRE                                         r  datapath_uut/video_uut/inst_dvid/shift_blue_reg[6]/C
                         clock pessimism             -0.257     0.658    
    SLICE_X163Y115       FDRE (Hold_fdre_C_D)         0.092     0.750    datapath_uut/video_uut/inst_dvid/shift_blue_reg[6]
  -------------------------------------------------------------------
                         required time                         -0.750    
                         arrival time                           0.956    
  -------------------------------------------------------------------
                         slack                                  0.206    

Slack (MET) :             0.209ns  (arrival time - required time)
  Source:                 datapath_uut/video_uut/inst_dvid/shift_blue_reg[5]/C
                            (rising edge-triggered cell FDRE clocked by clk_out2_clk_wiz_0  {rise@0.000ns fall@4.000ns period=8.000ns})
  Destination:            datapath_uut/video_uut/inst_dvid/shift_blue_reg[3]/D
                            (rising edge-triggered cell FDRE clocked by clk_out2_clk_wiz_0  {rise@0.000ns fall@4.000ns period=8.000ns})
  Path Group:             clk_out2_clk_wiz_0
  Path Type:              Hold (Min at Fast Process Corner)
  Requirement:            0.000ns  (clk_out2_clk_wiz_0 rise@0.000ns - clk_out2_clk_wiz_0 rise@0.000ns)
  Data Path Delay:        0.316ns  (logic 0.230ns (72.738%)  route 0.086ns (27.262%))
  Logic Levels:           1  (LUT3=1)
  Clock Path Skew:        0.000ns (DCD - SCD - CPR)
    Destination Clock Delay (DCD):    0.915ns
    Source Clock Delay      (SCD):    0.644ns
    Clock Pessimism Removal (CPR):    0.271ns

    Location             Delay type                Incr(ns)  Path(ns)    Netlist Resource(s)
  -------------------------------------------------------------------    -------------------
                         (clock clk_out2_clk_wiz_0 rise edge)
                                                      0.000     0.000 r  
    BUFGCTRL_X0Y2        BUFG                         0.000     0.000 r  clk_IBUF_BUFG_inst/O
                         net (fo=36, routed)          0.745     0.745    datapath_uut/video_uut/mmcm_adv_inst_display_clocks/inst/clk_in1
    MMCME2_ADV_X1Y0      MMCME2_ADV (Prop_mmcme2_adv_CLKIN1_CLKOUT1)
                                                     -1.683    -0.938 r  datapath_uut/video_uut/mmcm_adv_inst_display_clocks/inst/mmcm_adv_inst/CLKOUT1
                         net (fo=1, routed)           0.912    -0.026    datapath_uut/video_uut/mmcm_adv_inst_display_clocks/inst/clk_out2_clk_wiz_0
    BUFGCTRL_X0Y0        BUFG (Prop_bufg_I_O)         0.026    -0.000 r  datapath_uut/video_uut/mmcm_adv_inst_display_clocks/inst/clkout2_buf/O
                         net (fo=44, routed)          0.644     0.644    datapath_uut/video_uut/inst_dvid/clk_out2
    SLICE_X163Y115       FDRE                                         r  datapath_uut/video_uut/inst_dvid/shift_blue_reg[5]/C
  -------------------------------------------------------------------    -------------------
    SLICE_X163Y115       FDRE (Prop_fdre_C_Q)         0.128     0.772 r  datapath_uut/video_uut/inst_dvid/shift_blue_reg[5]/Q
                         net (fo=1, routed)           0.086     0.858    datapath_uut/video_uut/inst_dvid/shift_blue[5]
    SLICE_X163Y115       LUT3 (Prop_lut3_I0_O)        0.102     0.960 r  datapath_uut/video_uut/inst_dvid/shift_blue[3]_i_1/O
                         net (fo=1, routed)           0.000     0.960    datapath_uut/video_uut/inst_dvid/shift_blue_0[3]
    SLICE_X163Y115       FDRE                                         r  datapath_uut/video_uut/inst_dvid/shift_blue_reg[3]/D
  -------------------------------------------------------------------    -------------------

                         (clock clk_out2_clk_wiz_0 rise edge)
                                                      0.000     0.000 r  
    BUFGCTRL_X0Y2        BUFG                         0.000     0.000 r  clk_IBUF_BUFG_inst/O
                         net (fo=36, routed)          1.022     1.022    datapath_uut/video_uut/mmcm_adv_inst_display_clocks/inst/clk_in1
    MMCME2_ADV_X1Y0      MMCME2_ADV (Prop_mmcme2_adv_CLKIN1_CLKOUT1)
                                                     -2.040    -1.018 r  datapath_uut/video_uut/mmcm_adv_inst_display_clocks/inst/mmcm_adv_inst/CLKOUT1
                         net (fo=1, routed)           0.989    -0.029    datapath_uut/video_uut/mmcm_adv_inst_display_clocks/inst/clk_out2_clk_wiz_0
    BUFGCTRL_X0Y0        BUFG (Prop_bufg_I_O)         0.029    -0.000 r  datapath_uut/video_uut/mmcm_adv_inst_display_clocks/inst/clkout2_buf/O
                         net (fo=44, routed)          0.915     0.915    datapath_uut/video_uut/inst_dvid/clk_out2
    SLICE_X163Y115       FDRE                                         r  datapath_uut/video_uut/inst_dvid/shift_blue_reg[3]/C
                         clock pessimism             -0.271     0.644    
    SLICE_X163Y115       FDRE (Hold_fdre_C_D)         0.107     0.751    datapath_uut/video_uut/inst_dvid/shift_blue_reg[3]
  -------------------------------------------------------------------
                         required time                         -0.751    
                         arrival time                           0.960    
  -------------------------------------------------------------------
                         slack                                  0.209    

Slack (MET) :             0.209ns  (arrival time - required time)
  Source:                 datapath_uut/video_uut/inst_dvid/shift_red_reg[7]/C
                            (rising edge-triggered cell FDRE clocked by clk_out2_clk_wiz_0  {rise@0.000ns fall@4.000ns period=8.000ns})
  Destination:            datapath_uut/video_uut/inst_dvid/shift_red_reg[5]/D
                            (rising edge-triggered cell FDRE clocked by clk_out2_clk_wiz_0  {rise@0.000ns fall@4.000ns period=8.000ns})
  Path Group:             clk_out2_clk_wiz_0
  Path Type:              Hold (Min at Fast Process Corner)
  Requirement:            0.000ns  (clk_out2_clk_wiz_0 rise@0.000ns - clk_out2_clk_wiz_0 rise@0.000ns)
  Data Path Delay:        0.316ns  (logic 0.230ns (72.738%)  route 0.086ns (27.262%))
  Logic Levels:           1  (LUT3=1)
  Clock Path Skew:        0.000ns (DCD - SCD - CPR)
    Destination Clock Delay (DCD):    0.912ns
    Source Clock Delay      (SCD):    0.641ns
    Clock Pessimism Removal (CPR):    0.271ns

    Location             Delay type                Incr(ns)  Path(ns)    Netlist Resource(s)
  -------------------------------------------------------------------    -------------------
                         (clock clk_out2_clk_wiz_0 rise edge)
                                                      0.000     0.000 r  
    BUFGCTRL_X0Y2        BUFG                         0.000     0.000 r  clk_IBUF_BUFG_inst/O
                         net (fo=36, routed)          0.745     0.745    datapath_uut/video_uut/mmcm_adv_inst_display_clocks/inst/clk_in1
    MMCME2_ADV_X1Y0      MMCME2_ADV (Prop_mmcme2_adv_CLKIN1_CLKOUT1)
                                                     -1.683    -0.938 r  datapath_uut/video_uut/mmcm_adv_inst_display_clocks/inst/mmcm_adv_inst/CLKOUT1
                         net (fo=1, routed)           0.912    -0.026    datapath_uut/video_uut/mmcm_adv_inst_display_clocks/inst/clk_out2_clk_wiz_0
    BUFGCTRL_X0Y0        BUFG (Prop_bufg_I_O)         0.026    -0.000 r  datapath_uut/video_uut/mmcm_adv_inst_display_clocks/inst/clkout2_buf/O
                         net (fo=44, routed)          0.641     0.641    datapath_uut/video_uut/inst_dvid/clk_out2
    SLICE_X163Y118       FDRE                                         r  datapath_uut/video_uut/inst_dvid/shift_red_reg[7]/C
  -------------------------------------------------------------------    -------------------
    SLICE_X163Y118       FDRE (Prop_fdre_C_Q)         0.128     0.769 r  datapath_uut/video_uut/inst_dvid/shift_red_reg[7]/Q
                         net (fo=1, routed)           0.086     0.855    datapath_uut/video_uut/inst_dvid/data1[5]
    SLICE_X163Y118       LUT3 (Prop_lut3_I0_O)        0.102     0.957 r  datapath_uut/video_uut/inst_dvid/shift_red[5]_i_1/O
                         net (fo=1, routed)           0.000     0.957    datapath_uut/video_uut/inst_dvid/shift_red[5]
    SLICE_X163Y118       FDRE                                         r  datapath_uut/video_uut/inst_dvid/shift_red_reg[5]/D
  -------------------------------------------------------------------    -------------------

                         (clock clk_out2_clk_wiz_0 rise edge)
                                                      0.000     0.000 r  
    BUFGCTRL_X0Y2        BUFG                         0.000     0.000 r  clk_IBUF_BUFG_inst/O
                         net (fo=36, routed)          1.022     1.022    datapath_uut/video_uut/mmcm_adv_inst_display_clocks/inst/clk_in1
    MMCME2_ADV_X1Y0      MMCME2_ADV (Prop_mmcme2_adv_CLKIN1_CLKOUT1)
                                                     -2.040    -1.018 r  datapath_uut/video_uut/mmcm_adv_inst_display_clocks/inst/mmcm_adv_inst/CLKOUT1
                         net (fo=1, routed)           0.989    -0.029    datapath_uut/video_uut/mmcm_adv_inst_display_clocks/inst/clk_out2_clk_wiz_0
    BUFGCTRL_X0Y0        BUFG (Prop_bufg_I_O)         0.029    -0.000 r  datapath_uut/video_uut/mmcm_adv_inst_display_clocks/inst/clkout2_buf/O
                         net (fo=44, routed)          0.912     0.912    datapath_uut/video_uut/inst_dvid/clk_out2
    SLICE_X163Y118       FDRE                                         r  datapath_uut/video_uut/inst_dvid/shift_red_reg[5]/C
                         clock pessimism             -0.271     0.641    
    SLICE_X163Y118       FDRE (Hold_fdre_C_D)         0.107     0.748    datapath_uut/video_uut/inst_dvid/shift_red_reg[5]
  -------------------------------------------------------------------
                         required time                         -0.748    
                         arrival time                           0.957    
  -------------------------------------------------------------------
                         slack                                  0.209    

Slack (MET) :             0.212ns  (arrival time - required time)
  Source:                 datapath_uut/video_uut/inst_dvid/shift_green_reg[5]/C
                            (rising edge-triggered cell FDRE clocked by clk_out2_clk_wiz_0  {rise@0.000ns fall@4.000ns period=8.000ns})
  Destination:            datapath_uut/video_uut/inst_dvid/shift_green_reg[3]/D
                            (rising edge-triggered cell FDRE clocked by clk_out2_clk_wiz_0  {rise@0.000ns fall@4.000ns period=8.000ns})
  Path Group:             clk_out2_clk_wiz_0
  Path Type:              Hold (Min at Fast Process Corner)
  Requirement:            0.000ns  (clk_out2_clk_wiz_0 rise@0.000ns - clk_out2_clk_wiz_0 rise@0.000ns)
  Data Path Delay:        0.343ns  (logic 0.249ns (72.541%)  route 0.094ns (27.459%))
  Logic Levels:           1  (LUT3=1)
  Clock Path Skew:        0.000ns (DCD - SCD - CPR)
    Destination Clock Delay (DCD):    0.910ns
    Source Clock Delay      (SCD):    0.639ns
    Clock Pessimism Removal (CPR):    0.271ns

    Location             Delay type                Incr(ns)  Path(ns)    Netlist Resource(s)
  -------------------------------------------------------------------    -------------------
                         (clock clk_out2_clk_wiz_0 rise edge)
                                                      0.000     0.000 r  
    BUFGCTRL_X0Y2        BUFG                         0.000     0.000 r  clk_IBUF_BUFG_inst/O
                         net (fo=36, routed)          0.745     0.745    datapath_uut/video_uut/mmcm_adv_inst_display_clocks/inst/clk_in1
    MMCME2_ADV_X1Y0      MMCME2_ADV (Prop_mmcme2_adv_CLKIN1_CLKOUT1)
                                                     -1.683    -0.938 r  datapath_uut/video_uut/mmcm_adv_inst_display_clocks/inst/mmcm_adv_inst/CLKOUT1
                         net (fo=1, routed)           0.912    -0.026    datapath_uut/video_uut/mmcm_adv_inst_display_clocks/inst/clk_out2_clk_wiz_0
    BUFGCTRL_X0Y0        BUFG (Prop_bufg_I_O)         0.026    -0.000 r  datapath_uut/video_uut/mmcm_adv_inst_display_clocks/inst/clkout2_buf/O
                         net (fo=44, routed)          0.639     0.639    datapath_uut/video_uut/inst_dvid/clk_out2
    SLICE_X162Y129       FDRE                                         r  datapath_uut/video_uut/inst_dvid/shift_green_reg[5]/C
  -------------------------------------------------------------------    -------------------
    SLICE_X162Y129       FDRE (Prop_fdre_C_Q)         0.148     0.787 r  datapath_uut/video_uut/inst_dvid/shift_green_reg[5]/Q
                         net (fo=1, routed)           0.094     0.881    datapath_uut/video_uut/inst_dvid/shift_green[5]
    SLICE_X162Y129       LUT3 (Prop_lut3_I0_O)        0.101     0.982 r  datapath_uut/video_uut/inst_dvid/shift_green[3]_i_1/O
                         net (fo=1, routed)           0.000     0.982    datapath_uut/video_uut/inst_dvid/shift_green_1[3]
    SLICE_X162Y129       FDRE                                         r  datapath_uut/video_uut/inst_dvid/shift_green_reg[3]/D
  -------------------------------------------------------------------    -------------------

                         (clock clk_out2_clk_wiz_0 rise edge)
                                                      0.000     0.000 r  
    BUFGCTRL_X0Y2        BUFG                         0.000     0.000 r  clk_IBUF_BUFG_inst/O
                         net (fo=36, routed)          1.022     1.022    datapath_uut/video_uut/mmcm_adv_inst_display_clocks/inst/clk_in1
    MMCME2_ADV_X1Y0      MMCME2_ADV (Prop_mmcme2_adv_CLKIN1_CLKOUT1)
                                                     -2.040    -1.018 r  datapath_uut/video_uut/mmcm_adv_inst_display_clocks/inst/mmcm_adv_inst/CLKOUT1
                         net (fo=1, routed)           0.989    -0.029    datapath_uut/video_uut/mmcm_adv_inst_display_clocks/inst/clk_out2_clk_wiz_0
    BUFGCTRL_X0Y0        BUFG (Prop_bufg_I_O)         0.029    -0.000 r  datapath_uut/video_uut/mmcm_adv_inst_display_clocks/inst/clkout2_buf/O
                         net (fo=44, routed)          0.910     0.910    datapath_uut/video_uut/inst_dvid/clk_out2
    SLICE_X162Y129       FDRE                                         r  datapath_uut/video_uut/inst_dvid/shift_green_reg[3]/C
                         clock pessimism             -0.271     0.639    
    SLICE_X162Y129       FDRE (Hold_fdre_C_D)         0.131     0.770    datapath_uut/video_uut/inst_dvid/shift_green_reg[3]
  -------------------------------------------------------------------
                         required time                         -0.770    
                         arrival time                           0.982    
  -------------------------------------------------------------------
                         slack                                  0.212    

Slack (MET) :             0.220ns  (arrival time - required time)
  Source:                 datapath_uut/video_uut/inst_dvid/shift_red_reg[2]/C
                            (rising edge-triggered cell FDRE clocked by clk_out2_clk_wiz_0  {rise@0.000ns fall@4.000ns period=8.000ns})
  Destination:            datapath_uut/video_uut/inst_dvid/shift_red_reg[0]/D
                            (rising edge-triggered cell FDRE clocked by clk_out2_clk_wiz_0  {rise@0.000ns fall@4.000ns period=8.000ns})
  Path Group:             clk_out2_clk_wiz_0
  Path Type:              Hold (Min at Fast Process Corner)
  Requirement:            0.000ns  (clk_out2_clk_wiz_0 rise@0.000ns - clk_out2_clk_wiz_0 rise@0.000ns)
  Data Path Delay:        0.324ns  (logic 0.186ns (57.377%)  route 0.138ns (42.623%))
  Logic Levels:           1  (LUT3=1)
  Clock Path Skew:        0.013ns (DCD - SCD - CPR)
    Destination Clock Delay (DCD):    0.911ns
    Source Clock Delay      (SCD):    0.641ns
    Clock Pessimism Removal (CPR):    0.257ns

    Location             Delay type                Incr(ns)  Path(ns)    Netlist Resource(s)
  -------------------------------------------------------------------    -------------------
                         (clock clk_out2_clk_wiz_0 rise edge)
                                                      0.000     0.000 r  
    BUFGCTRL_X0Y2        BUFG                         0.000     0.000 r  clk_IBUF_BUFG_inst/O
                         net (fo=36, routed)          0.745     0.745    datapath_uut/video_uut/mmcm_adv_inst_display_clocks/inst/clk_in1
    MMCME2_ADV_X1Y0      MMCME2_ADV (Prop_mmcme2_adv_CLKIN1_CLKOUT1)
                                                     -1.683    -0.938 r  datapath_uut/video_uut/mmcm_adv_inst_display_clocks/inst/mmcm_adv_inst/CLKOUT1
                         net (fo=1, routed)           0.912    -0.026    datapath_uut/video_uut/mmcm_adv_inst_display_clocks/inst/clk_out2_clk_wiz_0
    BUFGCTRL_X0Y0        BUFG (Prop_bufg_I_O)         0.026    -0.000 r  datapath_uut/video_uut/mmcm_adv_inst_display_clocks/inst/clkout2_buf/O
                         net (fo=44, routed)          0.641     0.641    datapath_uut/video_uut/inst_dvid/clk_out2
    SLICE_X163Y118       FDRE                                         r  datapath_uut/video_uut/inst_dvid/shift_red_reg[2]/C
  -------------------------------------------------------------------    -------------------
    SLICE_X163Y118       FDRE (Prop_fdre_C_Q)         0.141     0.782 r  datapath_uut/video_uut/inst_dvid/shift_red_reg[2]/Q
                         net (fo=1, routed)           0.138     0.920    datapath_uut/video_uut/inst_dvid/data1[0]
    SLICE_X163Y119       LUT3 (Prop_lut3_I0_O)        0.045     0.965 r  datapath_uut/video_uut/inst_dvid/shift_red[0]_i_1/O
                         net (fo=1, routed)           0.000     0.965    datapath_uut/video_uut/inst_dvid/shift_red[0]
    SLICE_X163Y119       FDRE                                         r  datapath_uut/video_uut/inst_dvid/shift_red_reg[0]/D
  -------------------------------------------------------------------    -------------------

                         (clock clk_out2_clk_wiz_0 rise edge)
                                                      0.000     0.000 r  
    BUFGCTRL_X0Y2        BUFG                         0.000     0.000 r  clk_IBUF_BUFG_inst/O
                         net (fo=36, routed)          1.022     1.022    datapath_uut/video_uut/mmcm_adv_inst_display_clocks/inst/clk_in1
    MMCME2_ADV_X1Y0      MMCME2_ADV (Prop_mmcme2_adv_CLKIN1_CLKOUT1)
                                                     -2.040    -1.018 r  datapath_uut/video_uut/mmcm_adv_inst_display_clocks/inst/mmcm_adv_inst/CLKOUT1
                         net (fo=1, routed)           0.989    -0.029    datapath_uut/video_uut/mmcm_adv_inst_display_clocks/inst/clk_out2_clk_wiz_0
    BUFGCTRL_X0Y0        BUFG (Prop_bufg_I_O)         0.029    -0.000 r  datapath_uut/video_uut/mmcm_adv_inst_display_clocks/inst/clkout2_buf/O
                         net (fo=44, routed)          0.911     0.911    datapath_uut/video_uut/inst_dvid/clk_out2
    SLICE_X163Y119       FDRE                                         r  datapath_uut/video_uut/inst_dvid/shift_red_reg[0]/C
                         clock pessimism             -0.257     0.654    
    SLICE_X163Y119       FDRE (Hold_fdre_C_D)         0.091     0.745    datapath_uut/video_uut/inst_dvid/shift_red_reg[0]
  -------------------------------------------------------------------
                         required time                         -0.745    
                         arrival time                           0.965    
  -------------------------------------------------------------------
                         slack                                  0.220    

Slack (MET) :             0.224ns  (arrival time - required time)
  Source:                 datapath_uut/video_uut/inst_dvid/shift_green_reg[9]/C
                            (rising edge-triggered cell FDRE clocked by clk_out2_clk_wiz_0  {rise@0.000ns fall@4.000ns period=8.000ns})
  Destination:            datapath_uut/video_uut/inst_dvid/shift_green_reg[7]/D
                            (rising edge-triggered cell FDRE clocked by clk_out2_clk_wiz_0  {rise@0.000ns fall@4.000ns period=8.000ns})
  Path Group:             clk_out2_clk_wiz_0
  Path Type:              Hold (Min at Fast Process Corner)
  Requirement:            0.000ns  (clk_out2_clk_wiz_0 rise@0.000ns - clk_out2_clk_wiz_0 rise@0.000ns)
  Data Path Delay:        0.370ns  (logic 0.187ns (50.484%)  route 0.183ns (49.516%))
  Logic Levels:           1  (LUT3=1)
  Clock Path Skew:        0.015ns (DCD - SCD - CPR)
    Destination Clock Delay (DCD):    0.908ns
    Source Clock Delay      (SCD):    0.636ns
    Clock Pessimism Removal (CPR):    0.257ns

    Location             Delay type                Incr(ns)  Path(ns)    Netlist Resource(s)
  -------------------------------------------------------------------    -------------------
                         (clock clk_out2_clk_wiz_0 rise edge)
                                                      0.000     0.000 r  
    BUFGCTRL_X0Y2        BUFG                         0.000     0.000 r  clk_IBUF_BUFG_inst/O
                         net (fo=36, routed)          0.745     0.745    datapath_uut/video_uut/mmcm_adv_inst_display_clocks/inst/clk_in1
    MMCME2_ADV_X1Y0      MMCME2_ADV (Prop_mmcme2_adv_CLKIN1_CLKOUT1)
                                                     -1.683    -0.938 r  datapath_uut/video_uut/mmcm_adv_inst_display_clocks/inst/mmcm_adv_inst/CLKOUT1
                         net (fo=1, routed)           0.912    -0.026    datapath_uut/video_uut/mmcm_adv_inst_display_clocks/inst/clk_out2_clk_wiz_0
    BUFGCTRL_X0Y0        BUFG (Prop_bufg_I_O)         0.026    -0.000 r  datapath_uut/video_uut/mmcm_adv_inst_display_clocks/inst/clkout2_buf/O
                         net (fo=44, routed)          0.636     0.636    datapath_uut/video_uut/inst_dvid/clk_out2
    SLICE_X161Y126       FDRE                                         r  datapath_uut/video_uut/inst_dvid/shift_green_reg[9]/C
  -------------------------------------------------------------------    -------------------
    SLICE_X161Y126       FDRE (Prop_fdre_C_Q)         0.141     0.777 r  datapath_uut/video_uut/inst_dvid/shift_green_reg[9]/Q
                         net (fo=1, routed)           0.183     0.960    datapath_uut/video_uut/inst_dvid/shift_green[9]
    SLICE_X162Y127       LUT3 (Prop_lut3_I0_O)        0.046     1.006 r  datapath_uut/video_uut/inst_dvid/shift_green[7]_i_1/O
                         net (fo=1, routed)           0.000     1.006    datapath_uut/video_uut/inst_dvid/shift_green_1[7]
    SLICE_X162Y127       FDRE                                         r  datapath_uut/video_uut/inst_dvid/shift_green_reg[7]/D
  -------------------------------------------------------------------    -------------------

                         (clock clk_out2_clk_wiz_0 rise edge)
                                                      0.000     0.000 r  
    BUFGCTRL_X0Y2        BUFG                         0.000     0.000 r  clk_IBUF_BUFG_inst/O
                         net (fo=36, routed)          1.022     1.022    datapath_uut/video_uut/mmcm_adv_inst_display_clocks/inst/clk_in1
    MMCME2_ADV_X1Y0      MMCME2_ADV (Prop_mmcme2_adv_CLKIN1_CLKOUT1)
                                                     -2.040    -1.018 r  datapath_uut/video_uut/mmcm_adv_inst_display_clocks/inst/mmcm_adv_inst/CLKOUT1
                         net (fo=1, routed)           0.989    -0.029    datapath_uut/video_uut/mmcm_adv_inst_display_clocks/inst/clk_out2_clk_wiz_0
    BUFGCTRL_X0Y0        BUFG (Prop_bufg_I_O)         0.029    -0.000 r  datapath_uut/video_uut/mmcm_adv_inst_display_clocks/inst/clkout2_buf/O
                         net (fo=44, routed)          0.908     0.908    datapath_uut/video_uut/inst_dvid/clk_out2
    SLICE_X162Y127       FDRE                                         r  datapath_uut/video_uut/inst_dvid/shift_green_reg[7]/C
                         clock pessimism             -0.257     0.651    
    SLICE_X162Y127       FDRE (Hold_fdre_C_D)         0.131     0.782    datapath_uut/video_uut/inst_dvid/shift_green_reg[7]
  -------------------------------------------------------------------
                         required time                         -0.782    
                         arrival time                           1.006    
  -------------------------------------------------------------------
                         slack                                  0.224    

Slack (MET) :             0.233ns  (arrival time - required time)
  Source:                 datapath_uut/video_uut/inst_dvid/shift_clock_reg[2]/C
                            (rising edge-triggered cell FDRE clocked by clk_out2_clk_wiz_0  {rise@0.000ns fall@4.000ns period=8.000ns})
  Destination:            datapath_uut/video_uut/inst_dvid/shift_clock_reg[0]/D
                            (rising edge-triggered cell FDRE clocked by clk_out2_clk_wiz_0  {rise@0.000ns fall@4.000ns period=8.000ns})
  Path Group:             clk_out2_clk_wiz_0
  Path Type:              Hold (Min at Fast Process Corner)
  Requirement:            0.000ns  (clk_out2_clk_wiz_0 rise@0.000ns - clk_out2_clk_wiz_0 rise@0.000ns)
  Data Path Delay:        0.292ns  (logic 0.164ns (56.232%)  route 0.128ns (43.768%))
  Logic Levels:           0  
  Clock Path Skew:        0.000ns (DCD - SCD - CPR)
    Destination Clock Delay (DCD):    0.922ns
    Source Clock Delay      (SCD):    0.649ns
    Clock Pessimism Removal (CPR):    0.273ns

    Location             Delay type                Incr(ns)  Path(ns)    Netlist Resource(s)
  -------------------------------------------------------------------    -------------------
                         (clock clk_out2_clk_wiz_0 rise edge)
                                                      0.000     0.000 r  
    BUFGCTRL_X0Y2        BUFG                         0.000     0.000 r  clk_IBUF_BUFG_inst/O
                         net (fo=36, routed)          0.745     0.745    datapath_uut/video_uut/mmcm_adv_inst_display_clocks/inst/clk_in1
    MMCME2_ADV_X1Y0      MMCME2_ADV (Prop_mmcme2_adv_CLKIN1_CLKOUT1)
                                                     -1.683    -0.938 r  datapath_uut/video_uut/mmcm_adv_inst_display_clocks/inst/mmcm_adv_inst/CLKOUT1
                         net (fo=1, routed)           0.912    -0.026    datapath_uut/video_uut/mmcm_adv_inst_display_clocks/inst/clk_out2_clk_wiz_0
    BUFGCTRL_X0Y0        BUFG (Prop_bufg_I_O)         0.026    -0.000 r  datapath_uut/video_uut/mmcm_adv_inst_display_clocks/inst/clkout2_buf/O
                         net (fo=44, routed)          0.649     0.649    datapath_uut/video_uut/inst_dvid/clk_out2
    SLICE_X162Y147       FDRE                                         r  datapath_uut/video_uut/inst_dvid/shift_clock_reg[2]/C
  -------------------------------------------------------------------    -------------------
    SLICE_X162Y147       FDRE (Prop_fdre_C_Q)         0.164     0.813 r  datapath_uut/video_uut/inst_dvid/shift_clock_reg[2]/Q
                         net (fo=2, routed)           0.128     0.940    datapath_uut/video_uut/inst_dvid/shift_clock_reg_n_0_[2]
    SLICE_X162Y147       FDRE                                         r  datapath_uut/video_uut/inst_dvid/shift_clock_reg[0]/D
  -------------------------------------------------------------------    -------------------

                         (clock clk_out2_clk_wiz_0 rise edge)
                                                      0.000     0.000 r  
    BUFGCTRL_X0Y2        BUFG                         0.000     0.000 r  clk_IBUF_BUFG_inst/O
                         net (fo=36, routed)          1.022     1.022    datapath_uut/video_uut/mmcm_adv_inst_display_clocks/inst/clk_in1
    MMCME2_ADV_X1Y0      MMCME2_ADV (Prop_mmcme2_adv_CLKIN1_CLKOUT1)
                                                     -2.040    -1.018 r  datapath_uut/video_uut/mmcm_adv_inst_display_clocks/inst/mmcm_adv_inst/CLKOUT1
                         net (fo=1, routed)           0.989    -0.029    datapath_uut/video_uut/mmcm_adv_inst_display_clocks/inst/clk_out2_clk_wiz_0
    BUFGCTRL_X0Y0        BUFG (Prop_bufg_I_O)         0.029    -0.000 r  datapath_uut/video_uut/mmcm_adv_inst_display_clocks/inst/clkout2_buf/O
                         net (fo=44, routed)          0.922     0.922    datapath_uut/video_uut/inst_dvid/clk_out2
    SLICE_X162Y147       FDRE                                         r  datapath_uut/video_uut/inst_dvid/shift_clock_reg[0]/C
                         clock pessimism             -0.273     0.649    
    SLICE_X162Y147       FDRE (Hold_fdre_C_D)         0.059     0.708    datapath_uut/video_uut/inst_dvid/shift_clock_reg[0]
  -------------------------------------------------------------------
                         required time                         -0.708    
                         arrival time                           0.940    
  -------------------------------------------------------------------
                         slack                                  0.233    





Pulse Width Checks
--------------------------------------------------------------------------------------
Clock Name:         clk_out2_clk_wiz_0
Waveform(ns):       { 0.000 4.000 }
Period(ns):         8.000
Sources:            { datapath_uut/video_uut/mmcm_adv_inst_display_clocks/inst/mmcm_adv_inst/CLKOUT1 }

Check Type        Corner  Lib Pin             Reference Pin  Required(ns)  Actual(ns)  Slack(ns)  Location         Pin
Min Period        n/a     BUFG/I              n/a            2.155         8.000       5.845      BUFGCTRL_X0Y0    datapath_uut/video_uut/mmcm_adv_inst_display_clocks/inst/clkout2_buf/I
Min Period        n/a     ODDR/C              n/a            1.474         8.000       6.526      OLOGIC_X1Y140    datapath_uut/video_uut/inst_dvid/ODDR2_blue/C
Min Period        n/a     ODDR/C              n/a            1.474         8.000       6.526      OLOGIC_X1Y148    datapath_uut/video_uut/inst_dvid/ODDR2_clock/C
Min Period        n/a     ODDR/C              n/a            1.474         8.000       6.526      OLOGIC_X1Y136    datapath_uut/video_uut/inst_dvid/ODDR2_green/C
Min Period        n/a     ODDR/C              n/a            1.474         8.000       6.526      OLOGIC_X1Y134    datapath_uut/video_uut/inst_dvid/ODDR2_red/C
Min Period        n/a     MMCME2_ADV/CLKOUT1  n/a            1.249         8.000       6.751      MMCME2_ADV_X1Y0  datapath_uut/video_uut/mmcm_adv_inst_display_clocks/inst/mmcm_adv_inst/CLKOUT1
Min Period        n/a     FDRE/C              n/a            1.000         8.000       7.000      SLICE_X163Y115   datapath_uut/video_uut/inst_dvid/shift_blue_reg[0]/C
Min Period        n/a     FDRE/C              n/a            1.000         8.000       7.000      SLICE_X163Y115   datapath_uut/video_uut/inst_dvid/shift_blue_reg[1]/C
Min Period        n/a     FDRE/C              n/a            1.000         8.000       7.000      SLICE_X163Y115   datapath_uut/video_uut/inst_dvid/shift_blue_reg[2]/C
Min Period        n/a     FDRE/C              n/a            1.000         8.000       7.000      SLICE_X163Y115   datapath_uut/video_uut/inst_dvid/shift_blue_reg[3]/C
Max Period        n/a     MMCME2_ADV/CLKOUT1  n/a            213.360       8.000       205.360    MMCME2_ADV_X1Y0  datapath_uut/video_uut/mmcm_adv_inst_display_clocks/inst/mmcm_adv_inst/CLKOUT1
Low Pulse Width   Slow    FDRE/C              n/a            0.500         4.000       3.500      SLICE_X163Y115   datapath_uut/video_uut/inst_dvid/shift_blue_reg[0]/C
Low Pulse Width   Fast    FDRE/C              n/a            0.500         4.000       3.500      SLICE_X163Y115   datapath_uut/video_uut/inst_dvid/shift_blue_reg[0]/C
Low Pulse Width   Slow    FDRE/C              n/a            0.500         4.000       3.500      SLICE_X163Y115   datapath_uut/video_uut/inst_dvid/shift_blue_reg[1]/C
Low Pulse Width   Fast    FDRE/C              n/a            0.500         4.000       3.500      SLICE_X163Y115   datapath_uut/video_uut/inst_dvid/shift_blue_reg[1]/C
Low Pulse Width   Slow    FDRE/C              n/a            0.500         4.000       3.500      SLICE_X163Y115   datapath_uut/video_uut/inst_dvid/shift_blue_reg[2]/C
Low Pulse Width   Fast    FDRE/C              n/a            0.500         4.000       3.500      SLICE_X163Y115   datapath_uut/video_uut/inst_dvid/shift_blue_reg[2]/C
Low Pulse Width   Slow    FDRE/C              n/a            0.500         4.000       3.500      SLICE_X163Y115   datapath_uut/video_uut/inst_dvid/shift_blue_reg[3]/C
Low Pulse Width   Fast    FDRE/C              n/a            0.500         4.000       3.500      SLICE_X163Y115   datapath_uut/video_uut/inst_dvid/shift_blue_reg[3]/C
Low Pulse Width   Slow    FDRE/C              n/a            0.500         4.000       3.500      SLICE_X163Y115   datapath_uut/video_uut/inst_dvid/shift_blue_reg[4]/C
Low Pulse Width   Fast    FDRE/C              n/a            0.500         4.000       3.500      SLICE_X163Y115   datapath_uut/video_uut/inst_dvid/shift_blue_reg[4]/C
High Pulse Width  Slow    FDRE/C              n/a            0.500         4.000       3.500      SLICE_X163Y115   datapath_uut/video_uut/inst_dvid/shift_blue_reg[0]/C
High Pulse Width  Fast    FDRE/C              n/a            0.500         4.000       3.500      SLICE_X163Y115   datapath_uut/video_uut/inst_dvid/shift_blue_reg[0]/C
High Pulse Width  Slow    FDRE/C              n/a            0.500         4.000       3.500      SLICE_X163Y115   datapath_uut/video_uut/inst_dvid/shift_blue_reg[1]/C
High Pulse Width  Fast    FDRE/C              n/a            0.500         4.000       3.500      SLICE_X163Y115   datapath_uut/video_uut/inst_dvid/shift_blue_reg[1]/C
High Pulse Width  Slow    FDRE/C              n/a            0.500         4.000       3.500      SLICE_X163Y115   datapath_uut/video_uut/inst_dvid/shift_blue_reg[2]/C
High Pulse Width  Fast    FDRE/C              n/a            0.500         4.000       3.500      SLICE_X163Y115   datapath_uut/video_uut/inst_dvid/shift_blue_reg[2]/C
High Pulse Width  Slow    FDRE/C              n/a            0.500         4.000       3.500      SLICE_X163Y115   datapath_uut/video_uut/inst_dvid/shift_blue_reg[3]/C
High Pulse Width  Fast    FDRE/C              n/a            0.500         4.000       3.500      SLICE_X163Y115   datapath_uut/video_uut/inst_dvid/shift_blue_reg[3]/C
High Pulse Width  Slow    FDRE/C              n/a            0.500         4.000       3.500      SLICE_X163Y115   datapath_uut/video_uut/inst_dvid/shift_blue_reg[4]/C
High Pulse Width  Fast    FDRE/C              n/a            0.500         4.000       3.500      SLICE_X163Y115   datapath_uut/video_uut/inst_dvid/shift_blue_reg[4]/C



---------------------------------------------------------------------------------------------------
From Clock:  clkfbout_clk_wiz_0
  To Clock:  clkfbout_clk_wiz_0

Setup :           NA  Failing Endpoints,  Worst Slack           NA  ,  Total Violation           NA
Hold  :           NA  Failing Endpoints,  Worst Slack           NA  ,  Total Violation           NA
PW    :            0  Failing Endpoints,  Worst Slack        7.845ns,  Total Violation        0.000ns
---------------------------------------------------------------------------------------------------


Pulse Width Checks
--------------------------------------------------------------------------------------
Clock Name:         clkfbout_clk_wiz_0
Waveform(ns):       { 0.000 5.000 }
Period(ns):         10.000
Sources:            { datapath_uut/video_uut/mmcm_adv_inst_display_clocks/inst/mmcm_adv_inst/CLKFBOUT }

Check Type  Corner  Lib Pin              Reference Pin  Required(ns)  Actual(ns)  Slack(ns)  Location         Pin
Min Period  n/a     BUFG/I               n/a            2.155         10.000      7.845      BUFGCTRL_X0Y3    datapath_uut/video_uut/mmcm_adv_inst_display_clocks/inst/clkf_buf/I
Min Period  n/a     MMCME2_ADV/CLKFBOUT  n/a            1.249         10.000      8.751      MMCME2_ADV_X1Y0  datapath_uut/video_uut/mmcm_adv_inst_display_clocks/inst/mmcm_adv_inst/CLKFBOUT
Min Period  n/a     MMCME2_ADV/CLKFBIN   n/a            1.249         10.000      8.751      MMCME2_ADV_X1Y0  datapath_uut/video_uut/mmcm_adv_inst_display_clocks/inst/mmcm_adv_inst/CLKFBIN
Max Period  n/a     MMCME2_ADV/CLKFBIN   n/a            100.000       10.000      90.000     MMCME2_ADV_X1Y0  datapath_uut/video_uut/mmcm_adv_inst_display_clocks/inst/mmcm_adv_inst/CLKFBIN
Max Period  n/a     MMCME2_ADV/CLKFBOUT  n/a            213.360       10.000      203.360    MMCME2_ADV_X1Y0  datapath_uut/video_uut/mmcm_adv_inst_display_clocks/inst/mmcm_adv_inst/CLKFBOUT



---------------------------------------------------------------------------------------------------
From Clock:  clk_out1_clk_wiz_0
  To Clock:  clk_out2_clk_wiz_0

Setup :            0  Failing Endpoints,  Worst Slack        5.021ns,  Total Violation        0.000ns
Hold  :            0  Failing Endpoints,  Worst Slack        0.127ns,  Total Violation        0.000ns
---------------------------------------------------------------------------------------------------


Max Delay Paths
--------------------------------------------------------------------------------------
Slack (MET) :             5.021ns  (required time - arrival time)
  Source:                 datapath_uut/video_uut/inst_dvid/latched_blue_reg[6]/C
                            (rising edge-triggered cell FDRE clocked by clk_out1_clk_wiz_0  {rise@0.000ns fall@20.000ns period=40.000ns})
  Destination:            datapath_uut/video_uut/inst_dvid/shift_blue_reg[6]/D
                            (rising edge-triggered cell FDRE clocked by clk_out2_clk_wiz_0  {rise@0.000ns fall@4.000ns period=8.000ns})
  Path Group:             clk_out2_clk_wiz_0
  Path Type:              Setup (Max at Slow Process Corner)
  Requirement:            8.000ns  (clk_out2_clk_wiz_0 rise@8.000ns - clk_out1_clk_wiz_0 rise@0.000ns)
  Data Path Delay:        2.552ns  (logic 0.715ns (28.013%)  route 1.837ns (71.987%))
  Logic Levels:           1  (LUT3=1)
  Clock Path Skew:        -0.244ns (DCD - SCD + CPR)
    Destination Clock Delay (DCD):    1.707ns = ( 9.707 - 8.000 ) 
    Source Clock Delay      (SCD):    1.823ns
    Clock Pessimism Removal (CPR):    -0.128ns
  Clock Uncertainty:      0.215ns  ((TSJ^2 + DJ^2)^1/2) / 2 + PE
    Total System Jitter     (TSJ):    0.071ns
    Discrete Jitter          (DJ):    0.175ns
    Phase Error              (PE):    0.120ns

    Location             Delay type                Incr(ns)  Path(ns)    Netlist Resource(s)
  -------------------------------------------------------------------    -------------------
                         (clock clk_out1_clk_wiz_0 rise edge)
                                                      0.000     0.000 r  
    BUFGCTRL_X0Y2        BUFG                         0.000     0.000 r  clk_IBUF_BUFG_inst/O
                         net (fo=36, routed)          2.106     2.106    datapath_uut/video_uut/mmcm_adv_inst_display_clocks/inst/clk_in1
    MMCME2_ADV_X1Y0      MMCME2_ADV (Prop_mmcme2_adv_CLKIN1_CLKOUT0)
                                                     -4.900    -2.793 r  datapath_uut/video_uut/mmcm_adv_inst_display_clocks/inst/mmcm_adv_inst/CLKOUT0
                         net (fo=1, routed)           2.697    -0.096    datapath_uut/video_uut/mmcm_adv_inst_display_clocks/inst/clk_out1_clk_wiz_0
    BUFGCTRL_X0Y1        BUFG (Prop_bufg_I_O)         0.096    -0.000 r  datapath_uut/video_uut/mmcm_adv_inst_display_clocks/inst/clkout1_buf/O
                         net (fo=271, routed)         1.823     1.823    datapath_uut/video_uut/inst_dvid/clk_out1
    SLICE_X159Y115       FDRE                                         r  datapath_uut/video_uut/inst_dvid/latched_blue_reg[6]/C
  -------------------------------------------------------------------    -------------------
    SLICE_X159Y115       FDRE (Prop_fdre_C_Q)         0.419     2.242 r  datapath_uut/video_uut/inst_dvid/latched_blue_reg[6]/Q
                         net (fo=1, routed)           1.837     4.080    datapath_uut/video_uut/inst_dvid/latched_blue[6]
    SLICE_X163Y115       LUT3 (Prop_lut3_I2_O)        0.296     4.376 r  datapath_uut/video_uut/inst_dvid/shift_blue[6]_i_1/O
                         net (fo=1, routed)           0.000     4.376    datapath_uut/video_uut/inst_dvid/shift_blue_0[6]
    SLICE_X163Y115       FDRE                                         r  datapath_uut/video_uut/inst_dvid/shift_blue_reg[6]/D
  -------------------------------------------------------------------    -------------------

                         (clock clk_out2_clk_wiz_0 rise edge)
                                                      8.000     8.000 r  
    BUFGCTRL_X0Y2        BUFG                         0.000     8.000 r  clk_IBUF_BUFG_inst/O
                         net (fo=36, routed)          1.972     9.972    datapath_uut/video_uut/mmcm_adv_inst_display_clocks/inst/clk_in1
    MMCME2_ADV_X1Y0      MMCME2_ADV (Prop_mmcme2_adv_CLKIN1_CLKOUT1)
                                                     -4.637     5.335 r  datapath_uut/video_uut/mmcm_adv_inst_display_clocks/inst/mmcm_adv_inst/CLKOUT1
                         net (fo=1, routed)           2.574     7.909    datapath_uut/video_uut/mmcm_adv_inst_display_clocks/inst/clk_out2_clk_wiz_0
    BUFGCTRL_X0Y0        BUFG (Prop_bufg_I_O)         0.091     8.000 r  datapath_uut/video_uut/mmcm_adv_inst_display_clocks/inst/clkout2_buf/O
                         net (fo=44, routed)          1.707     9.707    datapath_uut/video_uut/inst_dvid/clk_out2
    SLICE_X163Y115       FDRE                                         r  datapath_uut/video_uut/inst_dvid/shift_blue_reg[6]/C
                         clock pessimism             -0.128     9.579    
                         clock uncertainty           -0.215     9.365    
    SLICE_X163Y115       FDRE (Setup_fdre_C_D)        0.032     9.397    datapath_uut/video_uut/inst_dvid/shift_blue_reg[6]
  -------------------------------------------------------------------
                         required time                          9.397    
                         arrival time                          -4.376    
  -------------------------------------------------------------------
                         slack                                  5.021    

Slack (MET) :             5.036ns  (required time - arrival time)
  Source:                 datapath_uut/video_uut/inst_dvid/latched_red_reg[3]/C
                            (rising edge-triggered cell FDRE clocked by clk_out1_clk_wiz_0  {rise@0.000ns fall@20.000ns period=40.000ns})
  Destination:            datapath_uut/video_uut/inst_dvid/shift_red_reg[3]/D
                            (rising edge-triggered cell FDRE clocked by clk_out2_clk_wiz_0  {rise@0.000ns fall@4.000ns period=8.000ns})
  Path Group:             clk_out2_clk_wiz_0
  Path Type:              Setup (Max at Slow Process Corner)
  Requirement:            8.000ns  (clk_out2_clk_wiz_0 rise@8.000ns - clk_out1_clk_wiz_0 rise@0.000ns)
  Data Path Delay:        2.579ns  (logic 0.668ns (25.906%)  route 1.911ns (74.094%))
  Logic Levels:           1  (LUT3=1)
  Clock Path Skew:        -0.246ns (DCD - SCD + CPR)
    Destination Clock Delay (DCD):    1.703ns = ( 9.703 - 8.000 ) 
    Source Clock Delay      (SCD):    1.821ns
    Clock Pessimism Removal (CPR):    -0.128ns
  Clock Uncertainty:      0.215ns  ((TSJ^2 + DJ^2)^1/2) / 2 + PE
    Total System Jitter     (TSJ):    0.071ns
    Discrete Jitter          (DJ):    0.175ns
    Phase Error              (PE):    0.120ns

    Location             Delay type                Incr(ns)  Path(ns)    Netlist Resource(s)
  -------------------------------------------------------------------    -------------------
                         (clock clk_out1_clk_wiz_0 rise edge)
                                                      0.000     0.000 r  
    BUFGCTRL_X0Y2        BUFG                         0.000     0.000 r  clk_IBUF_BUFG_inst/O
                         net (fo=36, routed)          2.106     2.106    datapath_uut/video_uut/mmcm_adv_inst_display_clocks/inst/clk_in1
    MMCME2_ADV_X1Y0      MMCME2_ADV (Prop_mmcme2_adv_CLKIN1_CLKOUT0)
                                                     -4.900    -2.793 r  datapath_uut/video_uut/mmcm_adv_inst_display_clocks/inst/mmcm_adv_inst/CLKOUT0
                         net (fo=1, routed)           2.697    -0.096    datapath_uut/video_uut/mmcm_adv_inst_display_clocks/inst/clk_out1_clk_wiz_0
    BUFGCTRL_X0Y1        BUFG (Prop_bufg_I_O)         0.096    -0.000 r  datapath_uut/video_uut/mmcm_adv_inst_display_clocks/inst/clkout1_buf/O
                         net (fo=271, routed)         1.821     1.821    datapath_uut/video_uut/inst_dvid/clk_out1
    SLICE_X162Y118       FDRE                                         r  datapath_uut/video_uut/inst_dvid/latched_red_reg[3]/C
  -------------------------------------------------------------------    -------------------
    SLICE_X162Y118       FDRE (Prop_fdre_C_Q)         0.518     2.339 r  datapath_uut/video_uut/inst_dvid/latched_red_reg[3]/Q
                         net (fo=1, routed)           1.911     4.250    datapath_uut/video_uut/inst_dvid/latched_red[3]
    SLICE_X163Y118       LUT3 (Prop_lut3_I2_O)        0.150     4.400 r  datapath_uut/video_uut/inst_dvid/shift_red[3]_i_1/O
                         net (fo=1, routed)           0.000     4.400    datapath_uut/video_uut/inst_dvid/shift_red[3]
    SLICE_X163Y118       FDRE                                         r  datapath_uut/video_uut/inst_dvid/shift_red_reg[3]/D
  -------------------------------------------------------------------    -------------------

                         (clock clk_out2_clk_wiz_0 rise edge)
                                                      8.000     8.000 r  
    BUFGCTRL_X0Y2        BUFG                         0.000     8.000 r  clk_IBUF_BUFG_inst/O
                         net (fo=36, routed)          1.972     9.972    datapath_uut/video_uut/mmcm_adv_inst_display_clocks/inst/clk_in1
    MMCME2_ADV_X1Y0      MMCME2_ADV (Prop_mmcme2_adv_CLKIN1_CLKOUT1)
                                                     -4.637     5.335 r  datapath_uut/video_uut/mmcm_adv_inst_display_clocks/inst/mmcm_adv_inst/CLKOUT1
                         net (fo=1, routed)           2.574     7.909    datapath_uut/video_uut/mmcm_adv_inst_display_clocks/inst/clk_out2_clk_wiz_0
    BUFGCTRL_X0Y0        BUFG (Prop_bufg_I_O)         0.091     8.000 r  datapath_uut/video_uut/mmcm_adv_inst_display_clocks/inst/clkout2_buf/O
                         net (fo=44, routed)          1.703     9.703    datapath_uut/video_uut/inst_dvid/clk_out2
    SLICE_X163Y118       FDRE                                         r  datapath_uut/video_uut/inst_dvid/shift_red_reg[3]/C
                         clock pessimism             -0.128     9.575    
                         clock uncertainty           -0.215     9.361    
    SLICE_X163Y118       FDRE (Setup_fdre_C_D)        0.075     9.436    datapath_uut/video_uut/inst_dvid/shift_red_reg[3]
  -------------------------------------------------------------------
                         required time                          9.436    
                         arrival time                          -4.400    
  -------------------------------------------------------------------
                         slack                                  5.036    

Slack (MET) :             5.049ns  (required time - arrival time)
  Source:                 datapath_uut/video_uut/inst_dvid/latched_green_reg[6]/C
                            (rising edge-triggered cell FDRE clocked by clk_out1_clk_wiz_0  {rise@0.000ns fall@20.000ns period=40.000ns})
  Destination:            datapath_uut/video_uut/inst_dvid/shift_green_reg[6]/D
                            (rising edge-triggered cell FDRE clocked by clk_out2_clk_wiz_0  {rise@0.000ns fall@4.000ns period=8.000ns})
  Path Group:             clk_out2_clk_wiz_0
  Path Type:              Setup (Max at Slow Process Corner)
  Requirement:            8.000ns  (clk_out2_clk_wiz_0 rise@8.000ns - clk_out1_clk_wiz_0 rise@0.000ns)
  Data Path Delay:        2.571ns  (logic 0.642ns (24.976%)  route 1.929ns (75.024%))
  Logic Levels:           1  (LUT3=1)
  Clock Path Skew:        -0.243ns (DCD - SCD + CPR)
    Destination Clock Delay (DCD):    1.699ns = ( 9.699 - 8.000 ) 
    Source Clock Delay      (SCD):    1.814ns
    Clock Pessimism Removal (CPR):    -0.128ns
  Clock Uncertainty:      0.215ns  ((TSJ^2 + DJ^2)^1/2) / 2 + PE
    Total System Jitter     (TSJ):    0.071ns
    Discrete Jitter          (DJ):    0.175ns
    Phase Error              (PE):    0.120ns

    Location             Delay type                Incr(ns)  Path(ns)    Netlist Resource(s)
  -------------------------------------------------------------------    -------------------
                         (clock clk_out1_clk_wiz_0 rise edge)
                                                      0.000     0.000 r  
    BUFGCTRL_X0Y2        BUFG                         0.000     0.000 r  clk_IBUF_BUFG_inst/O
                         net (fo=36, routed)          2.106     2.106    datapath_uut/video_uut/mmcm_adv_inst_display_clocks/inst/clk_in1
    MMCME2_ADV_X1Y0      MMCME2_ADV (Prop_mmcme2_adv_CLKIN1_CLKOUT0)
                                                     -4.900    -2.793 r  datapath_uut/video_uut/mmcm_adv_inst_display_clocks/inst/mmcm_adv_inst/CLKOUT0
                         net (fo=1, routed)           2.697    -0.096    datapath_uut/video_uut/mmcm_adv_inst_display_clocks/inst/clk_out1_clk_wiz_0
    BUFGCTRL_X0Y1        BUFG (Prop_bufg_I_O)         0.096    -0.000 r  datapath_uut/video_uut/mmcm_adv_inst_display_clocks/inst/clkout1_buf/O
                         net (fo=271, routed)         1.814     1.814    datapath_uut/video_uut/inst_dvid/clk_out1
    SLICE_X162Y126       FDRE                                         r  datapath_uut/video_uut/inst_dvid/latched_green_reg[6]/C
  -------------------------------------------------------------------    -------------------
    SLICE_X162Y126       FDRE (Prop_fdre_C_Q)         0.518     2.332 r  datapath_uut/video_uut/inst_dvid/latched_green_reg[6]/Q
                         net (fo=1, routed)           1.929     4.261    datapath_uut/video_uut/inst_dvid/latched_green[6]
    SLICE_X162Y127       LUT3 (Prop_lut3_I2_O)        0.124     4.385 r  datapath_uut/video_uut/inst_dvid/shift_green[6]_i_1/O
                         net (fo=1, routed)           0.000     4.385    datapath_uut/video_uut/inst_dvid/shift_green_1[6]
    SLICE_X162Y127       FDRE                                         r  datapath_uut/video_uut/inst_dvid/shift_green_reg[6]/D
  -------------------------------------------------------------------    -------------------

                         (clock clk_out2_clk_wiz_0 rise edge)
                                                      8.000     8.000 r  
    BUFGCTRL_X0Y2        BUFG                         0.000     8.000 r  clk_IBUF_BUFG_inst/O
                         net (fo=36, routed)          1.972     9.972    datapath_uut/video_uut/mmcm_adv_inst_display_clocks/inst/clk_in1
    MMCME2_ADV_X1Y0      MMCME2_ADV (Prop_mmcme2_adv_CLKIN1_CLKOUT1)
                                                     -4.637     5.335 r  datapath_uut/video_uut/mmcm_adv_inst_display_clocks/inst/mmcm_adv_inst/CLKOUT1
                         net (fo=1, routed)           2.574     7.909    datapath_uut/video_uut/mmcm_adv_inst_display_clocks/inst/clk_out2_clk_wiz_0
    BUFGCTRL_X0Y0        BUFG (Prop_bufg_I_O)         0.091     8.000 r  datapath_uut/video_uut/mmcm_adv_inst_display_clocks/inst/clkout2_buf/O
                         net (fo=44, routed)          1.699     9.699    datapath_uut/video_uut/inst_dvid/clk_out2
    SLICE_X162Y127       FDRE                                         r  datapath_uut/video_uut/inst_dvid/shift_green_reg[6]/C
                         clock pessimism             -0.128     9.571    
                         clock uncertainty           -0.215     9.357    
    SLICE_X162Y127       FDRE (Setup_fdre_C_D)        0.077     9.434    datapath_uut/video_uut/inst_dvid/shift_green_reg[6]
  -------------------------------------------------------------------
                         required time                          9.434    
                         arrival time                          -4.385    
  -------------------------------------------------------------------
                         slack                                  5.049    

Slack (MET) :             5.052ns  (required time - arrival time)
  Source:                 datapath_uut/video_uut/inst_dvid/latched_blue_reg[5]/C
                            (rising edge-triggered cell FDRE clocked by clk_out1_clk_wiz_0  {rise@0.000ns fall@20.000ns period=40.000ns})
  Destination:            datapath_uut/video_uut/inst_dvid/shift_blue_reg[5]/D
                            (rising edge-triggered cell FDRE clocked by clk_out2_clk_wiz_0  {rise@0.000ns fall@4.000ns period=8.000ns})
  Path Group:             clk_out2_clk_wiz_0
  Path Type:              Setup (Max at Slow Process Corner)
  Requirement:            8.000ns  (clk_out2_clk_wiz_0 rise@8.000ns - clk_out1_clk_wiz_0 rise@0.000ns)
  Data Path Delay:        2.560ns  (logic 0.744ns (29.060%)  route 1.816ns (70.940%))
  Logic Levels:           1  (LUT3=1)
  Clock Path Skew:        -0.248ns (DCD - SCD + CPR)
    Destination Clock Delay (DCD):    1.707ns = ( 9.707 - 8.000 ) 
    Source Clock Delay      (SCD):    1.827ns
    Clock Pessimism Removal (CPR):    -0.128ns
  Clock Uncertainty:      0.215ns  ((TSJ^2 + DJ^2)^1/2) / 2 + PE
    Total System Jitter     (TSJ):    0.071ns
    Discrete Jitter          (DJ):    0.175ns
    Phase Error              (PE):    0.120ns

    Location             Delay type                Incr(ns)  Path(ns)    Netlist Resource(s)
  -------------------------------------------------------------------    -------------------
                         (clock clk_out1_clk_wiz_0 rise edge)
                                                      0.000     0.000 r  
    BUFGCTRL_X0Y2        BUFG                         0.000     0.000 r  clk_IBUF_BUFG_inst/O
                         net (fo=36, routed)          2.106     2.106    datapath_uut/video_uut/mmcm_adv_inst_display_clocks/inst/clk_in1
    MMCME2_ADV_X1Y0      MMCME2_ADV (Prop_mmcme2_adv_CLKIN1_CLKOUT0)
                                                     -4.900    -2.793 r  datapath_uut/video_uut/mmcm_adv_inst_display_clocks/inst/mmcm_adv_inst/CLKOUT0
                         net (fo=1, routed)           2.697    -0.096    datapath_uut/video_uut/mmcm_adv_inst_display_clocks/inst/clk_out1_clk_wiz_0
    BUFGCTRL_X0Y1        BUFG (Prop_bufg_I_O)         0.096    -0.000 r  datapath_uut/video_uut/mmcm_adv_inst_display_clocks/inst/clkout1_buf/O
                         net (fo=271, routed)         1.827     1.827    datapath_uut/video_uut/inst_dvid/clk_out1
    SLICE_X161Y114       FDRE                                         r  datapath_uut/video_uut/inst_dvid/latched_blue_reg[5]/C
  -------------------------------------------------------------------    -------------------
    SLICE_X161Y114       FDRE (Prop_fdre_C_Q)         0.419     2.246 r  datapath_uut/video_uut/inst_dvid/latched_blue_reg[5]/Q
                         net (fo=1, routed)           1.816     4.063    datapath_uut/video_uut/inst_dvid/latched_blue[5]
    SLICE_X163Y115       LUT3 (Prop_lut3_I2_O)        0.325     4.388 r  datapath_uut/video_uut/inst_dvid/shift_blue[5]_i_1/O
                         net (fo=1, routed)           0.000     4.388    datapath_uut/video_uut/inst_dvid/shift_blue_0[5]
    SLICE_X163Y115       FDRE                                         r  datapath_uut/video_uut/inst_dvid/shift_blue_reg[5]/D
  -------------------------------------------------------------------    -------------------

                         (clock clk_out2_clk_wiz_0 rise edge)
                                                      8.000     8.000 r  
    BUFGCTRL_X0Y2        BUFG                         0.000     8.000 r  clk_IBUF_BUFG_inst/O
                         net (fo=36, routed)          1.972     9.972    datapath_uut/video_uut/mmcm_adv_inst_display_clocks/inst/clk_in1
    MMCME2_ADV_X1Y0      MMCME2_ADV (Prop_mmcme2_adv_CLKIN1_CLKOUT1)
                                                     -4.637     5.335 r  datapath_uut/video_uut/mmcm_adv_inst_display_clocks/inst/mmcm_adv_inst/CLKOUT1
                         net (fo=1, routed)           2.574     7.909    datapath_uut/video_uut/mmcm_adv_inst_display_clocks/inst/clk_out2_clk_wiz_0
    BUFGCTRL_X0Y0        BUFG (Prop_bufg_I_O)         0.091     8.000 r  datapath_uut/video_uut/mmcm_adv_inst_display_clocks/inst/clkout2_buf/O
                         net (fo=44, routed)          1.707     9.707    datapath_uut/video_uut/inst_dvid/clk_out2
    SLICE_X163Y115       FDRE                                         r  datapath_uut/video_uut/inst_dvid/shift_blue_reg[5]/C
                         clock pessimism             -0.128     9.579    
                         clock uncertainty           -0.215     9.365    
    SLICE_X163Y115       FDRE (Setup_fdre_C_D)        0.075     9.440    datapath_uut/video_uut/inst_dvid/shift_blue_reg[5]
  -------------------------------------------------------------------
                         required time                          9.440    
                         arrival time                          -4.388    
  -------------------------------------------------------------------
                         slack                                  5.052    

Slack (MET) :             5.070ns  (required time - arrival time)
  Source:                 datapath_uut/video_uut/inst_dvid/latched_red_reg[0]/C
                            (rising edge-triggered cell FDRE clocked by clk_out1_clk_wiz_0  {rise@0.000ns fall@20.000ns period=40.000ns})
  Destination:            datapath_uut/video_uut/inst_dvid/shift_red_reg[0]/D
                            (rising edge-triggered cell FDRE clocked by clk_out2_clk_wiz_0  {rise@0.000ns fall@4.000ns period=8.000ns})
  Path Group:             clk_out2_clk_wiz_0
  Path Type:              Setup (Max at Slow Process Corner)
  Requirement:            8.000ns  (clk_out2_clk_wiz_0 rise@8.000ns - clk_out1_clk_wiz_0 rise@0.000ns)
  Data Path Delay:        2.500ns  (logic 0.580ns (23.197%)  route 1.920ns (76.803%))
  Logic Levels:           1  (LUT3=1)
  Clock Path Skew:        -0.244ns (DCD - SCD + CPR)
    Destination Clock Delay (DCD):    1.702ns = ( 9.702 - 8.000 ) 
    Source Clock Delay      (SCD):    1.818ns
    Clock Pessimism Removal (CPR):    -0.128ns
  Clock Uncertainty:      0.215ns  ((TSJ^2 + DJ^2)^1/2) / 2 + PE
    Total System Jitter     (TSJ):    0.071ns
    Discrete Jitter          (DJ):    0.175ns
    Phase Error              (PE):    0.120ns

    Location             Delay type                Incr(ns)  Path(ns)    Netlist Resource(s)
  -------------------------------------------------------------------    -------------------
                         (clock clk_out1_clk_wiz_0 rise edge)
                                                      0.000     0.000 r  
    BUFGCTRL_X0Y2        BUFG                         0.000     0.000 r  clk_IBUF_BUFG_inst/O
                         net (fo=36, routed)          2.106     2.106    datapath_uut/video_uut/mmcm_adv_inst_display_clocks/inst/clk_in1
    MMCME2_ADV_X1Y0      MMCME2_ADV (Prop_mmcme2_adv_CLKIN1_CLKOUT0)
                                                     -4.900    -2.793 r  datapath_uut/video_uut/mmcm_adv_inst_display_clocks/inst/mmcm_adv_inst/CLKOUT0
                         net (fo=1, routed)           2.697    -0.096    datapath_uut/video_uut/mmcm_adv_inst_display_clocks/inst/clk_out1_clk_wiz_0
    BUFGCTRL_X0Y1        BUFG (Prop_bufg_I_O)         0.096    -0.000 r  datapath_uut/video_uut/mmcm_adv_inst_display_clocks/inst/clkout1_buf/O
                         net (fo=271, routed)         1.818     1.818    datapath_uut/video_uut/inst_dvid/clk_out1
    SLICE_X159Y119       FDRE                                         r  datapath_uut/video_uut/inst_dvid/latched_red_reg[0]/C
  -------------------------------------------------------------------    -------------------
    SLICE_X159Y119       FDRE (Prop_fdre_C_Q)         0.456     2.274 r  datapath_uut/video_uut/inst_dvid/latched_red_reg[0]/Q
                         net (fo=1, routed)           1.920     4.195    datapath_uut/video_uut/inst_dvid/latched_red[0]
    SLICE_X163Y119       LUT3 (Prop_lut3_I2_O)        0.124     4.319 r  datapath_uut/video_uut/inst_dvid/shift_red[0]_i_1/O
                         net (fo=1, routed)           0.000     4.319    datapath_uut/video_uut/inst_dvid/shift_red[0]
    SLICE_X163Y119       FDRE                                         r  datapath_uut/video_uut/inst_dvid/shift_red_reg[0]/D
  -------------------------------------------------------------------    -------------------

                         (clock clk_out2_clk_wiz_0 rise edge)
                                                      8.000     8.000 r  
    BUFGCTRL_X0Y2        BUFG                         0.000     8.000 r  clk_IBUF_BUFG_inst/O
                         net (fo=36, routed)          1.972     9.972    datapath_uut/video_uut/mmcm_adv_inst_display_clocks/inst/clk_in1
    MMCME2_ADV_X1Y0      MMCME2_ADV (Prop_mmcme2_adv_CLKIN1_CLKOUT1)
                                                     -4.637     5.335 r  datapath_uut/video_uut/mmcm_adv_inst_display_clocks/inst/mmcm_adv_inst/CLKOUT1
                         net (fo=1, routed)           2.574     7.909    datapath_uut/video_uut/mmcm_adv_inst_display_clocks/inst/clk_out2_clk_wiz_0
    BUFGCTRL_X0Y0        BUFG (Prop_bufg_I_O)         0.091     8.000 r  datapath_uut/video_uut/mmcm_adv_inst_display_clocks/inst/clkout2_buf/O
                         net (fo=44, routed)          1.702     9.702    datapath_uut/video_uut/inst_dvid/clk_out2
    SLICE_X163Y119       FDRE                                         r  datapath_uut/video_uut/inst_dvid/shift_red_reg[0]/C
                         clock pessimism             -0.128     9.574    
                         clock uncertainty           -0.215     9.360    
    SLICE_X163Y119       FDRE (Setup_fdre_C_D)        0.029     9.389    datapath_uut/video_uut/inst_dvid/shift_red_reg[0]
  -------------------------------------------------------------------
                         required time                          9.389    
                         arrival time                          -4.319    
  -------------------------------------------------------------------
                         slack                                  5.070    

Slack (MET) :             5.134ns  (required time - arrival time)
  Source:                 datapath_uut/video_uut/inst_dvid/latched_green_reg[0]/C
                            (rising edge-triggered cell FDRE clocked by clk_out1_clk_wiz_0  {rise@0.000ns fall@20.000ns period=40.000ns})
  Destination:            datapath_uut/video_uut/inst_dvid/shift_green_reg[0]/D
                            (rising edge-triggered cell FDRE clocked by clk_out2_clk_wiz_0  {rise@0.000ns fall@4.000ns period=8.000ns})
  Path Group:             clk_out2_clk_wiz_0
  Path Type:              Setup (Max at Slow Process Corner)
  Requirement:            8.000ns  (clk_out2_clk_wiz_0 rise@8.000ns - clk_out1_clk_wiz_0 rise@0.000ns)
  Data Path Delay:        2.483ns  (logic 0.580ns (23.357%)  route 1.903ns (76.643%))
  Logic Levels:           1  (LUT3=1)
  Clock Path Skew:        -0.245ns (DCD - SCD + CPR)
    Destination Clock Delay (DCD):    1.702ns = ( 9.702 - 8.000 ) 
    Source Clock Delay      (SCD):    1.819ns
    Clock Pessimism Removal (CPR):    -0.128ns
  Clock Uncertainty:      0.215ns  ((TSJ^2 + DJ^2)^1/2) / 2 + PE
    Total System Jitter     (TSJ):    0.071ns
    Discrete Jitter          (DJ):    0.175ns
    Phase Error              (PE):    0.120ns

    Location             Delay type                Incr(ns)  Path(ns)    Netlist Resource(s)
  -------------------------------------------------------------------    -------------------
                         (clock clk_out1_clk_wiz_0 rise edge)
                                                      0.000     0.000 r  
    BUFGCTRL_X0Y2        BUFG                         0.000     0.000 r  clk_IBUF_BUFG_inst/O
                         net (fo=36, routed)          2.106     2.106    datapath_uut/video_uut/mmcm_adv_inst_display_clocks/inst/clk_in1
    MMCME2_ADV_X1Y0      MMCME2_ADV (Prop_mmcme2_adv_CLKIN1_CLKOUT0)
                                                     -4.900    -2.793 r  datapath_uut/video_uut/mmcm_adv_inst_display_clocks/inst/mmcm_adv_inst/CLKOUT0
                         net (fo=1, routed)           2.697    -0.096    datapath_uut/video_uut/mmcm_adv_inst_display_clocks/inst/clk_out1_clk_wiz_0
    BUFGCTRL_X0Y1        BUFG (Prop_bufg_I_O)         0.096    -0.000 r  datapath_uut/video_uut/mmcm_adv_inst_display_clocks/inst/clkout1_buf/O
                         net (fo=271, routed)         1.819     1.819    datapath_uut/video_uut/inst_dvid/clk_out1
    SLICE_X161Y129       FDRE                                         r  datapath_uut/video_uut/inst_dvid/latched_green_reg[0]/C
  -------------------------------------------------------------------    -------------------
    SLICE_X161Y129       FDRE (Prop_fdre_C_Q)         0.456     2.275 r  datapath_uut/video_uut/inst_dvid/latched_green_reg[0]/Q
                         net (fo=1, routed)           1.903     4.179    datapath_uut/video_uut/inst_dvid/latched_green[0]
    SLICE_X162Y129       LUT3 (Prop_lut3_I2_O)        0.124     4.303 r  datapath_uut/video_uut/inst_dvid/shift_green[0]_i_1/O
                         net (fo=1, routed)           0.000     4.303    datapath_uut/video_uut/inst_dvid/shift_green_1[0]
    SLICE_X162Y129       FDRE                                         r  datapath_uut/video_uut/inst_dvid/shift_green_reg[0]/D
  -------------------------------------------------------------------    -------------------

                         (clock clk_out2_clk_wiz_0 rise edge)
                                                      8.000     8.000 r  
    BUFGCTRL_X0Y2        BUFG                         0.000     8.000 r  clk_IBUF_BUFG_inst/O
                         net (fo=36, routed)          1.972     9.972    datapath_uut/video_uut/mmcm_adv_inst_display_clocks/inst/clk_in1
    MMCME2_ADV_X1Y0      MMCME2_ADV (Prop_mmcme2_adv_CLKIN1_CLKOUT1)
                                                     -4.637     5.335 r  datapath_uut/video_uut/mmcm_adv_inst_display_clocks/inst/mmcm_adv_inst/CLKOUT1
                         net (fo=1, routed)           2.574     7.909    datapath_uut/video_uut/mmcm_adv_inst_display_clocks/inst/clk_out2_clk_wiz_0
    BUFGCTRL_X0Y0        BUFG (Prop_bufg_I_O)         0.091     8.000 r  datapath_uut/video_uut/mmcm_adv_inst_display_clocks/inst/clkout2_buf/O
                         net (fo=44, routed)          1.702     9.702    datapath_uut/video_uut/inst_dvid/clk_out2
    SLICE_X162Y129       FDRE                                         r  datapath_uut/video_uut/inst_dvid/shift_green_reg[0]/C
                         clock pessimism             -0.128     9.574    
                         clock uncertainty           -0.215     9.360    
    SLICE_X162Y129       FDRE (Setup_fdre_C_D)        0.077     9.437    datapath_uut/video_uut/inst_dvid/shift_green_reg[0]
  -------------------------------------------------------------------
                         required time                          9.437    
                         arrival time                          -4.303    
  -------------------------------------------------------------------
                         slack                                  5.134    

Slack (MET) :             5.137ns  (required time - arrival time)
  Source:                 datapath_uut/video_uut/inst_dvid/latched_blue_reg[4]/C
                            (rising edge-triggered cell FDRE clocked by clk_out1_clk_wiz_0  {rise@0.000ns fall@20.000ns period=40.000ns})
  Destination:            datapath_uut/video_uut/inst_dvid/shift_blue_reg[4]/D
                            (rising edge-triggered cell FDRE clocked by clk_out2_clk_wiz_0  {rise@0.000ns fall@4.000ns period=8.000ns})
  Path Group:             clk_out2_clk_wiz_0
  Path Type:              Setup (Max at Slow Process Corner)
  Requirement:            8.000ns  (clk_out2_clk_wiz_0 rise@8.000ns - clk_out1_clk_wiz_0 rise@0.000ns)
  Data Path Delay:        2.431ns  (logic 0.715ns (29.407%)  route 1.716ns (70.593%))
  Logic Levels:           1  (LUT3=1)
  Clock Path Skew:        -0.248ns (DCD - SCD + CPR)
    Destination Clock Delay (DCD):    1.707ns = ( 9.707 - 8.000 ) 
    Source Clock Delay      (SCD):    1.827ns
    Clock Pessimism Removal (CPR):    -0.128ns
  Clock Uncertainty:      0.215ns  ((TSJ^2 + DJ^2)^1/2) / 2 + PE
    Total System Jitter     (TSJ):    0.071ns
    Discrete Jitter          (DJ):    0.175ns
    Phase Error              (PE):    0.120ns

    Location             Delay type                Incr(ns)  Path(ns)    Netlist Resource(s)
  -------------------------------------------------------------------    -------------------
                         (clock clk_out1_clk_wiz_0 rise edge)
                                                      0.000     0.000 r  
    BUFGCTRL_X0Y2        BUFG                         0.000     0.000 r  clk_IBUF_BUFG_inst/O
                         net (fo=36, routed)          2.106     2.106    datapath_uut/video_uut/mmcm_adv_inst_display_clocks/inst/clk_in1
    MMCME2_ADV_X1Y0      MMCME2_ADV (Prop_mmcme2_adv_CLKIN1_CLKOUT0)
                                                     -4.900    -2.793 r  datapath_uut/video_uut/mmcm_adv_inst_display_clocks/inst/mmcm_adv_inst/CLKOUT0
                         net (fo=1, routed)           2.697    -0.096    datapath_uut/video_uut/mmcm_adv_inst_display_clocks/inst/clk_out1_clk_wiz_0
    BUFGCTRL_X0Y1        BUFG (Prop_bufg_I_O)         0.096    -0.000 r  datapath_uut/video_uut/mmcm_adv_inst_display_clocks/inst/clkout1_buf/O
                         net (fo=271, routed)         1.827     1.827    datapath_uut/video_uut/inst_dvid/clk_out1
    SLICE_X160Y114       FDRE                                         r  datapath_uut/video_uut/inst_dvid/latched_blue_reg[4]/C
  -------------------------------------------------------------------    -------------------
    SLICE_X160Y114       FDRE (Prop_fdre_C_Q)         0.419     2.246 r  datapath_uut/video_uut/inst_dvid/latched_blue_reg[4]/Q
                         net (fo=1, routed)           1.716     3.963    datapath_uut/video_uut/inst_dvid/latched_blue[4]
    SLICE_X163Y115       LUT3 (Prop_lut3_I2_O)        0.296     4.259 r  datapath_uut/video_uut/inst_dvid/shift_blue[4]_i_1/O
                         net (fo=1, routed)           0.000     4.259    datapath_uut/video_uut/inst_dvid/shift_blue_0[4]
    SLICE_X163Y115       FDRE                                         r  datapath_uut/video_uut/inst_dvid/shift_blue_reg[4]/D
  -------------------------------------------------------------------    -------------------

                         (clock clk_out2_clk_wiz_0 rise edge)
                                                      8.000     8.000 r  
    BUFGCTRL_X0Y2        BUFG                         0.000     8.000 r  clk_IBUF_BUFG_inst/O
                         net (fo=36, routed)          1.972     9.972    datapath_uut/video_uut/mmcm_adv_inst_display_clocks/inst/clk_in1
    MMCME2_ADV_X1Y0      MMCME2_ADV (Prop_mmcme2_adv_CLKIN1_CLKOUT1)
                                                     -4.637     5.335 r  datapath_uut/video_uut/mmcm_adv_inst_display_clocks/inst/mmcm_adv_inst/CLKOUT1
                         net (fo=1, routed)           2.574     7.909    datapath_uut/video_uut/mmcm_adv_inst_display_clocks/inst/clk_out2_clk_wiz_0
    BUFGCTRL_X0Y0        BUFG (Prop_bufg_I_O)         0.091     8.000 r  datapath_uut/video_uut/mmcm_adv_inst_display_clocks/inst/clkout2_buf/O
                         net (fo=44, routed)          1.707     9.707    datapath_uut/video_uut/inst_dvid/clk_out2
    SLICE_X163Y115       FDRE                                         r  datapath_uut/video_uut/inst_dvid/shift_blue_reg[4]/C
                         clock pessimism             -0.128     9.579    
                         clock uncertainty           -0.215     9.365    
    SLICE_X163Y115       FDRE (Setup_fdre_C_D)        0.031     9.396    datapath_uut/video_uut/inst_dvid/shift_blue_reg[4]
  -------------------------------------------------------------------
                         required time                          9.396    
                         arrival time                          -4.259    
  -------------------------------------------------------------------
                         slack                                  5.137    

Slack (MET) :             5.154ns  (required time - arrival time)
  Source:                 datapath_uut/video_uut/inst_dvid/latched_blue_reg[8]/C
                            (rising edge-triggered cell FDRE clocked by clk_out1_clk_wiz_0  {rise@0.000ns fall@20.000ns period=40.000ns})
  Destination:            datapath_uut/video_uut/inst_dvid/shift_blue_reg[8]/D
                            (rising edge-triggered cell FDRE clocked by clk_out2_clk_wiz_0  {rise@0.000ns fall@4.000ns period=8.000ns})
  Path Group:             clk_out2_clk_wiz_0
  Path Type:              Setup (Max at Slow Process Corner)
  Requirement:            8.000ns  (clk_out2_clk_wiz_0 rise@8.000ns - clk_out1_clk_wiz_0 rise@0.000ns)
  Data Path Delay:        2.142ns  (logic 0.419ns (19.563%)  route 1.723ns (80.437%))
  Logic Levels:           0  
  Clock Path Skew:        -0.249ns (DCD - SCD + CPR)
    Destination Clock Delay (DCD):    1.706ns = ( 9.706 - 8.000 ) 
    Source Clock Delay      (SCD):    1.827ns
    Clock Pessimism Removal (CPR):    -0.128ns
  Clock Uncertainty:      0.215ns  ((TSJ^2 + DJ^2)^1/2) / 2 + PE
    Total System Jitter     (TSJ):    0.071ns
    Discrete Jitter          (DJ):    0.175ns
    Phase Error              (PE):    0.120ns

    Location             Delay type                Incr(ns)  Path(ns)    Netlist Resource(s)
  -------------------------------------------------------------------    -------------------
                         (clock clk_out1_clk_wiz_0 rise edge)
                                                      0.000     0.000 r  
    BUFGCTRL_X0Y2        BUFG                         0.000     0.000 r  clk_IBUF_BUFG_inst/O
                         net (fo=36, routed)          2.106     2.106    datapath_uut/video_uut/mmcm_adv_inst_display_clocks/inst/clk_in1
    MMCME2_ADV_X1Y0      MMCME2_ADV (Prop_mmcme2_adv_CLKIN1_CLKOUT0)
                                                     -4.900    -2.793 r  datapath_uut/video_uut/mmcm_adv_inst_display_clocks/inst/mmcm_adv_inst/CLKOUT0
                         net (fo=1, routed)           2.697    -0.096    datapath_uut/video_uut/mmcm_adv_inst_display_clocks/inst/clk_out1_clk_wiz_0
    BUFGCTRL_X0Y1        BUFG (Prop_bufg_I_O)         0.096    -0.000 r  datapath_uut/video_uut/mmcm_adv_inst_display_clocks/inst/clkout1_buf/O
                         net (fo=271, routed)         1.827     1.827    datapath_uut/video_uut/inst_dvid/clk_out1
    SLICE_X160Y114       FDRE                                         r  datapath_uut/video_uut/inst_dvid/latched_blue_reg[8]/C
  -------------------------------------------------------------------    -------------------
    SLICE_X160Y114       FDRE (Prop_fdre_C_Q)         0.419     2.246 r  datapath_uut/video_uut/inst_dvid/latched_blue_reg[8]/Q
                         net (fo=1, routed)           1.723     3.969    datapath_uut/video_uut/inst_dvid/latched_blue[8]
    SLICE_X161Y116       FDRE                                         r  datapath_uut/video_uut/inst_dvid/shift_blue_reg[8]/D
  -------------------------------------------------------------------    -------------------

                         (clock clk_out2_clk_wiz_0 rise edge)
                                                      8.000     8.000 r  
    BUFGCTRL_X0Y2        BUFG                         0.000     8.000 r  clk_IBUF_BUFG_inst/O
                         net (fo=36, routed)          1.972     9.972    datapath_uut/video_uut/mmcm_adv_inst_display_clocks/inst/clk_in1
    MMCME2_ADV_X1Y0      MMCME2_ADV (Prop_mmcme2_adv_CLKIN1_CLKOUT1)
                                                     -4.637     5.335 r  datapath_uut/video_uut/mmcm_adv_inst_display_clocks/inst/mmcm_adv_inst/CLKOUT1
                         net (fo=1, routed)           2.574     7.909    datapath_uut/video_uut/mmcm_adv_inst_display_clocks/inst/clk_out2_clk_wiz_0
    BUFGCTRL_X0Y0        BUFG (Prop_bufg_I_O)         0.091     8.000 r  datapath_uut/video_uut/mmcm_adv_inst_display_clocks/inst/clkout2_buf/O
                         net (fo=44, routed)          1.706     9.706    datapath_uut/video_uut/inst_dvid/clk_out2
    SLICE_X161Y116       FDRE                                         r  datapath_uut/video_uut/inst_dvid/shift_blue_reg[8]/C
                         clock pessimism             -0.128     9.578    
                         clock uncertainty           -0.215     9.364    
    SLICE_X161Y116       FDRE (Setup_fdre_C_D)       -0.240     9.124    datapath_uut/video_uut/inst_dvid/shift_blue_reg[8]
  -------------------------------------------------------------------
                         required time                          9.124    
                         arrival time                          -3.969    
  -------------------------------------------------------------------
                         slack                                  5.154    

Slack (MET) :             5.167ns  (required time - arrival time)
  Source:                 datapath_uut/video_uut/inst_dvid/latched_red_reg[9]/C
                            (rising edge-triggered cell FDRE clocked by clk_out1_clk_wiz_0  {rise@0.000ns fall@20.000ns period=40.000ns})
  Destination:            datapath_uut/video_uut/inst_dvid/shift_red_reg[9]/D
                            (rising edge-triggered cell FDRE clocked by clk_out2_clk_wiz_0  {rise@0.000ns fall@4.000ns period=8.000ns})
  Path Group:             clk_out2_clk_wiz_0
  Path Type:              Setup (Max at Slow Process Corner)
  Requirement:            8.000ns  (clk_out2_clk_wiz_0 rise@8.000ns - clk_out1_clk_wiz_0 rise@0.000ns)
  Data Path Delay:        2.307ns  (logic 0.456ns (19.769%)  route 1.851ns (80.231%))
  Logic Levels:           0  
  Clock Path Skew:        -0.244ns (DCD - SCD + CPR)
    Destination Clock Delay (DCD):    1.702ns = ( 9.702 - 8.000 ) 
    Source Clock Delay      (SCD):    1.818ns
    Clock Pessimism Removal (CPR):    -0.128ns
  Clock Uncertainty:      0.215ns  ((TSJ^2 + DJ^2)^1/2) / 2 + PE
    Total System Jitter     (TSJ):    0.071ns
    Discrete Jitter          (DJ):    0.175ns
    Phase Error              (PE):    0.120ns

    Location             Delay type                Incr(ns)  Path(ns)    Netlist Resource(s)
  -------------------------------------------------------------------    -------------------
                         (clock clk_out1_clk_wiz_0 rise edge)
                                                      0.000     0.000 r  
    BUFGCTRL_X0Y2        BUFG                         0.000     0.000 r  clk_IBUF_BUFG_inst/O
                         net (fo=36, routed)          2.106     2.106    datapath_uut/video_uut/mmcm_adv_inst_display_clocks/inst/clk_in1
    MMCME2_ADV_X1Y0      MMCME2_ADV (Prop_mmcme2_adv_CLKIN1_CLKOUT0)
                                                     -4.900    -2.793 r  datapath_uut/video_uut/mmcm_adv_inst_display_clocks/inst/mmcm_adv_inst/CLKOUT0
                         net (fo=1, routed)           2.697    -0.096    datapath_uut/video_uut/mmcm_adv_inst_display_clocks/inst/clk_out1_clk_wiz_0
    BUFGCTRL_X0Y1        BUFG (Prop_bufg_I_O)         0.096    -0.000 r  datapath_uut/video_uut/mmcm_adv_inst_display_clocks/inst/clkout1_buf/O
                         net (fo=271, routed)         1.818     1.818    datapath_uut/video_uut/inst_dvid/clk_out1
    SLICE_X159Y119       FDRE                                         r  datapath_uut/video_uut/inst_dvid/latched_red_reg[9]/C
  -------------------------------------------------------------------    -------------------
    SLICE_X159Y119       FDRE (Prop_fdre_C_Q)         0.456     2.274 r  datapath_uut/video_uut/inst_dvid/latched_red_reg[9]/Q
                         net (fo=1, routed)           1.851     4.125    datapath_uut/video_uut/inst_dvid/latched_red[9]
    SLICE_X160Y119       FDRE                                         r  datapath_uut/video_uut/inst_dvid/shift_red_reg[9]/D
  -------------------------------------------------------------------    -------------------

                         (clock clk_out2_clk_wiz_0 rise edge)
                                                      8.000     8.000 r  
    BUFGCTRL_X0Y2        BUFG                         0.000     8.000 r  clk_IBUF_BUFG_inst/O
                         net (fo=36, routed)          1.972     9.972    datapath_uut/video_uut/mmcm_adv_inst_display_clocks/inst/clk_in1
    MMCME2_ADV_X1Y0      MMCME2_ADV (Prop_mmcme2_adv_CLKIN1_CLKOUT1)
                                                     -4.637     5.335 r  datapath_uut/video_uut/mmcm_adv_inst_display_clocks/inst/mmcm_adv_inst/CLKOUT1
                         net (fo=1, routed)           2.574     7.909    datapath_uut/video_uut/mmcm_adv_inst_display_clocks/inst/clk_out2_clk_wiz_0
    BUFGCTRL_X0Y0        BUFG (Prop_bufg_I_O)         0.091     8.000 r  datapath_uut/video_uut/mmcm_adv_inst_display_clocks/inst/clkout2_buf/O
                         net (fo=44, routed)          1.702     9.702    datapath_uut/video_uut/inst_dvid/clk_out2
    SLICE_X160Y119       FDRE                                         r  datapath_uut/video_uut/inst_dvid/shift_red_reg[9]/C
                         clock pessimism             -0.128     9.574    
                         clock uncertainty           -0.215     9.360    
    SLICE_X160Y119       FDRE (Setup_fdre_C_D)       -0.067     9.293    datapath_uut/video_uut/inst_dvid/shift_red_reg[9]
  -------------------------------------------------------------------
                         required time                          9.293    
                         arrival time                          -4.125    
  -------------------------------------------------------------------
                         slack                                  5.167    

Slack (MET) :             5.170ns  (required time - arrival time)
  Source:                 datapath_uut/video_uut/inst_dvid/latched_green_reg[1]/C
                            (rising edge-triggered cell FDRE clocked by clk_out1_clk_wiz_0  {rise@0.000ns fall@20.000ns period=40.000ns})
  Destination:            datapath_uut/video_uut/inst_dvid/shift_green_reg[1]/D
                            (rising edge-triggered cell FDRE clocked by clk_out2_clk_wiz_0  {rise@0.000ns fall@4.000ns period=8.000ns})
  Path Group:             clk_out2_clk_wiz_0
  Path Type:              Setup (Max at Slow Process Corner)
  Requirement:            8.000ns  (clk_out2_clk_wiz_0 rise@8.000ns - clk_out1_clk_wiz_0 rise@0.000ns)
  Data Path Delay:        2.490ns  (logic 0.606ns (24.333%)  route 1.884ns (75.667%))
  Logic Levels:           1  (LUT3=1)
  Clock Path Skew:        -0.243ns (DCD - SCD + CPR)
    Destination Clock Delay (DCD):    1.702ns = ( 9.702 - 8.000 ) 
    Source Clock Delay      (SCD):    1.817ns
    Clock Pessimism Removal (CPR):    -0.128ns
  Clock Uncertainty:      0.215ns  ((TSJ^2 + DJ^2)^1/2) / 2 + PE
    Total System Jitter     (TSJ):    0.071ns
    Discrete Jitter          (DJ):    0.175ns
    Phase Error              (PE):    0.120ns

    Location             Delay type                Incr(ns)  Path(ns)    Netlist Resource(s)
  -------------------------------------------------------------------    -------------------
                         (clock clk_out1_clk_wiz_0 rise edge)
                                                      0.000     0.000 r  
    BUFGCTRL_X0Y2        BUFG                         0.000     0.000 r  clk_IBUF_BUFG_inst/O
                         net (fo=36, routed)          2.106     2.106    datapath_uut/video_uut/mmcm_adv_inst_display_clocks/inst/clk_in1
    MMCME2_ADV_X1Y0      MMCME2_ADV (Prop_mmcme2_adv_CLKIN1_CLKOUT0)
                                                     -4.900    -2.793 r  datapath_uut/video_uut/mmcm_adv_inst_display_clocks/inst/mmcm_adv_inst/CLKOUT0
                         net (fo=1, routed)           2.697    -0.096    datapath_uut/video_uut/mmcm_adv_inst_display_clocks/inst/clk_out1_clk_wiz_0
    BUFGCTRL_X0Y1        BUFG (Prop_bufg_I_O)         0.096    -0.000 r  datapath_uut/video_uut/mmcm_adv_inst_display_clocks/inst/clkout1_buf/O
                         net (fo=271, routed)         1.817     1.817    datapath_uut/video_uut/inst_dvid/clk_out1
    SLICE_X159Y129       FDRE                                         r  datapath_uut/video_uut/inst_dvid/latched_green_reg[1]/C
  -------------------------------------------------------------------    -------------------
    SLICE_X159Y129       FDRE (Prop_fdre_C_Q)         0.456     2.273 r  datapath_uut/video_uut/inst_dvid/latched_green_reg[1]/Q
                         net (fo=1, routed)           1.884     4.158    datapath_uut/video_uut/inst_dvid/latched_green[1]
    SLICE_X162Y129       LUT3 (Prop_lut3_I2_O)        0.150     4.308 r  datapath_uut/video_uut/inst_dvid/shift_green[1]_i_1/O
                         net (fo=1, routed)           0.000     4.308    datapath_uut/video_uut/inst_dvid/shift_green_1[1]
    SLICE_X162Y129       FDRE                                         r  datapath_uut/video_uut/inst_dvid/shift_green_reg[1]/D
  -------------------------------------------------------------------    -------------------

                         (clock clk_out2_clk_wiz_0 rise edge)
                                                      8.000     8.000 r  
    BUFGCTRL_X0Y2        BUFG                         0.000     8.000 r  clk_IBUF_BUFG_inst/O
                         net (fo=36, routed)          1.972     9.972    datapath_uut/video_uut/mmcm_adv_inst_display_clocks/inst/clk_in1
    MMCME2_ADV_X1Y0      MMCME2_ADV (Prop_mmcme2_adv_CLKIN1_CLKOUT1)
                                                     -4.637     5.335 r  datapath_uut/video_uut/mmcm_adv_inst_display_clocks/inst/mmcm_adv_inst/CLKOUT1
                         net (fo=1, routed)           2.574     7.909    datapath_uut/video_uut/mmcm_adv_inst_display_clocks/inst/clk_out2_clk_wiz_0
    BUFGCTRL_X0Y0        BUFG (Prop_bufg_I_O)         0.091     8.000 r  datapath_uut/video_uut/mmcm_adv_inst_display_clocks/inst/clkout2_buf/O
                         net (fo=44, routed)          1.702     9.702    datapath_uut/video_uut/inst_dvid/clk_out2
    SLICE_X162Y129       FDRE                                         r  datapath_uut/video_uut/inst_dvid/shift_green_reg[1]/C
                         clock pessimism             -0.128     9.574    
                         clock uncertainty           -0.215     9.360    
    SLICE_X162Y129       FDRE (Setup_fdre_C_D)        0.118     9.478    datapath_uut/video_uut/inst_dvid/shift_green_reg[1]
  -------------------------------------------------------------------
                         required time                          9.478    
                         arrival time                          -4.308    
  -------------------------------------------------------------------
                         slack                                  5.170    





Min Delay Paths
--------------------------------------------------------------------------------------
Slack (MET) :             0.127ns  (arrival time - required time)
  Source:                 datapath_uut/video_uut/inst_dvid/latched_green_reg[7]/C
                            (rising edge-triggered cell FDRE clocked by clk_out1_clk_wiz_0  {rise@0.000ns fall@20.000ns period=40.000ns})
  Destination:            datapath_uut/video_uut/inst_dvid/shift_green_reg[7]/D
                            (rising edge-triggered cell FDRE clocked by clk_out2_clk_wiz_0  {rise@0.000ns fall@4.000ns period=8.000ns})
  Path Group:             clk_out2_clk_wiz_0
  Path Type:              Hold (Min at Fast Process Corner)
  Requirement:            0.000ns  (clk_out2_clk_wiz_0 rise@0.000ns - clk_out1_clk_wiz_0 rise@0.000ns)
  Data Path Delay:        0.826ns  (logic 0.208ns (25.173%)  route 0.618ns (74.827%))
  Logic Levels:           1  (LUT3=1)
  Clock Path Skew:        0.353ns (DCD - SCD - CPR)
    Destination Clock Delay (DCD):    0.908ns
    Source Clock Delay      (SCD):    0.635ns
    Clock Pessimism Removal (CPR):    -0.080ns
  Clock Uncertainty:      0.215ns  ((TSJ^2 + DJ^2)^1/2) / 2 + PE
    Total System Jitter     (TSJ):    0.071ns
    Discrete Jitter          (DJ):    0.175ns
    Phase Error              (PE):    0.120ns

    Location             Delay type                Incr(ns)  Path(ns)    Netlist Resource(s)
  -------------------------------------------------------------------    -------------------
                         (clock clk_out1_clk_wiz_0 rise edge)
                                                      0.000     0.000 r  
    BUFGCTRL_X0Y2        BUFG                         0.000     0.000 r  clk_IBUF_BUFG_inst/O
                         net (fo=36, routed)          0.745     0.745    datapath_uut/video_uut/mmcm_adv_inst_display_clocks/inst/clk_in1
    MMCME2_ADV_X1Y0      MMCME2_ADV (Prop_mmcme2_adv_CLKIN1_CLKOUT0)
                                                     -1.683    -0.938 r  datapath_uut/video_uut/mmcm_adv_inst_display_clocks/inst/mmcm_adv_inst/CLKOUT0
                         net (fo=1, routed)           0.912    -0.026    datapath_uut/video_uut/mmcm_adv_inst_display_clocks/inst/clk_out1_clk_wiz_0
    BUFGCTRL_X0Y1        BUFG (Prop_bufg_I_O)         0.026    -0.000 r  datapath_uut/video_uut/mmcm_adv_inst_display_clocks/inst/clkout1_buf/O
                         net (fo=271, routed)         0.635     0.635    datapath_uut/video_uut/inst_dvid/clk_out1
    SLICE_X162Y125       FDRE                                         r  datapath_uut/video_uut/inst_dvid/latched_green_reg[7]/C
  -------------------------------------------------------------------    -------------------
    SLICE_X162Y125       FDRE (Prop_fdre_C_Q)         0.164     0.799 r  datapath_uut/video_uut/inst_dvid/latched_green_reg[7]/Q
                         net (fo=1, routed)           0.618     1.417    datapath_uut/video_uut/inst_dvid/latched_green[7]
    SLICE_X162Y127       LUT3 (Prop_lut3_I2_O)        0.044     1.461 r  datapath_uut/video_uut/inst_dvid/shift_green[7]_i_1/O
                         net (fo=1, routed)           0.000     1.461    datapath_uut/video_uut/inst_dvid/shift_green_1[7]
    SLICE_X162Y127       FDRE                                         r  datapath_uut/video_uut/inst_dvid/shift_green_reg[7]/D
  -------------------------------------------------------------------    -------------------

                         (clock clk_out2_clk_wiz_0 rise edge)
                                                      0.000     0.000 r  
    BUFGCTRL_X0Y2        BUFG                         0.000     0.000 r  clk_IBUF_BUFG_inst/O
                         net (fo=36, routed)          1.022     1.022    datapath_uut/video_uut/mmcm_adv_inst_display_clocks/inst/clk_in1
    MMCME2_ADV_X1Y0      MMCME2_ADV (Prop_mmcme2_adv_CLKIN1_CLKOUT1)
                                                     -2.040    -1.018 r  datapath_uut/video_uut/mmcm_adv_inst_display_clocks/inst/mmcm_adv_inst/CLKOUT1
                         net (fo=1, routed)           0.989    -0.029    datapath_uut/video_uut/mmcm_adv_inst_display_clocks/inst/clk_out2_clk_wiz_0
    BUFGCTRL_X0Y0        BUFG (Prop_bufg_I_O)         0.029    -0.000 r  datapath_uut/video_uut/mmcm_adv_inst_display_clocks/inst/clkout2_buf/O
                         net (fo=44, routed)          0.908     0.908    datapath_uut/video_uut/inst_dvid/clk_out2
    SLICE_X162Y127       FDRE                                         r  datapath_uut/video_uut/inst_dvid/shift_green_reg[7]/C
                         clock pessimism              0.080     0.988    
                         clock uncertainty            0.215     1.202    
    SLICE_X162Y127       FDRE (Hold_fdre_C_D)         0.131     1.333    datapath_uut/video_uut/inst_dvid/shift_green_reg[7]
  -------------------------------------------------------------------
                         required time                         -1.333    
                         arrival time                           1.461    
  -------------------------------------------------------------------
                         slack                                  0.127    

Slack (MET) :             0.171ns  (arrival time - required time)
  Source:                 datapath_uut/video_uut/inst_dvid/latched_red_reg[5]/C
                            (rising edge-triggered cell FDRE clocked by clk_out1_clk_wiz_0  {rise@0.000ns fall@20.000ns period=40.000ns})
  Destination:            datapath_uut/video_uut/inst_dvid/shift_red_reg[5]/D
                            (rising edge-triggered cell FDRE clocked by clk_out2_clk_wiz_0  {rise@0.000ns fall@4.000ns period=8.000ns})
  Path Group:             clk_out2_clk_wiz_0
  Path Type:              Hold (Min at Fast Process Corner)
  Requirement:            0.000ns  (clk_out2_clk_wiz_0 rise@0.000ns - clk_out1_clk_wiz_0 rise@0.000ns)
  Data Path Delay:        0.844ns  (logic 0.186ns (22.037%)  route 0.658ns (77.963%))
  Logic Levels:           1  (LUT3=1)
  Clock Path Skew:        0.351ns (DCD - SCD - CPR)
    Destination Clock Delay (DCD):    0.912ns
    Source Clock Delay      (SCD):    0.641ns
    Clock Pessimism Removal (CPR):    -0.080ns
  Clock Uncertainty:      0.215ns  ((TSJ^2 + DJ^2)^1/2) / 2 + PE
    Total System Jitter     (TSJ):    0.071ns
    Discrete Jitter          (DJ):    0.175ns
    Phase Error              (PE):    0.120ns

    Location             Delay type                Incr(ns)  Path(ns)    Netlist Resource(s)
  -------------------------------------------------------------------    -------------------
                         (clock clk_out1_clk_wiz_0 rise edge)
                                                      0.000     0.000 r  
    BUFGCTRL_X0Y2        BUFG                         0.000     0.000 r  clk_IBUF_BUFG_inst/O
                         net (fo=36, routed)          0.745     0.745    datapath_uut/video_uut/mmcm_adv_inst_display_clocks/inst/clk_in1
    MMCME2_ADV_X1Y0      MMCME2_ADV (Prop_mmcme2_adv_CLKIN1_CLKOUT0)
                                                     -1.683    -0.938 r  datapath_uut/video_uut/mmcm_adv_inst_display_clocks/inst/mmcm_adv_inst/CLKOUT0
                         net (fo=1, routed)           0.912    -0.026    datapath_uut/video_uut/mmcm_adv_inst_display_clocks/inst/clk_out1_clk_wiz_0
    BUFGCTRL_X0Y1        BUFG (Prop_bufg_I_O)         0.026    -0.000 r  datapath_uut/video_uut/mmcm_adv_inst_display_clocks/inst/clkout1_buf/O
                         net (fo=271, routed)         0.641     0.641    datapath_uut/video_uut/inst_dvid/clk_out1
    SLICE_X161Y118       FDRE                                         r  datapath_uut/video_uut/inst_dvid/latched_red_reg[5]/C
  -------------------------------------------------------------------    -------------------
    SLICE_X161Y118       FDRE (Prop_fdre_C_Q)         0.141     0.782 r  datapath_uut/video_uut/inst_dvid/latched_red_reg[5]/Q
                         net (fo=1, routed)           0.658     1.440    datapath_uut/video_uut/inst_dvid/latched_red[5]
    SLICE_X163Y118       LUT3 (Prop_lut3_I2_O)        0.045     1.485 r  datapath_uut/video_uut/inst_dvid/shift_red[5]_i_1/O
                         net (fo=1, routed)           0.000     1.485    datapath_uut/video_uut/inst_dvid/shift_red[5]
    SLICE_X163Y118       FDRE                                         r  datapath_uut/video_uut/inst_dvid/shift_red_reg[5]/D
  -------------------------------------------------------------------    -------------------

                         (clock clk_out2_clk_wiz_0 rise edge)
                                                      0.000     0.000 r  
    BUFGCTRL_X0Y2        BUFG                         0.000     0.000 r  clk_IBUF_BUFG_inst/O
                         net (fo=36, routed)          1.022     1.022    datapath_uut/video_uut/mmcm_adv_inst_display_clocks/inst/clk_in1
    MMCME2_ADV_X1Y0      MMCME2_ADV (Prop_mmcme2_adv_CLKIN1_CLKOUT1)
                                                     -2.040    -1.018 r  datapath_uut/video_uut/mmcm_adv_inst_display_clocks/inst/mmcm_adv_inst/CLKOUT1
                         net (fo=1, routed)           0.989    -0.029    datapath_uut/video_uut/mmcm_adv_inst_display_clocks/inst/clk_out2_clk_wiz_0
    BUFGCTRL_X0Y0        BUFG (Prop_bufg_I_O)         0.029    -0.000 r  datapath_uut/video_uut/mmcm_adv_inst_display_clocks/inst/clkout2_buf/O
                         net (fo=44, routed)          0.912     0.912    datapath_uut/video_uut/inst_dvid/clk_out2
    SLICE_X163Y118       FDRE                                         r  datapath_uut/video_uut/inst_dvid/shift_red_reg[5]/C
                         clock pessimism              0.080     0.992    
                         clock uncertainty            0.215     1.206    
    SLICE_X163Y118       FDRE (Hold_fdre_C_D)         0.107     1.313    datapath_uut/video_uut/inst_dvid/shift_red_reg[5]
  -------------------------------------------------------------------
                         required time                         -1.313    
                         arrival time                           1.485    
  -------------------------------------------------------------------
                         slack                                  0.171    

Slack (MET) :             0.193ns  (arrival time - required time)
  Source:                 datapath_uut/video_uut/inst_dvid/latched_red_reg[2]/C
                            (rising edge-triggered cell FDRE clocked by clk_out1_clk_wiz_0  {rise@0.000ns fall@20.000ns period=40.000ns})
  Destination:            datapath_uut/video_uut/inst_dvid/shift_red_reg[2]/D
                            (rising edge-triggered cell FDRE clocked by clk_out2_clk_wiz_0  {rise@0.000ns fall@4.000ns period=8.000ns})
  Path Group:             clk_out2_clk_wiz_0
  Path Type:              Hold (Min at Fast Process Corner)
  Requirement:            0.000ns  (clk_out2_clk_wiz_0 rise@0.000ns - clk_out1_clk_wiz_0 rise@0.000ns)
  Data Path Delay:        0.849ns  (logic 0.209ns (24.606%)  route 0.640ns (75.394%))
  Logic Levels:           1  (LUT3=1)
  Clock Path Skew:        0.351ns (DCD - SCD - CPR)
    Destination Clock Delay (DCD):    0.912ns
    Source Clock Delay      (SCD):    0.641ns
    Clock Pessimism Removal (CPR):    -0.080ns
  Clock Uncertainty:      0.215ns  ((TSJ^2 + DJ^2)^1/2) / 2 + PE
    Total System Jitter     (TSJ):    0.071ns
    Discrete Jitter          (DJ):    0.175ns
    Phase Error              (PE):    0.120ns

    Location             Delay type                Incr(ns)  Path(ns)    Netlist Resource(s)
  -------------------------------------------------------------------    -------------------
                         (clock clk_out1_clk_wiz_0 rise edge)
                                                      0.000     0.000 r  
    BUFGCTRL_X0Y2        BUFG                         0.000     0.000 r  clk_IBUF_BUFG_inst/O
                         net (fo=36, routed)          0.745     0.745    datapath_uut/video_uut/mmcm_adv_inst_display_clocks/inst/clk_in1
    MMCME2_ADV_X1Y0      MMCME2_ADV (Prop_mmcme2_adv_CLKIN1_CLKOUT0)
                                                     -1.683    -0.938 r  datapath_uut/video_uut/mmcm_adv_inst_display_clocks/inst/mmcm_adv_inst/CLKOUT0
                         net (fo=1, routed)           0.912    -0.026    datapath_uut/video_uut/mmcm_adv_inst_display_clocks/inst/clk_out1_clk_wiz_0
    BUFGCTRL_X0Y1        BUFG (Prop_bufg_I_O)         0.026    -0.000 r  datapath_uut/video_uut/mmcm_adv_inst_display_clocks/inst/clkout1_buf/O
                         net (fo=271, routed)         0.641     0.641    datapath_uut/video_uut/inst_dvid/clk_out1
    SLICE_X162Y118       FDRE                                         r  datapath_uut/video_uut/inst_dvid/latched_red_reg[2]/C
  -------------------------------------------------------------------    -------------------
    SLICE_X162Y118       FDRE (Prop_fdre_C_Q)         0.164     0.805 r  datapath_uut/video_uut/inst_dvid/latched_red_reg[2]/Q
                         net (fo=1, routed)           0.640     1.445    datapath_uut/video_uut/inst_dvid/latched_red[2]
    SLICE_X163Y118       LUT3 (Prop_lut3_I2_O)        0.045     1.490 r  datapath_uut/video_uut/inst_dvid/shift_red[2]_i_1/O
                         net (fo=1, routed)           0.000     1.490    datapath_uut/video_uut/inst_dvid/shift_red[2]
    SLICE_X163Y118       FDRE                                         r  datapath_uut/video_uut/inst_dvid/shift_red_reg[2]/D
  -------------------------------------------------------------------    -------------------

                         (clock clk_out2_clk_wiz_0 rise edge)
                                                      0.000     0.000 r  
    BUFGCTRL_X0Y2        BUFG                         0.000     0.000 r  clk_IBUF_BUFG_inst/O
                         net (fo=36, routed)          1.022     1.022    datapath_uut/video_uut/mmcm_adv_inst_display_clocks/inst/clk_in1
    MMCME2_ADV_X1Y0      MMCME2_ADV (Prop_mmcme2_adv_CLKIN1_CLKOUT1)
                                                     -2.040    -1.018 r  datapath_uut/video_uut/mmcm_adv_inst_display_clocks/inst/mmcm_adv_inst/CLKOUT1
                         net (fo=1, routed)           0.989    -0.029    datapath_uut/video_uut/mmcm_adv_inst_display_clocks/inst/clk_out2_clk_wiz_0
    BUFGCTRL_X0Y0        BUFG (Prop_bufg_I_O)         0.029    -0.000 r  datapath_uut/video_uut/mmcm_adv_inst_display_clocks/inst/clkout2_buf/O
                         net (fo=44, routed)          0.912     0.912    datapath_uut/video_uut/inst_dvid/clk_out2
    SLICE_X163Y118       FDRE                                         r  datapath_uut/video_uut/inst_dvid/shift_red_reg[2]/C
                         clock pessimism              0.080     0.992    
                         clock uncertainty            0.215     1.206    
    SLICE_X163Y118       FDRE (Hold_fdre_C_D)         0.091     1.297    datapath_uut/video_uut/inst_dvid/shift_red_reg[2]
  -------------------------------------------------------------------
                         required time                         -1.297    
                         arrival time                           1.490    
  -------------------------------------------------------------------
                         slack                                  0.193    

Slack (MET) :             0.193ns  (arrival time - required time)
  Source:                 datapath_uut/video_uut/inst_dvid/latched_red_reg[8]/C
                            (rising edge-triggered cell FDRE clocked by clk_out1_clk_wiz_0  {rise@0.000ns fall@20.000ns period=40.000ns})
  Destination:            datapath_uut/video_uut/inst_dvid/shift_red_reg[8]/D
                            (rising edge-triggered cell FDRE clocked by clk_out2_clk_wiz_0  {rise@0.000ns fall@4.000ns period=8.000ns})
  Path Group:             clk_out2_clk_wiz_0
  Path Type:              Hold (Min at Fast Process Corner)
  Requirement:            0.000ns  (clk_out2_clk_wiz_0 rise@0.000ns - clk_out1_clk_wiz_0 rise@0.000ns)
  Data Path Delay:        0.826ns  (logic 0.141ns (17.073%)  route 0.685ns (82.927%))
  Logic Levels:           0  
  Clock Path Skew:        0.352ns (DCD - SCD - CPR)
    Destination Clock Delay (DCD):    0.912ns
    Source Clock Delay      (SCD):    0.640ns
    Clock Pessimism Removal (CPR):    -0.080ns
  Clock Uncertainty:      0.215ns  ((TSJ^2 + DJ^2)^1/2) / 2 + PE
    Total System Jitter     (TSJ):    0.071ns
    Discrete Jitter          (DJ):    0.175ns
    Phase Error              (PE):    0.120ns

    Location             Delay type                Incr(ns)  Path(ns)    Netlist Resource(s)
  -------------------------------------------------------------------    -------------------
                         (clock clk_out1_clk_wiz_0 rise edge)
                                                      0.000     0.000 r  
    BUFGCTRL_X0Y2        BUFG                         0.000     0.000 r  clk_IBUF_BUFG_inst/O
                         net (fo=36, routed)          0.745     0.745    datapath_uut/video_uut/mmcm_adv_inst_display_clocks/inst/clk_in1
    MMCME2_ADV_X1Y0      MMCME2_ADV (Prop_mmcme2_adv_CLKIN1_CLKOUT0)
                                                     -1.683    -0.938 r  datapath_uut/video_uut/mmcm_adv_inst_display_clocks/inst/mmcm_adv_inst/CLKOUT0
                         net (fo=1, routed)           0.912    -0.026    datapath_uut/video_uut/mmcm_adv_inst_display_clocks/inst/clk_out1_clk_wiz_0
    BUFGCTRL_X0Y1        BUFG (Prop_bufg_I_O)         0.026    -0.000 r  datapath_uut/video_uut/mmcm_adv_inst_display_clocks/inst/clkout1_buf/O
                         net (fo=271, routed)         0.640     0.640    datapath_uut/video_uut/inst_dvid/clk_out1
    SLICE_X159Y118       FDRE                                         r  datapath_uut/video_uut/inst_dvid/latched_red_reg[8]/C
  -------------------------------------------------------------------    -------------------
    SLICE_X159Y118       FDRE (Prop_fdre_C_Q)         0.141     0.781 r  datapath_uut/video_uut/inst_dvid/latched_red_reg[8]/Q
                         net (fo=1, routed)           0.685     1.465    datapath_uut/video_uut/inst_dvid/latched_red[8]
    SLICE_X160Y118       FDRE                                         r  datapath_uut/video_uut/inst_dvid/shift_red_reg[8]/D
  -------------------------------------------------------------------    -------------------

                         (clock clk_out2_clk_wiz_0 rise edge)
                                                      0.000     0.000 r  
    BUFGCTRL_X0Y2        BUFG                         0.000     0.000 r  clk_IBUF_BUFG_inst/O
                         net (fo=36, routed)          1.022     1.022    datapath_uut/video_uut/mmcm_adv_inst_display_clocks/inst/clk_in1
    MMCME2_ADV_X1Y0      MMCME2_ADV (Prop_mmcme2_adv_CLKIN1_CLKOUT1)
                                                     -2.040    -1.018 r  datapath_uut/video_uut/mmcm_adv_inst_display_clocks/inst/mmcm_adv_inst/CLKOUT1
                         net (fo=1, routed)           0.989    -0.029    datapath_uut/video_uut/mmcm_adv_inst_display_clocks/inst/clk_out2_clk_wiz_0
    BUFGCTRL_X0Y0        BUFG (Prop_bufg_I_O)         0.029    -0.000 r  datapath_uut/video_uut/mmcm_adv_inst_display_clocks/inst/clkout2_buf/O
                         net (fo=44, routed)          0.912     0.912    datapath_uut/video_uut/inst_dvid/clk_out2
    SLICE_X160Y118       FDRE                                         r  datapath_uut/video_uut/inst_dvid/shift_red_reg[8]/C
                         clock pessimism              0.080     0.992    
                         clock uncertainty            0.215     1.206    
    SLICE_X160Y118       FDRE (Hold_fdre_C_D)         0.066     1.272    datapath_uut/video_uut/inst_dvid/shift_red_reg[8]
  -------------------------------------------------------------------
                         required time                         -1.272    
                         arrival time                           1.465    
  -------------------------------------------------------------------
                         slack                                  0.193    

Slack (MET) :             0.198ns  (arrival time - required time)
  Source:                 datapath_uut/video_uut/inst_dvid/latched_red_reg[4]/C
                            (rising edge-triggered cell FDRE clocked by clk_out1_clk_wiz_0  {rise@0.000ns fall@20.000ns period=40.000ns})
  Destination:            datapath_uut/video_uut/inst_dvid/shift_red_reg[4]/D
                            (rising edge-triggered cell FDRE clocked by clk_out2_clk_wiz_0  {rise@0.000ns fall@4.000ns period=8.000ns})
  Path Group:             clk_out2_clk_wiz_0
  Path Type:              Hold (Min at Fast Process Corner)
  Requirement:            0.000ns  (clk_out2_clk_wiz_0 rise@0.000ns - clk_out1_clk_wiz_0 rise@0.000ns)
  Data Path Delay:        0.853ns  (logic 0.186ns (21.803%)  route 0.667ns (78.198%))
  Logic Levels:           1  (LUT3=1)
  Clock Path Skew:        0.348ns (DCD - SCD - CPR)
    Destination Clock Delay (DCD):    0.912ns
    Source Clock Delay      (SCD):    0.644ns
    Clock Pessimism Removal (CPR):    -0.080ns
  Clock Uncertainty:      0.215ns  ((TSJ^2 + DJ^2)^1/2) / 2 + PE
    Total System Jitter     (TSJ):    0.071ns
    Discrete Jitter          (DJ):    0.175ns
    Phase Error              (PE):    0.120ns

    Location             Delay type                Incr(ns)  Path(ns)    Netlist Resource(s)
  -------------------------------------------------------------------    -------------------
                         (clock clk_out1_clk_wiz_0 rise edge)
                                                      0.000     0.000 r  
    BUFGCTRL_X0Y2        BUFG                         0.000     0.000 r  clk_IBUF_BUFG_inst/O
                         net (fo=36, routed)          0.745     0.745    datapath_uut/video_uut/mmcm_adv_inst_display_clocks/inst/clk_in1
    MMCME2_ADV_X1Y0      MMCME2_ADV (Prop_mmcme2_adv_CLKIN1_CLKOUT0)
                                                     -1.683    -0.938 r  datapath_uut/video_uut/mmcm_adv_inst_display_clocks/inst/mmcm_adv_inst/CLKOUT0
                         net (fo=1, routed)           0.912    -0.026    datapath_uut/video_uut/mmcm_adv_inst_display_clocks/inst/clk_out1_clk_wiz_0
    BUFGCTRL_X0Y1        BUFG (Prop_bufg_I_O)         0.026    -0.000 r  datapath_uut/video_uut/mmcm_adv_inst_display_clocks/inst/clkout1_buf/O
                         net (fo=271, routed)         0.644     0.644    datapath_uut/video_uut/inst_dvid/clk_out1
    SLICE_X161Y115       FDRE                                         r  datapath_uut/video_uut/inst_dvid/latched_red_reg[4]/C
  -------------------------------------------------------------------    -------------------
    SLICE_X161Y115       FDRE (Prop_fdre_C_Q)         0.141     0.785 r  datapath_uut/video_uut/inst_dvid/latched_red_reg[4]/Q
                         net (fo=1, routed)           0.667     1.452    datapath_uut/video_uut/inst_dvid/latched_red[4]
    SLICE_X163Y118       LUT3 (Prop_lut3_I2_O)        0.045     1.497 r  datapath_uut/video_uut/inst_dvid/shift_red[4]_i_1/O
                         net (fo=1, routed)           0.000     1.497    datapath_uut/video_uut/inst_dvid/shift_red[4]
    SLICE_X163Y118       FDRE                                         r  datapath_uut/video_uut/inst_dvid/shift_red_reg[4]/D
  -------------------------------------------------------------------    -------------------

                         (clock clk_out2_clk_wiz_0 rise edge)
                                                      0.000     0.000 r  
    BUFGCTRL_X0Y2        BUFG                         0.000     0.000 r  clk_IBUF_BUFG_inst/O
                         net (fo=36, routed)          1.022     1.022    datapath_uut/video_uut/mmcm_adv_inst_display_clocks/inst/clk_in1
    MMCME2_ADV_X1Y0      MMCME2_ADV (Prop_mmcme2_adv_CLKIN1_CLKOUT1)
                                                     -2.040    -1.018 r  datapath_uut/video_uut/mmcm_adv_inst_display_clocks/inst/mmcm_adv_inst/CLKOUT1
                         net (fo=1, routed)           0.989    -0.029    datapath_uut/video_uut/mmcm_adv_inst_display_clocks/inst/clk_out2_clk_wiz_0
    BUFGCTRL_X0Y0        BUFG (Prop_bufg_I_O)         0.029    -0.000 r  datapath_uut/video_uut/mmcm_adv_inst_display_clocks/inst/clkout2_buf/O
                         net (fo=44, routed)          0.912     0.912    datapath_uut/video_uut/inst_dvid/clk_out2
    SLICE_X163Y118       FDRE                                         r  datapath_uut/video_uut/inst_dvid/shift_red_reg[4]/C
                         clock pessimism              0.080     0.992    
                         clock uncertainty            0.215     1.206    
    SLICE_X163Y118       FDRE (Hold_fdre_C_D)         0.092     1.298    datapath_uut/video_uut/inst_dvid/shift_red_reg[4]
  -------------------------------------------------------------------
                         required time                         -1.298    
                         arrival time                           1.497    
  -------------------------------------------------------------------
                         slack                                  0.198    

Slack (MET) :             0.206ns  (arrival time - required time)
  Source:                 datapath_uut/video_uut/inst_dvid/latched_green_reg[4]/C
                            (rising edge-triggered cell FDRE clocked by clk_out1_clk_wiz_0  {rise@0.000ns fall@20.000ns period=40.000ns})
  Destination:            datapath_uut/video_uut/inst_dvid/shift_green_reg[4]/D
                            (rising edge-triggered cell FDRE clocked by clk_out2_clk_wiz_0  {rise@0.000ns fall@4.000ns period=8.000ns})
  Path Group:             clk_out2_clk_wiz_0
  Path Type:              Hold (Min at Fast Process Corner)
  Requirement:            0.000ns  (clk_out2_clk_wiz_0 rise@0.000ns - clk_out1_clk_wiz_0 rise@0.000ns)
  Data Path Delay:        0.893ns  (logic 0.186ns (20.836%)  route 0.707ns (79.164%))
  Logic Levels:           1  (LUT3=1)
  Clock Path Skew:        0.351ns (DCD - SCD - CPR)
    Destination Clock Delay (DCD):    0.910ns
    Source Clock Delay      (SCD):    0.639ns
    Clock Pessimism Removal (CPR):    -0.080ns
  Clock Uncertainty:      0.215ns  ((TSJ^2 + DJ^2)^1/2) / 2 + PE
    Total System Jitter     (TSJ):    0.071ns
    Discrete Jitter          (DJ):    0.175ns
    Phase Error              (PE):    0.120ns

    Location             Delay type                Incr(ns)  Path(ns)    Netlist Resource(s)
  -------------------------------------------------------------------    -------------------
                         (clock clk_out1_clk_wiz_0 rise edge)
                                                      0.000     0.000 r  
    BUFGCTRL_X0Y2        BUFG                         0.000     0.000 r  clk_IBUF_BUFG_inst/O
                         net (fo=36, routed)          0.745     0.745    datapath_uut/video_uut/mmcm_adv_inst_display_clocks/inst/clk_in1
    MMCME2_ADV_X1Y0      MMCME2_ADV (Prop_mmcme2_adv_CLKIN1_CLKOUT0)
                                                     -1.683    -0.938 r  datapath_uut/video_uut/mmcm_adv_inst_display_clocks/inst/mmcm_adv_inst/CLKOUT0
                         net (fo=1, routed)           0.912    -0.026    datapath_uut/video_uut/mmcm_adv_inst_display_clocks/inst/clk_out1_clk_wiz_0
    BUFGCTRL_X0Y1        BUFG (Prop_bufg_I_O)         0.026    -0.000 r  datapath_uut/video_uut/mmcm_adv_inst_display_clocks/inst/clkout1_buf/O
                         net (fo=271, routed)         0.639     0.639    datapath_uut/video_uut/inst_dvid/clk_out1
    SLICE_X163Y129       FDRE                                         r  datapath_uut/video_uut/inst_dvid/latched_green_reg[4]/C
  -------------------------------------------------------------------    -------------------
    SLICE_X163Y129       FDRE (Prop_fdre_C_Q)         0.141     0.780 r  datapath_uut/video_uut/inst_dvid/latched_green_reg[4]/Q
                         net (fo=1, routed)           0.707     1.486    datapath_uut/video_uut/inst_dvid/latched_green[4]
    SLICE_X162Y129       LUT3 (Prop_lut3_I2_O)        0.045     1.531 r  datapath_uut/video_uut/inst_dvid/shift_green[4]_i_1/O
                         net (fo=1, routed)           0.000     1.531    datapath_uut/video_uut/inst_dvid/shift_green_1[4]
    SLICE_X162Y129       FDRE                                         r  datapath_uut/video_uut/inst_dvid/shift_green_reg[4]/D
  -------------------------------------------------------------------    -------------------

                         (clock clk_out2_clk_wiz_0 rise edge)
                                                      0.000     0.000 r  
    BUFGCTRL_X0Y2        BUFG                         0.000     0.000 r  clk_IBUF_BUFG_inst/O
                         net (fo=36, routed)          1.022     1.022    datapath_uut/video_uut/mmcm_adv_inst_display_clocks/inst/clk_in1
    MMCME2_ADV_X1Y0      MMCME2_ADV (Prop_mmcme2_adv_CLKIN1_CLKOUT1)
                                                     -2.040    -1.018 r  datapath_uut/video_uut/mmcm_adv_inst_display_clocks/inst/mmcm_adv_inst/CLKOUT1
                         net (fo=1, routed)           0.989    -0.029    datapath_uut/video_uut/mmcm_adv_inst_display_clocks/inst/clk_out2_clk_wiz_0
    BUFGCTRL_X0Y0        BUFG (Prop_bufg_I_O)         0.029    -0.000 r  datapath_uut/video_uut/mmcm_adv_inst_display_clocks/inst/clkout2_buf/O
                         net (fo=44, routed)          0.910     0.910    datapath_uut/video_uut/inst_dvid/clk_out2
    SLICE_X162Y129       FDRE                                         r  datapath_uut/video_uut/inst_dvid/shift_green_reg[4]/C
                         clock pessimism              0.080     0.990    
                         clock uncertainty            0.215     1.204    
    SLICE_X162Y129       FDRE (Hold_fdre_C_D)         0.121     1.325    datapath_uut/video_uut/inst_dvid/shift_green_reg[4]
  -------------------------------------------------------------------
                         required time                         -1.325    
                         arrival time                           1.531    
  -------------------------------------------------------------------
                         slack                                  0.206    

Slack (MET) :             0.208ns  (arrival time - required time)
  Source:                 datapath_uut/video_uut/inst_dvid/latched_red_reg[6]/C
                            (rising edge-triggered cell FDRE clocked by clk_out1_clk_wiz_0  {rise@0.000ns fall@20.000ns period=40.000ns})
  Destination:            datapath_uut/video_uut/inst_dvid/shift_red_reg[6]/D
                            (rising edge-triggered cell FDRE clocked by clk_out2_clk_wiz_0  {rise@0.000ns fall@4.000ns period=8.000ns})
  Path Group:             clk_out2_clk_wiz_0
  Path Type:              Hold (Min at Fast Process Corner)
  Requirement:            0.000ns  (clk_out2_clk_wiz_0 rise@0.000ns - clk_out1_clk_wiz_0 rise@0.000ns)
  Data Path Delay:        0.867ns  (logic 0.186ns (21.455%)  route 0.681ns (78.545%))
  Logic Levels:           1  (LUT3=1)
  Clock Path Skew:        0.352ns (DCD - SCD - CPR)
    Destination Clock Delay (DCD):    0.912ns
    Source Clock Delay      (SCD):    0.640ns
    Clock Pessimism Removal (CPR):    -0.080ns
  Clock Uncertainty:      0.215ns  ((TSJ^2 + DJ^2)^1/2) / 2 + PE
    Total System Jitter     (TSJ):    0.071ns
    Discrete Jitter          (DJ):    0.175ns
    Phase Error              (PE):    0.120ns

    Location             Delay type                Incr(ns)  Path(ns)    Netlist Resource(s)
  -------------------------------------------------------------------    -------------------
                         (clock clk_out1_clk_wiz_0 rise edge)
                                                      0.000     0.000 r  
    BUFGCTRL_X0Y2        BUFG                         0.000     0.000 r  clk_IBUF_BUFG_inst/O
                         net (fo=36, routed)          0.745     0.745    datapath_uut/video_uut/mmcm_adv_inst_display_clocks/inst/clk_in1
    MMCME2_ADV_X1Y0      MMCME2_ADV (Prop_mmcme2_adv_CLKIN1_CLKOUT0)
                                                     -1.683    -0.938 r  datapath_uut/video_uut/mmcm_adv_inst_display_clocks/inst/mmcm_adv_inst/CLKOUT0
                         net (fo=1, routed)           0.912    -0.026    datapath_uut/video_uut/mmcm_adv_inst_display_clocks/inst/clk_out1_clk_wiz_0
    BUFGCTRL_X0Y1        BUFG (Prop_bufg_I_O)         0.026    -0.000 r  datapath_uut/video_uut/mmcm_adv_inst_display_clocks/inst/clkout1_buf/O
                         net (fo=271, routed)         0.640     0.640    datapath_uut/video_uut/inst_dvid/clk_out1
    SLICE_X159Y118       FDRE                                         r  datapath_uut/video_uut/inst_dvid/latched_red_reg[6]/C
  -------------------------------------------------------------------    -------------------
    SLICE_X159Y118       FDRE (Prop_fdre_C_Q)         0.141     0.781 r  datapath_uut/video_uut/inst_dvid/latched_red_reg[6]/Q
                         net (fo=1, routed)           0.681     1.462    datapath_uut/video_uut/inst_dvid/latched_red[6]
    SLICE_X163Y118       LUT3 (Prop_lut3_I2_O)        0.045     1.507 r  datapath_uut/video_uut/inst_dvid/shift_red[6]_i_1/O
                         net (fo=1, routed)           0.000     1.507    datapath_uut/video_uut/inst_dvid/shift_red[6]
    SLICE_X163Y118       FDRE                                         r  datapath_uut/video_uut/inst_dvid/shift_red_reg[6]/D
  -------------------------------------------------------------------    -------------------

                         (clock clk_out2_clk_wiz_0 rise edge)
                                                      0.000     0.000 r  
    BUFGCTRL_X0Y2        BUFG                         0.000     0.000 r  clk_IBUF_BUFG_inst/O
                         net (fo=36, routed)          1.022     1.022    datapath_uut/video_uut/mmcm_adv_inst_display_clocks/inst/clk_in1
    MMCME2_ADV_X1Y0      MMCME2_ADV (Prop_mmcme2_adv_CLKIN1_CLKOUT1)
                                                     -2.040    -1.018 r  datapath_uut/video_uut/mmcm_adv_inst_display_clocks/inst/mmcm_adv_inst/CLKOUT1
                         net (fo=1, routed)           0.989    -0.029    datapath_uut/video_uut/mmcm_adv_inst_display_clocks/inst/clk_out2_clk_wiz_0
    BUFGCTRL_X0Y0        BUFG (Prop_bufg_I_O)         0.029    -0.000 r  datapath_uut/video_uut/mmcm_adv_inst_display_clocks/inst/clkout2_buf/O
                         net (fo=44, routed)          0.912     0.912    datapath_uut/video_uut/inst_dvid/clk_out2
    SLICE_X163Y118       FDRE                                         r  datapath_uut/video_uut/inst_dvid/shift_red_reg[6]/C
                         clock pessimism              0.080     0.992    
                         clock uncertainty            0.215     1.206    
    SLICE_X163Y118       FDRE (Hold_fdre_C_D)         0.092     1.298    datapath_uut/video_uut/inst_dvid/shift_red_reg[6]
  -------------------------------------------------------------------
                         required time                         -1.298    
                         arrival time                           1.507    
  -------------------------------------------------------------------
                         slack                                  0.208    

Slack (MET) :             0.212ns  (arrival time - required time)
  Source:                 datapath_uut/video_uut/inst_dvid/latched_green_reg[9]/C
                            (rising edge-triggered cell FDRE clocked by clk_out1_clk_wiz_0  {rise@0.000ns fall@20.000ns period=40.000ns})
  Destination:            datapath_uut/video_uut/inst_dvid/shift_green_reg[9]/D
                            (rising edge-triggered cell FDRE clocked by clk_out2_clk_wiz_0  {rise@0.000ns fall@4.000ns period=8.000ns})
  Path Group:             clk_out2_clk_wiz_0
  Path Type:              Hold (Min at Fast Process Corner)
  Requirement:            0.000ns  (clk_out2_clk_wiz_0 rise@0.000ns - clk_out1_clk_wiz_0 rise@0.000ns)
  Data Path Delay:        0.838ns  (logic 0.164ns (19.566%)  route 0.674ns (80.434%))
  Logic Levels:           0  
  Clock Path Skew:        0.350ns (DCD - SCD - CPR)
    Destination Clock Delay (DCD):    0.906ns
    Source Clock Delay      (SCD):    0.636ns
    Clock Pessimism Removal (CPR):    -0.080ns
  Clock Uncertainty:      0.215ns  ((TSJ^2 + DJ^2)^1/2) / 2 + PE
    Total System Jitter     (TSJ):    0.071ns
    Discrete Jitter          (DJ):    0.175ns
    Phase Error              (PE):    0.120ns

    Location             Delay type                Incr(ns)  Path(ns)    Netlist Resource(s)
  -------------------------------------------------------------------    -------------------
                         (clock clk_out1_clk_wiz_0 rise edge)
                                                      0.000     0.000 r  
    BUFGCTRL_X0Y2        BUFG                         0.000     0.000 r  clk_IBUF_BUFG_inst/O
                         net (fo=36, routed)          0.745     0.745    datapath_uut/video_uut/mmcm_adv_inst_display_clocks/inst/clk_in1
    MMCME2_ADV_X1Y0      MMCME2_ADV (Prop_mmcme2_adv_CLKIN1_CLKOUT0)
                                                     -1.683    -0.938 r  datapath_uut/video_uut/mmcm_adv_inst_display_clocks/inst/mmcm_adv_inst/CLKOUT0
                         net (fo=1, routed)           0.912    -0.026    datapath_uut/video_uut/mmcm_adv_inst_display_clocks/inst/clk_out1_clk_wiz_0
    BUFGCTRL_X0Y1        BUFG (Prop_bufg_I_O)         0.026    -0.000 r  datapath_uut/video_uut/mmcm_adv_inst_display_clocks/inst/clkout1_buf/O
                         net (fo=271, routed)         0.636     0.636    datapath_uut/video_uut/inst_dvid/clk_out1
    SLICE_X162Y126       FDRE                                         r  datapath_uut/video_uut/inst_dvid/latched_green_reg[9]/C
  -------------------------------------------------------------------    -------------------
    SLICE_X162Y126       FDRE (Prop_fdre_C_Q)         0.164     0.800 r  datapath_uut/video_uut/inst_dvid/latched_green_reg[9]/Q
                         net (fo=1, routed)           0.674     1.474    datapath_uut/video_uut/inst_dvid/latched_green[9]
    SLICE_X161Y126       FDRE                                         r  datapath_uut/video_uut/inst_dvid/shift_green_reg[9]/D
  -------------------------------------------------------------------    -------------------

                         (clock clk_out2_clk_wiz_0 rise edge)
                                                      0.000     0.000 r  
    BUFGCTRL_X0Y2        BUFG                         0.000     0.000 r  clk_IBUF_BUFG_inst/O
                         net (fo=36, routed)          1.022     1.022    datapath_uut/video_uut/mmcm_adv_inst_display_clocks/inst/clk_in1
    MMCME2_ADV_X1Y0      MMCME2_ADV (Prop_mmcme2_adv_CLKIN1_CLKOUT1)
                                                     -2.040    -1.018 r  datapath_uut/video_uut/mmcm_adv_inst_display_clocks/inst/mmcm_adv_inst/CLKOUT1
                         net (fo=1, routed)           0.989    -0.029    datapath_uut/video_uut/mmcm_adv_inst_display_clocks/inst/clk_out2_clk_wiz_0
    BUFGCTRL_X0Y0        BUFG (Prop_bufg_I_O)         0.029    -0.000 r  datapath_uut/video_uut/mmcm_adv_inst_display_clocks/inst/clkout2_buf/O
                         net (fo=44, routed)          0.906     0.906    datapath_uut/video_uut/inst_dvid/clk_out2
    SLICE_X161Y126       FDRE                                         r  datapath_uut/video_uut/inst_dvid/shift_green_reg[9]/C
                         clock pessimism              0.080     0.986    
                         clock uncertainty            0.215     1.200    
    SLICE_X161Y126       FDRE (Hold_fdre_C_D)         0.061     1.261    datapath_uut/video_uut/inst_dvid/shift_green_reg[9]
  -------------------------------------------------------------------
                         required time                         -1.261    
                         arrival time                           1.474    
  -------------------------------------------------------------------
                         slack                                  0.212    

Slack (MET) :             0.213ns  (arrival time - required time)
  Source:                 datapath_uut/video_uut/inst_dvid/latched_red_reg[7]/C
                            (rising edge-triggered cell FDRE clocked by clk_out1_clk_wiz_0  {rise@0.000ns fall@20.000ns period=40.000ns})
  Destination:            datapath_uut/video_uut/inst_dvid/shift_red_reg[7]/D
                            (rising edge-triggered cell FDRE clocked by clk_out2_clk_wiz_0  {rise@0.000ns fall@4.000ns period=8.000ns})
  Path Group:             clk_out2_clk_wiz_0
  Path Type:              Hold (Min at Fast Process Corner)
  Requirement:            0.000ns  (clk_out2_clk_wiz_0 rise@0.000ns - clk_out1_clk_wiz_0 rise@0.000ns)
  Data Path Delay:        0.885ns  (logic 0.207ns (23.378%)  route 0.678ns (76.622%))
  Logic Levels:           1  (LUT3=1)
  Clock Path Skew:        0.351ns (DCD - SCD - CPR)
    Destination Clock Delay (DCD):    0.912ns
    Source Clock Delay      (SCD):    0.641ns
    Clock Pessimism Removal (CPR):    -0.080ns
  Clock Uncertainty:      0.215ns  ((TSJ^2 + DJ^2)^1/2) / 2 + PE
    Total System Jitter     (TSJ):    0.071ns
    Discrete Jitter          (DJ):    0.175ns
    Phase Error              (PE):    0.120ns

    Location             Delay type                Incr(ns)  Path(ns)    Netlist Resource(s)
  -------------------------------------------------------------------    -------------------
                         (clock clk_out1_clk_wiz_0 rise edge)
                                                      0.000     0.000 r  
    BUFGCTRL_X0Y2        BUFG                         0.000     0.000 r  clk_IBUF_BUFG_inst/O
                         net (fo=36, routed)          0.745     0.745    datapath_uut/video_uut/mmcm_adv_inst_display_clocks/inst/clk_in1
    MMCME2_ADV_X1Y0      MMCME2_ADV (Prop_mmcme2_adv_CLKIN1_CLKOUT0)
                                                     -1.683    -0.938 r  datapath_uut/video_uut/mmcm_adv_inst_display_clocks/inst/mmcm_adv_inst/CLKOUT0
                         net (fo=1, routed)           0.912    -0.026    datapath_uut/video_uut/mmcm_adv_inst_display_clocks/inst/clk_out1_clk_wiz_0
    BUFGCTRL_X0Y1        BUFG (Prop_bufg_I_O)         0.026    -0.000 r  datapath_uut/video_uut/mmcm_adv_inst_display_clocks/inst/clkout1_buf/O
                         net (fo=271, routed)         0.641     0.641    datapath_uut/video_uut/inst_dvid/clk_out1
    SLICE_X162Y118       FDRE                                         r  datapath_uut/video_uut/inst_dvid/latched_red_reg[7]/C
  -------------------------------------------------------------------    -------------------
    SLICE_X162Y118       FDRE (Prop_fdre_C_Q)         0.164     0.805 r  datapath_uut/video_uut/inst_dvid/latched_red_reg[7]/Q
                         net (fo=1, routed)           0.678     1.483    datapath_uut/video_uut/inst_dvid/latched_red[7]
    SLICE_X163Y118       LUT3 (Prop_lut3_I2_O)        0.043     1.526 r  datapath_uut/video_uut/inst_dvid/shift_red[7]_i_1/O
                         net (fo=1, routed)           0.000     1.526    datapath_uut/video_uut/inst_dvid/shift_red[7]
    SLICE_X163Y118       FDRE                                         r  datapath_uut/video_uut/inst_dvid/shift_red_reg[7]/D
  -------------------------------------------------------------------    -------------------

                         (clock clk_out2_clk_wiz_0 rise edge)
                                                      0.000     0.000 r  
    BUFGCTRL_X0Y2        BUFG                         0.000     0.000 r  clk_IBUF_BUFG_inst/O
                         net (fo=36, routed)          1.022     1.022    datapath_uut/video_uut/mmcm_adv_inst_display_clocks/inst/clk_in1
    MMCME2_ADV_X1Y0      MMCME2_ADV (Prop_mmcme2_adv_CLKIN1_CLKOUT1)
                                                     -2.040    -1.018 r  datapath_uut/video_uut/mmcm_adv_inst_display_clocks/inst/mmcm_adv_inst/CLKOUT1
                         net (fo=1, routed)           0.989    -0.029    datapath_uut/video_uut/mmcm_adv_inst_display_clocks/inst/clk_out2_clk_wiz_0
    BUFGCTRL_X0Y0        BUFG (Prop_bufg_I_O)         0.029    -0.000 r  datapath_uut/video_uut/mmcm_adv_inst_display_clocks/inst/clkout2_buf/O
                         net (fo=44, routed)          0.912     0.912    datapath_uut/video_uut/inst_dvid/clk_out2
    SLICE_X163Y118       FDRE                                         r  datapath_uut/video_uut/inst_dvid/shift_red_reg[7]/C
                         clock pessimism              0.080     0.992    
                         clock uncertainty            0.215     1.206    
    SLICE_X163Y118       FDRE (Hold_fdre_C_D)         0.107     1.313    datapath_uut/video_uut/inst_dvid/shift_red_reg[7]
  -------------------------------------------------------------------
                         required time                         -1.313    
                         arrival time                           1.526    
  -------------------------------------------------------------------
                         slack                                  0.213    

Slack (MET) :             0.213ns  (arrival time - required time)
  Source:                 datapath_uut/video_uut/inst_dvid/latched_blue_reg[0]/C
                            (rising edge-triggered cell FDRE clocked by clk_out1_clk_wiz_0  {rise@0.000ns fall@20.000ns period=40.000ns})
  Destination:            datapath_uut/video_uut/inst_dvid/shift_blue_reg[0]/D
                            (rising edge-triggered cell FDRE clocked by clk_out2_clk_wiz_0  {rise@0.000ns fall@4.000ns period=8.000ns})
  Path Group:             clk_out2_clk_wiz_0
  Path Type:              Hold (Min at Fast Process Corner)
  Requirement:            0.000ns  (clk_out2_clk_wiz_0 rise@0.000ns - clk_out1_clk_wiz_0 rise@0.000ns)
  Data Path Delay:        0.869ns  (logic 0.227ns (26.108%)  route 0.642ns (73.892%))
  Logic Levels:           1  (LUT3=1)
  Clock Path Skew:        0.351ns (DCD - SCD - CPR)
    Destination Clock Delay (DCD):    0.915ns
    Source Clock Delay      (SCD):    0.644ns
    Clock Pessimism Removal (CPR):    -0.080ns
  Clock Uncertainty:      0.215ns  ((TSJ^2 + DJ^2)^1/2) / 2 + PE
    Total System Jitter     (TSJ):    0.071ns
    Discrete Jitter          (DJ):    0.175ns
    Phase Error              (PE):    0.120ns

    Location             Delay type                Incr(ns)  Path(ns)    Netlist Resource(s)
  -------------------------------------------------------------------    -------------------
                         (clock clk_out1_clk_wiz_0 rise edge)
                                                      0.000     0.000 r  
    BUFGCTRL_X0Y2        BUFG                         0.000     0.000 r  clk_IBUF_BUFG_inst/O
                         net (fo=36, routed)          0.745     0.745    datapath_uut/video_uut/mmcm_adv_inst_display_clocks/inst/clk_in1
    MMCME2_ADV_X1Y0      MMCME2_ADV (Prop_mmcme2_adv_CLKIN1_CLKOUT0)
                                                     -1.683    -0.938 r  datapath_uut/video_uut/mmcm_adv_inst_display_clocks/inst/mmcm_adv_inst/CLKOUT0
                         net (fo=1, routed)           0.912    -0.026    datapath_uut/video_uut/mmcm_adv_inst_display_clocks/inst/clk_out1_clk_wiz_0
    BUFGCTRL_X0Y1        BUFG (Prop_bufg_I_O)         0.026    -0.000 r  datapath_uut/video_uut/mmcm_adv_inst_display_clocks/inst/clkout1_buf/O
                         net (fo=271, routed)         0.644     0.644    datapath_uut/video_uut/inst_dvid/clk_out1
    SLICE_X161Y114       FDRE                                         r  datapath_uut/video_uut/inst_dvid/latched_blue_reg[0]/C
  -------------------------------------------------------------------    -------------------
    SLICE_X161Y114       FDRE (Prop_fdre_C_Q)         0.128     0.772 r  datapath_uut/video_uut/inst_dvid/latched_blue_reg[0]/Q
                         net (fo=1, routed)           0.642     1.414    datapath_uut/video_uut/inst_dvid/latched_blue[0]
    SLICE_X163Y115       LUT3 (Prop_lut3_I2_O)        0.099     1.513 r  datapath_uut/video_uut/inst_dvid/shift_blue[0]_i_1/O
                         net (fo=1, routed)           0.000     1.513    datapath_uut/video_uut/inst_dvid/shift_blue_0[0]
    SLICE_X163Y115       FDRE                                         r  datapath_uut/video_uut/inst_dvid/shift_blue_reg[0]/D
  -------------------------------------------------------------------    -------------------

                         (clock clk_out2_clk_wiz_0 rise edge)
                                                      0.000     0.000 r  
    BUFGCTRL_X0Y2        BUFG                         0.000     0.000 r  clk_IBUF_BUFG_inst/O
                         net (fo=36, routed)          1.022     1.022    datapath_uut/video_uut/mmcm_adv_inst_display_clocks/inst/clk_in1
    MMCME2_ADV_X1Y0      MMCME2_ADV (Prop_mmcme2_adv_CLKIN1_CLKOUT1)
                                                     -2.040    -1.018 r  datapath_uut/video_uut/mmcm_adv_inst_display_clocks/inst/mmcm_adv_inst/CLKOUT1
                         net (fo=1, routed)           0.989    -0.029    datapath_uut/video_uut/mmcm_adv_inst_display_clocks/inst/clk_out2_clk_wiz_0
    BUFGCTRL_X0Y0        BUFG (Prop_bufg_I_O)         0.029    -0.000 r  datapath_uut/video_uut/mmcm_adv_inst_display_clocks/inst/clkout2_buf/O
                         net (fo=44, routed)          0.915     0.915    datapath_uut/video_uut/inst_dvid/clk_out2
    SLICE_X163Y115       FDRE                                         r  datapath_uut/video_uut/inst_dvid/shift_blue_reg[0]/C
                         clock pessimism              0.080     0.995    
                         clock uncertainty            0.215     1.209    
    SLICE_X163Y115       FDRE (Hold_fdre_C_D)         0.091     1.300    datapath_uut/video_uut/inst_dvid/shift_blue_reg[0]
  -------------------------------------------------------------------
                         required time                         -1.300    
                         arrival time                           1.513    
  -------------------------------------------------------------------
                         slack                                  0.213    





--------------------------------------------------------------------------------------
Path Group:  (none)
From Clock:  
  To Clock:  

Max Delay           103 Endpoints
Min Delay           103 Endpoints
--------------------------------------------------------------------------------------


Max Delay Paths
--------------------------------------------------------------------------------------
Slack:                    inf
  Source:                 datapath_uut/NES_uut/FSM_onehot_state_reg[11]/C
                            (rising edge-triggered cell FDRE)
  Destination:            clk_pulse
                            (output port)
  Path Group:             (none)
  Path Type:              Max at Slow Process Corner
  Data Path Delay:        12.180ns  (logic 4.379ns (35.956%)  route 7.801ns (64.044%))
  Logic Levels:           3  (FDRE=1 LUT2=1 OBUF=1)

    Location             Delay type                Incr(ns)  Path(ns)    Netlist Resource(s)
  -------------------------------------------------------------------    -------------------
    SLICE_X139Y114       FDRE                         0.000     0.000 r  datapath_uut/NES_uut/FSM_onehot_state_reg[11]/C
    SLICE_X139Y114       FDRE (Prop_fdre_C_Q)         0.456     0.456 r  datapath_uut/NES_uut/FSM_onehot_state_reg[11]/Q
                         net (fo=8, routed)           0.480     0.936    datapath_uut/NES_uut/p_1_in3_in
    SLICE_X138Y114       LUT2 (Prop_lut2_I0_O)        0.150     1.086 r  datapath_uut/NES_uut/clk_pulse_OBUF_inst_i_1/O
                         net (fo=1, routed)           7.321     8.407    clk_pulse_OBUF
    AB21                 OBUF (Prop_obuf_I_O)         3.773    12.180 r  clk_pulse_OBUF_inst/O
                         net (fo=0)                   0.000    12.180    clk_pulse
    AB21                                                              r  clk_pulse (OUT)
  -------------------------------------------------------------------    -------------------

Slack:                    inf
  Source:                 datapath_uut/NES_uut/FSM_onehot_state_reg[4]/C
                            (rising edge-triggered cell FDSE)
  Destination:            latch
                            (output port)
  Path Group:             (none)
  Path Type:              Max at Slow Process Corner
  Data Path Delay:        9.906ns  (logic 4.394ns (44.351%)  route 5.513ns (55.649%))
  Logic Levels:           3  (FDSE=1 LUT2=1 OBUF=1)

    Location             Delay type                Incr(ns)  Path(ns)    Netlist Resource(s)
  -------------------------------------------------------------------    -------------------
    SLICE_X139Y114       FDSE                         0.000     0.000 r  datapath_uut/NES_uut/FSM_onehot_state_reg[4]/C
    SLICE_X139Y114       FDSE (Prop_fdse_C_Q)         0.456     0.456 r  datapath_uut/NES_uut/FSM_onehot_state_reg[4]/Q
                         net (fo=3, routed)           0.679     1.135    datapath_uut/NES_uut/FSM_onehot_state_reg_n_0_[4]
    SLICE_X138Y114       LUT2 (Prop_lut2_I0_O)        0.152     1.287 r  datapath_uut/NES_uut/latch_OBUF_inst_i_1/O
                         net (fo=1, routed)           4.833     6.121    latch_OBUF
    AB22                 OBUF (Prop_obuf_I_O)         3.786     9.906 r  latch_OBUF_inst/O
                         net (fo=0)                   0.000     9.906    latch
    AB22                                                              r  latch (OUT)
  -------------------------------------------------------------------    -------------------

Slack:                    inf
  Source:                 data_in
                            (input port)
  Destination:            datapath_uut/NES_uut/all_values_reg[0]/D
  Path Group:             (none)
  Path Type:              Max at Slow Process Corner
  Data Path Delay:        7.668ns  (logic 1.511ns (19.699%)  route 6.158ns (80.301%))
  Logic Levels:           1  (IBUF=1)

    Location             Delay type                Incr(ns)  Path(ns)    Netlist Resource(s)
  -------------------------------------------------------------------    -------------------
    AB20                                              0.000     0.000 r  data_in (IN)
                         net (fo=0)                   0.000     0.000    data_in
    AB20                 IBUF (Prop_ibuf_I_O)         1.511     1.511 r  data_in_IBUF_inst/O
                         net (fo=1, routed)           6.158     7.668    datapath_uut/NES_uut/D[0]
    SLICE_X137Y114       FDRE                                         r  datapath_uut/NES_uut/all_values_reg[0]/D
  -------------------------------------------------------------------    -------------------

Slack:                    inf
  Source:                 reset_n
                            (input port)
  Destination:            datapath_uut/NES_uut/all_values_reg[0]/R
  Path Group:             (none)
  Path Type:              Max at Slow Process Corner
  Data Path Delay:        7.217ns  (logic 1.093ns (15.142%)  route 6.124ns (84.858%))
  Logic Levels:           2  (IBUF=1 LUT1=1)

    Location             Delay type                Incr(ns)  Path(ns)    Netlist Resource(s)
  -------------------------------------------------------------------    -------------------
    G4                                                0.000     0.000 f  reset_n (IN)
                         net (fo=0)                   0.000     0.000    reset_n
    G4                   IBUF (Prop_ibuf_I_O)         0.969     0.969 f  reset_n_IBUF_inst/O
                         net (fo=7, routed)           4.399     5.368    datapath_uut/video_uut/Inst_vga/vga_signal_generator_inst/vertical_counter/reset_n_IBUF
    SLICE_X148Y115       LUT1 (Prop_lut1_I0_O)        0.124     5.492 r  datapath_uut/video_uut/Inst_vga/vga_signal_generator_inst/vertical_counter/FSM_onehot_state[11]_i_1/O
                         net (fo=37, routed)          1.725     7.217    datapath_uut/NES_uut/SR[0]
    SLICE_X137Y114       FDRE                                         r  datapath_uut/NES_uut/all_values_reg[0]/R
  -------------------------------------------------------------------    -------------------

Slack:                    inf
  Source:                 reset_n
                            (input port)
  Destination:            datapath_uut/NES_uut/FSM_onehot_state_reg[0]/R
  Path Group:             (none)
  Path Type:              Max at Slow Process Corner
  Data Path Delay:        6.924ns  (logic 1.093ns (15.782%)  route 5.831ns (84.218%))
  Logic Levels:           2  (IBUF=1 LUT1=1)

    Location             Delay type                Incr(ns)  Path(ns)    Netlist Resource(s)
  -------------------------------------------------------------------    -------------------
    G4                                                0.000     0.000 f  reset_n (IN)
                         net (fo=0)                   0.000     0.000    reset_n
    G4                   IBUF (Prop_ibuf_I_O)         0.969     0.969 f  reset_n_IBUF_inst/O
                         net (fo=7, routed)           4.399     5.368    datapath_uut/video_uut/Inst_vga/vga_signal_generator_inst/vertical_counter/reset_n_IBUF
    SLICE_X148Y115       LUT1 (Prop_lut1_I0_O)        0.124     5.492 r  datapath_uut/video_uut/Inst_vga/vga_signal_generator_inst/vertical_counter/FSM_onehot_state[11]_i_1/O
                         net (fo=37, routed)          1.432     6.924    datapath_uut/NES_uut/SR[0]
    SLICE_X138Y114       FDRE                                         r  datapath_uut/NES_uut/FSM_onehot_state_reg[0]/R
  -------------------------------------------------------------------    -------------------

Slack:                    inf
  Source:                 reset_n
                            (input port)
  Destination:            datapath_uut/NES_uut/FSM_onehot_state_reg[10]/R
  Path Group:             (none)
  Path Type:              Max at Slow Process Corner
  Data Path Delay:        6.924ns  (logic 1.093ns (15.782%)  route 5.831ns (84.218%))
  Logic Levels:           2  (IBUF=1 LUT1=1)

    Location             Delay type                Incr(ns)  Path(ns)    Netlist Resource(s)
  -------------------------------------------------------------------    -------------------
    G4                                                0.000     0.000 f  reset_n (IN)
                         net (fo=0)                   0.000     0.000    reset_n
    G4                   IBUF (Prop_ibuf_I_O)         0.969     0.969 f  reset_n_IBUF_inst/O
                         net (fo=7, routed)           4.399     5.368    datapath_uut/video_uut/Inst_vga/vga_signal_generator_inst/vertical_counter/reset_n_IBUF
    SLICE_X148Y115       LUT1 (Prop_lut1_I0_O)        0.124     5.492 r  datapath_uut/video_uut/Inst_vga/vga_signal_generator_inst/vertical_counter/FSM_onehot_state[11]_i_1/O
                         net (fo=37, routed)          1.432     6.924    datapath_uut/NES_uut/SR[0]
    SLICE_X138Y114       FDRE                                         r  datapath_uut/NES_uut/FSM_onehot_state_reg[10]/R
  -------------------------------------------------------------------    -------------------

Slack:                    inf
  Source:                 reset_n
                            (input port)
  Destination:            datapath_uut/NES_uut/FSM_onehot_state_reg[3]/R
  Path Group:             (none)
  Path Type:              Max at Slow Process Corner
  Data Path Delay:        6.924ns  (logic 1.093ns (15.782%)  route 5.831ns (84.218%))
  Logic Levels:           2  (IBUF=1 LUT1=1)

    Location             Delay type                Incr(ns)  Path(ns)    Netlist Resource(s)
  -------------------------------------------------------------------    -------------------
    G4                                                0.000     0.000 f  reset_n (IN)
                         net (fo=0)                   0.000     0.000    reset_n
    G4                   IBUF (Prop_ibuf_I_O)         0.969     0.969 f  reset_n_IBUF_inst/O
                         net (fo=7, routed)           4.399     5.368    datapath_uut/video_uut/Inst_vga/vga_signal_generator_inst/vertical_counter/reset_n_IBUF
    SLICE_X148Y115       LUT1 (Prop_lut1_I0_O)        0.124     5.492 r  datapath_uut/video_uut/Inst_vga/vga_signal_generator_inst/vertical_counter/FSM_onehot_state[11]_i_1/O
                         net (fo=37, routed)          1.432     6.924    datapath_uut/NES_uut/SR[0]
    SLICE_X138Y114       FDRE                                         r  datapath_uut/NES_uut/FSM_onehot_state_reg[3]/R
  -------------------------------------------------------------------    -------------------

Slack:                    inf
  Source:                 reset_n
                            (input port)
  Destination:            datapath_uut/NES_uut/FSM_onehot_state_reg[7]/R
  Path Group:             (none)
  Path Type:              Max at Slow Process Corner
  Data Path Delay:        6.924ns  (logic 1.093ns (15.782%)  route 5.831ns (84.218%))
  Logic Levels:           2  (IBUF=1 LUT1=1)

    Location             Delay type                Incr(ns)  Path(ns)    Netlist Resource(s)
  -------------------------------------------------------------------    -------------------
    G4                                                0.000     0.000 f  reset_n (IN)
                         net (fo=0)                   0.000     0.000    reset_n
    G4                   IBUF (Prop_ibuf_I_O)         0.969     0.969 f  reset_n_IBUF_inst/O
                         net (fo=7, routed)           4.399     5.368    datapath_uut/video_uut/Inst_vga/vga_signal_generator_inst/vertical_counter/reset_n_IBUF
    SLICE_X148Y115       LUT1 (Prop_lut1_I0_O)        0.124     5.492 r  datapath_uut/video_uut/Inst_vga/vga_signal_generator_inst/vertical_counter/FSM_onehot_state[11]_i_1/O
                         net (fo=37, routed)          1.432     6.924    datapath_uut/NES_uut/SR[0]
    SLICE_X138Y114       FDRE                                         r  datapath_uut/NES_uut/FSM_onehot_state_reg[7]/R
  -------------------------------------------------------------------    -------------------

Slack:                    inf
  Source:                 reset_n
                            (input port)
  Destination:            datapath_uut/NES_uut/FSM_onehot_state_reg[8]/R
  Path Group:             (none)
  Path Type:              Max at Slow Process Corner
  Data Path Delay:        6.924ns  (logic 1.093ns (15.782%)  route 5.831ns (84.218%))
  Logic Levels:           2  (IBUF=1 LUT1=1)

    Location             Delay type                Incr(ns)  Path(ns)    Netlist Resource(s)
  -------------------------------------------------------------------    -------------------
    G4                                                0.000     0.000 f  reset_n (IN)
                         net (fo=0)                   0.000     0.000    reset_n
    G4                   IBUF (Prop_ibuf_I_O)         0.969     0.969 f  reset_n_IBUF_inst/O
                         net (fo=7, routed)           4.399     5.368    datapath_uut/video_uut/Inst_vga/vga_signal_generator_inst/vertical_counter/reset_n_IBUF
    SLICE_X148Y115       LUT1 (Prop_lut1_I0_O)        0.124     5.492 r  datapath_uut/video_uut/Inst_vga/vga_signal_generator_inst/vertical_counter/FSM_onehot_state[11]_i_1/O
                         net (fo=37, routed)          1.432     6.924    datapath_uut/NES_uut/SR[0]
    SLICE_X138Y114       FDRE                                         r  datapath_uut/NES_uut/FSM_onehot_state_reg[8]/R
  -------------------------------------------------------------------    -------------------

Slack:                    inf
  Source:                 reset_n
                            (input port)
  Destination:            datapath_uut/NES_uut/FSM_onehot_state_reg[9]/R
  Path Group:             (none)
  Path Type:              Max at Slow Process Corner
  Data Path Delay:        6.924ns  (logic 1.093ns (15.782%)  route 5.831ns (84.218%))
  Logic Levels:           2  (IBUF=1 LUT1=1)

    Location             Delay type                Incr(ns)  Path(ns)    Netlist Resource(s)
  -------------------------------------------------------------------    -------------------
    G4                                                0.000     0.000 f  reset_n (IN)
                         net (fo=0)                   0.000     0.000    reset_n
    G4                   IBUF (Prop_ibuf_I_O)         0.969     0.969 f  reset_n_IBUF_inst/O
                         net (fo=7, routed)           4.399     5.368    datapath_uut/video_uut/Inst_vga/vga_signal_generator_inst/vertical_counter/reset_n_IBUF
    SLICE_X148Y115       LUT1 (Prop_lut1_I0_O)        0.124     5.492 r  datapath_uut/video_uut/Inst_vga/vga_signal_generator_inst/vertical_counter/FSM_onehot_state[11]_i_1/O
                         net (fo=37, routed)          1.432     6.924    datapath_uut/NES_uut/SR[0]
    SLICE_X138Y114       FDRE                                         r  datapath_uut/NES_uut/FSM_onehot_state_reg[9]/R
  -------------------------------------------------------------------    -------------------





Min Delay Paths
--------------------------------------------------------------------------------------
Slack:                    inf
  Source:                 datapath_uut/NES_uut/all_values_reg[0]/C
                            (rising edge-triggered cell FDRE)
  Destination:            datapath_uut/NES_uut/all_values_reg[1]/D
  Path Group:             (none)
  Path Type:              Min at Fast Process Corner
  Data Path Delay:        0.246ns  (logic 0.141ns (57.294%)  route 0.105ns (42.707%))
  Logic Levels:           1  (FDRE=1)

    Location             Delay type                Incr(ns)  Path(ns)    Netlist Resource(s)
  -------------------------------------------------------------------    -------------------
    SLICE_X137Y114       FDRE                         0.000     0.000 r  datapath_uut/NES_uut/all_values_reg[0]/C
    SLICE_X137Y114       FDRE (Prop_fdre_C_Q)         0.141     0.141 r  datapath_uut/NES_uut/all_values_reg[0]/Q
                         net (fo=1, routed)           0.105     0.246    datapath_uut/NES_uut/all_values1_in[1]
    SLICE_X138Y113       FDRE                                         r  datapath_uut/NES_uut/all_values_reg[1]/D
  -------------------------------------------------------------------    -------------------

Slack:                    inf
  Source:                 datapath_uut/NES_uut/all_values_reg[2]/C
                            (rising edge-triggered cell FDRE)
  Destination:            datapath_uut/NES_uut/data_out_reg[4]/D
  Path Group:             (none)
  Path Type:              Min at Fast Process Corner
  Data Path Delay:        0.262ns  (logic 0.141ns (53.878%)  route 0.121ns (46.122%))
  Logic Levels:           1  (FDRE=1)

    Location             Delay type                Incr(ns)  Path(ns)    Netlist Resource(s)
  -------------------------------------------------------------------    -------------------
    SLICE_X138Y113       FDRE                         0.000     0.000 r  datapath_uut/NES_uut/all_values_reg[2]/C
    SLICE_X138Y113       FDRE (Prop_fdre_C_Q)         0.141     0.141 r  datapath_uut/NES_uut/all_values_reg[2]/Q
                         net (fo=2, routed)           0.121     0.262    datapath_uut/NES_uut/all_values1_in[3]
    SLICE_X139Y113       FDRE                                         r  datapath_uut/NES_uut/data_out_reg[4]/D
  -------------------------------------------------------------------    -------------------

Slack:                    inf
  Source:                 datapath_uut/NES_uut/FSM_onehot_state_reg[8]/C
                            (rising edge-triggered cell FDRE)
  Destination:            datapath_uut/NES_uut/FSM_onehot_state_reg[9]/D
  Path Group:             (none)
  Path Type:              Min at Fast Process Corner
  Data Path Delay:        0.273ns  (logic 0.128ns (46.930%)  route 0.145ns (53.070%))
  Logic Levels:           1  (FDRE=1)

    Location             Delay type                Incr(ns)  Path(ns)    Netlist Resource(s)
  -------------------------------------------------------------------    -------------------
    SLICE_X138Y114       FDRE                         0.000     0.000 r  datapath_uut/NES_uut/FSM_onehot_state_reg[8]/C
    SLICE_X138Y114       FDRE (Prop_fdre_C_Q)         0.128     0.128 r  datapath_uut/NES_uut/FSM_onehot_state_reg[8]/Q
                         net (fo=3, routed)           0.145     0.273    datapath_uut/NES_uut/p_2_in
    SLICE_X138Y114       FDRE                                         r  datapath_uut/NES_uut/FSM_onehot_state_reg[9]/D
  -------------------------------------------------------------------    -------------------

Slack:                    inf
  Source:                 datapath_uut/NES_uut/all_values_reg[4]/C
                            (rising edge-triggered cell FDRE)
  Destination:            datapath_uut/NES_uut/data_out_reg[1]/D
  Path Group:             (none)
  Path Type:              Min at Fast Process Corner
  Data Path Delay:        0.289ns  (logic 0.141ns (48.795%)  route 0.148ns (51.205%))
  Logic Levels:           1  (FDRE=1)

    Location             Delay type                Incr(ns)  Path(ns)    Netlist Resource(s)
  -------------------------------------------------------------------    -------------------
    SLICE_X138Y113       FDRE                         0.000     0.000 r  datapath_uut/NES_uut/all_values_reg[4]/C
    SLICE_X138Y113       FDRE (Prop_fdre_C_Q)         0.141     0.141 r  datapath_uut/NES_uut/all_values_reg[4]/Q
                         net (fo=1, routed)           0.148     0.289    datapath_uut/NES_uut/all_values1_in[5]
    SLICE_X139Y113       FDRE                                         r  datapath_uut/NES_uut/data_out_reg[1]/D
  -------------------------------------------------------------------    -------------------

Slack:                    inf
  Source:                 datapath_uut/NES_uut/FSM_onehot_state_reg[7]/C
                            (rising edge-triggered cell FDRE)
  Destination:            datapath_uut/NES_uut/FSM_onehot_state_reg[3]/D
  Path Group:             (none)
  Path Type:              Min at Fast Process Corner
  Data Path Delay:        0.317ns  (logic 0.141ns (44.492%)  route 0.176ns (55.508%))
  Logic Levels:           1  (FDRE=1)

    Location             Delay type                Incr(ns)  Path(ns)    Netlist Resource(s)
  -------------------------------------------------------------------    -------------------
    SLICE_X138Y114       FDRE                         0.000     0.000 r  datapath_uut/NES_uut/FSM_onehot_state_reg[7]/C
    SLICE_X138Y114       FDRE (Prop_fdre_C_Q)         0.141     0.141 r  datapath_uut/NES_uut/FSM_onehot_state_reg[7]/Q
                         net (fo=3, routed)           0.176     0.317    datapath_uut/NES_uut/p_1_in
    SLICE_X138Y114       FDRE                                         r  datapath_uut/NES_uut/FSM_onehot_state_reg[3]/D
  -------------------------------------------------------------------    -------------------

Slack:                    inf
  Source:                 datapath_uut/NES_uut/all_values_reg[2]/C
                            (rising edge-triggered cell FDRE)
  Destination:            datapath_uut/NES_uut/all_values_reg[3]/D
  Path Group:             (none)
  Path Type:              Min at Fast Process Corner
  Data Path Delay:        0.322ns  (logic 0.141ns (43.793%)  route 0.181ns (56.207%))
  Logic Levels:           1  (FDRE=1)

    Location             Delay type                Incr(ns)  Path(ns)    Netlist Resource(s)
  -------------------------------------------------------------------    -------------------
    SLICE_X138Y113       FDRE                         0.000     0.000 r  datapath_uut/NES_uut/all_values_reg[2]/C
    SLICE_X138Y113       FDRE (Prop_fdre_C_Q)         0.141     0.141 r  datapath_uut/NES_uut/all_values_reg[2]/Q
                         net (fo=2, routed)           0.181     0.322    datapath_uut/NES_uut/all_values1_in[3]
    SLICE_X138Y113       FDRE                                         r  datapath_uut/NES_uut/all_values_reg[3]/D
  -------------------------------------------------------------------    -------------------

Slack:                    inf
  Source:                 datapath_uut/NES_uut/counter_6us/processQ_reg[0]/C
                            (rising edge-triggered cell FDRE)
  Destination:            datapath_uut/NES_uut/counter_6us/processQ_reg[4]/D
  Path Group:             (none)
  Path Type:              Min at Fast Process Corner
  Data Path Delay:        0.329ns  (logic 0.186ns (56.600%)  route 0.143ns (43.400%))
  Logic Levels:           2  (FDRE=1 LUT6=1)

    Location             Delay type                Incr(ns)  Path(ns)    Netlist Resource(s)
  -------------------------------------------------------------------    -------------------
    SLICE_X137Y117       FDRE                         0.000     0.000 r  datapath_uut/NES_uut/counter_6us/processQ_reg[0]/C
    SLICE_X137Y117       FDRE (Prop_fdre_C_Q)         0.141     0.141 r  datapath_uut/NES_uut/counter_6us/processQ_reg[0]/Q
                         net (fo=8, routed)           0.143     0.284    datapath_uut/NES_uut/counter_6us/Q_0[0]
    SLICE_X136Y117       LUT6 (Prop_lut6_I3_O)        0.045     0.329 r  datapath_uut/NES_uut/counter_6us/processQ[4]_i_1/O
                         net (fo=1, routed)           0.000     0.329    datapath_uut/NES_uut/counter_6us/processQ[4]_i_1_n_0
    SLICE_X136Y117       FDRE                                         r  datapath_uut/NES_uut/counter_6us/processQ_reg[4]/D
  -------------------------------------------------------------------    -------------------

Slack:                    inf
  Source:                 datapath_uut/NES_uut/FSM_onehot_state_reg[10]/C
                            (rising edge-triggered cell FDRE)
  Destination:            datapath_uut/NES_uut/FSM_onehot_state_reg[6]/D
  Path Group:             (none)
  Path Type:              Min at Fast Process Corner
  Data Path Delay:        0.331ns  (logic 0.141ns (42.631%)  route 0.190ns (57.369%))
  Logic Levels:           1  (FDRE=1)

    Location             Delay type                Incr(ns)  Path(ns)    Netlist Resource(s)
  -------------------------------------------------------------------    -------------------
    SLICE_X138Y114       FDRE                         0.000     0.000 r  datapath_uut/NES_uut/FSM_onehot_state_reg[10]/C
    SLICE_X138Y114       FDRE (Prop_fdre_C_Q)         0.141     0.141 r  datapath_uut/NES_uut/FSM_onehot_state_reg[10]/Q
                         net (fo=2, routed)           0.190     0.331    datapath_uut/NES_uut/FSM_onehot_state_reg_n_0_[10]
    SLICE_X139Y114       FDRE                                         r  datapath_uut/NES_uut/FSM_onehot_state_reg[6]/D
  -------------------------------------------------------------------    -------------------

Slack:                    inf
  Source:                 datapath_uut/NES_uut/FSM_onehot_state_reg[11]/C
                            (rising edge-triggered cell FDRE)
  Destination:            datapath_uut/NES_uut/all_values_reg[1]/CE
  Path Group:             (none)
  Path Type:              Min at Fast Process Corner
  Data Path Delay:        0.349ns  (logic 0.141ns (40.438%)  route 0.208ns (59.562%))
  Logic Levels:           1  (FDRE=1)

    Location             Delay type                Incr(ns)  Path(ns)    Netlist Resource(s)
  -------------------------------------------------------------------    -------------------
    SLICE_X139Y114       FDRE                         0.000     0.000 r  datapath_uut/NES_uut/FSM_onehot_state_reg[11]/C
    SLICE_X139Y114       FDRE (Prop_fdre_C_Q)         0.141     0.141 r  datapath_uut/NES_uut/FSM_onehot_state_reg[11]/Q
                         net (fo=8, routed)           0.208     0.349    datapath_uut/NES_uut/p_1_in3_in
    SLICE_X138Y113       FDRE                                         r  datapath_uut/NES_uut/all_values_reg[1]/CE
  -------------------------------------------------------------------    -------------------

Slack:                    inf
  Source:                 datapath_uut/NES_uut/FSM_onehot_state_reg[11]/C
                            (rising edge-triggered cell FDRE)
  Destination:            datapath_uut/NES_uut/all_values_reg[2]/CE
  Path Group:             (none)
  Path Type:              Min at Fast Process Corner
  Data Path Delay:        0.349ns  (logic 0.141ns (40.438%)  route 0.208ns (59.562%))
  Logic Levels:           1  (FDRE=1)

    Location             Delay type                Incr(ns)  Path(ns)    Netlist Resource(s)
  -------------------------------------------------------------------    -------------------
    SLICE_X139Y114       FDRE                         0.000     0.000 r  datapath_uut/NES_uut/FSM_onehot_state_reg[11]/C
    SLICE_X139Y114       FDRE (Prop_fdre_C_Q)         0.141     0.141 r  datapath_uut/NES_uut/FSM_onehot_state_reg[11]/Q
                         net (fo=8, routed)           0.208     0.349    datapath_uut/NES_uut/p_1_in3_in
    SLICE_X138Y113       FDRE                                         r  datapath_uut/NES_uut/all_values_reg[2]/CE
  -------------------------------------------------------------------    -------------------





--------------------------------------------------------------------------------------
Path Group:  (none)
From Clock:  clk_out1_clk_wiz_0
  To Clock:  

Max Delay            24 Endpoints
Min Delay            24 Endpoints
--------------------------------------------------------------------------------------


Max Delay Paths
--------------------------------------------------------------------------------------
Slack:                    inf
  Source:                 datapath_uut/video_uut/Inst_vga/color_mapper_inst/button_pressed_reg[2]/C
                            (rising edge-triggered cell FDRE clocked by clk_out1_clk_wiz_0  {rise@0.000ns fall@20.000ns period=40.000ns})
  Destination:            datapath_uut/video_uut/Inst_vga/color_mapper_inst/chicken_index_reg[5]/D
  Path Group:             (none)
  Path Type:              Max at Slow Process Corner
  Data Path Delay:        5.072ns  (logic 0.897ns (17.686%)  route 4.175ns (82.314%))
  Logic Levels:           2  (LUT4=1 LUT5=1)
  Clock Uncertainty:      0.190ns  ((TSJ^2 + DJ^2)^1/2) / 2 + PE
    Total System Jitter     (TSJ):    0.050ns
    Discrete Jitter          (DJ):    0.175ns
    Phase Error              (PE):    0.099ns

    Location             Delay type                Incr(ns)  Path(ns)    Netlist Resource(s)
  -------------------------------------------------------------------    -------------------
                         (clock clk_out1_clk_wiz_0 rise edge)
                                                      0.000     0.000 r  
    BUFGCTRL_X0Y2        BUFG                         0.000     0.000 r  clk_IBUF_BUFG_inst/O
                         net (fo=36, routed)          2.106     2.106    datapath_uut/video_uut/mmcm_adv_inst_display_clocks/inst/clk_in1
    MMCME2_ADV_X1Y0      MMCME2_ADV (Prop_mmcme2_adv_CLKIN1_CLKOUT0)
                                                     -4.900    -2.793 r  datapath_uut/video_uut/mmcm_adv_inst_display_clocks/inst/mmcm_adv_inst/CLKOUT0
                         net (fo=1, routed)           2.697    -0.096    datapath_uut/video_uut/mmcm_adv_inst_display_clocks/inst/clk_out1_clk_wiz_0
    BUFGCTRL_X0Y1        BUFG (Prop_bufg_I_O)         0.096    -0.000 r  datapath_uut/video_uut/mmcm_adv_inst_display_clocks/inst/clkout1_buf/O
                         net (fo=271, routed)         1.753     1.753    datapath_uut/video_uut/Inst_vga/color_mapper_inst/clk_out1
    SLICE_X148Y111       FDRE                                         r  datapath_uut/video_uut/Inst_vga/color_mapper_inst/button_pressed_reg[2]/C
  -------------------------------------------------------------------    -------------------
    SLICE_X148Y111       FDRE (Prop_fdre_C_Q)         0.478     2.231 r  datapath_uut/video_uut/Inst_vga/color_mapper_inst/button_pressed_reg[2]/Q
                         net (fo=11, routed)          2.215     4.447    datapath_uut/video_uut/Inst_vga/color_mapper_inst/button_pressed[2]
    SLICE_X156Y107       LUT4 (Prop_lut4_I0_O)        0.295     4.742 r  datapath_uut/video_uut/Inst_vga/color_mapper_inst/chicken_index_reg[7]_i_3/O
                         net (fo=8, routed)           1.239     5.980    datapath_uut/video_uut/Inst_vga/color_mapper_inst/chicken_backward/rgb_reg
    SLICE_X154Y104       LUT5 (Prop_lut5_I1_O)        0.124     6.104 r  datapath_uut/video_uut/Inst_vga/color_mapper_inst/chicken_backward/chicken_index_reg[5]_i_1/O
                         net (fo=1, routed)           0.721     6.825    datapath_uut/video_uut/Inst_vga/color_mapper_inst/chicken_backward_n_2
    SLICE_X156Y107       LDCE                                         r  datapath_uut/video_uut/Inst_vga/color_mapper_inst/chicken_index_reg[5]/D
  -------------------------------------------------------------------    -------------------

Slack:                    inf
  Source:                 datapath_uut/video_uut/Inst_vga/color_mapper_inst/button_pressed_reg[1]/C
                            (rising edge-triggered cell FDRE clocked by clk_out1_clk_wiz_0  {rise@0.000ns fall@20.000ns period=40.000ns})
  Destination:            datapath_uut/video_uut/Inst_vga/color_mapper_inst/chicken_index_reg[3]/D
  Path Group:             (none)
  Path Type:              Max at Slow Process Corner
  Data Path Delay:        4.848ns  (logic 0.996ns (20.545%)  route 3.852ns (79.455%))
  Logic Levels:           2  (LUT4=1 LUT5=1)
  Clock Uncertainty:      0.190ns  ((TSJ^2 + DJ^2)^1/2) / 2 + PE
    Total System Jitter     (TSJ):    0.050ns
    Discrete Jitter          (DJ):    0.175ns
    Phase Error              (PE):    0.099ns

    Location             Delay type                Incr(ns)  Path(ns)    Netlist Resource(s)
  -------------------------------------------------------------------    -------------------
                         (clock clk_out1_clk_wiz_0 rise edge)
                                                      0.000     0.000 r  
    BUFGCTRL_X0Y2        BUFG                         0.000     0.000 r  clk_IBUF_BUFG_inst/O
                         net (fo=36, routed)          2.106     2.106    datapath_uut/video_uut/mmcm_adv_inst_display_clocks/inst/clk_in1
    MMCME2_ADV_X1Y0      MMCME2_ADV (Prop_mmcme2_adv_CLKIN1_CLKOUT0)
                                                     -4.900    -2.793 r  datapath_uut/video_uut/mmcm_adv_inst_display_clocks/inst/mmcm_adv_inst/CLKOUT0
                         net (fo=1, routed)           2.697    -0.096    datapath_uut/video_uut/mmcm_adv_inst_display_clocks/inst/clk_out1_clk_wiz_0
    BUFGCTRL_X0Y1        BUFG (Prop_bufg_I_O)         0.096    -0.000 r  datapath_uut/video_uut/mmcm_adv_inst_display_clocks/inst/clkout1_buf/O
                         net (fo=271, routed)         1.753     1.753    datapath_uut/video_uut/Inst_vga/color_mapper_inst/clk_out1
    SLICE_X148Y111       FDRE                                         r  datapath_uut/video_uut/Inst_vga/color_mapper_inst/button_pressed_reg[1]/C
  -------------------------------------------------------------------    -------------------
    SLICE_X148Y111       FDRE (Prop_fdre_C_Q)         0.518     2.271 f  datapath_uut/video_uut/Inst_vga/color_mapper_inst/button_pressed_reg[1]/Q
                         net (fo=11, routed)          2.182     4.454    datapath_uut/video_uut/Inst_vga/color_mapper_inst/button_pressed[1]
    SLICE_X156Y107       LUT4 (Prop_lut4_I3_O)        0.152     4.606 r  datapath_uut/video_uut/Inst_vga/color_mapper_inst/chicken_index_reg[7]_i_4/O
                         net (fo=8, routed)           0.970     5.576    datapath_uut/video_uut/Inst_vga/color_mapper_inst/chicken_backward/rgb_reg_0
    SLICE_X154Y105       LUT5 (Prop_lut5_I3_O)        0.326     5.902 r  datapath_uut/video_uut/Inst_vga/color_mapper_inst/chicken_backward/chicken_index_reg[3]_i_1/O
                         net (fo=1, routed)           0.699     6.601    datapath_uut/video_uut/Inst_vga/color_mapper_inst/chicken_backward_n_4
    SLICE_X156Y107       LDCE                                         r  datapath_uut/video_uut/Inst_vga/color_mapper_inst/chicken_index_reg[3]/D
  -------------------------------------------------------------------    -------------------

Slack:                    inf
  Source:                 datapath_uut/video_uut/Inst_vga/color_mapper_inst/button_pressed_reg[2]/C
                            (rising edge-triggered cell FDRE clocked by clk_out1_clk_wiz_0  {rise@0.000ns fall@20.000ns period=40.000ns})
  Destination:            datapath_uut/video_uut/Inst_vga/color_mapper_inst/chicken_index_reg[2]/D
  Path Group:             (none)
  Path Type:              Max at Slow Process Corner
  Data Path Delay:        4.518ns  (logic 0.897ns (19.852%)  route 3.621ns (80.148%))
  Logic Levels:           2  (LUT4=1 LUT5=1)
  Clock Uncertainty:      0.190ns  ((TSJ^2 + DJ^2)^1/2) / 2 + PE
    Total System Jitter     (TSJ):    0.050ns
    Discrete Jitter          (DJ):    0.175ns
    Phase Error              (PE):    0.099ns

    Location             Delay type                Incr(ns)  Path(ns)    Netlist Resource(s)
  -------------------------------------------------------------------    -------------------
                         (clock clk_out1_clk_wiz_0 rise edge)
                                                      0.000     0.000 r  
    BUFGCTRL_X0Y2        BUFG                         0.000     0.000 r  clk_IBUF_BUFG_inst/O
                         net (fo=36, routed)          2.106     2.106    datapath_uut/video_uut/mmcm_adv_inst_display_clocks/inst/clk_in1
    MMCME2_ADV_X1Y0      MMCME2_ADV (Prop_mmcme2_adv_CLKIN1_CLKOUT0)
                                                     -4.900    -2.793 r  datapath_uut/video_uut/mmcm_adv_inst_display_clocks/inst/mmcm_adv_inst/CLKOUT0
                         net (fo=1, routed)           2.697    -0.096    datapath_uut/video_uut/mmcm_adv_inst_display_clocks/inst/clk_out1_clk_wiz_0
    BUFGCTRL_X0Y1        BUFG (Prop_bufg_I_O)         0.096    -0.000 r  datapath_uut/video_uut/mmcm_adv_inst_display_clocks/inst/clkout1_buf/O
                         net (fo=271, routed)         1.753     1.753    datapath_uut/video_uut/Inst_vga/color_mapper_inst/clk_out1
    SLICE_X148Y111       FDRE                                         r  datapath_uut/video_uut/Inst_vga/color_mapper_inst/button_pressed_reg[2]/C
  -------------------------------------------------------------------    -------------------
    SLICE_X148Y111       FDRE (Prop_fdre_C_Q)         0.478     2.231 r  datapath_uut/video_uut/Inst_vga/color_mapper_inst/button_pressed_reg[2]/Q
                         net (fo=11, routed)          2.215     4.447    datapath_uut/video_uut/Inst_vga/color_mapper_inst/button_pressed[2]
    SLICE_X156Y107       LUT4 (Prop_lut4_I0_O)        0.295     4.742 r  datapath_uut/video_uut/Inst_vga/color_mapper_inst/chicken_index_reg[7]_i_3/O
                         net (fo=8, routed)           1.027     5.769    datapath_uut/video_uut/Inst_vga/color_mapper_inst/chicken_backward/rgb_reg
    SLICE_X157Y108       LUT5 (Prop_lut5_I1_O)        0.124     5.893 r  datapath_uut/video_uut/Inst_vga/color_mapper_inst/chicken_backward/chicken_index_reg[2]_i_1/O
                         net (fo=1, routed)           0.379     6.272    datapath_uut/video_uut/Inst_vga/color_mapper_inst/chicken_backward_n_5
    SLICE_X156Y108       LDCE                                         r  datapath_uut/video_uut/Inst_vga/color_mapper_inst/chicken_index_reg[2]/D
  -------------------------------------------------------------------    -------------------

Slack:                    inf
  Source:                 datapath_uut/video_uut/Inst_vga/color_mapper_inst/button_pressed_reg[1]/C
                            (rising edge-triggered cell FDRE clocked by clk_out1_clk_wiz_0  {rise@0.000ns fall@20.000ns period=40.000ns})
  Destination:            datapath_uut/video_uut/Inst_vga/color_mapper_inst/chicken_index_reg[4]/D
  Path Group:             (none)
  Path Type:              Max at Slow Process Corner
  Data Path Delay:        4.489ns  (logic 0.996ns (22.189%)  route 3.493ns (77.811%))
  Logic Levels:           2  (LUT4=1 LUT5=1)
  Clock Uncertainty:      0.190ns  ((TSJ^2 + DJ^2)^1/2) / 2 + PE
    Total System Jitter     (TSJ):    0.050ns
    Discrete Jitter          (DJ):    0.175ns
    Phase Error              (PE):    0.099ns

    Location             Delay type                Incr(ns)  Path(ns)    Netlist Resource(s)
  -------------------------------------------------------------------    -------------------
                         (clock clk_out1_clk_wiz_0 rise edge)
                                                      0.000     0.000 r  
    BUFGCTRL_X0Y2        BUFG                         0.000     0.000 r  clk_IBUF_BUFG_inst/O
                         net (fo=36, routed)          2.106     2.106    datapath_uut/video_uut/mmcm_adv_inst_display_clocks/inst/clk_in1
    MMCME2_ADV_X1Y0      MMCME2_ADV (Prop_mmcme2_adv_CLKIN1_CLKOUT0)
                                                     -4.900    -2.793 r  datapath_uut/video_uut/mmcm_adv_inst_display_clocks/inst/mmcm_adv_inst/CLKOUT0
                         net (fo=1, routed)           2.697    -0.096    datapath_uut/video_uut/mmcm_adv_inst_display_clocks/inst/clk_out1_clk_wiz_0
    BUFGCTRL_X0Y1        BUFG (Prop_bufg_I_O)         0.096    -0.000 r  datapath_uut/video_uut/mmcm_adv_inst_display_clocks/inst/clkout1_buf/O
                         net (fo=271, routed)         1.753     1.753    datapath_uut/video_uut/Inst_vga/color_mapper_inst/clk_out1
    SLICE_X148Y111       FDRE                                         r  datapath_uut/video_uut/Inst_vga/color_mapper_inst/button_pressed_reg[1]/C
  -------------------------------------------------------------------    -------------------
    SLICE_X148Y111       FDRE (Prop_fdre_C_Q)         0.518     2.271 f  datapath_uut/video_uut/Inst_vga/color_mapper_inst/button_pressed_reg[1]/Q
                         net (fo=11, routed)          2.182     4.454    datapath_uut/video_uut/Inst_vga/color_mapper_inst/button_pressed[1]
    SLICE_X156Y107       LUT4 (Prop_lut4_I3_O)        0.152     4.606 r  datapath_uut/video_uut/Inst_vga/color_mapper_inst/chicken_index_reg[7]_i_4/O
                         net (fo=8, routed)           0.746     5.352    datapath_uut/video_uut/Inst_vga/color_mapper_inst/chicken_backward/rgb_reg_0
    SLICE_X154Y106       LUT5 (Prop_lut5_I3_O)        0.326     5.678 r  datapath_uut/video_uut/Inst_vga/color_mapper_inst/chicken_backward/chicken_index_reg[4]_i_1/O
                         net (fo=1, routed)           0.564     6.242    datapath_uut/video_uut/Inst_vga/color_mapper_inst/chicken_backward_n_3
    SLICE_X156Y107       LDCE                                         r  datapath_uut/video_uut/Inst_vga/color_mapper_inst/chicken_index_reg[4]/D
  -------------------------------------------------------------------    -------------------

Slack:                    inf
  Source:                 datapath_uut/video_uut/Inst_vga/color_mapper_inst/button_pressed_reg[2]/C
                            (rising edge-triggered cell FDRE clocked by clk_out1_clk_wiz_0  {rise@0.000ns fall@20.000ns period=40.000ns})
  Destination:            datapath_uut/video_uut/Inst_vga/color_mapper_inst/chicken_index_reg[7]/D
  Path Group:             (none)
  Path Type:              Max at Slow Process Corner
  Data Path Delay:        4.370ns  (logic 0.897ns (20.527%)  route 3.473ns (79.473%))
  Logic Levels:           2  (LUT4=1 LUT5=1)
  Clock Uncertainty:      0.190ns  ((TSJ^2 + DJ^2)^1/2) / 2 + PE
    Total System Jitter     (TSJ):    0.050ns
    Discrete Jitter          (DJ):    0.175ns
    Phase Error              (PE):    0.099ns

    Location             Delay type                Incr(ns)  Path(ns)    Netlist Resource(s)
  -------------------------------------------------------------------    -------------------
                         (clock clk_out1_clk_wiz_0 rise edge)
                                                      0.000     0.000 r  
    BUFGCTRL_X0Y2        BUFG                         0.000     0.000 r  clk_IBUF_BUFG_inst/O
                         net (fo=36, routed)          2.106     2.106    datapath_uut/video_uut/mmcm_adv_inst_display_clocks/inst/clk_in1
    MMCME2_ADV_X1Y0      MMCME2_ADV (Prop_mmcme2_adv_CLKIN1_CLKOUT0)
                                                     -4.900    -2.793 r  datapath_uut/video_uut/mmcm_adv_inst_display_clocks/inst/mmcm_adv_inst/CLKOUT0
                         net (fo=1, routed)           2.697    -0.096    datapath_uut/video_uut/mmcm_adv_inst_display_clocks/inst/clk_out1_clk_wiz_0
    BUFGCTRL_X0Y1        BUFG (Prop_bufg_I_O)         0.096    -0.000 r  datapath_uut/video_uut/mmcm_adv_inst_display_clocks/inst/clkout1_buf/O
                         net (fo=271, routed)         1.753     1.753    datapath_uut/video_uut/Inst_vga/color_mapper_inst/clk_out1
    SLICE_X148Y111       FDRE                                         r  datapath_uut/video_uut/Inst_vga/color_mapper_inst/button_pressed_reg[2]/C
  -------------------------------------------------------------------    -------------------
    SLICE_X148Y111       FDRE (Prop_fdre_C_Q)         0.478     2.231 r  datapath_uut/video_uut/Inst_vga/color_mapper_inst/button_pressed_reg[2]/Q
                         net (fo=11, routed)          2.215     4.447    datapath_uut/video_uut/Inst_vga/color_mapper_inst/button_pressed[2]
    SLICE_X156Y107       LUT4 (Prop_lut4_I0_O)        0.295     4.742 r  datapath_uut/video_uut/Inst_vga/color_mapper_inst/chicken_index_reg[7]_i_3/O
                         net (fo=8, routed)           0.838     5.579    datapath_uut/video_uut/Inst_vga/color_mapper_inst/chicken_backward/rgb_reg
    SLICE_X155Y108       LUT5 (Prop_lut5_I1_O)        0.124     5.703 r  datapath_uut/video_uut/Inst_vga/color_mapper_inst/chicken_backward/chicken_index_reg[7]_i_1/O
                         net (fo=1, routed)           0.420     6.123    datapath_uut/video_uut/Inst_vga/color_mapper_inst/chicken_backward_n_0
    SLICE_X156Y108       LDCE                                         r  datapath_uut/video_uut/Inst_vga/color_mapper_inst/chicken_index_reg[7]/D
  -------------------------------------------------------------------    -------------------

Slack:                    inf
  Source:                 datapath_uut/video_uut/Inst_vga/color_mapper_inst/button_pressed_reg[2]/C
                            (rising edge-triggered cell FDRE clocked by clk_out1_clk_wiz_0  {rise@0.000ns fall@20.000ns period=40.000ns})
  Destination:            datapath_uut/video_uut/Inst_vga/color_mapper_inst/chicken_index_reg[6]/D
  Path Group:             (none)
  Path Type:              Max at Slow Process Corner
  Data Path Delay:        4.323ns  (logic 0.897ns (20.748%)  route 3.426ns (79.252%))
  Logic Levels:           2  (LUT4=1 LUT5=1)
  Clock Uncertainty:      0.190ns  ((TSJ^2 + DJ^2)^1/2) / 2 + PE
    Total System Jitter     (TSJ):    0.050ns
    Discrete Jitter          (DJ):    0.175ns
    Phase Error              (PE):    0.099ns

    Location             Delay type                Incr(ns)  Path(ns)    Netlist Resource(s)
  -------------------------------------------------------------------    -------------------
                         (clock clk_out1_clk_wiz_0 rise edge)
                                                      0.000     0.000 r  
    BUFGCTRL_X0Y2        BUFG                         0.000     0.000 r  clk_IBUF_BUFG_inst/O
                         net (fo=36, routed)          2.106     2.106    datapath_uut/video_uut/mmcm_adv_inst_display_clocks/inst/clk_in1
    MMCME2_ADV_X1Y0      MMCME2_ADV (Prop_mmcme2_adv_CLKIN1_CLKOUT0)
                                                     -4.900    -2.793 r  datapath_uut/video_uut/mmcm_adv_inst_display_clocks/inst/mmcm_adv_inst/CLKOUT0
                         net (fo=1, routed)           2.697    -0.096    datapath_uut/video_uut/mmcm_adv_inst_display_clocks/inst/clk_out1_clk_wiz_0
    BUFGCTRL_X0Y1        BUFG (Prop_bufg_I_O)         0.096    -0.000 r  datapath_uut/video_uut/mmcm_adv_inst_display_clocks/inst/clkout1_buf/O
                         net (fo=271, routed)         1.753     1.753    datapath_uut/video_uut/Inst_vga/color_mapper_inst/clk_out1
    SLICE_X148Y111       FDRE                                         r  datapath_uut/video_uut/Inst_vga/color_mapper_inst/button_pressed_reg[2]/C
  -------------------------------------------------------------------    -------------------
    SLICE_X148Y111       FDRE (Prop_fdre_C_Q)         0.478     2.231 r  datapath_uut/video_uut/Inst_vga/color_mapper_inst/button_pressed_reg[2]/Q
                         net (fo=11, routed)          2.215     4.447    datapath_uut/video_uut/Inst_vga/color_mapper_inst/button_pressed[2]
    SLICE_X156Y107       LUT4 (Prop_lut4_I0_O)        0.295     4.742 r  datapath_uut/video_uut/Inst_vga/color_mapper_inst/chicken_index_reg[7]_i_3/O
                         net (fo=8, routed)           0.685     5.427    datapath_uut/video_uut/Inst_vga/color_mapper_inst/chicken_backward/rgb_reg
    SLICE_X157Y105       LUT5 (Prop_lut5_I1_O)        0.124     5.551 r  datapath_uut/video_uut/Inst_vga/color_mapper_inst/chicken_backward/chicken_index_reg[6]_i_1/O
                         net (fo=1, routed)           0.526     6.077    datapath_uut/video_uut/Inst_vga/color_mapper_inst/chicken_backward_n_1
    SLICE_X156Y107       LDCE                                         r  datapath_uut/video_uut/Inst_vga/color_mapper_inst/chicken_index_reg[6]/D
  -------------------------------------------------------------------    -------------------

Slack:                    inf
  Source:                 datapath_uut/video_uut/Inst_vga/color_mapper_inst/button_pressed_reg[2]/C
                            (rising edge-triggered cell FDRE clocked by clk_out1_clk_wiz_0  {rise@0.000ns fall@20.000ns period=40.000ns})
  Destination:            datapath_uut/video_uut/Inst_vga/color_mapper_inst/chicken_index_reg[0]/D
  Path Group:             (none)
  Path Type:              Max at Slow Process Corner
  Data Path Delay:        4.155ns  (logic 0.897ns (21.588%)  route 3.258ns (78.412%))
  Logic Levels:           2  (LUT4=1 LUT5=1)
  Clock Uncertainty:      0.190ns  ((TSJ^2 + DJ^2)^1/2) / 2 + PE
    Total System Jitter     (TSJ):    0.050ns
    Discrete Jitter          (DJ):    0.175ns
    Phase Error              (PE):    0.099ns

    Location             Delay type                Incr(ns)  Path(ns)    Netlist Resource(s)
  -------------------------------------------------------------------    -------------------
                         (clock clk_out1_clk_wiz_0 rise edge)
                                                      0.000     0.000 r  
    BUFGCTRL_X0Y2        BUFG                         0.000     0.000 r  clk_IBUF_BUFG_inst/O
                         net (fo=36, routed)          2.106     2.106    datapath_uut/video_uut/mmcm_adv_inst_display_clocks/inst/clk_in1
    MMCME2_ADV_X1Y0      MMCME2_ADV (Prop_mmcme2_adv_CLKIN1_CLKOUT0)
                                                     -4.900    -2.793 r  datapath_uut/video_uut/mmcm_adv_inst_display_clocks/inst/mmcm_adv_inst/CLKOUT0
                         net (fo=1, routed)           2.697    -0.096    datapath_uut/video_uut/mmcm_adv_inst_display_clocks/inst/clk_out1_clk_wiz_0
    BUFGCTRL_X0Y1        BUFG (Prop_bufg_I_O)         0.096    -0.000 r  datapath_uut/video_uut/mmcm_adv_inst_display_clocks/inst/clkout1_buf/O
                         net (fo=271, routed)         1.753     1.753    datapath_uut/video_uut/Inst_vga/color_mapper_inst/clk_out1
    SLICE_X148Y111       FDRE                                         r  datapath_uut/video_uut/Inst_vga/color_mapper_inst/button_pressed_reg[2]/C
  -------------------------------------------------------------------    -------------------
    SLICE_X148Y111       FDRE (Prop_fdre_C_Q)         0.478     2.231 r  datapath_uut/video_uut/Inst_vga/color_mapper_inst/button_pressed_reg[2]/Q
                         net (fo=11, routed)          2.215     4.447    datapath_uut/video_uut/Inst_vga/color_mapper_inst/button_pressed[2]
    SLICE_X156Y107       LUT4 (Prop_lut4_I0_O)        0.295     4.742 r  datapath_uut/video_uut/Inst_vga/color_mapper_inst/chicken_index_reg[7]_i_3/O
                         net (fo=8, routed)           0.848     5.589    datapath_uut/video_uut/Inst_vga/color_mapper_inst/chicken_backward/rgb_reg
    SLICE_X157Y108       LUT5 (Prop_lut5_I1_O)        0.124     5.713 r  datapath_uut/video_uut/Inst_vga/color_mapper_inst/chicken_backward/chicken_index_reg[0]_i_1/O
                         net (fo=1, routed)           0.195     5.908    datapath_uut/video_uut/Inst_vga/color_mapper_inst/chicken_backward_n_7
    SLICE_X156Y108       LDCE                                         r  datapath_uut/video_uut/Inst_vga/color_mapper_inst/chicken_index_reg[0]/D
  -------------------------------------------------------------------    -------------------

Slack:                    inf
  Source:                 datapath_uut/video_uut/Inst_vga/color_mapper_inst/button_pressed_reg[2]/C
                            (rising edge-triggered cell FDRE clocked by clk_out1_clk_wiz_0  {rise@0.000ns fall@20.000ns period=40.000ns})
  Destination:            datapath_uut/video_uut/Inst_vga/color_mapper_inst/chicken_index_reg[1]/D
  Path Group:             (none)
  Path Type:              Max at Slow Process Corner
  Data Path Delay:        3.962ns  (logic 0.897ns (22.640%)  route 3.065ns (77.360%))
  Logic Levels:           2  (LUT4=1 LUT5=1)
  Clock Uncertainty:      0.190ns  ((TSJ^2 + DJ^2)^1/2) / 2 + PE
    Total System Jitter     (TSJ):    0.050ns
    Discrete Jitter          (DJ):    0.175ns
    Phase Error              (PE):    0.099ns

    Location             Delay type                Incr(ns)  Path(ns)    Netlist Resource(s)
  -------------------------------------------------------------------    -------------------
                         (clock clk_out1_clk_wiz_0 rise edge)
                                                      0.000     0.000 r  
    BUFGCTRL_X0Y2        BUFG                         0.000     0.000 r  clk_IBUF_BUFG_inst/O
                         net (fo=36, routed)          2.106     2.106    datapath_uut/video_uut/mmcm_adv_inst_display_clocks/inst/clk_in1
    MMCME2_ADV_X1Y0      MMCME2_ADV (Prop_mmcme2_adv_CLKIN1_CLKOUT0)
                                                     -4.900    -2.793 r  datapath_uut/video_uut/mmcm_adv_inst_display_clocks/inst/mmcm_adv_inst/CLKOUT0
                         net (fo=1, routed)           2.697    -0.096    datapath_uut/video_uut/mmcm_adv_inst_display_clocks/inst/clk_out1_clk_wiz_0
    BUFGCTRL_X0Y1        BUFG (Prop_bufg_I_O)         0.096    -0.000 r  datapath_uut/video_uut/mmcm_adv_inst_display_clocks/inst/clkout1_buf/O
                         net (fo=271, routed)         1.753     1.753    datapath_uut/video_uut/Inst_vga/color_mapper_inst/clk_out1
    SLICE_X148Y111       FDRE                                         r  datapath_uut/video_uut/Inst_vga/color_mapper_inst/button_pressed_reg[2]/C
  -------------------------------------------------------------------    -------------------
    SLICE_X148Y111       FDRE (Prop_fdre_C_Q)         0.478     2.231 r  datapath_uut/video_uut/Inst_vga/color_mapper_inst/button_pressed_reg[2]/Q
                         net (fo=11, routed)          2.215     4.447    datapath_uut/video_uut/Inst_vga/color_mapper_inst/button_pressed[2]
    SLICE_X156Y107       LUT4 (Prop_lut4_I0_O)        0.295     4.742 r  datapath_uut/video_uut/Inst_vga/color_mapper_inst/chicken_index_reg[7]_i_3/O
                         net (fo=8, routed)           0.850     5.591    datapath_uut/video_uut/Inst_vga/color_mapper_inst/chicken_backward/rgb_reg
    SLICE_X156Y108       LUT5 (Prop_lut5_I1_O)        0.124     5.715 r  datapath_uut/video_uut/Inst_vga/color_mapper_inst/chicken_backward/chicken_index_reg[1]_i_1/O
                         net (fo=1, routed)           0.000     5.715    datapath_uut/video_uut/Inst_vga/color_mapper_inst/chicken_backward_n_6
    SLICE_X156Y108       LDCE                                         r  datapath_uut/video_uut/Inst_vga/color_mapper_inst/chicken_index_reg[1]/D
  -------------------------------------------------------------------    -------------------

Slack:                    inf
  Source:                 datapath_uut/video_uut/Inst_vga/color_mapper_inst/numeric_stepper_col/debouncer_down/FSM_sequential_state_reg[2]/C
                            (rising edge-triggered cell FDRE clocked by clk_out1_clk_wiz_0  {rise@0.000ns fall@20.000ns period=40.000ns})
  Destination:            datapath_uut/video_uut/Inst_vga/color_mapper_inst/numeric_stepper_col/debouncer_down/cw_reg[0]/PRE
  Path Group:             (none)
  Path Type:              Max at Slow Process Corner
  Data Path Delay:        2.794ns  (logic 0.773ns (27.666%)  route 2.021ns (72.334%))
  Logic Levels:           1  (LUT3=1)
  Clock Uncertainty:      0.190ns  ((TSJ^2 + DJ^2)^1/2) / 2 + PE
    Total System Jitter     (TSJ):    0.050ns
    Discrete Jitter          (DJ):    0.175ns
    Phase Error              (PE):    0.099ns

    Location             Delay type                Incr(ns)  Path(ns)    Netlist Resource(s)
  -------------------------------------------------------------------    -------------------
                         (clock clk_out1_clk_wiz_0 rise edge)
                                                      0.000     0.000 r  
    BUFGCTRL_X0Y2        BUFG                         0.000     0.000 r  clk_IBUF_BUFG_inst/O
                         net (fo=36, routed)          2.106     2.106    datapath_uut/video_uut/mmcm_adv_inst_display_clocks/inst/clk_in1
    MMCME2_ADV_X1Y0      MMCME2_ADV (Prop_mmcme2_adv_CLKIN1_CLKOUT0)
                                                     -4.900    -2.793 r  datapath_uut/video_uut/mmcm_adv_inst_display_clocks/inst/mmcm_adv_inst/CLKOUT0
                         net (fo=1, routed)           2.697    -0.096    datapath_uut/video_uut/mmcm_adv_inst_display_clocks/inst/clk_out1_clk_wiz_0
    BUFGCTRL_X0Y1        BUFG (Prop_bufg_I_O)         0.096    -0.000 r  datapath_uut/video_uut/mmcm_adv_inst_display_clocks/inst/clkout1_buf/O
                         net (fo=271, routed)         1.687     1.687    datapath_uut/video_uut/Inst_vga/color_mapper_inst/numeric_stepper_col/debouncer_down/clk_out1
    SLICE_X136Y113       FDRE                                         r  datapath_uut/video_uut/Inst_vga/color_mapper_inst/numeric_stepper_col/debouncer_down/FSM_sequential_state_reg[2]/C
  -------------------------------------------------------------------    -------------------
    SLICE_X136Y113       FDRE (Prop_fdre_C_Q)         0.478     2.165 r  datapath_uut/video_uut/Inst_vga/color_mapper_inst/numeric_stepper_col/debouncer_down/FSM_sequential_state_reg[2]/Q
                         net (fo=11, routed)          1.082     3.247    datapath_uut/video_uut/Inst_vga/color_mapper_inst/numeric_stepper_col/debouncer_down/state[2]
    SLICE_X140Y113       LUT3 (Prop_lut3_I1_O)        0.295     3.542 f  datapath_uut/video_uut/Inst_vga/color_mapper_inst/numeric_stepper_col/debouncer_down/cw_reg[1]_i_3__2/O
                         net (fo=2, routed)           0.939     4.481    datapath_uut/video_uut/Inst_vga/color_mapper_inst/numeric_stepper_col/debouncer_down/cw__0
    SLICE_X140Y113       LDPE                                         f  datapath_uut/video_uut/Inst_vga/color_mapper_inst/numeric_stepper_col/debouncer_down/cw_reg[0]/PRE
  -------------------------------------------------------------------    -------------------

Slack:                    inf
  Source:                 datapath_uut/video_uut/Inst_vga/color_mapper_inst/numeric_stepper_col/debouncer_down/FSM_sequential_state_reg[2]/C
                            (rising edge-triggered cell FDRE clocked by clk_out1_clk_wiz_0  {rise@0.000ns fall@20.000ns period=40.000ns})
  Destination:            datapath_uut/video_uut/Inst_vga/color_mapper_inst/numeric_stepper_col/debouncer_down/cw_reg[1]/PRE
  Path Group:             (none)
  Path Type:              Max at Slow Process Corner
  Data Path Delay:        2.794ns  (logic 0.773ns (27.666%)  route 2.021ns (72.334%))
  Logic Levels:           1  (LUT3=1)
  Clock Uncertainty:      0.190ns  ((TSJ^2 + DJ^2)^1/2) / 2 + PE
    Total System Jitter     (TSJ):    0.050ns
    Discrete Jitter          (DJ):    0.175ns
    Phase Error              (PE):    0.099ns

    Location             Delay type                Incr(ns)  Path(ns)    Netlist Resource(s)
  -------------------------------------------------------------------    -------------------
                         (clock clk_out1_clk_wiz_0 rise edge)
                                                      0.000     0.000 r  
    BUFGCTRL_X0Y2        BUFG                         0.000     0.000 r  clk_IBUF_BUFG_inst/O
                         net (fo=36, routed)          2.106     2.106    datapath_uut/video_uut/mmcm_adv_inst_display_clocks/inst/clk_in1
    MMCME2_ADV_X1Y0      MMCME2_ADV (Prop_mmcme2_adv_CLKIN1_CLKOUT0)
                                                     -4.900    -2.793 r  datapath_uut/video_uut/mmcm_adv_inst_display_clocks/inst/mmcm_adv_inst/CLKOUT0
                         net (fo=1, routed)           2.697    -0.096    datapath_uut/video_uut/mmcm_adv_inst_display_clocks/inst/clk_out1_clk_wiz_0
    BUFGCTRL_X0Y1        BUFG (Prop_bufg_I_O)         0.096    -0.000 r  datapath_uut/video_uut/mmcm_adv_inst_display_clocks/inst/clkout1_buf/O
                         net (fo=271, routed)         1.687     1.687    datapath_uut/video_uut/Inst_vga/color_mapper_inst/numeric_stepper_col/debouncer_down/clk_out1
    SLICE_X136Y113       FDRE                                         r  datapath_uut/video_uut/Inst_vga/color_mapper_inst/numeric_stepper_col/debouncer_down/FSM_sequential_state_reg[2]/C
  -------------------------------------------------------------------    -------------------
    SLICE_X136Y113       FDRE (Prop_fdre_C_Q)         0.478     2.165 r  datapath_uut/video_uut/Inst_vga/color_mapper_inst/numeric_stepper_col/debouncer_down/FSM_sequential_state_reg[2]/Q
                         net (fo=11, routed)          1.082     3.247    datapath_uut/video_uut/Inst_vga/color_mapper_inst/numeric_stepper_col/debouncer_down/state[2]
    SLICE_X140Y113       LUT3 (Prop_lut3_I1_O)        0.295     3.542 f  datapath_uut/video_uut/Inst_vga/color_mapper_inst/numeric_stepper_col/debouncer_down/cw_reg[1]_i_3__2/O
                         net (fo=2, routed)           0.939     4.481    datapath_uut/video_uut/Inst_vga/color_mapper_inst/numeric_stepper_col/debouncer_down/cw__0
    SLICE_X140Y113       LDPE                                         f  datapath_uut/video_uut/Inst_vga/color_mapper_inst/numeric_stepper_col/debouncer_down/cw_reg[1]/PRE
  -------------------------------------------------------------------    -------------------





Min Delay Paths
--------------------------------------------------------------------------------------
Slack:                    inf
  Source:                 datapath_uut/video_uut/Inst_vga/color_mapper_inst/chicken_backward/color_index_reg[1]/C
                            (rising edge-triggered cell FDRE clocked by clk_out1_clk_wiz_0  {rise@0.000ns fall@20.000ns period=40.000ns})
  Destination:            datapath_uut/video_uut/Inst_vga/color_mapper_inst/chicken_index_reg[1]/D
  Path Group:             (none)
  Path Type:              Min at Fast Process Corner
  Data Path Delay:        0.390ns  (logic 0.209ns (53.587%)  route 0.181ns (46.413%))
  Logic Levels:           1  (LUT5=1)
  Clock Uncertainty:      0.190ns  ((TSJ^2 + DJ^2)^1/2) / 2 + PE
    Total System Jitter     (TSJ):    0.050ns
    Discrete Jitter          (DJ):    0.175ns
    Phase Error              (PE):    0.099ns

    Location             Delay type                Incr(ns)  Path(ns)    Netlist Resource(s)
  -------------------------------------------------------------------    -------------------
                         (clock clk_out1_clk_wiz_0 rise edge)
                                                      0.000     0.000 r  
    BUFGCTRL_X0Y2        BUFG                         0.000     0.000 r  clk_IBUF_BUFG_inst/O
                         net (fo=36, routed)          0.745     0.745    datapath_uut/video_uut/mmcm_adv_inst_display_clocks/inst/clk_in1
    MMCME2_ADV_X1Y0      MMCME2_ADV (Prop_mmcme2_adv_CLKIN1_CLKOUT0)
                                                     -1.683    -0.938 r  datapath_uut/video_uut/mmcm_adv_inst_display_clocks/inst/mmcm_adv_inst/CLKOUT0
                         net (fo=1, routed)           0.912    -0.026    datapath_uut/video_uut/mmcm_adv_inst_display_clocks/inst/clk_out1_clk_wiz_0
    BUFGCTRL_X0Y1        BUFG (Prop_bufg_I_O)         0.026    -0.000 r  datapath_uut/video_uut/mmcm_adv_inst_display_clocks/inst/clkout1_buf/O
                         net (fo=271, routed)         0.646     0.646    datapath_uut/video_uut/Inst_vga/color_mapper_inst/chicken_backward/clk_out1
    SLICE_X158Y108       FDRE                                         r  datapath_uut/video_uut/Inst_vga/color_mapper_inst/chicken_backward/color_index_reg[1]/C
  -------------------------------------------------------------------    -------------------
    SLICE_X158Y108       FDRE (Prop_fdre_C_Q)         0.164     0.810 r  datapath_uut/video_uut/Inst_vga/color_mapper_inst/chicken_backward/color_index_reg[1]/Q
                         net (fo=1, routed)           0.181     0.991    datapath_uut/video_uut/Inst_vga/color_mapper_inst/chicken_backward/chicken_backward_out[1]
    SLICE_X156Y108       LUT5 (Prop_lut5_I0_O)        0.045     1.036 r  datapath_uut/video_uut/Inst_vga/color_mapper_inst/chicken_backward/chicken_index_reg[1]_i_1/O
                         net (fo=1, routed)           0.000     1.036    datapath_uut/video_uut/Inst_vga/color_mapper_inst/chicken_backward_n_6
    SLICE_X156Y108       LDCE                                         r  datapath_uut/video_uut/Inst_vga/color_mapper_inst/chicken_index_reg[1]/D
  -------------------------------------------------------------------    -------------------

Slack:                    inf
  Source:                 datapath_uut/video_uut/Inst_vga/color_mapper_inst/numeric_stepper_col/debouncer_up/FSM_sequential_state_reg[0]/C
                            (rising edge-triggered cell FDRE clocked by clk_out1_clk_wiz_0  {rise@0.000ns fall@20.000ns period=40.000ns})
  Destination:            datapath_uut/video_uut/Inst_vga/color_mapper_inst/numeric_stepper_col/debouncer_up/cw_reg[0]/D
  Path Group:             (none)
  Path Type:              Min at Fast Process Corner
  Data Path Delay:        0.455ns  (logic 0.186ns (40.855%)  route 0.269ns (59.145%))
  Logic Levels:           1  (LUT3=1)
  Clock Uncertainty:      0.190ns  ((TSJ^2 + DJ^2)^1/2) / 2 + PE
    Total System Jitter     (TSJ):    0.050ns
    Discrete Jitter          (DJ):    0.175ns
    Phase Error              (PE):    0.099ns

    Location             Delay type                Incr(ns)  Path(ns)    Netlist Resource(s)
  -------------------------------------------------------------------    -------------------
                         (clock clk_out1_clk_wiz_0 rise edge)
                                                      0.000     0.000 r  
    BUFGCTRL_X0Y2        BUFG                         0.000     0.000 r  clk_IBUF_BUFG_inst/O
                         net (fo=36, routed)          0.745     0.745    datapath_uut/video_uut/mmcm_adv_inst_display_clocks/inst/clk_in1
    MMCME2_ADV_X1Y0      MMCME2_ADV (Prop_mmcme2_adv_CLKIN1_CLKOUT0)
                                                     -1.683    -0.938 r  datapath_uut/video_uut/mmcm_adv_inst_display_clocks/inst/mmcm_adv_inst/CLKOUT0
                         net (fo=1, routed)           0.912    -0.026    datapath_uut/video_uut/mmcm_adv_inst_display_clocks/inst/clk_out1_clk_wiz_0
    BUFGCTRL_X0Y1        BUFG (Prop_bufg_I_O)         0.026    -0.000 r  datapath_uut/video_uut/mmcm_adv_inst_display_clocks/inst/clkout1_buf/O
                         net (fo=271, routed)         0.615     0.615    datapath_uut/video_uut/Inst_vga/color_mapper_inst/numeric_stepper_col/debouncer_up/clk_out1
    SLICE_X141Y112       FDRE                                         r  datapath_uut/video_uut/Inst_vga/color_mapper_inst/numeric_stepper_col/debouncer_up/FSM_sequential_state_reg[0]/C
  -------------------------------------------------------------------    -------------------
    SLICE_X141Y112       FDRE (Prop_fdre_C_Q)         0.141     0.756 f  datapath_uut/video_uut/Inst_vga/color_mapper_inst/numeric_stepper_col/debouncer_up/FSM_sequential_state_reg[0]/Q
                         net (fo=23, routed)          0.269     1.025    datapath_uut/video_uut/Inst_vga/color_mapper_inst/numeric_stepper_col/debouncer_up/state[0]
    SLICE_X143Y112       LUT3 (Prop_lut3_I0_O)        0.045     1.070 r  datapath_uut/video_uut/Inst_vga/color_mapper_inst/numeric_stepper_col/debouncer_up/cw_reg[0]_i_1__1/O
                         net (fo=1, routed)           0.000     1.070    datapath_uut/video_uut/Inst_vga/color_mapper_inst/numeric_stepper_col/debouncer_up/cw_reg[0]_i_1__1_n_0
    SLICE_X143Y112       LDPE                                         r  datapath_uut/video_uut/Inst_vga/color_mapper_inst/numeric_stepper_col/debouncer_up/cw_reg[0]/D
  -------------------------------------------------------------------    -------------------

Slack:                    inf
  Source:                 datapath_uut/video_uut/Inst_vga/color_mapper_inst/chicken_forward/color_index_reg[2]/C
                            (rising edge-triggered cell FDRE clocked by clk_out1_clk_wiz_0  {rise@0.000ns fall@20.000ns period=40.000ns})
  Destination:            datapath_uut/video_uut/Inst_vga/color_mapper_inst/chicken_index_reg[2]/D
  Path Group:             (none)
  Path Type:              Min at Fast Process Corner
  Data Path Delay:        0.445ns  (logic 0.186ns (41.760%)  route 0.259ns (58.240%))
  Logic Levels:           1  (LUT5=1)
  Clock Uncertainty:      0.190ns  ((TSJ^2 + DJ^2)^1/2) / 2 + PE
    Total System Jitter     (TSJ):    0.050ns
    Discrete Jitter          (DJ):    0.175ns
    Phase Error              (PE):    0.099ns

    Location             Delay type                Incr(ns)  Path(ns)    Netlist Resource(s)
  -------------------------------------------------------------------    -------------------
                         (clock clk_out1_clk_wiz_0 rise edge)
                                                      0.000     0.000 r  
    BUFGCTRL_X0Y2        BUFG                         0.000     0.000 r  clk_IBUF_BUFG_inst/O
                         net (fo=36, routed)          0.745     0.745    datapath_uut/video_uut/mmcm_adv_inst_display_clocks/inst/clk_in1
    MMCME2_ADV_X1Y0      MMCME2_ADV (Prop_mmcme2_adv_CLKIN1_CLKOUT0)
                                                     -1.683    -0.938 r  datapath_uut/video_uut/mmcm_adv_inst_display_clocks/inst/mmcm_adv_inst/CLKOUT0
                         net (fo=1, routed)           0.912    -0.026    datapath_uut/video_uut/mmcm_adv_inst_display_clocks/inst/clk_out1_clk_wiz_0
    BUFGCTRL_X0Y1        BUFG (Prop_bufg_I_O)         0.026    -0.000 r  datapath_uut/video_uut/mmcm_adv_inst_display_clocks/inst/clkout1_buf/O
                         net (fo=271, routed)         0.645     0.645    datapath_uut/video_uut/Inst_vga/color_mapper_inst/chicken_forward/clk_out1
    SLICE_X157Y110       FDRE                                         r  datapath_uut/video_uut/Inst_vga/color_mapper_inst/chicken_forward/color_index_reg[2]/C
  -------------------------------------------------------------------    -------------------
    SLICE_X157Y110       FDRE (Prop_fdre_C_Q)         0.141     0.786 r  datapath_uut/video_uut/Inst_vga/color_mapper_inst/chicken_forward/color_index_reg[2]/Q
                         net (fo=1, routed)           0.143     0.929    datapath_uut/video_uut/Inst_vga/color_mapper_inst/chicken_backward/Q[2]
    SLICE_X157Y108       LUT5 (Prop_lut5_I2_O)        0.045     0.974 r  datapath_uut/video_uut/Inst_vga/color_mapper_inst/chicken_backward/chicken_index_reg[2]_i_1/O
                         net (fo=1, routed)           0.116     1.090    datapath_uut/video_uut/Inst_vga/color_mapper_inst/chicken_backward_n_5
    SLICE_X156Y108       LDCE                                         r  datapath_uut/video_uut/Inst_vga/color_mapper_inst/chicken_index_reg[2]/D
  -------------------------------------------------------------------    -------------------

Slack:                    inf
  Source:                 datapath_uut/video_uut/Inst_vga/color_mapper_inst/chicken_forward/color_index_reg[0]/C
                            (rising edge-triggered cell FDRE clocked by clk_out1_clk_wiz_0  {rise@0.000ns fall@20.000ns period=40.000ns})
  Destination:            datapath_uut/video_uut/Inst_vga/color_mapper_inst/chicken_index_reg[0]/D
  Path Group:             (none)
  Path Type:              Min at Fast Process Corner
  Data Path Delay:        0.448ns  (logic 0.209ns (46.611%)  route 0.239ns (53.389%))
  Logic Levels:           1  (LUT5=1)
  Clock Uncertainty:      0.190ns  ((TSJ^2 + DJ^2)^1/2) / 2 + PE
    Total System Jitter     (TSJ):    0.050ns
    Discrete Jitter          (DJ):    0.175ns
    Phase Error              (PE):    0.099ns

    Location             Delay type                Incr(ns)  Path(ns)    Netlist Resource(s)
  -------------------------------------------------------------------    -------------------
                         (clock clk_out1_clk_wiz_0 rise edge)
                                                      0.000     0.000 r  
    BUFGCTRL_X0Y2        BUFG                         0.000     0.000 r  clk_IBUF_BUFG_inst/O
                         net (fo=36, routed)          0.745     0.745    datapath_uut/video_uut/mmcm_adv_inst_display_clocks/inst/clk_in1
    MMCME2_ADV_X1Y0      MMCME2_ADV (Prop_mmcme2_adv_CLKIN1_CLKOUT0)
                                                     -1.683    -0.938 r  datapath_uut/video_uut/mmcm_adv_inst_display_clocks/inst/mmcm_adv_inst/CLKOUT0
                         net (fo=1, routed)           0.912    -0.026    datapath_uut/video_uut/mmcm_adv_inst_display_clocks/inst/clk_out1_clk_wiz_0
    BUFGCTRL_X0Y1        BUFG (Prop_bufg_I_O)         0.026    -0.000 r  datapath_uut/video_uut/mmcm_adv_inst_display_clocks/inst/clkout1_buf/O
                         net (fo=271, routed)         0.646     0.646    datapath_uut/video_uut/Inst_vga/color_mapper_inst/chicken_forward/clk_out1
    SLICE_X158Y109       FDRE                                         r  datapath_uut/video_uut/Inst_vga/color_mapper_inst/chicken_forward/color_index_reg[0]/C
  -------------------------------------------------------------------    -------------------
    SLICE_X158Y109       FDRE (Prop_fdre_C_Q)         0.164     0.810 r  datapath_uut/video_uut/Inst_vga/color_mapper_inst/chicken_forward/color_index_reg[0]/Q
                         net (fo=1, routed)           0.178     0.988    datapath_uut/video_uut/Inst_vga/color_mapper_inst/chicken_backward/Q[0]
    SLICE_X157Y108       LUT5 (Prop_lut5_I2_O)        0.045     1.033 r  datapath_uut/video_uut/Inst_vga/color_mapper_inst/chicken_backward/chicken_index_reg[0]_i_1/O
                         net (fo=1, routed)           0.061     1.094    datapath_uut/video_uut/Inst_vga/color_mapper_inst/chicken_backward_n_7
    SLICE_X156Y108       LDCE                                         r  datapath_uut/video_uut/Inst_vga/color_mapper_inst/chicken_index_reg[0]/D
  -------------------------------------------------------------------    -------------------

Slack:                    inf
  Source:                 datapath_uut/video_uut/Inst_vga/color_mapper_inst/numeric_stepper_row/debouncer_up/FSM_sequential_state_reg[0]/C
                            (rising edge-triggered cell FDRE clocked by clk_out1_clk_wiz_0  {rise@0.000ns fall@20.000ns period=40.000ns})
  Destination:            datapath_uut/video_uut/Inst_vga/color_mapper_inst/numeric_stepper_row/debouncer_up/cw_reg[0]/D
  Path Group:             (none)
  Path Type:              Min at Fast Process Corner
  Data Path Delay:        0.476ns  (logic 0.209ns (43.952%)  route 0.267ns (56.048%))
  Logic Levels:           1  (LUT3=1)
  Clock Uncertainty:      0.190ns  ((TSJ^2 + DJ^2)^1/2) / 2 + PE
    Total System Jitter     (TSJ):    0.050ns
    Discrete Jitter          (DJ):    0.175ns
    Phase Error              (PE):    0.099ns

    Location             Delay type                Incr(ns)  Path(ns)    Netlist Resource(s)
  -------------------------------------------------------------------    -------------------
                         (clock clk_out1_clk_wiz_0 rise edge)
                                                      0.000     0.000 r  
    BUFGCTRL_X0Y2        BUFG                         0.000     0.000 r  clk_IBUF_BUFG_inst/O
                         net (fo=36, routed)          0.745     0.745    datapath_uut/video_uut/mmcm_adv_inst_display_clocks/inst/clk_in1
    MMCME2_ADV_X1Y0      MMCME2_ADV (Prop_mmcme2_adv_CLKIN1_CLKOUT0)
                                                     -1.683    -0.938 r  datapath_uut/video_uut/mmcm_adv_inst_display_clocks/inst/mmcm_adv_inst/CLKOUT0
                         net (fo=1, routed)           0.912    -0.026    datapath_uut/video_uut/mmcm_adv_inst_display_clocks/inst/clk_out1_clk_wiz_0
    BUFGCTRL_X0Y1        BUFG (Prop_bufg_I_O)         0.026    -0.000 r  datapath_uut/video_uut/mmcm_adv_inst_display_clocks/inst/clkout1_buf/O
                         net (fo=271, routed)         0.619     0.619    datapath_uut/video_uut/Inst_vga/color_mapper_inst/numeric_stepper_row/debouncer_up/clk_out1
    SLICE_X148Y108       FDRE                                         r  datapath_uut/video_uut/Inst_vga/color_mapper_inst/numeric_stepper_row/debouncer_up/FSM_sequential_state_reg[0]/C
  -------------------------------------------------------------------    -------------------
    SLICE_X148Y108       FDRE (Prop_fdre_C_Q)         0.164     0.783 f  datapath_uut/video_uut/Inst_vga/color_mapper_inst/numeric_stepper_row/debouncer_up/FSM_sequential_state_reg[0]/Q
                         net (fo=23, routed)          0.267     1.049    datapath_uut/video_uut/Inst_vga/color_mapper_inst/numeric_stepper_row/debouncer_up/state[0]
    SLICE_X149Y109       LUT3 (Prop_lut3_I0_O)        0.045     1.094 r  datapath_uut/video_uut/Inst_vga/color_mapper_inst/numeric_stepper_row/debouncer_up/cw_reg[0]_i_1/O
                         net (fo=1, routed)           0.000     1.094    datapath_uut/video_uut/Inst_vga/color_mapper_inst/numeric_stepper_row/debouncer_up/cw_reg[0]_i_1_n_0
    SLICE_X149Y109       LDPE                                         r  datapath_uut/video_uut/Inst_vga/color_mapper_inst/numeric_stepper_row/debouncer_up/cw_reg[0]/D
  -------------------------------------------------------------------    -------------------

Slack:                    inf
  Source:                 datapath_uut/video_uut/Inst_vga/color_mapper_inst/chicken_backward/color_index_reg[7]/C
                            (rising edge-triggered cell FDRE clocked by clk_out1_clk_wiz_0  {rise@0.000ns fall@20.000ns period=40.000ns})
  Destination:            datapath_uut/video_uut/Inst_vga/color_mapper_inst/chicken_index_reg[7]/D
  Path Group:             (none)
  Path Type:              Min at Fast Process Corner
  Data Path Delay:        0.524ns  (logic 0.186ns (35.496%)  route 0.338ns (64.504%))
  Logic Levels:           1  (LUT5=1)
  Clock Uncertainty:      0.190ns  ((TSJ^2 + DJ^2)^1/2) / 2 + PE
    Total System Jitter     (TSJ):    0.050ns
    Discrete Jitter          (DJ):    0.175ns
    Phase Error              (PE):    0.099ns

    Location             Delay type                Incr(ns)  Path(ns)    Netlist Resource(s)
  -------------------------------------------------------------------    -------------------
                         (clock clk_out1_clk_wiz_0 rise edge)
                                                      0.000     0.000 r  
    BUFGCTRL_X0Y2        BUFG                         0.000     0.000 r  clk_IBUF_BUFG_inst/O
                         net (fo=36, routed)          0.745     0.745    datapath_uut/video_uut/mmcm_adv_inst_display_clocks/inst/clk_in1
    MMCME2_ADV_X1Y0      MMCME2_ADV (Prop_mmcme2_adv_CLKIN1_CLKOUT0)
                                                     -1.683    -0.938 r  datapath_uut/video_uut/mmcm_adv_inst_display_clocks/inst/mmcm_adv_inst/CLKOUT0
                         net (fo=1, routed)           0.912    -0.026    datapath_uut/video_uut/mmcm_adv_inst_display_clocks/inst/clk_out1_clk_wiz_0
    BUFGCTRL_X0Y1        BUFG (Prop_bufg_I_O)         0.026    -0.000 r  datapath_uut/video_uut/mmcm_adv_inst_display_clocks/inst/clkout1_buf/O
                         net (fo=271, routed)         0.620     0.620    datapath_uut/video_uut/Inst_vga/color_mapper_inst/chicken_backward/clk_out1
    SLICE_X155Y108       FDRE                                         r  datapath_uut/video_uut/Inst_vga/color_mapper_inst/chicken_backward/color_index_reg[7]/C
  -------------------------------------------------------------------    -------------------
    SLICE_X155Y108       FDRE (Prop_fdre_C_Q)         0.141     0.761 r  datapath_uut/video_uut/Inst_vga/color_mapper_inst/chicken_backward/color_index_reg[7]/Q
                         net (fo=1, routed)           0.136     0.897    datapath_uut/video_uut/Inst_vga/color_mapper_inst/chicken_backward/chicken_backward_out[7]
    SLICE_X155Y108       LUT5 (Prop_lut5_I0_O)        0.045     0.942 r  datapath_uut/video_uut/Inst_vga/color_mapper_inst/chicken_backward/chicken_index_reg[7]_i_1/O
                         net (fo=1, routed)           0.202     1.144    datapath_uut/video_uut/Inst_vga/color_mapper_inst/chicken_backward_n_0
    SLICE_X156Y108       LDCE                                         r  datapath_uut/video_uut/Inst_vga/color_mapper_inst/chicken_index_reg[7]/D
  -------------------------------------------------------------------    -------------------

Slack:                    inf
  Source:                 datapath_uut/video_uut/Inst_vga/color_mapper_inst/numeric_stepper_row/debouncer_down/FSM_sequential_state_reg[2]/C
                            (rising edge-triggered cell FDRE clocked by clk_out1_clk_wiz_0  {rise@0.000ns fall@20.000ns period=40.000ns})
  Destination:            datapath_uut/video_uut/Inst_vga/color_mapper_inst/numeric_stepper_row/debouncer_down/cw_reg[0]/PRE
  Path Group:             (none)
  Path Type:              Min at Fast Process Corner
  Data Path Delay:        0.536ns  (logic 0.227ns (42.352%)  route 0.309ns (57.648%))
  Logic Levels:           1  (LUT3=1)
  Clock Uncertainty:      0.190ns  ((TSJ^2 + DJ^2)^1/2) / 2 + PE
    Total System Jitter     (TSJ):    0.050ns
    Discrete Jitter          (DJ):    0.175ns
    Phase Error              (PE):    0.099ns

    Location             Delay type                Incr(ns)  Path(ns)    Netlist Resource(s)
  -------------------------------------------------------------------    -------------------
                         (clock clk_out1_clk_wiz_0 rise edge)
                                                      0.000     0.000 r  
    BUFGCTRL_X0Y2        BUFG                         0.000     0.000 r  clk_IBUF_BUFG_inst/O
                         net (fo=36, routed)          0.745     0.745    datapath_uut/video_uut/mmcm_adv_inst_display_clocks/inst/clk_in1
    MMCME2_ADV_X1Y0      MMCME2_ADV (Prop_mmcme2_adv_CLKIN1_CLKOUT0)
                                                     -1.683    -0.938 r  datapath_uut/video_uut/mmcm_adv_inst_display_clocks/inst/mmcm_adv_inst/CLKOUT0
                         net (fo=1, routed)           0.912    -0.026    datapath_uut/video_uut/mmcm_adv_inst_display_clocks/inst/clk_out1_clk_wiz_0
    BUFGCTRL_X0Y1        BUFG (Prop_bufg_I_O)         0.026    -0.000 r  datapath_uut/video_uut/mmcm_adv_inst_display_clocks/inst/clkout1_buf/O
                         net (fo=271, routed)         0.619     0.619    datapath_uut/video_uut/Inst_vga/color_mapper_inst/numeric_stepper_row/debouncer_down/clk_out1
    SLICE_X147Y109       FDRE                                         r  datapath_uut/video_uut/Inst_vga/color_mapper_inst/numeric_stepper_row/debouncer_down/FSM_sequential_state_reg[2]/C
  -------------------------------------------------------------------    -------------------
    SLICE_X147Y109       FDRE (Prop_fdre_C_Q)         0.128     0.747 r  datapath_uut/video_uut/Inst_vga/color_mapper_inst/numeric_stepper_row/debouncer_down/FSM_sequential_state_reg[2]/Q
                         net (fo=11, routed)          0.190     0.936    datapath_uut/video_uut/Inst_vga/color_mapper_inst/numeric_stepper_row/debouncer_down/state[2]
    SLICE_X147Y110       LUT3 (Prop_lut3_I1_O)        0.099     1.035 f  datapath_uut/video_uut/Inst_vga/color_mapper_inst/numeric_stepper_row/debouncer_down/cw_reg[1]_i_3__0/O
                         net (fo=2, routed)           0.119     1.155    datapath_uut/video_uut/Inst_vga/color_mapper_inst/numeric_stepper_row/debouncer_down/cw__0
    SLICE_X147Y110       LDPE                                         f  datapath_uut/video_uut/Inst_vga/color_mapper_inst/numeric_stepper_row/debouncer_down/cw_reg[0]/PRE
  -------------------------------------------------------------------    -------------------

Slack:                    inf
  Source:                 datapath_uut/video_uut/Inst_vga/color_mapper_inst/numeric_stepper_row/debouncer_down/FSM_sequential_state_reg[2]/C
                            (rising edge-triggered cell FDRE clocked by clk_out1_clk_wiz_0  {rise@0.000ns fall@20.000ns period=40.000ns})
  Destination:            datapath_uut/video_uut/Inst_vga/color_mapper_inst/numeric_stepper_row/debouncer_down/cw_reg[1]/PRE
  Path Group:             (none)
  Path Type:              Min at Fast Process Corner
  Data Path Delay:        0.536ns  (logic 0.227ns (42.352%)  route 0.309ns (57.648%))
  Logic Levels:           1  (LUT3=1)
  Clock Uncertainty:      0.190ns  ((TSJ^2 + DJ^2)^1/2) / 2 + PE
    Total System Jitter     (TSJ):    0.050ns
    Discrete Jitter          (DJ):    0.175ns
    Phase Error              (PE):    0.099ns

    Location             Delay type                Incr(ns)  Path(ns)    Netlist Resource(s)
  -------------------------------------------------------------------    -------------------
                         (clock clk_out1_clk_wiz_0 rise edge)
                                                      0.000     0.000 r  
    BUFGCTRL_X0Y2        BUFG                         0.000     0.000 r  clk_IBUF_BUFG_inst/O
                         net (fo=36, routed)          0.745     0.745    datapath_uut/video_uut/mmcm_adv_inst_display_clocks/inst/clk_in1
    MMCME2_ADV_X1Y0      MMCME2_ADV (Prop_mmcme2_adv_CLKIN1_CLKOUT0)
                                                     -1.683    -0.938 r  datapath_uut/video_uut/mmcm_adv_inst_display_clocks/inst/mmcm_adv_inst/CLKOUT0
                         net (fo=1, routed)           0.912    -0.026    datapath_uut/video_uut/mmcm_adv_inst_display_clocks/inst/clk_out1_clk_wiz_0
    BUFGCTRL_X0Y1        BUFG (Prop_bufg_I_O)         0.026    -0.000 r  datapath_uut/video_uut/mmcm_adv_inst_display_clocks/inst/clkout1_buf/O
                         net (fo=271, routed)         0.619     0.619    datapath_uut/video_uut/Inst_vga/color_mapper_inst/numeric_stepper_row/debouncer_down/clk_out1
    SLICE_X147Y109       FDRE                                         r  datapath_uut/video_uut/Inst_vga/color_mapper_inst/numeric_stepper_row/debouncer_down/FSM_sequential_state_reg[2]/C
  -------------------------------------------------------------------    -------------------
    SLICE_X147Y109       FDRE (Prop_fdre_C_Q)         0.128     0.747 r  datapath_uut/video_uut/Inst_vga/color_mapper_inst/numeric_stepper_row/debouncer_down/FSM_sequential_state_reg[2]/Q
                         net (fo=11, routed)          0.190     0.936    datapath_uut/video_uut/Inst_vga/color_mapper_inst/numeric_stepper_row/debouncer_down/state[2]
    SLICE_X147Y110       LUT3 (Prop_lut3_I1_O)        0.099     1.035 f  datapath_uut/video_uut/Inst_vga/color_mapper_inst/numeric_stepper_row/debouncer_down/cw_reg[1]_i_3__0/O
                         net (fo=2, routed)           0.119     1.155    datapath_uut/video_uut/Inst_vga/color_mapper_inst/numeric_stepper_row/debouncer_down/cw__0
    SLICE_X147Y110       LDPE                                         f  datapath_uut/video_uut/Inst_vga/color_mapper_inst/numeric_stepper_row/debouncer_down/cw_reg[1]/PRE
  -------------------------------------------------------------------    -------------------

Slack:                    inf
  Source:                 datapath_uut/video_uut/Inst_vga/color_mapper_inst/numeric_stepper_row/debouncer_up/FSM_sequential_state_reg[1]/C
                            (rising edge-triggered cell FDRE clocked by clk_out1_clk_wiz_0  {rise@0.000ns fall@20.000ns period=40.000ns})
  Destination:            datapath_uut/video_uut/Inst_vga/color_mapper_inst/numeric_stepper_row/debouncer_up/cw_reg[0]/PRE
  Path Group:             (none)
  Path Type:              Min at Fast Process Corner
  Data Path Delay:        0.595ns  (logic 0.209ns (35.139%)  route 0.386ns (64.861%))
  Logic Levels:           1  (LUT3=1)
  Clock Uncertainty:      0.190ns  ((TSJ^2 + DJ^2)^1/2) / 2 + PE
    Total System Jitter     (TSJ):    0.050ns
    Discrete Jitter          (DJ):    0.175ns
    Phase Error              (PE):    0.099ns

    Location             Delay type                Incr(ns)  Path(ns)    Netlist Resource(s)
  -------------------------------------------------------------------    -------------------
                         (clock clk_out1_clk_wiz_0 rise edge)
                                                      0.000     0.000 r  
    BUFGCTRL_X0Y2        BUFG                         0.000     0.000 r  clk_IBUF_BUFG_inst/O
                         net (fo=36, routed)          0.745     0.745    datapath_uut/video_uut/mmcm_adv_inst_display_clocks/inst/clk_in1
    MMCME2_ADV_X1Y0      MMCME2_ADV (Prop_mmcme2_adv_CLKIN1_CLKOUT0)
                                                     -1.683    -0.938 r  datapath_uut/video_uut/mmcm_adv_inst_display_clocks/inst/mmcm_adv_inst/CLKOUT0
                         net (fo=1, routed)           0.912    -0.026    datapath_uut/video_uut/mmcm_adv_inst_display_clocks/inst/clk_out1_clk_wiz_0
    BUFGCTRL_X0Y1        BUFG (Prop_bufg_I_O)         0.026    -0.000 r  datapath_uut/video_uut/mmcm_adv_inst_display_clocks/inst/clkout1_buf/O
                         net (fo=271, routed)         0.617     0.617    datapath_uut/video_uut/Inst_vga/color_mapper_inst/numeric_stepper_row/debouncer_up/clk_out1
    SLICE_X148Y112       FDRE                                         r  datapath_uut/video_uut/Inst_vga/color_mapper_inst/numeric_stepper_row/debouncer_up/FSM_sequential_state_reg[1]/C
  -------------------------------------------------------------------    -------------------
    SLICE_X148Y112       FDRE (Prop_fdre_C_Q)         0.164     0.781 r  datapath_uut/video_uut/Inst_vga/color_mapper_inst/numeric_stepper_row/debouncer_up/FSM_sequential_state_reg[1]/Q
                         net (fo=24, routed)          0.267     1.047    datapath_uut/video_uut/Inst_vga/color_mapper_inst/numeric_stepper_row/debouncer_up/state[1]
    SLICE_X149Y109       LUT3 (Prop_lut3_I0_O)        0.045     1.092 f  datapath_uut/video_uut/Inst_vga/color_mapper_inst/numeric_stepper_row/debouncer_up/cw_reg[1]_i_3/O
                         net (fo=2, routed)           0.119     1.211    datapath_uut/video_uut/Inst_vga/color_mapper_inst/numeric_stepper_row/debouncer_up/cw__0
    SLICE_X149Y109       LDPE                                         f  datapath_uut/video_uut/Inst_vga/color_mapper_inst/numeric_stepper_row/debouncer_up/cw_reg[0]/PRE
  -------------------------------------------------------------------    -------------------

Slack:                    inf
  Source:                 datapath_uut/video_uut/Inst_vga/color_mapper_inst/numeric_stepper_row/debouncer_up/FSM_sequential_state_reg[1]/C
                            (rising edge-triggered cell FDRE clocked by clk_out1_clk_wiz_0  {rise@0.000ns fall@20.000ns period=40.000ns})
  Destination:            datapath_uut/video_uut/Inst_vga/color_mapper_inst/numeric_stepper_row/debouncer_up/cw_reg[1]/PRE
  Path Group:             (none)
  Path Type:              Min at Fast Process Corner
  Data Path Delay:        0.595ns  (logic 0.209ns (35.139%)  route 0.386ns (64.861%))
  Logic Levels:           1  (LUT3=1)
  Clock Uncertainty:      0.190ns  ((TSJ^2 + DJ^2)^1/2) / 2 + PE
    Total System Jitter     (TSJ):    0.050ns
    Discrete Jitter          (DJ):    0.175ns
    Phase Error              (PE):    0.099ns

    Location             Delay type                Incr(ns)  Path(ns)    Netlist Resource(s)
  -------------------------------------------------------------------    -------------------
                         (clock clk_out1_clk_wiz_0 rise edge)
                                                      0.000     0.000 r  
    BUFGCTRL_X0Y2        BUFG                         0.000     0.000 r  clk_IBUF_BUFG_inst/O
                         net (fo=36, routed)          0.745     0.745    datapath_uut/video_uut/mmcm_adv_inst_display_clocks/inst/clk_in1
    MMCME2_ADV_X1Y0      MMCME2_ADV (Prop_mmcme2_adv_CLKIN1_CLKOUT0)
                                                     -1.683    -0.938 r  datapath_uut/video_uut/mmcm_adv_inst_display_clocks/inst/mmcm_adv_inst/CLKOUT0
                         net (fo=1, routed)           0.912    -0.026    datapath_uut/video_uut/mmcm_adv_inst_display_clocks/inst/clk_out1_clk_wiz_0
    BUFGCTRL_X0Y1        BUFG (Prop_bufg_I_O)         0.026    -0.000 r  datapath_uut/video_uut/mmcm_adv_inst_display_clocks/inst/clkout1_buf/O
                         net (fo=271, routed)         0.617     0.617    datapath_uut/video_uut/Inst_vga/color_mapper_inst/numeric_stepper_row/debouncer_up/clk_out1
    SLICE_X148Y112       FDRE                                         r  datapath_uut/video_uut/Inst_vga/color_mapper_inst/numeric_stepper_row/debouncer_up/FSM_sequential_state_reg[1]/C
  -------------------------------------------------------------------    -------------------
    SLICE_X148Y112       FDRE (Prop_fdre_C_Q)         0.164     0.781 r  datapath_uut/video_uut/Inst_vga/color_mapper_inst/numeric_stepper_row/debouncer_up/FSM_sequential_state_reg[1]/Q
                         net (fo=24, routed)          0.267     1.047    datapath_uut/video_uut/Inst_vga/color_mapper_inst/numeric_stepper_row/debouncer_up/state[1]
    SLICE_X149Y109       LUT3 (Prop_lut3_I0_O)        0.045     1.092 f  datapath_uut/video_uut/Inst_vga/color_mapper_inst/numeric_stepper_row/debouncer_up/cw_reg[1]_i_3/O
                         net (fo=2, routed)           0.119     1.211    datapath_uut/video_uut/Inst_vga/color_mapper_inst/numeric_stepper_row/debouncer_up/cw__0
    SLICE_X149Y109       LDPE                                         f  datapath_uut/video_uut/Inst_vga/color_mapper_inst/numeric_stepper_row/debouncer_up/cw_reg[1]/PRE
  -------------------------------------------------------------------    -------------------





--------------------------------------------------------------------------------------
Path Group:  (none)
From Clock:  clk_out2_clk_wiz_0
  To Clock:  

Max Delay             8 Endpoints
Min Delay             8 Endpoints
--------------------------------------------------------------------------------------


Max Delay Paths
--------------------------------------------------------------------------------------
Slack:                    inf
  Source:                 datapath_uut/video_uut/inst_dvid/ODDR2_red/C
                            (falling edge-triggered cell ODDR clocked by clk_out2_clk_wiz_0  {rise@0.000ns fall@4.000ns period=8.000ns})
  Destination:            tmdsb[2]
                            (output port)
  Path Group:             (none)
  Path Type:              Max at Slow Process Corner
  Data Path Delay:        2.370ns  (logic 2.369ns (99.958%)  route 0.001ns (0.042%))
  Logic Levels:           1  (OBUFDS=1)
  Clock Uncertainty:      0.166ns  ((TSJ^2 + DJ^2)^1/2) / 2 + PE
    Total System Jitter     (TSJ):    0.050ns
    Discrete Jitter          (DJ):    0.125ns
    Phase Error              (PE):    0.099ns

    Location             Delay type                Incr(ns)  Path(ns)    Netlist Resource(s)
  -------------------------------------------------------------------    -------------------
                         (clock clk_out2_clk_wiz_0 fall edge)
                                                      4.000     4.000 f  
    BUFGCTRL_X0Y2        BUFG                         0.000     4.000 f  clk_IBUF_BUFG_inst/O
                         net (fo=36, routed)          2.106     6.106    datapath_uut/video_uut/mmcm_adv_inst_display_clocks/inst/clk_in1
    MMCME2_ADV_X1Y0      MMCME2_ADV (Prop_mmcme2_adv_CLKIN1_CLKOUT1)
                                                     -4.900     1.207 f  datapath_uut/video_uut/mmcm_adv_inst_display_clocks/inst/mmcm_adv_inst/CLKOUT1
                         net (fo=1, routed)           2.697     3.904    datapath_uut/video_uut/mmcm_adv_inst_display_clocks/inst/clk_out2_clk_wiz_0
    BUFGCTRL_X0Y0        BUFG (Prop_bufg_I_O)         0.096     4.000 f  datapath_uut/video_uut/mmcm_adv_inst_display_clocks/inst/clkout2_buf/O
                         net (fo=44, routed)          1.831     5.831    datapath_uut/video_uut/inst_dvid/clk_out2
    OLOGIC_X1Y134        ODDR                                         f  datapath_uut/video_uut/inst_dvid/ODDR2_red/C
  -------------------------------------------------------------------    -------------------
    OLOGIC_X1Y134        ODDR (Prop_oddr_C_Q)         0.472     6.303 r  datapath_uut/video_uut/inst_dvid/ODDR2_red/Q
                         net (fo=1, routed)           0.001     6.304    datapath_uut/video_uut/red_s
    AB3                  OBUFDS (Prop_obufds_I_OB)    1.897     8.201 r  datapath_uut/video_uut/OBUFDS_green/OB
                         net (fo=0)                   0.000     8.201    tmdsb[2]
    AB2                                                               r  tmdsb[2] (OUT)
  -------------------------------------------------------------------    -------------------

Slack:                    inf
  Source:                 datapath_uut/video_uut/inst_dvid/ODDR2_green/C
                            (falling edge-triggered cell ODDR clocked by clk_out2_clk_wiz_0  {rise@0.000ns fall@4.000ns period=8.000ns})
  Destination:            tmdsb[1]
                            (output port)
  Path Group:             (none)
  Path Type:              Max at Slow Process Corner
  Data Path Delay:        2.369ns  (logic 2.368ns (99.958%)  route 0.001ns (0.042%))
  Logic Levels:           1  (OBUFDS=1)
  Clock Uncertainty:      0.166ns  ((TSJ^2 + DJ^2)^1/2) / 2 + PE
    Total System Jitter     (TSJ):    0.050ns
    Discrete Jitter          (DJ):    0.125ns
    Phase Error              (PE):    0.099ns

    Location             Delay type                Incr(ns)  Path(ns)    Netlist Resource(s)
  -------------------------------------------------------------------    -------------------
                         (clock clk_out2_clk_wiz_0 fall edge)
                                                      4.000     4.000 f  
    BUFGCTRL_X0Y2        BUFG                         0.000     4.000 f  clk_IBUF_BUFG_inst/O
                         net (fo=36, routed)          2.106     6.106    datapath_uut/video_uut/mmcm_adv_inst_display_clocks/inst/clk_in1
    MMCME2_ADV_X1Y0      MMCME2_ADV (Prop_mmcme2_adv_CLKIN1_CLKOUT1)
                                                     -4.900     1.207 f  datapath_uut/video_uut/mmcm_adv_inst_display_clocks/inst/mmcm_adv_inst/CLKOUT1
                         net (fo=1, routed)           2.697     3.904    datapath_uut/video_uut/mmcm_adv_inst_display_clocks/inst/clk_out2_clk_wiz_0
    BUFGCTRL_X0Y0        BUFG (Prop_bufg_I_O)         0.096     4.000 f  datapath_uut/video_uut/mmcm_adv_inst_display_clocks/inst/clkout2_buf/O
                         net (fo=44, routed)          1.832     5.832    datapath_uut/video_uut/inst_dvid/clk_out2
    OLOGIC_X1Y136        ODDR                                         f  datapath_uut/video_uut/inst_dvid/ODDR2_green/C
  -------------------------------------------------------------------    -------------------
    OLOGIC_X1Y136        ODDR (Prop_oddr_C_Q)         0.472     6.304 r  datapath_uut/video_uut/inst_dvid/ODDR2_green/Q
                         net (fo=1, routed)           0.001     6.305    datapath_uut/video_uut/green_s
    AA1                  OBUFDS (Prop_obufds_I_OB)    1.896     8.201 r  datapath_uut/video_uut/OBUFDS_red/OB
                         net (fo=0)                   0.000     8.201    tmdsb[1]
    AB1                                                               r  tmdsb[1] (OUT)
  -------------------------------------------------------------------    -------------------

Slack:                    inf
  Source:                 datapath_uut/video_uut/inst_dvid/ODDR2_red/C
                            (falling edge-triggered cell ODDR clocked by clk_out2_clk_wiz_0  {rise@0.000ns fall@4.000ns period=8.000ns})
  Destination:            tmds[2]
                            (output port)
  Path Group:             (none)
  Path Type:              Max at Slow Process Corner
  Data Path Delay:        2.369ns  (logic 2.368ns (99.958%)  route 0.001ns (0.042%))
  Logic Levels:           1  (OBUFDS=1)
  Clock Uncertainty:      0.166ns  ((TSJ^2 + DJ^2)^1/2) / 2 + PE
    Total System Jitter     (TSJ):    0.050ns
    Discrete Jitter          (DJ):    0.125ns
    Phase Error              (PE):    0.099ns

    Location             Delay type                Incr(ns)  Path(ns)    Netlist Resource(s)
  -------------------------------------------------------------------    -------------------
                         (clock clk_out2_clk_wiz_0 fall edge)
                                                      4.000     4.000 f  
    BUFGCTRL_X0Y2        BUFG                         0.000     4.000 f  clk_IBUF_BUFG_inst/O
                         net (fo=36, routed)          2.106     6.106    datapath_uut/video_uut/mmcm_adv_inst_display_clocks/inst/clk_in1
    MMCME2_ADV_X1Y0      MMCME2_ADV (Prop_mmcme2_adv_CLKIN1_CLKOUT1)
                                                     -4.900     1.207 f  datapath_uut/video_uut/mmcm_adv_inst_display_clocks/inst/mmcm_adv_inst/CLKOUT1
                         net (fo=1, routed)           2.697     3.904    datapath_uut/video_uut/mmcm_adv_inst_display_clocks/inst/clk_out2_clk_wiz_0
    BUFGCTRL_X0Y0        BUFG (Prop_bufg_I_O)         0.096     4.000 f  datapath_uut/video_uut/mmcm_adv_inst_display_clocks/inst/clkout2_buf/O
                         net (fo=44, routed)          1.831     5.831    datapath_uut/video_uut/inst_dvid/clk_out2
    OLOGIC_X1Y134        ODDR                                         f  datapath_uut/video_uut/inst_dvid/ODDR2_red/C
  -------------------------------------------------------------------    -------------------
    OLOGIC_X1Y134        ODDR (Prop_oddr_C_Q)         0.472     6.303 r  datapath_uut/video_uut/inst_dvid/ODDR2_red/Q
                         net (fo=1, routed)           0.001     6.304    datapath_uut/video_uut/red_s
    AB3                  OBUFDS (Prop_obufds_I_O)     1.896     8.200 r  datapath_uut/video_uut/OBUFDS_green/O
                         net (fo=0)                   0.000     8.200    tmds[2]
    AB3                                                               r  tmds[2] (OUT)
  -------------------------------------------------------------------    -------------------

Slack:                    inf
  Source:                 datapath_uut/video_uut/inst_dvid/ODDR2_green/C
                            (falling edge-triggered cell ODDR clocked by clk_out2_clk_wiz_0  {rise@0.000ns fall@4.000ns period=8.000ns})
  Destination:            tmds[1]
                            (output port)
  Path Group:             (none)
  Path Type:              Max at Slow Process Corner
  Data Path Delay:        2.368ns  (logic 2.367ns (99.958%)  route 0.001ns (0.042%))
  Logic Levels:           1  (OBUFDS=1)
  Clock Uncertainty:      0.166ns  ((TSJ^2 + DJ^2)^1/2) / 2 + PE
    Total System Jitter     (TSJ):    0.050ns
    Discrete Jitter          (DJ):    0.125ns
    Phase Error              (PE):    0.099ns

    Location             Delay type                Incr(ns)  Path(ns)    Netlist Resource(s)
  -------------------------------------------------------------------    -------------------
                         (clock clk_out2_clk_wiz_0 fall edge)
                                                      4.000     4.000 f  
    BUFGCTRL_X0Y2        BUFG                         0.000     4.000 f  clk_IBUF_BUFG_inst/O
                         net (fo=36, routed)          2.106     6.106    datapath_uut/video_uut/mmcm_adv_inst_display_clocks/inst/clk_in1
    MMCME2_ADV_X1Y0      MMCME2_ADV (Prop_mmcme2_adv_CLKIN1_CLKOUT1)
                                                     -4.900     1.207 f  datapath_uut/video_uut/mmcm_adv_inst_display_clocks/inst/mmcm_adv_inst/CLKOUT1
                         net (fo=1, routed)           2.697     3.904    datapath_uut/video_uut/mmcm_adv_inst_display_clocks/inst/clk_out2_clk_wiz_0
    BUFGCTRL_X0Y0        BUFG (Prop_bufg_I_O)         0.096     4.000 f  datapath_uut/video_uut/mmcm_adv_inst_display_clocks/inst/clkout2_buf/O
                         net (fo=44, routed)          1.832     5.832    datapath_uut/video_uut/inst_dvid/clk_out2
    OLOGIC_X1Y136        ODDR                                         f  datapath_uut/video_uut/inst_dvid/ODDR2_green/C
  -------------------------------------------------------------------    -------------------
    OLOGIC_X1Y136        ODDR (Prop_oddr_C_Q)         0.472     6.304 r  datapath_uut/video_uut/inst_dvid/ODDR2_green/Q
                         net (fo=1, routed)           0.001     6.305    datapath_uut/video_uut/green_s
    AA1                  OBUFDS (Prop_obufds_I_O)     1.895     8.200 r  datapath_uut/video_uut/OBUFDS_red/O
                         net (fo=0)                   0.000     8.200    tmds[1]
    AA1                                                               r  tmds[1] (OUT)
  -------------------------------------------------------------------    -------------------

Slack:                    inf
  Source:                 datapath_uut/video_uut/inst_dvid/ODDR2_blue/C
                            (falling edge-triggered cell ODDR clocked by clk_out2_clk_wiz_0  {rise@0.000ns fall@4.000ns period=8.000ns})
  Destination:            tmdsb[0]
                            (output port)
  Path Group:             (none)
  Path Type:              Max at Slow Process Corner
  Data Path Delay:        2.358ns  (logic 2.357ns (99.958%)  route 0.001ns (0.042%))
  Logic Levels:           1  (OBUFDS=1)
  Clock Uncertainty:      0.166ns  ((TSJ^2 + DJ^2)^1/2) / 2 + PE
    Total System Jitter     (TSJ):    0.050ns
    Discrete Jitter          (DJ):    0.125ns
    Phase Error              (PE):    0.099ns

    Location             Delay type                Incr(ns)  Path(ns)    Netlist Resource(s)
  -------------------------------------------------------------------    -------------------
                         (clock clk_out2_clk_wiz_0 fall edge)
                                                      4.000     4.000 f  
    BUFGCTRL_X0Y2        BUFG                         0.000     4.000 f  clk_IBUF_BUFG_inst/O
                         net (fo=36, routed)          2.106     6.106    datapath_uut/video_uut/mmcm_adv_inst_display_clocks/inst/clk_in1
    MMCME2_ADV_X1Y0      MMCME2_ADV (Prop_mmcme2_adv_CLKIN1_CLKOUT1)
                                                     -4.900     1.207 f  datapath_uut/video_uut/mmcm_adv_inst_display_clocks/inst/mmcm_adv_inst/CLKOUT1
                         net (fo=1, routed)           2.697     3.904    datapath_uut/video_uut/mmcm_adv_inst_display_clocks/inst/clk_out2_clk_wiz_0
    BUFGCTRL_X0Y0        BUFG (Prop_bufg_I_O)         0.096     4.000 f  datapath_uut/video_uut/mmcm_adv_inst_display_clocks/inst/clkout2_buf/O
                         net (fo=44, routed)          1.835     5.835    datapath_uut/video_uut/inst_dvid/clk_out2
    OLOGIC_X1Y140        ODDR                                         f  datapath_uut/video_uut/inst_dvid/ODDR2_blue/C
  -------------------------------------------------------------------    -------------------
    OLOGIC_X1Y140        ODDR (Prop_oddr_C_Q)         0.472     6.307 r  datapath_uut/video_uut/inst_dvid/ODDR2_blue/Q
                         net (fo=1, routed)           0.001     6.308    datapath_uut/video_uut/blue_s
    W1                   OBUFDS (Prop_obufds_I_OB)    1.885     8.193 r  datapath_uut/video_uut/OBUFDS_blue/OB
                         net (fo=0)                   0.000     8.193    tmdsb[0]
    Y1                                                                r  tmdsb[0] (OUT)
  -------------------------------------------------------------------    -------------------

Slack:                    inf
  Source:                 datapath_uut/video_uut/inst_dvid/ODDR2_blue/C
                            (falling edge-triggered cell ODDR clocked by clk_out2_clk_wiz_0  {rise@0.000ns fall@4.000ns period=8.000ns})
  Destination:            tmds[0]
                            (output port)
  Path Group:             (none)
  Path Type:              Max at Slow Process Corner
  Data Path Delay:        2.357ns  (logic 2.356ns (99.958%)  route 0.001ns (0.042%))
  Logic Levels:           1  (OBUFDS=1)
  Clock Uncertainty:      0.166ns  ((TSJ^2 + DJ^2)^1/2) / 2 + PE
    Total System Jitter     (TSJ):    0.050ns
    Discrete Jitter          (DJ):    0.125ns
    Phase Error              (PE):    0.099ns

    Location             Delay type                Incr(ns)  Path(ns)    Netlist Resource(s)
  -------------------------------------------------------------------    -------------------
                         (clock clk_out2_clk_wiz_0 fall edge)
                                                      4.000     4.000 f  
    BUFGCTRL_X0Y2        BUFG                         0.000     4.000 f  clk_IBUF_BUFG_inst/O
                         net (fo=36, routed)          2.106     6.106    datapath_uut/video_uut/mmcm_adv_inst_display_clocks/inst/clk_in1
    MMCME2_ADV_X1Y0      MMCME2_ADV (Prop_mmcme2_adv_CLKIN1_CLKOUT1)
                                                     -4.900     1.207 f  datapath_uut/video_uut/mmcm_adv_inst_display_clocks/inst/mmcm_adv_inst/CLKOUT1
                         net (fo=1, routed)           2.697     3.904    datapath_uut/video_uut/mmcm_adv_inst_display_clocks/inst/clk_out2_clk_wiz_0
    BUFGCTRL_X0Y0        BUFG (Prop_bufg_I_O)         0.096     4.000 f  datapath_uut/video_uut/mmcm_adv_inst_display_clocks/inst/clkout2_buf/O
                         net (fo=44, routed)          1.835     5.835    datapath_uut/video_uut/inst_dvid/clk_out2
    OLOGIC_X1Y140        ODDR                                         f  datapath_uut/video_uut/inst_dvid/ODDR2_blue/C
  -------------------------------------------------------------------    -------------------
    OLOGIC_X1Y140        ODDR (Prop_oddr_C_Q)         0.472     6.307 r  datapath_uut/video_uut/inst_dvid/ODDR2_blue/Q
                         net (fo=1, routed)           0.001     6.308    datapath_uut/video_uut/blue_s
    W1                   OBUFDS (Prop_obufds_I_O)     1.884     8.192 r  datapath_uut/video_uut/OBUFDS_blue/O
                         net (fo=0)                   0.000     8.192    tmds[0]
    W1                                                                r  tmds[0] (OUT)
  -------------------------------------------------------------------    -------------------

Slack:                    inf
  Source:                 datapath_uut/video_uut/inst_dvid/ODDR2_clock/C
                            (falling edge-triggered cell ODDR clocked by clk_out2_clk_wiz_0  {rise@0.000ns fall@4.000ns period=8.000ns})
  Destination:            tmdsb[3]
                            (output port)
  Path Group:             (none)
  Path Type:              Max at Slow Process Corner
  Data Path Delay:        2.341ns  (logic 2.340ns (99.957%)  route 0.001ns (0.043%))
  Logic Levels:           1  (OBUFDS=1)
  Clock Uncertainty:      0.166ns  ((TSJ^2 + DJ^2)^1/2) / 2 + PE
    Total System Jitter     (TSJ):    0.050ns
    Discrete Jitter          (DJ):    0.125ns
    Phase Error              (PE):    0.099ns

    Location             Delay type                Incr(ns)  Path(ns)    Netlist Resource(s)
  -------------------------------------------------------------------    -------------------
                         (clock clk_out2_clk_wiz_0 fall edge)
                                                      4.000     4.000 f  
    BUFGCTRL_X0Y2        BUFG                         0.000     4.000 f  clk_IBUF_BUFG_inst/O
                         net (fo=36, routed)          2.106     6.106    datapath_uut/video_uut/mmcm_adv_inst_display_clocks/inst/clk_in1
    MMCME2_ADV_X1Y0      MMCME2_ADV (Prop_mmcme2_adv_CLKIN1_CLKOUT1)
                                                     -4.900     1.207 f  datapath_uut/video_uut/mmcm_adv_inst_display_clocks/inst/mmcm_adv_inst/CLKOUT1
                         net (fo=1, routed)           2.697     3.904    datapath_uut/video_uut/mmcm_adv_inst_display_clocks/inst/clk_out2_clk_wiz_0
    BUFGCTRL_X0Y0        BUFG (Prop_bufg_I_O)         0.096     4.000 f  datapath_uut/video_uut/mmcm_adv_inst_display_clocks/inst/clkout2_buf/O
                         net (fo=44, routed)          1.838     5.838    datapath_uut/video_uut/inst_dvid/clk_out2
    OLOGIC_X1Y148        ODDR                                         f  datapath_uut/video_uut/inst_dvid/ODDR2_clock/C
  -------------------------------------------------------------------    -------------------
    OLOGIC_X1Y148        ODDR (Prop_oddr_C_Q)         0.472     6.310 r  datapath_uut/video_uut/inst_dvid/ODDR2_clock/Q
                         net (fo=1, routed)           0.001     6.311    datapath_uut/video_uut/clock_s
    T1                   OBUFDS (Prop_obufds_I_OB)    1.868     8.179 r  datapath_uut/video_uut/OBUFDS_clock/OB
                         net (fo=0)                   0.000     8.179    tmdsb[3]
    U1                                                                r  tmdsb[3] (OUT)
  -------------------------------------------------------------------    -------------------

Slack:                    inf
  Source:                 datapath_uut/video_uut/inst_dvid/ODDR2_clock/C
                            (falling edge-triggered cell ODDR clocked by clk_out2_clk_wiz_0  {rise@0.000ns fall@4.000ns period=8.000ns})
  Destination:            tmds[3]
                            (output port)
  Path Group:             (none)
  Path Type:              Max at Slow Process Corner
  Data Path Delay:        2.340ns  (logic 2.339ns (99.957%)  route 0.001ns (0.043%))
  Logic Levels:           1  (OBUFDS=1)
  Clock Uncertainty:      0.166ns  ((TSJ^2 + DJ^2)^1/2) / 2 + PE
    Total System Jitter     (TSJ):    0.050ns
    Discrete Jitter          (DJ):    0.125ns
    Phase Error              (PE):    0.099ns

    Location             Delay type                Incr(ns)  Path(ns)    Netlist Resource(s)
  -------------------------------------------------------------------    -------------------
                         (clock clk_out2_clk_wiz_0 fall edge)
                                                      4.000     4.000 f  
    BUFGCTRL_X0Y2        BUFG                         0.000     4.000 f  clk_IBUF_BUFG_inst/O
                         net (fo=36, routed)          2.106     6.106    datapath_uut/video_uut/mmcm_adv_inst_display_clocks/inst/clk_in1
    MMCME2_ADV_X1Y0      MMCME2_ADV (Prop_mmcme2_adv_CLKIN1_CLKOUT1)
                                                     -4.900     1.207 f  datapath_uut/video_uut/mmcm_adv_inst_display_clocks/inst/mmcm_adv_inst/CLKOUT1
                         net (fo=1, routed)           2.697     3.904    datapath_uut/video_uut/mmcm_adv_inst_display_clocks/inst/clk_out2_clk_wiz_0
    BUFGCTRL_X0Y0        BUFG (Prop_bufg_I_O)         0.096     4.000 f  datapath_uut/video_uut/mmcm_adv_inst_display_clocks/inst/clkout2_buf/O
                         net (fo=44, routed)          1.838     5.838    datapath_uut/video_uut/inst_dvid/clk_out2
    OLOGIC_X1Y148        ODDR                                         f  datapath_uut/video_uut/inst_dvid/ODDR2_clock/C
  -------------------------------------------------------------------    -------------------
    OLOGIC_X1Y148        ODDR (Prop_oddr_C_Q)         0.472     6.310 r  datapath_uut/video_uut/inst_dvid/ODDR2_clock/Q
                         net (fo=1, routed)           0.001     6.311    datapath_uut/video_uut/clock_s
    T1                   OBUFDS (Prop_obufds_I_O)     1.867     8.178 r  datapath_uut/video_uut/OBUFDS_clock/O
                         net (fo=0)                   0.000     8.178    tmds[3]
    T1                                                                r  tmds[3] (OUT)
  -------------------------------------------------------------------    -------------------





Min Delay Paths
--------------------------------------------------------------------------------------
Slack:                    inf
  Source:                 datapath_uut/video_uut/inst_dvid/ODDR2_clock/C
                            (rising edge-triggered cell ODDR clocked by clk_out2_clk_wiz_0  {rise@0.000ns fall@4.000ns period=8.000ns})
  Destination:            tmds[3]
                            (output port)
  Path Group:             (none)
  Path Type:              Min at Fast Process Corner
  Data Path Delay:        0.994ns  (logic 0.993ns (99.899%)  route 0.001ns (0.101%))
  Logic Levels:           1  (OBUFDS=1)
  Clock Uncertainty:      0.166ns  ((TSJ^2 + DJ^2)^1/2) / 2 + PE
    Total System Jitter     (TSJ):    0.050ns
    Discrete Jitter          (DJ):    0.125ns
    Phase Error              (PE):    0.099ns

    Location             Delay type                Incr(ns)  Path(ns)    Netlist Resource(s)
  -------------------------------------------------------------------    -------------------
                         (clock clk_out2_clk_wiz_0 rise edge)
                                                      0.000     0.000 r  
    BUFGCTRL_X0Y2        BUFG                         0.000     0.000 r  clk_IBUF_BUFG_inst/O
                         net (fo=36, routed)          0.745     0.745    datapath_uut/video_uut/mmcm_adv_inst_display_clocks/inst/clk_in1
    MMCME2_ADV_X1Y0      MMCME2_ADV (Prop_mmcme2_adv_CLKIN1_CLKOUT1)
                                                     -1.683    -0.938 r  datapath_uut/video_uut/mmcm_adv_inst_display_clocks/inst/mmcm_adv_inst/CLKOUT1
                         net (fo=1, routed)           0.912    -0.026    datapath_uut/video_uut/mmcm_adv_inst_display_clocks/inst/clk_out2_clk_wiz_0
    BUFGCTRL_X0Y0        BUFG (Prop_bufg_I_O)         0.026    -0.000 r  datapath_uut/video_uut/mmcm_adv_inst_display_clocks/inst/clkout2_buf/O
                         net (fo=44, routed)          0.640     0.640    datapath_uut/video_uut/inst_dvid/clk_out2
    OLOGIC_X1Y148        ODDR                                         r  datapath_uut/video_uut/inst_dvid/ODDR2_clock/C
  -------------------------------------------------------------------    -------------------
    OLOGIC_X1Y148        ODDR (Prop_oddr_C_Q)         0.177     0.817 r  datapath_uut/video_uut/inst_dvid/ODDR2_clock/Q
                         net (fo=1, routed)           0.001     0.818    datapath_uut/video_uut/clock_s
    T1                   OBUFDS (Prop_obufds_I_O)     0.816     1.634 r  datapath_uut/video_uut/OBUFDS_clock/O
                         net (fo=0)                   0.000     1.634    tmds[3]
    T1                                                                r  tmds[3] (OUT)
  -------------------------------------------------------------------    -------------------

Slack:                    inf
  Source:                 datapath_uut/video_uut/inst_dvid/ODDR2_clock/C
                            (rising edge-triggered cell ODDR clocked by clk_out2_clk_wiz_0  {rise@0.000ns fall@4.000ns period=8.000ns})
  Destination:            tmdsb[3]
                            (output port)
  Path Group:             (none)
  Path Type:              Min at Fast Process Corner
  Data Path Delay:        0.995ns  (logic 0.994ns (99.899%)  route 0.001ns (0.101%))
  Logic Levels:           1  (OBUFDS=1)
  Clock Uncertainty:      0.166ns  ((TSJ^2 + DJ^2)^1/2) / 2 + PE
    Total System Jitter     (TSJ):    0.050ns
    Discrete Jitter          (DJ):    0.125ns
    Phase Error              (PE):    0.099ns

    Location             Delay type                Incr(ns)  Path(ns)    Netlist Resource(s)
  -------------------------------------------------------------------    -------------------
                         (clock clk_out2_clk_wiz_0 rise edge)
                                                      0.000     0.000 r  
    BUFGCTRL_X0Y2        BUFG                         0.000     0.000 r  clk_IBUF_BUFG_inst/O
                         net (fo=36, routed)          0.745     0.745    datapath_uut/video_uut/mmcm_adv_inst_display_clocks/inst/clk_in1
    MMCME2_ADV_X1Y0      MMCME2_ADV (Prop_mmcme2_adv_CLKIN1_CLKOUT1)
                                                     -1.683    -0.938 r  datapath_uut/video_uut/mmcm_adv_inst_display_clocks/inst/mmcm_adv_inst/CLKOUT1
                         net (fo=1, routed)           0.912    -0.026    datapath_uut/video_uut/mmcm_adv_inst_display_clocks/inst/clk_out2_clk_wiz_0
    BUFGCTRL_X0Y0        BUFG (Prop_bufg_I_O)         0.026    -0.000 r  datapath_uut/video_uut/mmcm_adv_inst_display_clocks/inst/clkout2_buf/O
                         net (fo=44, routed)          0.640     0.640    datapath_uut/video_uut/inst_dvid/clk_out2
    OLOGIC_X1Y148        ODDR                                         r  datapath_uut/video_uut/inst_dvid/ODDR2_clock/C
  -------------------------------------------------------------------    -------------------
    OLOGIC_X1Y148        ODDR (Prop_oddr_C_Q)         0.177     0.817 r  datapath_uut/video_uut/inst_dvid/ODDR2_clock/Q
                         net (fo=1, routed)           0.001     0.818    datapath_uut/video_uut/clock_s
    T1                   OBUFDS (Prop_obufds_I_OB)    0.817     1.635 r  datapath_uut/video_uut/OBUFDS_clock/OB
                         net (fo=0)                   0.000     1.635    tmdsb[3]
    U1                                                                r  tmdsb[3] (OUT)
  -------------------------------------------------------------------    -------------------

Slack:                    inf
  Source:                 datapath_uut/video_uut/inst_dvid/ODDR2_blue/C
                            (rising edge-triggered cell ODDR clocked by clk_out2_clk_wiz_0  {rise@0.000ns fall@4.000ns period=8.000ns})
  Destination:            tmds[0]
                            (output port)
  Path Group:             (none)
  Path Type:              Min at Fast Process Corner
  Data Path Delay:        1.010ns  (logic 1.009ns (99.901%)  route 0.001ns (0.099%))
  Logic Levels:           1  (OBUFDS=1)
  Clock Uncertainty:      0.166ns  ((TSJ^2 + DJ^2)^1/2) / 2 + PE
    Total System Jitter     (TSJ):    0.050ns
    Discrete Jitter          (DJ):    0.125ns
    Phase Error              (PE):    0.099ns

    Location             Delay type                Incr(ns)  Path(ns)    Netlist Resource(s)
  -------------------------------------------------------------------    -------------------
                         (clock clk_out2_clk_wiz_0 rise edge)
                                                      0.000     0.000 r  
    BUFGCTRL_X0Y2        BUFG                         0.000     0.000 r  clk_IBUF_BUFG_inst/O
                         net (fo=36, routed)          0.745     0.745    datapath_uut/video_uut/mmcm_adv_inst_display_clocks/inst/clk_in1
    MMCME2_ADV_X1Y0      MMCME2_ADV (Prop_mmcme2_adv_CLKIN1_CLKOUT1)
                                                     -1.683    -0.938 r  datapath_uut/video_uut/mmcm_adv_inst_display_clocks/inst/mmcm_adv_inst/CLKOUT1
                         net (fo=1, routed)           0.912    -0.026    datapath_uut/video_uut/mmcm_adv_inst_display_clocks/inst/clk_out2_clk_wiz_0
    BUFGCTRL_X0Y0        BUFG (Prop_bufg_I_O)         0.026    -0.000 r  datapath_uut/video_uut/mmcm_adv_inst_display_clocks/inst/clkout2_buf/O
                         net (fo=44, routed)          0.638     0.638    datapath_uut/video_uut/inst_dvid/clk_out2
    OLOGIC_X1Y140        ODDR                                         r  datapath_uut/video_uut/inst_dvid/ODDR2_blue/C
  -------------------------------------------------------------------    -------------------
    OLOGIC_X1Y140        ODDR (Prop_oddr_C_Q)         0.177     0.815 r  datapath_uut/video_uut/inst_dvid/ODDR2_blue/Q
                         net (fo=1, routed)           0.001     0.816    datapath_uut/video_uut/blue_s
    W1                   OBUFDS (Prop_obufds_I_O)     0.832     1.648 r  datapath_uut/video_uut/OBUFDS_blue/O
                         net (fo=0)                   0.000     1.648    tmds[0]
    W1                                                                r  tmds[0] (OUT)
  -------------------------------------------------------------------    -------------------

Slack:                    inf
  Source:                 datapath_uut/video_uut/inst_dvid/ODDR2_blue/C
                            (rising edge-triggered cell ODDR clocked by clk_out2_clk_wiz_0  {rise@0.000ns fall@4.000ns period=8.000ns})
  Destination:            tmdsb[0]
                            (output port)
  Path Group:             (none)
  Path Type:              Min at Fast Process Corner
  Data Path Delay:        1.011ns  (logic 1.010ns (99.901%)  route 0.001ns (0.099%))
  Logic Levels:           1  (OBUFDS=1)
  Clock Uncertainty:      0.166ns  ((TSJ^2 + DJ^2)^1/2) / 2 + PE
    Total System Jitter     (TSJ):    0.050ns
    Discrete Jitter          (DJ):    0.125ns
    Phase Error              (PE):    0.099ns

    Location             Delay type                Incr(ns)  Path(ns)    Netlist Resource(s)
  -------------------------------------------------------------------    -------------------
                         (clock clk_out2_clk_wiz_0 rise edge)
                                                      0.000     0.000 r  
    BUFGCTRL_X0Y2        BUFG                         0.000     0.000 r  clk_IBUF_BUFG_inst/O
                         net (fo=36, routed)          0.745     0.745    datapath_uut/video_uut/mmcm_adv_inst_display_clocks/inst/clk_in1
    MMCME2_ADV_X1Y0      MMCME2_ADV (Prop_mmcme2_adv_CLKIN1_CLKOUT1)
                                                     -1.683    -0.938 r  datapath_uut/video_uut/mmcm_adv_inst_display_clocks/inst/mmcm_adv_inst/CLKOUT1
                         net (fo=1, routed)           0.912    -0.026    datapath_uut/video_uut/mmcm_adv_inst_display_clocks/inst/clk_out2_clk_wiz_0
    BUFGCTRL_X0Y0        BUFG (Prop_bufg_I_O)         0.026    -0.000 r  datapath_uut/video_uut/mmcm_adv_inst_display_clocks/inst/clkout2_buf/O
                         net (fo=44, routed)          0.638     0.638    datapath_uut/video_uut/inst_dvid/clk_out2
    OLOGIC_X1Y140        ODDR                                         r  datapath_uut/video_uut/inst_dvid/ODDR2_blue/C
  -------------------------------------------------------------------    -------------------
    OLOGIC_X1Y140        ODDR (Prop_oddr_C_Q)         0.177     0.815 r  datapath_uut/video_uut/inst_dvid/ODDR2_blue/Q
                         net (fo=1, routed)           0.001     0.816    datapath_uut/video_uut/blue_s
    W1                   OBUFDS (Prop_obufds_I_OB)    0.833     1.649 r  datapath_uut/video_uut/OBUFDS_blue/OB
                         net (fo=0)                   0.000     1.649    tmdsb[0]
    Y1                                                                r  tmdsb[0] (OUT)
  -------------------------------------------------------------------    -------------------

Slack:                    inf
  Source:                 datapath_uut/video_uut/inst_dvid/ODDR2_green/C
                            (rising edge-triggered cell ODDR clocked by clk_out2_clk_wiz_0  {rise@0.000ns fall@4.000ns period=8.000ns})
  Destination:            tmds[1]
                            (output port)
  Path Group:             (none)
  Path Type:              Min at Fast Process Corner
  Data Path Delay:        1.022ns  (logic 1.021ns (99.902%)  route 0.001ns (0.098%))
  Logic Levels:           1  (OBUFDS=1)
  Clock Uncertainty:      0.166ns  ((TSJ^2 + DJ^2)^1/2) / 2 + PE
    Total System Jitter     (TSJ):    0.050ns
    Discrete Jitter          (DJ):    0.125ns
    Phase Error              (PE):    0.099ns

    Location             Delay type                Incr(ns)  Path(ns)    Netlist Resource(s)
  -------------------------------------------------------------------    -------------------
                         (clock clk_out2_clk_wiz_0 rise edge)
                                                      0.000     0.000 r  
    BUFGCTRL_X0Y2        BUFG                         0.000     0.000 r  clk_IBUF_BUFG_inst/O
                         net (fo=36, routed)          0.745     0.745    datapath_uut/video_uut/mmcm_adv_inst_display_clocks/inst/clk_in1
    MMCME2_ADV_X1Y0      MMCME2_ADV (Prop_mmcme2_adv_CLKIN1_CLKOUT1)
                                                     -1.683    -0.938 r  datapath_uut/video_uut/mmcm_adv_inst_display_clocks/inst/mmcm_adv_inst/CLKOUT1
                         net (fo=1, routed)           0.912    -0.026    datapath_uut/video_uut/mmcm_adv_inst_display_clocks/inst/clk_out2_clk_wiz_0
    BUFGCTRL_X0Y0        BUFG (Prop_bufg_I_O)         0.026    -0.000 r  datapath_uut/video_uut/mmcm_adv_inst_display_clocks/inst/clkout2_buf/O
                         net (fo=44, routed)          0.636     0.636    datapath_uut/video_uut/inst_dvid/clk_out2
    OLOGIC_X1Y136        ODDR                                         r  datapath_uut/video_uut/inst_dvid/ODDR2_green/C
  -------------------------------------------------------------------    -------------------
    OLOGIC_X1Y136        ODDR (Prop_oddr_C_Q)         0.177     0.813 r  datapath_uut/video_uut/inst_dvid/ODDR2_green/Q
                         net (fo=1, routed)           0.001     0.814    datapath_uut/video_uut/green_s
    AA1                  OBUFDS (Prop_obufds_I_O)     0.844     1.657 r  datapath_uut/video_uut/OBUFDS_red/O
                         net (fo=0)                   0.000     1.657    tmds[1]
    AA1                                                               r  tmds[1] (OUT)
  -------------------------------------------------------------------    -------------------

Slack:                    inf
  Source:                 datapath_uut/video_uut/inst_dvid/ODDR2_green/C
                            (rising edge-triggered cell ODDR clocked by clk_out2_clk_wiz_0  {rise@0.000ns fall@4.000ns period=8.000ns})
  Destination:            tmdsb[1]
                            (output port)
  Path Group:             (none)
  Path Type:              Min at Fast Process Corner
  Data Path Delay:        1.023ns  (logic 1.022ns (99.902%)  route 0.001ns (0.098%))
  Logic Levels:           1  (OBUFDS=1)
  Clock Uncertainty:      0.166ns  ((TSJ^2 + DJ^2)^1/2) / 2 + PE
    Total System Jitter     (TSJ):    0.050ns
    Discrete Jitter          (DJ):    0.125ns
    Phase Error              (PE):    0.099ns

    Location             Delay type                Incr(ns)  Path(ns)    Netlist Resource(s)
  -------------------------------------------------------------------    -------------------
                         (clock clk_out2_clk_wiz_0 rise edge)
                                                      0.000     0.000 r  
    BUFGCTRL_X0Y2        BUFG                         0.000     0.000 r  clk_IBUF_BUFG_inst/O
                         net (fo=36, routed)          0.745     0.745    datapath_uut/video_uut/mmcm_adv_inst_display_clocks/inst/clk_in1
    MMCME2_ADV_X1Y0      MMCME2_ADV (Prop_mmcme2_adv_CLKIN1_CLKOUT1)
                                                     -1.683    -0.938 r  datapath_uut/video_uut/mmcm_adv_inst_display_clocks/inst/mmcm_adv_inst/CLKOUT1
                         net (fo=1, routed)           0.912    -0.026    datapath_uut/video_uut/mmcm_adv_inst_display_clocks/inst/clk_out2_clk_wiz_0
    BUFGCTRL_X0Y0        BUFG (Prop_bufg_I_O)         0.026    -0.000 r  datapath_uut/video_uut/mmcm_adv_inst_display_clocks/inst/clkout2_buf/O
                         net (fo=44, routed)          0.636     0.636    datapath_uut/video_uut/inst_dvid/clk_out2
    OLOGIC_X1Y136        ODDR                                         r  datapath_uut/video_uut/inst_dvid/ODDR2_green/C
  -------------------------------------------------------------------    -------------------
    OLOGIC_X1Y136        ODDR (Prop_oddr_C_Q)         0.177     0.813 r  datapath_uut/video_uut/inst_dvid/ODDR2_green/Q
                         net (fo=1, routed)           0.001     0.814    datapath_uut/video_uut/green_s
    AA1                  OBUFDS (Prop_obufds_I_OB)    0.845     1.658 r  datapath_uut/video_uut/OBUFDS_red/OB
                         net (fo=0)                   0.000     1.658    tmdsb[1]
    AB1                                                               r  tmdsb[1] (OUT)
  -------------------------------------------------------------------    -------------------

Slack:                    inf
  Source:                 datapath_uut/video_uut/inst_dvid/ODDR2_red/C
                            (rising edge-triggered cell ODDR clocked by clk_out2_clk_wiz_0  {rise@0.000ns fall@4.000ns period=8.000ns})
  Destination:            tmds[2]
                            (output port)
  Path Group:             (none)
  Path Type:              Min at Fast Process Corner
  Data Path Delay:        1.023ns  (logic 1.022ns (99.902%)  route 0.001ns (0.098%))
  Logic Levels:           1  (OBUFDS=1)
  Clock Uncertainty:      0.166ns  ((TSJ^2 + DJ^2)^1/2) / 2 + PE
    Total System Jitter     (TSJ):    0.050ns
    Discrete Jitter          (DJ):    0.125ns
    Phase Error              (PE):    0.099ns

    Location             Delay type                Incr(ns)  Path(ns)    Netlist Resource(s)
  -------------------------------------------------------------------    -------------------
                         (clock clk_out2_clk_wiz_0 rise edge)
                                                      0.000     0.000 r  
    BUFGCTRL_X0Y2        BUFG                         0.000     0.000 r  clk_IBUF_BUFG_inst/O
                         net (fo=36, routed)          0.745     0.745    datapath_uut/video_uut/mmcm_adv_inst_display_clocks/inst/clk_in1
    MMCME2_ADV_X1Y0      MMCME2_ADV (Prop_mmcme2_adv_CLKIN1_CLKOUT1)
                                                     -1.683    -0.938 r  datapath_uut/video_uut/mmcm_adv_inst_display_clocks/inst/mmcm_adv_inst/CLKOUT1
                         net (fo=1, routed)           0.912    -0.026    datapath_uut/video_uut/mmcm_adv_inst_display_clocks/inst/clk_out2_clk_wiz_0
    BUFGCTRL_X0Y0        BUFG (Prop_bufg_I_O)         0.026    -0.000 r  datapath_uut/video_uut/mmcm_adv_inst_display_clocks/inst/clkout2_buf/O
                         net (fo=44, routed)          0.636     0.636    datapath_uut/video_uut/inst_dvid/clk_out2
    OLOGIC_X1Y134        ODDR                                         r  datapath_uut/video_uut/inst_dvid/ODDR2_red/C
  -------------------------------------------------------------------    -------------------
    OLOGIC_X1Y134        ODDR (Prop_oddr_C_Q)         0.177     0.813 r  datapath_uut/video_uut/inst_dvid/ODDR2_red/Q
                         net (fo=1, routed)           0.001     0.814    datapath_uut/video_uut/red_s
    AB3                  OBUFDS (Prop_obufds_I_O)     0.845     1.659 r  datapath_uut/video_uut/OBUFDS_green/O
                         net (fo=0)                   0.000     1.659    tmds[2]
    AB3                                                               r  tmds[2] (OUT)
  -------------------------------------------------------------------    -------------------

Slack:                    inf
  Source:                 datapath_uut/video_uut/inst_dvid/ODDR2_red/C
                            (rising edge-triggered cell ODDR clocked by clk_out2_clk_wiz_0  {rise@0.000ns fall@4.000ns period=8.000ns})
  Destination:            tmdsb[2]
                            (output port)
  Path Group:             (none)
  Path Type:              Min at Fast Process Corner
  Data Path Delay:        1.024ns  (logic 1.023ns (99.902%)  route 0.001ns (0.098%))
  Logic Levels:           1  (OBUFDS=1)
  Clock Uncertainty:      0.166ns  ((TSJ^2 + DJ^2)^1/2) / 2 + PE
    Total System Jitter     (TSJ):    0.050ns
    Discrete Jitter          (DJ):    0.125ns
    Phase Error              (PE):    0.099ns

    Location             Delay type                Incr(ns)  Path(ns)    Netlist Resource(s)
  -------------------------------------------------------------------    -------------------
                         (clock clk_out2_clk_wiz_0 rise edge)
                                                      0.000     0.000 r  
    BUFGCTRL_X0Y2        BUFG                         0.000     0.000 r  clk_IBUF_BUFG_inst/O
                         net (fo=36, routed)          0.745     0.745    datapath_uut/video_uut/mmcm_adv_inst_display_clocks/inst/clk_in1
    MMCME2_ADV_X1Y0      MMCME2_ADV (Prop_mmcme2_adv_CLKIN1_CLKOUT1)
                                                     -1.683    -0.938 r  datapath_uut/video_uut/mmcm_adv_inst_display_clocks/inst/mmcm_adv_inst/CLKOUT1
                         net (fo=1, routed)           0.912    -0.026    datapath_uut/video_uut/mmcm_adv_inst_display_clocks/inst/clk_out2_clk_wiz_0
    BUFGCTRL_X0Y0        BUFG (Prop_bufg_I_O)         0.026    -0.000 r  datapath_uut/video_uut/mmcm_adv_inst_display_clocks/inst/clkout2_buf/O
                         net (fo=44, routed)          0.636     0.636    datapath_uut/video_uut/inst_dvid/clk_out2
    OLOGIC_X1Y134        ODDR                                         r  datapath_uut/video_uut/inst_dvid/ODDR2_red/C
  -------------------------------------------------------------------    -------------------
    OLOGIC_X1Y134        ODDR (Prop_oddr_C_Q)         0.177     0.813 r  datapath_uut/video_uut/inst_dvid/ODDR2_red/Q
                         net (fo=1, routed)           0.001     0.814    datapath_uut/video_uut/red_s
    AB3                  OBUFDS (Prop_obufds_I_OB)    0.846     1.660 r  datapath_uut/video_uut/OBUFDS_green/OB
                         net (fo=0)                   0.000     1.660    tmdsb[2]
    AB2                                                               r  tmdsb[2] (OUT)
  -------------------------------------------------------------------    -------------------





--------------------------------------------------------------------------------------
Path Group:  (none)
From Clock:  clkfbout_clk_wiz_0
  To Clock:  

Max Delay             1 Endpoint
Min Delay             1 Endpoint
--------------------------------------------------------------------------------------


Max Delay Paths
--------------------------------------------------------------------------------------
Slack:                    inf
  Source:                 datapath_uut/video_uut/mmcm_adv_inst_display_clocks/inst/mmcm_adv_inst/CLKFBOUT
                            (clock source 'clkfbout_clk_wiz_0'  {rise@0.000ns fall@5.000ns period=10.000ns})
  Destination:            datapath_uut/video_uut/mmcm_adv_inst_display_clocks/inst/mmcm_adv_inst/CLKFBIN
  Path Group:             (none)
  Path Type:              Max at Slow Process Corner
  Data Path Delay:        4.900ns  (logic 0.096ns (1.959%)  route 4.804ns (98.041%))
  Logic Levels:           1  (BUFG=1)
  Clock Uncertainty:      0.148ns  ((TSJ^2 + DJ^2)^1/2) / 2 + PE
    Total System Jitter     (TSJ):    0.050ns
    Discrete Jitter          (DJ):    0.086ns
    Phase Error              (PE):    0.099ns

    Location             Delay type                Incr(ns)  Path(ns)    Netlist Resource(s)
  -------------------------------------------------------------------    -------------------
                         (clock clkfbout_clk_wiz_0 fall edge)
                                                      5.000     5.000 f  
    BUFGCTRL_X0Y2        BUFG                         0.000     5.000 f  clk_IBUF_BUFG_inst/O
                         net (fo=36, routed)          2.106     7.106    datapath_uut/video_uut/mmcm_adv_inst_display_clocks/inst/clk_in1
  -------------------------------------------------------------------    -------------------
    MMCME2_ADV_X1Y0      MMCME2_ADV (Prop_mmcme2_adv_CLKIN1_CLKFBOUT)
                                                     -4.900     2.207 f  datapath_uut/video_uut/mmcm_adv_inst_display_clocks/inst/mmcm_adv_inst/CLKFBOUT
                         net (fo=1, routed)           2.697     4.904    datapath_uut/video_uut/mmcm_adv_inst_display_clocks/inst/clkfbout_clk_wiz_0
    BUFGCTRL_X0Y3        BUFG (Prop_bufg_I_O)         0.096     5.000 f  datapath_uut/video_uut/mmcm_adv_inst_display_clocks/inst/clkf_buf/O
                         net (fo=1, routed)           2.106     7.106    datapath_uut/video_uut/mmcm_adv_inst_display_clocks/inst/clkfbout_buf_clk_wiz_0
    MMCME2_ADV_X1Y0      MMCME2_ADV                                   f  datapath_uut/video_uut/mmcm_adv_inst_display_clocks/inst/mmcm_adv_inst/CLKFBIN
  -------------------------------------------------------------------    -------------------





Min Delay Paths
--------------------------------------------------------------------------------------
Slack:                    inf
  Source:                 datapath_uut/video_uut/mmcm_adv_inst_display_clocks/inst/mmcm_adv_inst/CLKFBOUT
                            (clock source 'clkfbout_clk_wiz_0'  {rise@0.000ns fall@5.000ns period=10.000ns})
  Destination:            datapath_uut/video_uut/mmcm_adv_inst_display_clocks/inst/mmcm_adv_inst/CLKFBIN
  Path Group:             (none)
  Path Type:              Min at Fast Process Corner
  Data Path Delay:        1.683ns  (logic 0.026ns (1.545%)  route 1.657ns (98.455%))
  Logic Levels:           1  (BUFG=1)
  Clock Uncertainty:      0.148ns  ((TSJ^2 + DJ^2)^1/2) / 2 + PE
    Total System Jitter     (TSJ):    0.050ns
    Discrete Jitter          (DJ):    0.086ns
    Phase Error              (PE):    0.099ns

    Location             Delay type                Incr(ns)  Path(ns)    Netlist Resource(s)
  -------------------------------------------------------------------    -------------------
                         (clock clkfbout_clk_wiz_0 rise edge)
                                                      0.000     0.000 r  
    BUFGCTRL_X0Y2        BUFG                         0.000     0.000 r  clk_IBUF_BUFG_inst/O
                         net (fo=36, routed)          0.745     0.745    datapath_uut/video_uut/mmcm_adv_inst_display_clocks/inst/clk_in1
  -------------------------------------------------------------------    -------------------
    MMCME2_ADV_X1Y0      MMCME2_ADV (Prop_mmcme2_adv_CLKIN1_CLKFBOUT)
                                                     -1.683    -0.938 r  datapath_uut/video_uut/mmcm_adv_inst_display_clocks/inst/mmcm_adv_inst/CLKFBOUT
                         net (fo=1, routed)           0.912    -0.026    datapath_uut/video_uut/mmcm_adv_inst_display_clocks/inst/clkfbout_clk_wiz_0
    BUFGCTRL_X0Y3        BUFG (Prop_bufg_I_O)         0.026    -0.000 r  datapath_uut/video_uut/mmcm_adv_inst_display_clocks/inst/clkf_buf/O
                         net (fo=1, routed)           0.745     0.745    datapath_uut/video_uut/mmcm_adv_inst_display_clocks/inst/clkfbout_buf_clk_wiz_0
    MMCME2_ADV_X1Y0      MMCME2_ADV                                   r  datapath_uut/video_uut/mmcm_adv_inst_display_clocks/inst/mmcm_adv_inst/CLKFBIN
  -------------------------------------------------------------------    -------------------





--------------------------------------------------------------------------------------
Path Group:  (none)
From Clock:  
  To Clock:  clk_out1_clk_wiz_0

Max Delay           262 Endpoints
Min Delay           262 Endpoints
--------------------------------------------------------------------------------------


Max Delay Paths
--------------------------------------------------------------------------------------
Slack:                    inf
  Source:                 reset_n
                            (input port)
  Destination:            datapath_uut/video_uut/Inst_vga/vga_signal_generator_inst/horizontal_counter/processQ_reg[5]/R
                            (rising edge-triggered cell FDRE clocked by clk_out1_clk_wiz_0  {rise@0.000ns fall@20.000ns period=40.000ns})
  Path Group:             (none)
  Path Type:              Setup (Max at Slow Process Corner)
  Data Path Delay:        6.619ns  (logic 1.093ns (16.510%)  route 5.526ns (83.490%))
  Logic Levels:           2  (IBUF=1 LUT1=1)
  Clock Path Skew:        1.631ns (DCD - SCD + CPR)
    Destination Clock Delay (DCD):    1.631ns
    Source Clock Delay      (SCD):    0.000ns
    Clock Pessimism Removal (CPR):    0.000ns
  Clock Uncertainty:      0.190ns  ((TSJ^2 + DJ^2)^1/2) / 2 + PE
    Total System Jitter     (TSJ):    0.050ns
    Discrete Jitter          (DJ):    0.175ns
    Phase Error              (PE):    0.099ns

    Location             Delay type                Incr(ns)  Path(ns)    Netlist Resource(s)
  -------------------------------------------------------------------    -------------------
    G4                                                0.000     0.000 f  reset_n (IN)
                         net (fo=0)                   0.000     0.000    reset_n
    G4                   IBUF (Prop_ibuf_I_O)         0.969     0.969 f  reset_n_IBUF_inst/O
                         net (fo=7, routed)           4.399     5.368    datapath_uut/video_uut/Inst_vga/vga_signal_generator_inst/vertical_counter/reset_n_IBUF
    SLICE_X148Y115       LUT1 (Prop_lut1_I0_O)        0.124     5.492 r  datapath_uut/video_uut/Inst_vga/vga_signal_generator_inst/vertical_counter/FSM_onehot_state[11]_i_1/O
                         net (fo=37, routed)          1.127     6.619    datapath_uut/video_uut/Inst_vga/vga_signal_generator_inst/horizontal_counter/SR[0]
    SLICE_X150Y114       FDRE                                         r  datapath_uut/video_uut/Inst_vga/vga_signal_generator_inst/horizontal_counter/processQ_reg[5]/R
  -------------------------------------------------------------------    -------------------

                         (clock clk_out1_clk_wiz_0 rise edge)
                                                      0.000     0.000 r  
    BUFGCTRL_X0Y2        BUFG                         0.000     0.000 r  clk_IBUF_BUFG_inst/O
                         net (fo=36, routed)          1.972     1.972    datapath_uut/video_uut/mmcm_adv_inst_display_clocks/inst/clk_in1
    MMCME2_ADV_X1Y0      MMCME2_ADV (Prop_mmcme2_adv_CLKIN1_CLKOUT0)
                                                     -4.637    -2.665 r  datapath_uut/video_uut/mmcm_adv_inst_display_clocks/inst/mmcm_adv_inst/CLKOUT0
                         net (fo=1, routed)           2.574    -0.091    datapath_uut/video_uut/mmcm_adv_inst_display_clocks/inst/clk_out1_clk_wiz_0
    BUFGCTRL_X0Y1        BUFG (Prop_bufg_I_O)         0.091     0.000 r  datapath_uut/video_uut/mmcm_adv_inst_display_clocks/inst/clkout1_buf/O
                         net (fo=271, routed)         1.631     1.631    datapath_uut/video_uut/Inst_vga/vga_signal_generator_inst/horizontal_counter/clk_out1
    SLICE_X150Y114       FDRE                                         r  datapath_uut/video_uut/Inst_vga/vga_signal_generator_inst/horizontal_counter/processQ_reg[5]/C

Slack:                    inf
  Source:                 reset_n
                            (input port)
  Destination:            datapath_uut/video_uut/Inst_vga/vga_signal_generator_inst/horizontal_counter/processQ_reg[6]/R
                            (rising edge-triggered cell FDRE clocked by clk_out1_clk_wiz_0  {rise@0.000ns fall@20.000ns period=40.000ns})
  Path Group:             (none)
  Path Type:              Setup (Max at Slow Process Corner)
  Data Path Delay:        6.619ns  (logic 1.093ns (16.510%)  route 5.526ns (83.490%))
  Logic Levels:           2  (IBUF=1 LUT1=1)
  Clock Path Skew:        1.631ns (DCD - SCD + CPR)
    Destination Clock Delay (DCD):    1.631ns
    Source Clock Delay      (SCD):    0.000ns
    Clock Pessimism Removal (CPR):    0.000ns
  Clock Uncertainty:      0.190ns  ((TSJ^2 + DJ^2)^1/2) / 2 + PE
    Total System Jitter     (TSJ):    0.050ns
    Discrete Jitter          (DJ):    0.175ns
    Phase Error              (PE):    0.099ns

    Location             Delay type                Incr(ns)  Path(ns)    Netlist Resource(s)
  -------------------------------------------------------------------    -------------------
    G4                                                0.000     0.000 f  reset_n (IN)
                         net (fo=0)                   0.000     0.000    reset_n
    G4                   IBUF (Prop_ibuf_I_O)         0.969     0.969 f  reset_n_IBUF_inst/O
                         net (fo=7, routed)           4.399     5.368    datapath_uut/video_uut/Inst_vga/vga_signal_generator_inst/vertical_counter/reset_n_IBUF
    SLICE_X148Y115       LUT1 (Prop_lut1_I0_O)        0.124     5.492 r  datapath_uut/video_uut/Inst_vga/vga_signal_generator_inst/vertical_counter/FSM_onehot_state[11]_i_1/O
                         net (fo=37, routed)          1.127     6.619    datapath_uut/video_uut/Inst_vga/vga_signal_generator_inst/horizontal_counter/SR[0]
    SLICE_X150Y114       FDRE                                         r  datapath_uut/video_uut/Inst_vga/vga_signal_generator_inst/horizontal_counter/processQ_reg[6]/R
  -------------------------------------------------------------------    -------------------

                         (clock clk_out1_clk_wiz_0 rise edge)
                                                      0.000     0.000 r  
    BUFGCTRL_X0Y2        BUFG                         0.000     0.000 r  clk_IBUF_BUFG_inst/O
                         net (fo=36, routed)          1.972     1.972    datapath_uut/video_uut/mmcm_adv_inst_display_clocks/inst/clk_in1
    MMCME2_ADV_X1Y0      MMCME2_ADV (Prop_mmcme2_adv_CLKIN1_CLKOUT0)
                                                     -4.637    -2.665 r  datapath_uut/video_uut/mmcm_adv_inst_display_clocks/inst/mmcm_adv_inst/CLKOUT0
                         net (fo=1, routed)           2.574    -0.091    datapath_uut/video_uut/mmcm_adv_inst_display_clocks/inst/clk_out1_clk_wiz_0
    BUFGCTRL_X0Y1        BUFG (Prop_bufg_I_O)         0.091     0.000 r  datapath_uut/video_uut/mmcm_adv_inst_display_clocks/inst/clkout1_buf/O
                         net (fo=271, routed)         1.631     1.631    datapath_uut/video_uut/Inst_vga/vga_signal_generator_inst/horizontal_counter/clk_out1
    SLICE_X150Y114       FDRE                                         r  datapath_uut/video_uut/Inst_vga/vga_signal_generator_inst/horizontal_counter/processQ_reg[6]/C

Slack:                    inf
  Source:                 reset_n
                            (input port)
  Destination:            datapath_uut/video_uut/Inst_vga/vga_signal_generator_inst/horizontal_counter/processQ_reg[7]/R
                            (rising edge-triggered cell FDRE clocked by clk_out1_clk_wiz_0  {rise@0.000ns fall@20.000ns period=40.000ns})
  Path Group:             (none)
  Path Type:              Setup (Max at Slow Process Corner)
  Data Path Delay:        6.619ns  (logic 1.093ns (16.510%)  route 5.526ns (83.490%))
  Logic Levels:           2  (IBUF=1 LUT1=1)
  Clock Path Skew:        1.631ns (DCD - SCD + CPR)
    Destination Clock Delay (DCD):    1.631ns
    Source Clock Delay      (SCD):    0.000ns
    Clock Pessimism Removal (CPR):    0.000ns
  Clock Uncertainty:      0.190ns  ((TSJ^2 + DJ^2)^1/2) / 2 + PE
    Total System Jitter     (TSJ):    0.050ns
    Discrete Jitter          (DJ):    0.175ns
    Phase Error              (PE):    0.099ns

    Location             Delay type                Incr(ns)  Path(ns)    Netlist Resource(s)
  -------------------------------------------------------------------    -------------------
    G4                                                0.000     0.000 f  reset_n (IN)
                         net (fo=0)                   0.000     0.000    reset_n
    G4                   IBUF (Prop_ibuf_I_O)         0.969     0.969 f  reset_n_IBUF_inst/O
                         net (fo=7, routed)           4.399     5.368    datapath_uut/video_uut/Inst_vga/vga_signal_generator_inst/vertical_counter/reset_n_IBUF
    SLICE_X148Y115       LUT1 (Prop_lut1_I0_O)        0.124     5.492 r  datapath_uut/video_uut/Inst_vga/vga_signal_generator_inst/vertical_counter/FSM_onehot_state[11]_i_1/O
                         net (fo=37, routed)          1.127     6.619    datapath_uut/video_uut/Inst_vga/vga_signal_generator_inst/horizontal_counter/SR[0]
    SLICE_X150Y114       FDRE                                         r  datapath_uut/video_uut/Inst_vga/vga_signal_generator_inst/horizontal_counter/processQ_reg[7]/R
  -------------------------------------------------------------------    -------------------

                         (clock clk_out1_clk_wiz_0 rise edge)
                                                      0.000     0.000 r  
    BUFGCTRL_X0Y2        BUFG                         0.000     0.000 r  clk_IBUF_BUFG_inst/O
                         net (fo=36, routed)          1.972     1.972    datapath_uut/video_uut/mmcm_adv_inst_display_clocks/inst/clk_in1
    MMCME2_ADV_X1Y0      MMCME2_ADV (Prop_mmcme2_adv_CLKIN1_CLKOUT0)
                                                     -4.637    -2.665 r  datapath_uut/video_uut/mmcm_adv_inst_display_clocks/inst/mmcm_adv_inst/CLKOUT0
                         net (fo=1, routed)           2.574    -0.091    datapath_uut/video_uut/mmcm_adv_inst_display_clocks/inst/clk_out1_clk_wiz_0
    BUFGCTRL_X0Y1        BUFG (Prop_bufg_I_O)         0.091     0.000 r  datapath_uut/video_uut/mmcm_adv_inst_display_clocks/inst/clkout1_buf/O
                         net (fo=271, routed)         1.631     1.631    datapath_uut/video_uut/Inst_vga/vga_signal_generator_inst/horizontal_counter/clk_out1
    SLICE_X150Y114       FDRE                                         r  datapath_uut/video_uut/Inst_vga/vga_signal_generator_inst/horizontal_counter/processQ_reg[7]/C

Slack:                    inf
  Source:                 reset_n
                            (input port)
  Destination:            datapath_uut/video_uut/Inst_vga/vga_signal_generator_inst/horizontal_counter/processQ_reg[9]/R
                            (rising edge-triggered cell FDRE clocked by clk_out1_clk_wiz_0  {rise@0.000ns fall@20.000ns period=40.000ns})
  Path Group:             (none)
  Path Type:              Setup (Max at Slow Process Corner)
  Data Path Delay:        6.619ns  (logic 1.093ns (16.510%)  route 5.526ns (83.490%))
  Logic Levels:           2  (IBUF=1 LUT1=1)
  Clock Path Skew:        1.631ns (DCD - SCD + CPR)
    Destination Clock Delay (DCD):    1.631ns
    Source Clock Delay      (SCD):    0.000ns
    Clock Pessimism Removal (CPR):    0.000ns
  Clock Uncertainty:      0.190ns  ((TSJ^2 + DJ^2)^1/2) / 2 + PE
    Total System Jitter     (TSJ):    0.050ns
    Discrete Jitter          (DJ):    0.175ns
    Phase Error              (PE):    0.099ns

    Location             Delay type                Incr(ns)  Path(ns)    Netlist Resource(s)
  -------------------------------------------------------------------    -------------------
    G4                                                0.000     0.000 f  reset_n (IN)
                         net (fo=0)                   0.000     0.000    reset_n
    G4                   IBUF (Prop_ibuf_I_O)         0.969     0.969 f  reset_n_IBUF_inst/O
                         net (fo=7, routed)           4.399     5.368    datapath_uut/video_uut/Inst_vga/vga_signal_generator_inst/vertical_counter/reset_n_IBUF
    SLICE_X148Y115       LUT1 (Prop_lut1_I0_O)        0.124     5.492 r  datapath_uut/video_uut/Inst_vga/vga_signal_generator_inst/vertical_counter/FSM_onehot_state[11]_i_1/O
                         net (fo=37, routed)          1.127     6.619    datapath_uut/video_uut/Inst_vga/vga_signal_generator_inst/horizontal_counter/SR[0]
    SLICE_X150Y114       FDRE                                         r  datapath_uut/video_uut/Inst_vga/vga_signal_generator_inst/horizontal_counter/processQ_reg[9]/R
  -------------------------------------------------------------------    -------------------

                         (clock clk_out1_clk_wiz_0 rise edge)
                                                      0.000     0.000 r  
    BUFGCTRL_X0Y2        BUFG                         0.000     0.000 r  clk_IBUF_BUFG_inst/O
                         net (fo=36, routed)          1.972     1.972    datapath_uut/video_uut/mmcm_adv_inst_display_clocks/inst/clk_in1
    MMCME2_ADV_X1Y0      MMCME2_ADV (Prop_mmcme2_adv_CLKIN1_CLKOUT0)
                                                     -4.637    -2.665 r  datapath_uut/video_uut/mmcm_adv_inst_display_clocks/inst/mmcm_adv_inst/CLKOUT0
                         net (fo=1, routed)           2.574    -0.091    datapath_uut/video_uut/mmcm_adv_inst_display_clocks/inst/clk_out1_clk_wiz_0
    BUFGCTRL_X0Y1        BUFG (Prop_bufg_I_O)         0.091     0.000 r  datapath_uut/video_uut/mmcm_adv_inst_display_clocks/inst/clkout1_buf/O
                         net (fo=271, routed)         1.631     1.631    datapath_uut/video_uut/Inst_vga/vga_signal_generator_inst/horizontal_counter/clk_out1
    SLICE_X150Y114       FDRE                                         r  datapath_uut/video_uut/Inst_vga/vga_signal_generator_inst/horizontal_counter/processQ_reg[9]/C

Slack:                    inf
  Source:                 reset_n
                            (input port)
  Destination:            datapath_uut/video_uut/Inst_vga/vga_signal_generator_inst/horizontal_counter/processQ_reg[0]/R
                            (rising edge-triggered cell FDRE clocked by clk_out1_clk_wiz_0  {rise@0.000ns fall@20.000ns period=40.000ns})
  Path Group:             (none)
  Path Type:              Setup (Max at Slow Process Corner)
  Data Path Delay:        6.475ns  (logic 1.093ns (16.877%)  route 5.382ns (83.123%))
  Logic Levels:           2  (IBUF=1 LUT1=1)
  Clock Path Skew:        1.631ns (DCD - SCD + CPR)
    Destination Clock Delay (DCD):    1.631ns
    Source Clock Delay      (SCD):    0.000ns
    Clock Pessimism Removal (CPR):    0.000ns
  Clock Uncertainty:      0.190ns  ((TSJ^2 + DJ^2)^1/2) / 2 + PE
    Total System Jitter     (TSJ):    0.050ns
    Discrete Jitter          (DJ):    0.175ns
    Phase Error              (PE):    0.099ns

    Location             Delay type                Incr(ns)  Path(ns)    Netlist Resource(s)
  -------------------------------------------------------------------    -------------------
    G4                                                0.000     0.000 f  reset_n (IN)
                         net (fo=0)                   0.000     0.000    reset_n
    G4                   IBUF (Prop_ibuf_I_O)         0.969     0.969 f  reset_n_IBUF_inst/O
                         net (fo=7, routed)           4.399     5.368    datapath_uut/video_uut/Inst_vga/vga_signal_generator_inst/vertical_counter/reset_n_IBUF
    SLICE_X148Y115       LUT1 (Prop_lut1_I0_O)        0.124     5.492 r  datapath_uut/video_uut/Inst_vga/vga_signal_generator_inst/vertical_counter/FSM_onehot_state[11]_i_1/O
                         net (fo=37, routed)          0.983     6.475    datapath_uut/video_uut/Inst_vga/vga_signal_generator_inst/horizontal_counter/SR[0]
    SLICE_X146Y112       FDRE                                         r  datapath_uut/video_uut/Inst_vga/vga_signal_generator_inst/horizontal_counter/processQ_reg[0]/R
  -------------------------------------------------------------------    -------------------

                         (clock clk_out1_clk_wiz_0 rise edge)
                                                      0.000     0.000 r  
    BUFGCTRL_X0Y2        BUFG                         0.000     0.000 r  clk_IBUF_BUFG_inst/O
                         net (fo=36, routed)          1.972     1.972    datapath_uut/video_uut/mmcm_adv_inst_display_clocks/inst/clk_in1
    MMCME2_ADV_X1Y0      MMCME2_ADV (Prop_mmcme2_adv_CLKIN1_CLKOUT0)
                                                     -4.637    -2.665 r  datapath_uut/video_uut/mmcm_adv_inst_display_clocks/inst/mmcm_adv_inst/CLKOUT0
                         net (fo=1, routed)           2.574    -0.091    datapath_uut/video_uut/mmcm_adv_inst_display_clocks/inst/clk_out1_clk_wiz_0
    BUFGCTRL_X0Y1        BUFG (Prop_bufg_I_O)         0.091     0.000 r  datapath_uut/video_uut/mmcm_adv_inst_display_clocks/inst/clkout1_buf/O
                         net (fo=271, routed)         1.631     1.631    datapath_uut/video_uut/Inst_vga/vga_signal_generator_inst/horizontal_counter/clk_out1
    SLICE_X146Y112       FDRE                                         r  datapath_uut/video_uut/Inst_vga/vga_signal_generator_inst/horizontal_counter/processQ_reg[0]/C

Slack:                    inf
  Source:                 reset_n
                            (input port)
  Destination:            datapath_uut/video_uut/Inst_vga/vga_signal_generator_inst/horizontal_counter/processQ_reg[1]/R
                            (rising edge-triggered cell FDRE clocked by clk_out1_clk_wiz_0  {rise@0.000ns fall@20.000ns period=40.000ns})
  Path Group:             (none)
  Path Type:              Setup (Max at Slow Process Corner)
  Data Path Delay:        6.475ns  (logic 1.093ns (16.877%)  route 5.382ns (83.123%))
  Logic Levels:           2  (IBUF=1 LUT1=1)
  Clock Path Skew:        1.631ns (DCD - SCD + CPR)
    Destination Clock Delay (DCD):    1.631ns
    Source Clock Delay      (SCD):    0.000ns
    Clock Pessimism Removal (CPR):    0.000ns
  Clock Uncertainty:      0.190ns  ((TSJ^2 + DJ^2)^1/2) / 2 + PE
    Total System Jitter     (TSJ):    0.050ns
    Discrete Jitter          (DJ):    0.175ns
    Phase Error              (PE):    0.099ns

    Location             Delay type                Incr(ns)  Path(ns)    Netlist Resource(s)
  -------------------------------------------------------------------    -------------------
    G4                                                0.000     0.000 f  reset_n (IN)
                         net (fo=0)                   0.000     0.000    reset_n
    G4                   IBUF (Prop_ibuf_I_O)         0.969     0.969 f  reset_n_IBUF_inst/O
                         net (fo=7, routed)           4.399     5.368    datapath_uut/video_uut/Inst_vga/vga_signal_generator_inst/vertical_counter/reset_n_IBUF
    SLICE_X148Y115       LUT1 (Prop_lut1_I0_O)        0.124     5.492 r  datapath_uut/video_uut/Inst_vga/vga_signal_generator_inst/vertical_counter/FSM_onehot_state[11]_i_1/O
                         net (fo=37, routed)          0.983     6.475    datapath_uut/video_uut/Inst_vga/vga_signal_generator_inst/horizontal_counter/SR[0]
    SLICE_X146Y112       FDRE                                         r  datapath_uut/video_uut/Inst_vga/vga_signal_generator_inst/horizontal_counter/processQ_reg[1]/R
  -------------------------------------------------------------------    -------------------

                         (clock clk_out1_clk_wiz_0 rise edge)
                                                      0.000     0.000 r  
    BUFGCTRL_X0Y2        BUFG                         0.000     0.000 r  clk_IBUF_BUFG_inst/O
                         net (fo=36, routed)          1.972     1.972    datapath_uut/video_uut/mmcm_adv_inst_display_clocks/inst/clk_in1
    MMCME2_ADV_X1Y0      MMCME2_ADV (Prop_mmcme2_adv_CLKIN1_CLKOUT0)
                                                     -4.637    -2.665 r  datapath_uut/video_uut/mmcm_adv_inst_display_clocks/inst/mmcm_adv_inst/CLKOUT0
                         net (fo=1, routed)           2.574    -0.091    datapath_uut/video_uut/mmcm_adv_inst_display_clocks/inst/clk_out1_clk_wiz_0
    BUFGCTRL_X0Y1        BUFG (Prop_bufg_I_O)         0.091     0.000 r  datapath_uut/video_uut/mmcm_adv_inst_display_clocks/inst/clkout1_buf/O
                         net (fo=271, routed)         1.631     1.631    datapath_uut/video_uut/Inst_vga/vga_signal_generator_inst/horizontal_counter/clk_out1
    SLICE_X146Y112       FDRE                                         r  datapath_uut/video_uut/Inst_vga/vga_signal_generator_inst/horizontal_counter/processQ_reg[1]/C

Slack:                    inf
  Source:                 reset_n
                            (input port)
  Destination:            datapath_uut/video_uut/Inst_vga/vga_signal_generator_inst/horizontal_counter/processQ_reg[2]/R
                            (rising edge-triggered cell FDRE clocked by clk_out1_clk_wiz_0  {rise@0.000ns fall@20.000ns period=40.000ns})
  Path Group:             (none)
  Path Type:              Setup (Max at Slow Process Corner)
  Data Path Delay:        6.475ns  (logic 1.093ns (16.877%)  route 5.382ns (83.123%))
  Logic Levels:           2  (IBUF=1 LUT1=1)
  Clock Path Skew:        1.631ns (DCD - SCD + CPR)
    Destination Clock Delay (DCD):    1.631ns
    Source Clock Delay      (SCD):    0.000ns
    Clock Pessimism Removal (CPR):    0.000ns
  Clock Uncertainty:      0.190ns  ((TSJ^2 + DJ^2)^1/2) / 2 + PE
    Total System Jitter     (TSJ):    0.050ns
    Discrete Jitter          (DJ):    0.175ns
    Phase Error              (PE):    0.099ns

    Location             Delay type                Incr(ns)  Path(ns)    Netlist Resource(s)
  -------------------------------------------------------------------    -------------------
    G4                                                0.000     0.000 f  reset_n (IN)
                         net (fo=0)                   0.000     0.000    reset_n
    G4                   IBUF (Prop_ibuf_I_O)         0.969     0.969 f  reset_n_IBUF_inst/O
                         net (fo=7, routed)           4.399     5.368    datapath_uut/video_uut/Inst_vga/vga_signal_generator_inst/vertical_counter/reset_n_IBUF
    SLICE_X148Y115       LUT1 (Prop_lut1_I0_O)        0.124     5.492 r  datapath_uut/video_uut/Inst_vga/vga_signal_generator_inst/vertical_counter/FSM_onehot_state[11]_i_1/O
                         net (fo=37, routed)          0.983     6.475    datapath_uut/video_uut/Inst_vga/vga_signal_generator_inst/horizontal_counter/SR[0]
    SLICE_X146Y112       FDRE                                         r  datapath_uut/video_uut/Inst_vga/vga_signal_generator_inst/horizontal_counter/processQ_reg[2]/R
  -------------------------------------------------------------------    -------------------

                         (clock clk_out1_clk_wiz_0 rise edge)
                                                      0.000     0.000 r  
    BUFGCTRL_X0Y2        BUFG                         0.000     0.000 r  clk_IBUF_BUFG_inst/O
                         net (fo=36, routed)          1.972     1.972    datapath_uut/video_uut/mmcm_adv_inst_display_clocks/inst/clk_in1
    MMCME2_ADV_X1Y0      MMCME2_ADV (Prop_mmcme2_adv_CLKIN1_CLKOUT0)
                                                     -4.637    -2.665 r  datapath_uut/video_uut/mmcm_adv_inst_display_clocks/inst/mmcm_adv_inst/CLKOUT0
                         net (fo=1, routed)           2.574    -0.091    datapath_uut/video_uut/mmcm_adv_inst_display_clocks/inst/clk_out1_clk_wiz_0
    BUFGCTRL_X0Y1        BUFG (Prop_bufg_I_O)         0.091     0.000 r  datapath_uut/video_uut/mmcm_adv_inst_display_clocks/inst/clkout1_buf/O
                         net (fo=271, routed)         1.631     1.631    datapath_uut/video_uut/Inst_vga/vga_signal_generator_inst/horizontal_counter/clk_out1
    SLICE_X146Y112       FDRE                                         r  datapath_uut/video_uut/Inst_vga/vga_signal_generator_inst/horizontal_counter/processQ_reg[2]/C

Slack:                    inf
  Source:                 reset_n
                            (input port)
  Destination:            datapath_uut/video_uut/Inst_vga/vga_signal_generator_inst/horizontal_counter/processQ_reg[3]/R
                            (rising edge-triggered cell FDRE clocked by clk_out1_clk_wiz_0  {rise@0.000ns fall@20.000ns period=40.000ns})
  Path Group:             (none)
  Path Type:              Setup (Max at Slow Process Corner)
  Data Path Delay:        6.475ns  (logic 1.093ns (16.877%)  route 5.382ns (83.123%))
  Logic Levels:           2  (IBUF=1 LUT1=1)
  Clock Path Skew:        1.631ns (DCD - SCD + CPR)
    Destination Clock Delay (DCD):    1.631ns
    Source Clock Delay      (SCD):    0.000ns
    Clock Pessimism Removal (CPR):    0.000ns
  Clock Uncertainty:      0.190ns  ((TSJ^2 + DJ^2)^1/2) / 2 + PE
    Total System Jitter     (TSJ):    0.050ns
    Discrete Jitter          (DJ):    0.175ns
    Phase Error              (PE):    0.099ns

    Location             Delay type                Incr(ns)  Path(ns)    Netlist Resource(s)
  -------------------------------------------------------------------    -------------------
    G4                                                0.000     0.000 f  reset_n (IN)
                         net (fo=0)                   0.000     0.000    reset_n
    G4                   IBUF (Prop_ibuf_I_O)         0.969     0.969 f  reset_n_IBUF_inst/O
                         net (fo=7, routed)           4.399     5.368    datapath_uut/video_uut/Inst_vga/vga_signal_generator_inst/vertical_counter/reset_n_IBUF
    SLICE_X148Y115       LUT1 (Prop_lut1_I0_O)        0.124     5.492 r  datapath_uut/video_uut/Inst_vga/vga_signal_generator_inst/vertical_counter/FSM_onehot_state[11]_i_1/O
                         net (fo=37, routed)          0.983     6.475    datapath_uut/video_uut/Inst_vga/vga_signal_generator_inst/horizontal_counter/SR[0]
    SLICE_X146Y112       FDRE                                         r  datapath_uut/video_uut/Inst_vga/vga_signal_generator_inst/horizontal_counter/processQ_reg[3]/R
  -------------------------------------------------------------------    -------------------

                         (clock clk_out1_clk_wiz_0 rise edge)
                                                      0.000     0.000 r  
    BUFGCTRL_X0Y2        BUFG                         0.000     0.000 r  clk_IBUF_BUFG_inst/O
                         net (fo=36, routed)          1.972     1.972    datapath_uut/video_uut/mmcm_adv_inst_display_clocks/inst/clk_in1
    MMCME2_ADV_X1Y0      MMCME2_ADV (Prop_mmcme2_adv_CLKIN1_CLKOUT0)
                                                     -4.637    -2.665 r  datapath_uut/video_uut/mmcm_adv_inst_display_clocks/inst/mmcm_adv_inst/CLKOUT0
                         net (fo=1, routed)           2.574    -0.091    datapath_uut/video_uut/mmcm_adv_inst_display_clocks/inst/clk_out1_clk_wiz_0
    BUFGCTRL_X0Y1        BUFG (Prop_bufg_I_O)         0.091     0.000 r  datapath_uut/video_uut/mmcm_adv_inst_display_clocks/inst/clkout1_buf/O
                         net (fo=271, routed)         1.631     1.631    datapath_uut/video_uut/Inst_vga/vga_signal_generator_inst/horizontal_counter/clk_out1
    SLICE_X146Y112       FDRE                                         r  datapath_uut/video_uut/Inst_vga/vga_signal_generator_inst/horizontal_counter/processQ_reg[3]/C

Slack:                    inf
  Source:                 reset_n
                            (input port)
  Destination:            datapath_uut/video_uut/Inst_vga/vga_signal_generator_inst/horizontal_counter/processQ_reg[4]/R
                            (rising edge-triggered cell FDRE clocked by clk_out1_clk_wiz_0  {rise@0.000ns fall@20.000ns period=40.000ns})
  Path Group:             (none)
  Path Type:              Setup (Max at Slow Process Corner)
  Data Path Delay:        6.383ns  (logic 1.093ns (17.121%)  route 5.290ns (82.879%))
  Logic Levels:           2  (IBUF=1 LUT1=1)
  Clock Path Skew:        1.630ns (DCD - SCD + CPR)
    Destination Clock Delay (DCD):    1.630ns
    Source Clock Delay      (SCD):    0.000ns
    Clock Pessimism Removal (CPR):    0.000ns
  Clock Uncertainty:      0.190ns  ((TSJ^2 + DJ^2)^1/2) / 2 + PE
    Total System Jitter     (TSJ):    0.050ns
    Discrete Jitter          (DJ):    0.175ns
    Phase Error              (PE):    0.099ns

    Location             Delay type                Incr(ns)  Path(ns)    Netlist Resource(s)
  -------------------------------------------------------------------    -------------------
    G4                                                0.000     0.000 f  reset_n (IN)
                         net (fo=0)                   0.000     0.000    reset_n
    G4                   IBUF (Prop_ibuf_I_O)         0.969     0.969 f  reset_n_IBUF_inst/O
                         net (fo=7, routed)           4.399     5.368    datapath_uut/video_uut/Inst_vga/vga_signal_generator_inst/vertical_counter/reset_n_IBUF
    SLICE_X148Y115       LUT1 (Prop_lut1_I0_O)        0.124     5.492 r  datapath_uut/video_uut/Inst_vga/vga_signal_generator_inst/vertical_counter/FSM_onehot_state[11]_i_1/O
                         net (fo=37, routed)          0.891     6.383    datapath_uut/video_uut/Inst_vga/vga_signal_generator_inst/horizontal_counter/SR[0]
    SLICE_X146Y113       FDRE                                         r  datapath_uut/video_uut/Inst_vga/vga_signal_generator_inst/horizontal_counter/processQ_reg[4]/R
  -------------------------------------------------------------------    -------------------

                         (clock clk_out1_clk_wiz_0 rise edge)
                                                      0.000     0.000 r  
    BUFGCTRL_X0Y2        BUFG                         0.000     0.000 r  clk_IBUF_BUFG_inst/O
                         net (fo=36, routed)          1.972     1.972    datapath_uut/video_uut/mmcm_adv_inst_display_clocks/inst/clk_in1
    MMCME2_ADV_X1Y0      MMCME2_ADV (Prop_mmcme2_adv_CLKIN1_CLKOUT0)
                                                     -4.637    -2.665 r  datapath_uut/video_uut/mmcm_adv_inst_display_clocks/inst/mmcm_adv_inst/CLKOUT0
                         net (fo=1, routed)           2.574    -0.091    datapath_uut/video_uut/mmcm_adv_inst_display_clocks/inst/clk_out1_clk_wiz_0
    BUFGCTRL_X0Y1        BUFG (Prop_bufg_I_O)         0.091     0.000 r  datapath_uut/video_uut/mmcm_adv_inst_display_clocks/inst/clkout1_buf/O
                         net (fo=271, routed)         1.630     1.630    datapath_uut/video_uut/Inst_vga/vga_signal_generator_inst/horizontal_counter/clk_out1
    SLICE_X146Y113       FDRE                                         r  datapath_uut/video_uut/Inst_vga/vga_signal_generator_inst/horizontal_counter/processQ_reg[4]/C

Slack:                    inf
  Source:                 reset_n
                            (input port)
  Destination:            datapath_uut/video_uut/Inst_vga/vga_signal_generator_inst/horizontal_counter/processQ_reg[8]/R
                            (rising edge-triggered cell FDRE clocked by clk_out1_clk_wiz_0  {rise@0.000ns fall@20.000ns period=40.000ns})
  Path Group:             (none)
  Path Type:              Setup (Max at Slow Process Corner)
  Data Path Delay:        6.383ns  (logic 1.093ns (17.121%)  route 5.290ns (82.879%))
  Logic Levels:           2  (IBUF=1 LUT1=1)
  Clock Path Skew:        1.630ns (DCD - SCD + CPR)
    Destination Clock Delay (DCD):    1.630ns
    Source Clock Delay      (SCD):    0.000ns
    Clock Pessimism Removal (CPR):    0.000ns
  Clock Uncertainty:      0.190ns  ((TSJ^2 + DJ^2)^1/2) / 2 + PE
    Total System Jitter     (TSJ):    0.050ns
    Discrete Jitter          (DJ):    0.175ns
    Phase Error              (PE):    0.099ns

    Location             Delay type                Incr(ns)  Path(ns)    Netlist Resource(s)
  -------------------------------------------------------------------    -------------------
    G4                                                0.000     0.000 f  reset_n (IN)
                         net (fo=0)                   0.000     0.000    reset_n
    G4                   IBUF (Prop_ibuf_I_O)         0.969     0.969 f  reset_n_IBUF_inst/O
                         net (fo=7, routed)           4.399     5.368    datapath_uut/video_uut/Inst_vga/vga_signal_generator_inst/vertical_counter/reset_n_IBUF
    SLICE_X148Y115       LUT1 (Prop_lut1_I0_O)        0.124     5.492 r  datapath_uut/video_uut/Inst_vga/vga_signal_generator_inst/vertical_counter/FSM_onehot_state[11]_i_1/O
                         net (fo=37, routed)          0.891     6.383    datapath_uut/video_uut/Inst_vga/vga_signal_generator_inst/horizontal_counter/SR[0]
    SLICE_X146Y113       FDRE                                         r  datapath_uut/video_uut/Inst_vga/vga_signal_generator_inst/horizontal_counter/processQ_reg[8]/R
  -------------------------------------------------------------------    -------------------

                         (clock clk_out1_clk_wiz_0 rise edge)
                                                      0.000     0.000 r  
    BUFGCTRL_X0Y2        BUFG                         0.000     0.000 r  clk_IBUF_BUFG_inst/O
                         net (fo=36, routed)          1.972     1.972    datapath_uut/video_uut/mmcm_adv_inst_display_clocks/inst/clk_in1
    MMCME2_ADV_X1Y0      MMCME2_ADV (Prop_mmcme2_adv_CLKIN1_CLKOUT0)
                                                     -4.637    -2.665 r  datapath_uut/video_uut/mmcm_adv_inst_display_clocks/inst/mmcm_adv_inst/CLKOUT0
                         net (fo=1, routed)           2.574    -0.091    datapath_uut/video_uut/mmcm_adv_inst_display_clocks/inst/clk_out1_clk_wiz_0
    BUFGCTRL_X0Y1        BUFG (Prop_bufg_I_O)         0.091     0.000 r  datapath_uut/video_uut/mmcm_adv_inst_display_clocks/inst/clkout1_buf/O
                         net (fo=271, routed)         1.630     1.630    datapath_uut/video_uut/Inst_vga/vga_signal_generator_inst/horizontal_counter/clk_out1
    SLICE_X146Y113       FDRE                                         r  datapath_uut/video_uut/Inst_vga/vga_signal_generator_inst/horizontal_counter/processQ_reg[8]/C





Min Delay Paths
--------------------------------------------------------------------------------------
Slack:                    inf
  Source:                 datapath_uut/video_uut/Inst_vga/color_mapper_inst/numeric_stepper_col/debouncer_up/cw_reg[0]/G
                            (positive level-sensitive latch)
  Destination:            datapath_uut/video_uut/Inst_vga/color_mapper_inst/numeric_stepper_col/debouncer_up/delay_counter/processQ_reg[21]/CE
                            (rising edge-triggered cell FDRE clocked by clk_out1_clk_wiz_0  {rise@0.000ns fall@20.000ns period=40.000ns})
  Path Group:             (none)
  Path Type:              Hold (Min at Fast Process Corner)
  Data Path Delay:        0.347ns  (logic 0.225ns (64.864%)  route 0.122ns (35.136%))
  Logic Levels:           1  (LDPE=1)
  Clock Uncertainty:      0.190ns  ((TSJ^2 + DJ^2)^1/2) / 2 + PE
    Total System Jitter     (TSJ):    0.050ns
    Discrete Jitter          (DJ):    0.175ns
    Phase Error              (PE):    0.099ns

    Location             Delay type                Incr(ns)  Path(ns)    Netlist Resource(s)
  -------------------------------------------------------------------    -------------------
    SLICE_X143Y112       LDPE                         0.000     0.000 r  datapath_uut/video_uut/Inst_vga/color_mapper_inst/numeric_stepper_col/debouncer_up/cw_reg[0]/G
    SLICE_X143Y112       LDPE (EnToQ_ldpe_G_Q)        0.225     0.225 r  datapath_uut/video_uut/Inst_vga/color_mapper_inst/numeric_stepper_col/debouncer_up/cw_reg[0]/Q
                         net (fo=25, routed)          0.122     0.347    datapath_uut/video_uut/Inst_vga/color_mapper_inst/numeric_stepper_col/debouncer_up/delay_counter/Q[0]
    SLICE_X143Y111       FDRE                                         r  datapath_uut/video_uut/Inst_vga/color_mapper_inst/numeric_stepper_col/debouncer_up/delay_counter/processQ_reg[21]/CE
  -------------------------------------------------------------------    -------------------

                         (clock clk_out1_clk_wiz_0 rise edge)
                                                      0.000     0.000 r  
    BUFGCTRL_X0Y2        BUFG                         0.000     0.000 r  clk_IBUF_BUFG_inst/O
                         net (fo=36, routed)          1.022     1.022    datapath_uut/video_uut/mmcm_adv_inst_display_clocks/inst/clk_in1
    MMCME2_ADV_X1Y0      MMCME2_ADV (Prop_mmcme2_adv_CLKIN1_CLKOUT0)
                                                     -2.040    -1.018 r  datapath_uut/video_uut/mmcm_adv_inst_display_clocks/inst/mmcm_adv_inst/CLKOUT0
                         net (fo=1, routed)           0.989    -0.029    datapath_uut/video_uut/mmcm_adv_inst_display_clocks/inst/clk_out1_clk_wiz_0
    BUFGCTRL_X0Y1        BUFG (Prop_bufg_I_O)         0.029    -0.000 r  datapath_uut/video_uut/mmcm_adv_inst_display_clocks/inst/clkout1_buf/O
                         net (fo=271, routed)         0.889     0.889    datapath_uut/video_uut/Inst_vga/color_mapper_inst/numeric_stepper_col/debouncer_up/delay_counter/clk_out1
    SLICE_X143Y111       FDRE                                         r  datapath_uut/video_uut/Inst_vga/color_mapper_inst/numeric_stepper_col/debouncer_up/delay_counter/processQ_reg[21]/C

Slack:                    inf
  Source:                 datapath_uut/video_uut/Inst_vga/color_mapper_inst/numeric_stepper_col/debouncer_up/cw_reg[0]/G
                            (positive level-sensitive latch)
  Destination:            datapath_uut/video_uut/Inst_vga/color_mapper_inst/numeric_stepper_col/debouncer_up/delay_counter/processQ_reg[22]/CE
                            (rising edge-triggered cell FDRE clocked by clk_out1_clk_wiz_0  {rise@0.000ns fall@20.000ns period=40.000ns})
  Path Group:             (none)
  Path Type:              Hold (Min at Fast Process Corner)
  Data Path Delay:        0.347ns  (logic 0.225ns (64.864%)  route 0.122ns (35.136%))
  Logic Levels:           1  (LDPE=1)
  Clock Uncertainty:      0.190ns  ((TSJ^2 + DJ^2)^1/2) / 2 + PE
    Total System Jitter     (TSJ):    0.050ns
    Discrete Jitter          (DJ):    0.175ns
    Phase Error              (PE):    0.099ns

    Location             Delay type                Incr(ns)  Path(ns)    Netlist Resource(s)
  -------------------------------------------------------------------    -------------------
    SLICE_X143Y112       LDPE                         0.000     0.000 r  datapath_uut/video_uut/Inst_vga/color_mapper_inst/numeric_stepper_col/debouncer_up/cw_reg[0]/G
    SLICE_X143Y112       LDPE (EnToQ_ldpe_G_Q)        0.225     0.225 r  datapath_uut/video_uut/Inst_vga/color_mapper_inst/numeric_stepper_col/debouncer_up/cw_reg[0]/Q
                         net (fo=25, routed)          0.122     0.347    datapath_uut/video_uut/Inst_vga/color_mapper_inst/numeric_stepper_col/debouncer_up/delay_counter/Q[0]
    SLICE_X143Y111       FDRE                                         r  datapath_uut/video_uut/Inst_vga/color_mapper_inst/numeric_stepper_col/debouncer_up/delay_counter/processQ_reg[22]/CE
  -------------------------------------------------------------------    -------------------

                         (clock clk_out1_clk_wiz_0 rise edge)
                                                      0.000     0.000 r  
    BUFGCTRL_X0Y2        BUFG                         0.000     0.000 r  clk_IBUF_BUFG_inst/O
                         net (fo=36, routed)          1.022     1.022    datapath_uut/video_uut/mmcm_adv_inst_display_clocks/inst/clk_in1
    MMCME2_ADV_X1Y0      MMCME2_ADV (Prop_mmcme2_adv_CLKIN1_CLKOUT0)
                                                     -2.040    -1.018 r  datapath_uut/video_uut/mmcm_adv_inst_display_clocks/inst/mmcm_adv_inst/CLKOUT0
                         net (fo=1, routed)           0.989    -0.029    datapath_uut/video_uut/mmcm_adv_inst_display_clocks/inst/clk_out1_clk_wiz_0
    BUFGCTRL_X0Y1        BUFG (Prop_bufg_I_O)         0.029    -0.000 r  datapath_uut/video_uut/mmcm_adv_inst_display_clocks/inst/clkout1_buf/O
                         net (fo=271, routed)         0.889     0.889    datapath_uut/video_uut/Inst_vga/color_mapper_inst/numeric_stepper_col/debouncer_up/delay_counter/clk_out1
    SLICE_X143Y111       FDRE                                         r  datapath_uut/video_uut/Inst_vga/color_mapper_inst/numeric_stepper_col/debouncer_up/delay_counter/processQ_reg[22]/C

Slack:                    inf
  Source:                 datapath_uut/video_uut/Inst_vga/color_mapper_inst/numeric_stepper_col/debouncer_up/cw_reg[0]/G
                            (positive level-sensitive latch)
  Destination:            datapath_uut/video_uut/Inst_vga/color_mapper_inst/numeric_stepper_col/debouncer_up/delay_counter/processQ_reg[23]/CE
                            (rising edge-triggered cell FDRE clocked by clk_out1_clk_wiz_0  {rise@0.000ns fall@20.000ns period=40.000ns})
  Path Group:             (none)
  Path Type:              Hold (Min at Fast Process Corner)
  Data Path Delay:        0.347ns  (logic 0.225ns (64.864%)  route 0.122ns (35.136%))
  Logic Levels:           1  (LDPE=1)
  Clock Uncertainty:      0.190ns  ((TSJ^2 + DJ^2)^1/2) / 2 + PE
    Total System Jitter     (TSJ):    0.050ns
    Discrete Jitter          (DJ):    0.175ns
    Phase Error              (PE):    0.099ns

    Location             Delay type                Incr(ns)  Path(ns)    Netlist Resource(s)
  -------------------------------------------------------------------    -------------------
    SLICE_X143Y112       LDPE                         0.000     0.000 r  datapath_uut/video_uut/Inst_vga/color_mapper_inst/numeric_stepper_col/debouncer_up/cw_reg[0]/G
    SLICE_X143Y112       LDPE (EnToQ_ldpe_G_Q)        0.225     0.225 r  datapath_uut/video_uut/Inst_vga/color_mapper_inst/numeric_stepper_col/debouncer_up/cw_reg[0]/Q
                         net (fo=25, routed)          0.122     0.347    datapath_uut/video_uut/Inst_vga/color_mapper_inst/numeric_stepper_col/debouncer_up/delay_counter/Q[0]
    SLICE_X143Y111       FDRE                                         r  datapath_uut/video_uut/Inst_vga/color_mapper_inst/numeric_stepper_col/debouncer_up/delay_counter/processQ_reg[23]/CE
  -------------------------------------------------------------------    -------------------

                         (clock clk_out1_clk_wiz_0 rise edge)
                                                      0.000     0.000 r  
    BUFGCTRL_X0Y2        BUFG                         0.000     0.000 r  clk_IBUF_BUFG_inst/O
                         net (fo=36, routed)          1.022     1.022    datapath_uut/video_uut/mmcm_adv_inst_display_clocks/inst/clk_in1
    MMCME2_ADV_X1Y0      MMCME2_ADV (Prop_mmcme2_adv_CLKIN1_CLKOUT0)
                                                     -2.040    -1.018 r  datapath_uut/video_uut/mmcm_adv_inst_display_clocks/inst/mmcm_adv_inst/CLKOUT0
                         net (fo=1, routed)           0.989    -0.029    datapath_uut/video_uut/mmcm_adv_inst_display_clocks/inst/clk_out1_clk_wiz_0
    BUFGCTRL_X0Y1        BUFG (Prop_bufg_I_O)         0.029    -0.000 r  datapath_uut/video_uut/mmcm_adv_inst_display_clocks/inst/clkout1_buf/O
                         net (fo=271, routed)         0.889     0.889    datapath_uut/video_uut/Inst_vga/color_mapper_inst/numeric_stepper_col/debouncer_up/delay_counter/clk_out1
    SLICE_X143Y111       FDRE                                         r  datapath_uut/video_uut/Inst_vga/color_mapper_inst/numeric_stepper_col/debouncer_up/delay_counter/processQ_reg[23]/C

Slack:                    inf
  Source:                 datapath_uut/video_uut/Inst_vga/color_mapper_inst/numeric_stepper_col/debouncer_up/cw_reg[0]/G
                            (positive level-sensitive latch)
  Destination:            datapath_uut/video_uut/Inst_vga/color_mapper_inst/numeric_stepper_col/debouncer_up/delay_counter/processQ_reg[24]/CE
                            (rising edge-triggered cell FDRE clocked by clk_out1_clk_wiz_0  {rise@0.000ns fall@20.000ns period=40.000ns})
  Path Group:             (none)
  Path Type:              Hold (Min at Fast Process Corner)
  Data Path Delay:        0.347ns  (logic 0.225ns (64.864%)  route 0.122ns (35.136%))
  Logic Levels:           1  (LDPE=1)
  Clock Uncertainty:      0.190ns  ((TSJ^2 + DJ^2)^1/2) / 2 + PE
    Total System Jitter     (TSJ):    0.050ns
    Discrete Jitter          (DJ):    0.175ns
    Phase Error              (PE):    0.099ns

    Location             Delay type                Incr(ns)  Path(ns)    Netlist Resource(s)
  -------------------------------------------------------------------    -------------------
    SLICE_X143Y112       LDPE                         0.000     0.000 r  datapath_uut/video_uut/Inst_vga/color_mapper_inst/numeric_stepper_col/debouncer_up/cw_reg[0]/G
    SLICE_X143Y112       LDPE (EnToQ_ldpe_G_Q)        0.225     0.225 r  datapath_uut/video_uut/Inst_vga/color_mapper_inst/numeric_stepper_col/debouncer_up/cw_reg[0]/Q
                         net (fo=25, routed)          0.122     0.347    datapath_uut/video_uut/Inst_vga/color_mapper_inst/numeric_stepper_col/debouncer_up/delay_counter/Q[0]
    SLICE_X143Y111       FDRE                                         r  datapath_uut/video_uut/Inst_vga/color_mapper_inst/numeric_stepper_col/debouncer_up/delay_counter/processQ_reg[24]/CE
  -------------------------------------------------------------------    -------------------

                         (clock clk_out1_clk_wiz_0 rise edge)
                                                      0.000     0.000 r  
    BUFGCTRL_X0Y2        BUFG                         0.000     0.000 r  clk_IBUF_BUFG_inst/O
                         net (fo=36, routed)          1.022     1.022    datapath_uut/video_uut/mmcm_adv_inst_display_clocks/inst/clk_in1
    MMCME2_ADV_X1Y0      MMCME2_ADV (Prop_mmcme2_adv_CLKIN1_CLKOUT0)
                                                     -2.040    -1.018 r  datapath_uut/video_uut/mmcm_adv_inst_display_clocks/inst/mmcm_adv_inst/CLKOUT0
                         net (fo=1, routed)           0.989    -0.029    datapath_uut/video_uut/mmcm_adv_inst_display_clocks/inst/clk_out1_clk_wiz_0
    BUFGCTRL_X0Y1        BUFG (Prop_bufg_I_O)         0.029    -0.000 r  datapath_uut/video_uut/mmcm_adv_inst_display_clocks/inst/clkout1_buf/O
                         net (fo=271, routed)         0.889     0.889    datapath_uut/video_uut/Inst_vga/color_mapper_inst/numeric_stepper_col/debouncer_up/delay_counter/clk_out1
    SLICE_X143Y111       FDRE                                         r  datapath_uut/video_uut/Inst_vga/color_mapper_inst/numeric_stepper_col/debouncer_up/delay_counter/processQ_reg[24]/C

Slack:                    inf
  Source:                 datapath_uut/video_uut/Inst_vga/color_mapper_inst/numeric_stepper_row/debouncer_up/cw_reg[0]/G
                            (positive level-sensitive latch)
  Destination:            datapath_uut/video_uut/Inst_vga/color_mapper_inst/numeric_stepper_row/debouncer_up/delay_counter/processQ_reg[21]/CE
                            (rising edge-triggered cell FDRE clocked by clk_out1_clk_wiz_0  {rise@0.000ns fall@20.000ns period=40.000ns})
  Path Group:             (none)
  Path Type:              Hold (Min at Fast Process Corner)
  Data Path Delay:        0.347ns  (logic 0.225ns (64.864%)  route 0.122ns (35.136%))
  Logic Levels:           1  (LDPE=1)
  Clock Uncertainty:      0.190ns  ((TSJ^2 + DJ^2)^1/2) / 2 + PE
    Total System Jitter     (TSJ):    0.050ns
    Discrete Jitter          (DJ):    0.175ns
    Phase Error              (PE):    0.099ns

    Location             Delay type                Incr(ns)  Path(ns)    Netlist Resource(s)
  -------------------------------------------------------------------    -------------------
    SLICE_X149Y109       LDPE                         0.000     0.000 r  datapath_uut/video_uut/Inst_vga/color_mapper_inst/numeric_stepper_row/debouncer_up/cw_reg[0]/G
    SLICE_X149Y109       LDPE (EnToQ_ldpe_G_Q)        0.225     0.225 r  datapath_uut/video_uut/Inst_vga/color_mapper_inst/numeric_stepper_row/debouncer_up/cw_reg[0]/Q
                         net (fo=25, routed)          0.122     0.347    datapath_uut/video_uut/Inst_vga/color_mapper_inst/numeric_stepper_row/debouncer_up/delay_counter/Q[0]
    SLICE_X149Y108       FDRE                                         r  datapath_uut/video_uut/Inst_vga/color_mapper_inst/numeric_stepper_row/debouncer_up/delay_counter/processQ_reg[21]/CE
  -------------------------------------------------------------------    -------------------

                         (clock clk_out1_clk_wiz_0 rise edge)
                                                      0.000     0.000 r  
    BUFGCTRL_X0Y2        BUFG                         0.000     0.000 r  clk_IBUF_BUFG_inst/O
                         net (fo=36, routed)          1.022     1.022    datapath_uut/video_uut/mmcm_adv_inst_display_clocks/inst/clk_in1
    MMCME2_ADV_X1Y0      MMCME2_ADV (Prop_mmcme2_adv_CLKIN1_CLKOUT0)
                                                     -2.040    -1.018 r  datapath_uut/video_uut/mmcm_adv_inst_display_clocks/inst/mmcm_adv_inst/CLKOUT0
                         net (fo=1, routed)           0.989    -0.029    datapath_uut/video_uut/mmcm_adv_inst_display_clocks/inst/clk_out1_clk_wiz_0
    BUFGCTRL_X0Y1        BUFG (Prop_bufg_I_O)         0.029    -0.000 r  datapath_uut/video_uut/mmcm_adv_inst_display_clocks/inst/clkout1_buf/O
                         net (fo=271, routed)         0.891     0.891    datapath_uut/video_uut/Inst_vga/color_mapper_inst/numeric_stepper_row/debouncer_up/delay_counter/clk_out1
    SLICE_X149Y108       FDRE                                         r  datapath_uut/video_uut/Inst_vga/color_mapper_inst/numeric_stepper_row/debouncer_up/delay_counter/processQ_reg[21]/C

Slack:                    inf
  Source:                 datapath_uut/video_uut/Inst_vga/color_mapper_inst/numeric_stepper_row/debouncer_up/cw_reg[0]/G
                            (positive level-sensitive latch)
  Destination:            datapath_uut/video_uut/Inst_vga/color_mapper_inst/numeric_stepper_row/debouncer_up/delay_counter/processQ_reg[22]/CE
                            (rising edge-triggered cell FDRE clocked by clk_out1_clk_wiz_0  {rise@0.000ns fall@20.000ns period=40.000ns})
  Path Group:             (none)
  Path Type:              Hold (Min at Fast Process Corner)
  Data Path Delay:        0.347ns  (logic 0.225ns (64.864%)  route 0.122ns (35.136%))
  Logic Levels:           1  (LDPE=1)
  Clock Uncertainty:      0.190ns  ((TSJ^2 + DJ^2)^1/2) / 2 + PE
    Total System Jitter     (TSJ):    0.050ns
    Discrete Jitter          (DJ):    0.175ns
    Phase Error              (PE):    0.099ns

    Location             Delay type                Incr(ns)  Path(ns)    Netlist Resource(s)
  -------------------------------------------------------------------    -------------------
    SLICE_X149Y109       LDPE                         0.000     0.000 r  datapath_uut/video_uut/Inst_vga/color_mapper_inst/numeric_stepper_row/debouncer_up/cw_reg[0]/G
    SLICE_X149Y109       LDPE (EnToQ_ldpe_G_Q)        0.225     0.225 r  datapath_uut/video_uut/Inst_vga/color_mapper_inst/numeric_stepper_row/debouncer_up/cw_reg[0]/Q
                         net (fo=25, routed)          0.122     0.347    datapath_uut/video_uut/Inst_vga/color_mapper_inst/numeric_stepper_row/debouncer_up/delay_counter/Q[0]
    SLICE_X149Y108       FDRE                                         r  datapath_uut/video_uut/Inst_vga/color_mapper_inst/numeric_stepper_row/debouncer_up/delay_counter/processQ_reg[22]/CE
  -------------------------------------------------------------------    -------------------

                         (clock clk_out1_clk_wiz_0 rise edge)
                                                      0.000     0.000 r  
    BUFGCTRL_X0Y2        BUFG                         0.000     0.000 r  clk_IBUF_BUFG_inst/O
                         net (fo=36, routed)          1.022     1.022    datapath_uut/video_uut/mmcm_adv_inst_display_clocks/inst/clk_in1
    MMCME2_ADV_X1Y0      MMCME2_ADV (Prop_mmcme2_adv_CLKIN1_CLKOUT0)
                                                     -2.040    -1.018 r  datapath_uut/video_uut/mmcm_adv_inst_display_clocks/inst/mmcm_adv_inst/CLKOUT0
                         net (fo=1, routed)           0.989    -0.029    datapath_uut/video_uut/mmcm_adv_inst_display_clocks/inst/clk_out1_clk_wiz_0
    BUFGCTRL_X0Y1        BUFG (Prop_bufg_I_O)         0.029    -0.000 r  datapath_uut/video_uut/mmcm_adv_inst_display_clocks/inst/clkout1_buf/O
                         net (fo=271, routed)         0.891     0.891    datapath_uut/video_uut/Inst_vga/color_mapper_inst/numeric_stepper_row/debouncer_up/delay_counter/clk_out1
    SLICE_X149Y108       FDRE                                         r  datapath_uut/video_uut/Inst_vga/color_mapper_inst/numeric_stepper_row/debouncer_up/delay_counter/processQ_reg[22]/C

Slack:                    inf
  Source:                 datapath_uut/video_uut/Inst_vga/color_mapper_inst/numeric_stepper_row/debouncer_up/cw_reg[0]/G
                            (positive level-sensitive latch)
  Destination:            datapath_uut/video_uut/Inst_vga/color_mapper_inst/numeric_stepper_row/debouncer_up/delay_counter/processQ_reg[23]/CE
                            (rising edge-triggered cell FDRE clocked by clk_out1_clk_wiz_0  {rise@0.000ns fall@20.000ns period=40.000ns})
  Path Group:             (none)
  Path Type:              Hold (Min at Fast Process Corner)
  Data Path Delay:        0.347ns  (logic 0.225ns (64.864%)  route 0.122ns (35.136%))
  Logic Levels:           1  (LDPE=1)
  Clock Uncertainty:      0.190ns  ((TSJ^2 + DJ^2)^1/2) / 2 + PE
    Total System Jitter     (TSJ):    0.050ns
    Discrete Jitter          (DJ):    0.175ns
    Phase Error              (PE):    0.099ns

    Location             Delay type                Incr(ns)  Path(ns)    Netlist Resource(s)
  -------------------------------------------------------------------    -------------------
    SLICE_X149Y109       LDPE                         0.000     0.000 r  datapath_uut/video_uut/Inst_vga/color_mapper_inst/numeric_stepper_row/debouncer_up/cw_reg[0]/G
    SLICE_X149Y109       LDPE (EnToQ_ldpe_G_Q)        0.225     0.225 r  datapath_uut/video_uut/Inst_vga/color_mapper_inst/numeric_stepper_row/debouncer_up/cw_reg[0]/Q
                         net (fo=25, routed)          0.122     0.347    datapath_uut/video_uut/Inst_vga/color_mapper_inst/numeric_stepper_row/debouncer_up/delay_counter/Q[0]
    SLICE_X149Y108       FDRE                                         r  datapath_uut/video_uut/Inst_vga/color_mapper_inst/numeric_stepper_row/debouncer_up/delay_counter/processQ_reg[23]/CE
  -------------------------------------------------------------------    -------------------

                         (clock clk_out1_clk_wiz_0 rise edge)
                                                      0.000     0.000 r  
    BUFGCTRL_X0Y2        BUFG                         0.000     0.000 r  clk_IBUF_BUFG_inst/O
                         net (fo=36, routed)          1.022     1.022    datapath_uut/video_uut/mmcm_adv_inst_display_clocks/inst/clk_in1
    MMCME2_ADV_X1Y0      MMCME2_ADV (Prop_mmcme2_adv_CLKIN1_CLKOUT0)
                                                     -2.040    -1.018 r  datapath_uut/video_uut/mmcm_adv_inst_display_clocks/inst/mmcm_adv_inst/CLKOUT0
                         net (fo=1, routed)           0.989    -0.029    datapath_uut/video_uut/mmcm_adv_inst_display_clocks/inst/clk_out1_clk_wiz_0
    BUFGCTRL_X0Y1        BUFG (Prop_bufg_I_O)         0.029    -0.000 r  datapath_uut/video_uut/mmcm_adv_inst_display_clocks/inst/clkout1_buf/O
                         net (fo=271, routed)         0.891     0.891    datapath_uut/video_uut/Inst_vga/color_mapper_inst/numeric_stepper_row/debouncer_up/delay_counter/clk_out1
    SLICE_X149Y108       FDRE                                         r  datapath_uut/video_uut/Inst_vga/color_mapper_inst/numeric_stepper_row/debouncer_up/delay_counter/processQ_reg[23]/C

Slack:                    inf
  Source:                 datapath_uut/video_uut/Inst_vga/color_mapper_inst/numeric_stepper_row/debouncer_up/cw_reg[0]/G
                            (positive level-sensitive latch)
  Destination:            datapath_uut/video_uut/Inst_vga/color_mapper_inst/numeric_stepper_row/debouncer_up/delay_counter/processQ_reg[24]/CE
                            (rising edge-triggered cell FDRE clocked by clk_out1_clk_wiz_0  {rise@0.000ns fall@20.000ns period=40.000ns})
  Path Group:             (none)
  Path Type:              Hold (Min at Fast Process Corner)
  Data Path Delay:        0.347ns  (logic 0.225ns (64.864%)  route 0.122ns (35.136%))
  Logic Levels:           1  (LDPE=1)
  Clock Uncertainty:      0.190ns  ((TSJ^2 + DJ^2)^1/2) / 2 + PE
    Total System Jitter     (TSJ):    0.050ns
    Discrete Jitter          (DJ):    0.175ns
    Phase Error              (PE):    0.099ns

    Location             Delay type                Incr(ns)  Path(ns)    Netlist Resource(s)
  -------------------------------------------------------------------    -------------------
    SLICE_X149Y109       LDPE                         0.000     0.000 r  datapath_uut/video_uut/Inst_vga/color_mapper_inst/numeric_stepper_row/debouncer_up/cw_reg[0]/G
    SLICE_X149Y109       LDPE (EnToQ_ldpe_G_Q)        0.225     0.225 r  datapath_uut/video_uut/Inst_vga/color_mapper_inst/numeric_stepper_row/debouncer_up/cw_reg[0]/Q
                         net (fo=25, routed)          0.122     0.347    datapath_uut/video_uut/Inst_vga/color_mapper_inst/numeric_stepper_row/debouncer_up/delay_counter/Q[0]
    SLICE_X149Y108       FDRE                                         r  datapath_uut/video_uut/Inst_vga/color_mapper_inst/numeric_stepper_row/debouncer_up/delay_counter/processQ_reg[24]/CE
  -------------------------------------------------------------------    -------------------

                         (clock clk_out1_clk_wiz_0 rise edge)
                                                      0.000     0.000 r  
    BUFGCTRL_X0Y2        BUFG                         0.000     0.000 r  clk_IBUF_BUFG_inst/O
                         net (fo=36, routed)          1.022     1.022    datapath_uut/video_uut/mmcm_adv_inst_display_clocks/inst/clk_in1
    MMCME2_ADV_X1Y0      MMCME2_ADV (Prop_mmcme2_adv_CLKIN1_CLKOUT0)
                                                     -2.040    -1.018 r  datapath_uut/video_uut/mmcm_adv_inst_display_clocks/inst/mmcm_adv_inst/CLKOUT0
                         net (fo=1, routed)           0.989    -0.029    datapath_uut/video_uut/mmcm_adv_inst_display_clocks/inst/clk_out1_clk_wiz_0
    BUFGCTRL_X0Y1        BUFG (Prop_bufg_I_O)         0.029    -0.000 r  datapath_uut/video_uut/mmcm_adv_inst_display_clocks/inst/clkout1_buf/O
                         net (fo=271, routed)         0.891     0.891    datapath_uut/video_uut/Inst_vga/color_mapper_inst/numeric_stepper_row/debouncer_up/delay_counter/clk_out1
    SLICE_X149Y108       FDRE                                         r  datapath_uut/video_uut/Inst_vga/color_mapper_inst/numeric_stepper_row/debouncer_up/delay_counter/processQ_reg[24]/C

Slack:                    inf
  Source:                 datapath_uut/video_uut/Inst_vga/color_mapper_inst/numeric_stepper_row/debouncer_down/cw_reg[1]/G
                            (positive level-sensitive latch)
  Destination:            datapath_uut/video_uut/Inst_vga/color_mapper_inst/numeric_stepper_row/debouncer_down/delay_counter/processQ_reg[21]/R
                            (rising edge-triggered cell FDRE clocked by clk_out1_clk_wiz_0  {rise@0.000ns fall@20.000ns period=40.000ns})
  Path Group:             (none)
  Path Type:              Hold (Min at Fast Process Corner)
  Data Path Delay:        0.349ns  (logic 0.220ns (63.095%)  route 0.129ns (36.905%))
  Logic Levels:           1  (LDPE=1)
  Clock Uncertainty:      0.190ns  ((TSJ^2 + DJ^2)^1/2) / 2 + PE
    Total System Jitter     (TSJ):    0.050ns
    Discrete Jitter          (DJ):    0.175ns
    Phase Error              (PE):    0.099ns

    Location             Delay type                Incr(ns)  Path(ns)    Netlist Resource(s)
  -------------------------------------------------------------------    -------------------
    SLICE_X147Y110       LDPE                         0.000     0.000 r  datapath_uut/video_uut/Inst_vga/color_mapper_inst/numeric_stepper_row/debouncer_down/cw_reg[1]/G
    SLICE_X147Y110       LDPE (EnToQ_ldpe_G_Q)        0.220     0.220 r  datapath_uut/video_uut/Inst_vga/color_mapper_inst/numeric_stepper_row/debouncer_down/cw_reg[1]/Q
                         net (fo=25, routed)          0.129     0.349    datapath_uut/video_uut/Inst_vga/color_mapper_inst/numeric_stepper_row/debouncer_down/delay_counter/Q[1]
    SLICE_X146Y109       FDRE                                         r  datapath_uut/video_uut/Inst_vga/color_mapper_inst/numeric_stepper_row/debouncer_down/delay_counter/processQ_reg[21]/R
  -------------------------------------------------------------------    -------------------

                         (clock clk_out1_clk_wiz_0 rise edge)
                                                      0.000     0.000 r  
    BUFGCTRL_X0Y2        BUFG                         0.000     0.000 r  clk_IBUF_BUFG_inst/O
                         net (fo=36, routed)          1.022     1.022    datapath_uut/video_uut/mmcm_adv_inst_display_clocks/inst/clk_in1
    MMCME2_ADV_X1Y0      MMCME2_ADV (Prop_mmcme2_adv_CLKIN1_CLKOUT0)
                                                     -2.040    -1.018 r  datapath_uut/video_uut/mmcm_adv_inst_display_clocks/inst/mmcm_adv_inst/CLKOUT0
                         net (fo=1, routed)           0.989    -0.029    datapath_uut/video_uut/mmcm_adv_inst_display_clocks/inst/clk_out1_clk_wiz_0
    BUFGCTRL_X0Y1        BUFG (Prop_bufg_I_O)         0.029    -0.000 r  datapath_uut/video_uut/mmcm_adv_inst_display_clocks/inst/clkout1_buf/O
                         net (fo=271, routed)         0.891     0.891    datapath_uut/video_uut/Inst_vga/color_mapper_inst/numeric_stepper_row/debouncer_down/delay_counter/clk_out1
    SLICE_X146Y109       FDRE                                         r  datapath_uut/video_uut/Inst_vga/color_mapper_inst/numeric_stepper_row/debouncer_down/delay_counter/processQ_reg[21]/C

Slack:                    inf
  Source:                 datapath_uut/video_uut/Inst_vga/color_mapper_inst/numeric_stepper_row/debouncer_down/cw_reg[1]/G
                            (positive level-sensitive latch)
  Destination:            datapath_uut/video_uut/Inst_vga/color_mapper_inst/numeric_stepper_row/debouncer_down/delay_counter/processQ_reg[22]/R
                            (rising edge-triggered cell FDRE clocked by clk_out1_clk_wiz_0  {rise@0.000ns fall@20.000ns period=40.000ns})
  Path Group:             (none)
  Path Type:              Hold (Min at Fast Process Corner)
  Data Path Delay:        0.349ns  (logic 0.220ns (63.095%)  route 0.129ns (36.905%))
  Logic Levels:           1  (LDPE=1)
  Clock Uncertainty:      0.190ns  ((TSJ^2 + DJ^2)^1/2) / 2 + PE
    Total System Jitter     (TSJ):    0.050ns
    Discrete Jitter          (DJ):    0.175ns
    Phase Error              (PE):    0.099ns

    Location             Delay type                Incr(ns)  Path(ns)    Netlist Resource(s)
  -------------------------------------------------------------------    -------------------
    SLICE_X147Y110       LDPE                         0.000     0.000 r  datapath_uut/video_uut/Inst_vga/color_mapper_inst/numeric_stepper_row/debouncer_down/cw_reg[1]/G
    SLICE_X147Y110       LDPE (EnToQ_ldpe_G_Q)        0.220     0.220 r  datapath_uut/video_uut/Inst_vga/color_mapper_inst/numeric_stepper_row/debouncer_down/cw_reg[1]/Q
                         net (fo=25, routed)          0.129     0.349    datapath_uut/video_uut/Inst_vga/color_mapper_inst/numeric_stepper_row/debouncer_down/delay_counter/Q[1]
    SLICE_X146Y109       FDRE                                         r  datapath_uut/video_uut/Inst_vga/color_mapper_inst/numeric_stepper_row/debouncer_down/delay_counter/processQ_reg[22]/R
  -------------------------------------------------------------------    -------------------

                         (clock clk_out1_clk_wiz_0 rise edge)
                                                      0.000     0.000 r  
    BUFGCTRL_X0Y2        BUFG                         0.000     0.000 r  clk_IBUF_BUFG_inst/O
                         net (fo=36, routed)          1.022     1.022    datapath_uut/video_uut/mmcm_adv_inst_display_clocks/inst/clk_in1
    MMCME2_ADV_X1Y0      MMCME2_ADV (Prop_mmcme2_adv_CLKIN1_CLKOUT0)
                                                     -2.040    -1.018 r  datapath_uut/video_uut/mmcm_adv_inst_display_clocks/inst/mmcm_adv_inst/CLKOUT0
                         net (fo=1, routed)           0.989    -0.029    datapath_uut/video_uut/mmcm_adv_inst_display_clocks/inst/clk_out1_clk_wiz_0
    BUFGCTRL_X0Y1        BUFG (Prop_bufg_I_O)         0.029    -0.000 r  datapath_uut/video_uut/mmcm_adv_inst_display_clocks/inst/clkout1_buf/O
                         net (fo=271, routed)         0.891     0.891    datapath_uut/video_uut/Inst_vga/color_mapper_inst/numeric_stepper_row/debouncer_down/delay_counter/clk_out1
    SLICE_X146Y109       FDRE                                         r  datapath_uut/video_uut/Inst_vga/color_mapper_inst/numeric_stepper_row/debouncer_down/delay_counter/processQ_reg[22]/C





