Copyright 1986-2022 Xilinx, Inc. All Rights Reserved. Copyright 2022-2024 Advanced Micro Devices, Inc. All Rights Reserved.
---------------------------------------------------------------------------------------------------------------------------------------------------------------------------------------------------------------------------------
| Tool Version : Vivado v.2024.2 (win64) Build 5239630 Fri Nov 08 22:35:27 MST 2024
| Date         : Tue May  5 07:44:31 2026
| Host         : C28-2TK4150H12 running 64-bit major release  (build 9200)
| Command      : report_timing_summary -max_paths 10 -report_unconstrained -file FinalProject_timing_summary_routed.rpt -pb FinalProject_timing_summary_routed.pb -rpx FinalProject_timing_summary_routed.rpx -warn_on_violation
| Design       : FinalProject
| Device       : 7a200t-sbg484
| Speed File   : -1  PRODUCTION 1.23 2018-06-13
| Design State : Routed
---------------------------------------------------------------------------------------------------------------------------------------------------------------------------------------------------------------------------------

Timing Summary Report

------------------------------------------------------------------------------------------------
| Timer Settings
| --------------
------------------------------------------------------------------------------------------------

  Enable Multi Corner Analysis               :  Yes
  Enable Pessimism Removal                   :  Yes
  Pessimism Removal Resolution               :  Nearest Common Node
  Enable Input Delay Default Clock           :  No
  Enable Preset / Clear Arcs                 :  No
  Disable Flight Delays                      :  No
  Ignore I/O Paths                           :  No
  Timing Early Launch at Borrowing Latches   :  No
  Borrow Time for Max Delay Exceptions       :  Yes
  Merge Timing Exceptions                    :  Yes
  Inter-SLR Compensation                     :  Conservative

  Corner  Analyze    Analyze    
  Name    Max Paths  Min Paths  
  ------  ---------  ---------  
  Slow    Yes        Yes        
  Fast    Yes        Yes        


------------------------------------------------------------------------------------------------
| Report Methodology
| ------------------
------------------------------------------------------------------------------------------------

Rule       Severity          Description                                                       Violations  
---------  ----------------  ----------------------------------------------------------------  ----------  
TIMING-17  Critical Warning  Non-clocked sequential cell                                       26          
TIMING-27  Critical Warning  Invalid primary clock on hierarchical pin                         1           
CKLD-2     Warning           Clock Net has IO Driver, not a Clock Buf, and/or non-Clock loads  1           
LUTAR-1    Warning           LUT drives async reset alert                                      4           
SYNTH-6    Warning           Timing of a RAM block might be sub-optimal                        1           
TIMING-20  Warning           Non-clocked latch                                                 16          
XDCC-2     Warning           Scoped Non-Timing constraint/property overwritten                 1           
LATCH-1    Advisory          Existing latches in the design                                    1           

Note: This report is based on the most recent report_methodology run and may not be up-to-date. Run report_methodology on the current design for the latest report.



check_timing report

Table of Contents
-----------------
1. checking no_clock (82)
2. checking constant_clock (0)
3. checking pulse_width_clock (0)
4. checking unconstrained_internal_endpoints (102)
5. checking no_input_delay (5)
6. checking no_output_delay (6)
7. checking multiple_clock (0)
8. checking generated_clocks (0)
9. checking loops (0)
10. checking partial_input_delay (0)
11. checking partial_output_delay (0)
12. checking latch_loops (0)

1. checking no_clock (82)
-------------------------
 There are 26 register/latch pins with no clock driven by root clock pin: clk (HIGH)

 There are 8 register/latch pins with no clock driven by root clock pin: datapath_uut/video_uut/Inst_vga/color_mapper_inst/button_pressed_reg[0]/Q (HIGH)

 There are 8 register/latch pins with no clock driven by root clock pin: datapath_uut/video_uut/Inst_vga/color_mapper_inst/button_pressed_reg[1]/Q (HIGH)

 There are 8 register/latch pins with no clock driven by root clock pin: datapath_uut/video_uut/Inst_vga/color_mapper_inst/button_pressed_reg[2]/Q (HIGH)

 There are 8 register/latch pins with no clock driven by root clock pin: datapath_uut/video_uut/Inst_vga/color_mapper_inst/button_pressed_reg[3]/Q (HIGH)

 There are 2 register/latch pins with no clock driven by root clock pin: datapath_uut/video_uut/Inst_vga/color_mapper_inst/numeric_stepper_col/debouncer_down/FSM_sequential_state_reg[0]/Q (HIGH)

 There are 2 register/latch pins with no clock driven by root clock pin: datapath_uut/video_uut/Inst_vga/color_mapper_inst/numeric_stepper_col/debouncer_down/FSM_sequential_state_reg[1]/Q (HIGH)

 There are 2 register/latch pins with no clock driven by root clock pin: datapath_uut/video_uut/Inst_vga/color_mapper_inst/numeric_stepper_col/debouncer_down/FSM_sequential_state_reg[2]/Q (HIGH)

 There are 2 register/latch pins with no clock driven by root clock pin: datapath_uut/video_uut/Inst_vga/color_mapper_inst/numeric_stepper_col/debouncer_up/FSM_sequential_state_reg[0]/Q (HIGH)

 There are 2 register/latch pins with no clock driven by root clock pin: datapath_uut/video_uut/Inst_vga/color_mapper_inst/numeric_stepper_col/debouncer_up/FSM_sequential_state_reg[1]/Q (HIGH)

 There are 2 register/latch pins with no clock driven by root clock pin: datapath_uut/video_uut/Inst_vga/color_mapper_inst/numeric_stepper_col/debouncer_up/FSM_sequential_state_reg[2]/Q (HIGH)

 There are 2 register/latch pins with no clock driven by root clock pin: datapath_uut/video_uut/Inst_vga/color_mapper_inst/numeric_stepper_row/debouncer_down/FSM_sequential_state_reg[0]/Q (HIGH)

 There are 2 register/latch pins with no clock driven by root clock pin: datapath_uut/video_uut/Inst_vga/color_mapper_inst/numeric_stepper_row/debouncer_down/FSM_sequential_state_reg[1]/Q (HIGH)

 There are 2 register/latch pins with no clock driven by root clock pin: datapath_uut/video_uut/Inst_vga/color_mapper_inst/numeric_stepper_row/debouncer_down/FSM_sequential_state_reg[2]/Q (HIGH)

 There are 2 register/latch pins with no clock driven by root clock pin: datapath_uut/video_uut/Inst_vga/color_mapper_inst/numeric_stepper_row/debouncer_up/FSM_sequential_state_reg[0]/Q (HIGH)

 There are 2 register/latch pins with no clock driven by root clock pin: datapath_uut/video_uut/Inst_vga/color_mapper_inst/numeric_stepper_row/debouncer_up/FSM_sequential_state_reg[1]/Q (HIGH)

 There are 2 register/latch pins with no clock driven by root clock pin: datapath_uut/video_uut/Inst_vga/color_mapper_inst/numeric_stepper_row/debouncer_up/FSM_sequential_state_reg[2]/Q (HIGH)


2. checking constant_clock (0)
------------------------------
 There are 0 register/latch pins with constant_clock.


3. checking pulse_width_clock (0)
---------------------------------
 There are 0 register/latch pins which need pulse_width check


4. checking unconstrained_internal_endpoints (102)
--------------------------------------------------
 There are 102 pins that are not constrained for maximum delay. (HIGH)

 There are 0 pins that are not constrained for maximum delay due to constant clock.


5. checking no_input_delay (5)
------------------------------
 There are 5 input ports with no input delay specified. (HIGH)

 There are 0 input ports with no input delay but user has a false path constraint.


6. checking no_output_delay (6)
-------------------------------
 There are 6 ports with no output delay specified. (HIGH)

 There are 0 ports with no output delay but user has a false path constraint

 There are 0 ports with no output delay but with a timing clock defined on it or propagating through it


7. checking multiple_clock (0)
------------------------------
 There are 0 register/latch pins with multiple clocks.


8. checking generated_clocks (0)
--------------------------------
 There are 0 generated clocks that are not connected to a clock source.


9. checking loops (0)
---------------------
 There are 0 combinational loops in the design.


10. checking partial_input_delay (0)
------------------------------------
 There are 0 input ports with partial input delay specified.


11. checking partial_output_delay (0)
-------------------------------------
 There are 0 ports with partial output delay specified.


12. checking latch_loops (0)
----------------------------
 There are 0 combinational latch loops in the design through latch input



------------------------------------------------------------------------------------------------
| Design Timing Summary
| ---------------------
------------------------------------------------------------------------------------------------

    WNS(ns)      TNS(ns)  TNS Failing Endpoints  TNS Total Endpoints      WHS(ns)      THS(ns)  THS Failing Endpoints  THS Total Endpoints     WPWS(ns)     TPWS(ns)  TPWS Failing Endpoints  TPWS Total Endpoints  
    -------      -------  ---------------------  -------------------      -------      -------  ---------------------  -------------------     --------     --------  ----------------------  --------------------  
      3.831        0.000                      0                  433        0.122        0.000                      0                  433        3.000        0.000                       0                   323  


All user specified timing constraints are met.


------------------------------------------------------------------------------------------------
| Clock Summary
| -------------
------------------------------------------------------------------------------------------------

Clock                                                             Waveform(ns)         Period(ns)      Frequency(MHz)
-----                                                             ------------         ----------      --------------
datapath_uut/video_uut/mmcm_adv_inst_display_clocks/inst/clk_in1  {0.000 5.000}        10.000          100.000         
  clk_out1_clk_wiz_0                                              {0.000 20.000}       40.000          25.000          
  clk_out2_clk_wiz_0                                              {0.000 4.000}        8.000           125.000         
  clkfbout_clk_wiz_0                                              {0.000 5.000}        10.000          100.000         


------------------------------------------------------------------------------------------------
| Intra Clock Table
| -----------------
------------------------------------------------------------------------------------------------

Clock                                                                 WNS(ns)      TNS(ns)  TNS Failing Endpoints  TNS Total Endpoints      WHS(ns)      THS(ns)  THS Failing Endpoints  THS Total Endpoints     WPWS(ns)     TPWS(ns)  TPWS Failing Endpoints  TPWS Total Endpoints  
-----                                                                 -------      -------  ---------------------  -------------------      -------      -------  ---------------------  -------------------     --------     --------  ----------------------  --------------------  
datapath_uut/video_uut/mmcm_adv_inst_display_clocks/inst/clk_in1                                                                                                                                                    3.000        0.000                       0                     1  
  clk_out1_clk_wiz_0                                                   17.284        0.000                      0                  379        0.122        0.000                      0                  379       19.500        0.000                       0                   273  
  clk_out2_clk_wiz_0                                                    3.831        0.000                      0                   48        0.175        0.000                      0                   48        3.500        0.000                       0                    46  
  clkfbout_clk_wiz_0                                                                                                                                                                                                7.845        0.000                       0                     3  


------------------------------------------------------------------------------------------------
| Inter Clock Table
| -----------------
------------------------------------------------------------------------------------------------

From Clock          To Clock                WNS(ns)      TNS(ns)  TNS Failing Endpoints  TNS Total Endpoints      WHS(ns)      THS(ns)  THS Failing Endpoints  THS Total Endpoints  
----------          --------                -------      -------  ---------------------  -------------------      -------      -------  ---------------------  -------------------  
clk_out1_clk_wiz_0  clk_out2_clk_wiz_0        4.863        0.000                      0                   30        0.131        0.000                      0                   30  


------------------------------------------------------------------------------------------------
| Other Path Groups Table
| -----------------------
------------------------------------------------------------------------------------------------

Path Group    From Clock    To Clock          WNS(ns)      TNS(ns)  TNS Failing Endpoints  TNS Total Endpoints      WHS(ns)      THS(ns)  THS Failing Endpoints  THS Total Endpoints  
----------    ----------    --------          -------      -------  ---------------------  -------------------      -------      -------  ---------------------  -------------------  


------------------------------------------------------------------------------------------------
| User Ignored Path Table
| -----------------------
------------------------------------------------------------------------------------------------

Path Group    From Clock    To Clock    
----------    ----------    --------    


------------------------------------------------------------------------------------------------
| Unconstrained Path Table
| ------------------------
------------------------------------------------------------------------------------------------

Path Group          From Clock          To Clock          
----------          ----------          --------          
(none)                                                      
(none)              clk_out1_clk_wiz_0                      
(none)              clk_out2_clk_wiz_0                      
(none)              clkfbout_clk_wiz_0                      
(none)                                  clk_out1_clk_wiz_0  


------------------------------------------------------------------------------------------------
| Timing Details
| --------------
------------------------------------------------------------------------------------------------


---------------------------------------------------------------------------------------------------
From Clock:  datapath_uut/video_uut/mmcm_adv_inst_display_clocks/inst/clk_in1
  To Clock:  datapath_uut/video_uut/mmcm_adv_inst_display_clocks/inst/clk_in1

Setup :           NA  Failing Endpoints,  Worst Slack           NA  ,  Total Violation           NA
Hold  :           NA  Failing Endpoints,  Worst Slack           NA  ,  Total Violation           NA
PW    :            0  Failing Endpoints,  Worst Slack        3.000ns,  Total Violation        0.000ns
---------------------------------------------------------------------------------------------------


Pulse Width Checks
--------------------------------------------------------------------------------------
Clock Name:         datapath_uut/video_uut/mmcm_adv_inst_display_clocks/inst/clk_in1
Waveform(ns):       { 0.000 5.000 }
Period(ns):         10.000
Sources:            { datapath_uut/video_uut/mmcm_adv_inst_display_clocks/inst/clk_in1 }

Check Type        Corner  Lib Pin            Reference Pin  Required(ns)  Actual(ns)  Slack(ns)  Location         Pin
Min Period        n/a     MMCME2_ADV/CLKIN1  n/a            1.249         10.000      8.751      MMCME2_ADV_X1Y2  datapath_uut/video_uut/mmcm_adv_inst_display_clocks/inst/mmcm_adv_inst/CLKIN1
Max Period        n/a     MMCME2_ADV/CLKIN1  n/a            100.000       10.000      90.000     MMCME2_ADV_X1Y2  datapath_uut/video_uut/mmcm_adv_inst_display_clocks/inst/mmcm_adv_inst/CLKIN1
Low Pulse Width   Slow    MMCME2_ADV/CLKIN1  n/a            2.000         5.000       3.000      MMCME2_ADV_X1Y2  datapath_uut/video_uut/mmcm_adv_inst_display_clocks/inst/mmcm_adv_inst/CLKIN1
Low Pulse Width   Fast    MMCME2_ADV/CLKIN1  n/a            2.000         5.000       3.000      MMCME2_ADV_X1Y2  datapath_uut/video_uut/mmcm_adv_inst_display_clocks/inst/mmcm_adv_inst/CLKIN1
High Pulse Width  Slow    MMCME2_ADV/CLKIN1  n/a            2.000         5.000       3.000      MMCME2_ADV_X1Y2  datapath_uut/video_uut/mmcm_adv_inst_display_clocks/inst/mmcm_adv_inst/CLKIN1
High Pulse Width  Fast    MMCME2_ADV/CLKIN1  n/a            2.000         5.000       3.000      MMCME2_ADV_X1Y2  datapath_uut/video_uut/mmcm_adv_inst_display_clocks/inst/mmcm_adv_inst/CLKIN1



---------------------------------------------------------------------------------------------------
From Clock:  clk_out1_clk_wiz_0
  To Clock:  clk_out1_clk_wiz_0

Setup :            0  Failing Endpoints,  Worst Slack       17.284ns,  Total Violation        0.000ns
Hold  :            0  Failing Endpoints,  Worst Slack        0.122ns,  Total Violation        0.000ns
PW    :            0  Failing Endpoints,  Worst Slack       19.500ns,  Total Violation        0.000ns
---------------------------------------------------------------------------------------------------


Max Delay Paths
--------------------------------------------------------------------------------------
Slack (MET) :             17.284ns  (required time - arrival time)
  Source:                 datapath_uut/video_uut/Inst_vga/vga_signal_generator_inst/horizontal_counter/processQ_reg[1]/C
                            (rising edge-triggered cell FDRE clocked by clk_out1_clk_wiz_0  {rise@0.000ns fall@20.000ns period=40.000ns})
  Destination:            datapath_uut/video_uut/inst_dvid/TDMS_encoder_blue/dc_bias_reg[3]/D
                            (rising edge-triggered cell FDRE clocked by clk_out1_clk_wiz_0  {rise@0.000ns fall@20.000ns period=40.000ns})
  Path Group:             clk_out1_clk_wiz_0
  Path Type:              Setup (Max at Slow Process Corner)
  Requirement:            40.000ns  (clk_out1_clk_wiz_0 rise@40.000ns - clk_out1_clk_wiz_0 rise@0.000ns)
  Data Path Delay:        22.686ns  (logic 7.697ns (33.928%)  route 14.989ns (66.072%))
  Logic Levels:           24  (CARRY4=9 LUT1=2 LUT2=1 LUT3=3 LUT4=4 LUT5=1 LUT6=4)
  Clock Path Skew:        0.034ns (DCD - SCD + CPR)
    Destination Clock Delay (DCD):    -2.999ns = ( 37.001 - 40.000 ) 
    Source Clock Delay      (SCD):    -2.550ns
    Clock Pessimism Removal (CPR):    0.483ns
  Clock Uncertainty:      0.095ns  ((TSJ^2 + DJ^2)^1/2) / 2 + PE
    Total System Jitter     (TSJ):    0.071ns
    Discrete Jitter          (DJ):    0.175ns
    Phase Error              (PE):    0.000ns

    Location             Delay type                Incr(ns)  Path(ns)    Netlist Resource(s)
  -------------------------------------------------------------------    -------------------
                         (clock clk_out1_clk_wiz_0 rise edge)
                                                      0.000     0.000 r  
    R4                   IBUF                         0.000     0.000 r  clk_IBUF_inst/O
                         net (fo=27, routed)          1.233     1.233    datapath_uut/video_uut/mmcm_adv_inst_display_clocks/inst/clk_in1
    MMCME2_ADV_X1Y2      MMCME2_ADV (Prop_mmcme2_adv_CLKIN1_CLKOUT0)
                                                     -7.432    -6.199 r  datapath_uut/video_uut/mmcm_adv_inst_display_clocks/inst/mmcm_adv_inst/CLKOUT0
                         net (fo=1, routed)           1.808    -4.390    datapath_uut/video_uut/mmcm_adv_inst_display_clocks/inst/clk_out1_clk_wiz_0
    BUFGCTRL_X0Y1        BUFG (Prop_bufg_I_O)         0.096    -4.294 r  datapath_uut/video_uut/mmcm_adv_inst_display_clocks/inst/clkout1_buf/O
                         net (fo=271, routed)         1.744    -2.550    datapath_uut/video_uut/Inst_vga/vga_signal_generator_inst/horizontal_counter/clk_out1
    SLICE_X155Y120       FDRE                                         r  datapath_uut/video_uut/Inst_vga/vga_signal_generator_inst/horizontal_counter/processQ_reg[1]/C
  -------------------------------------------------------------------    -------------------
    SLICE_X155Y120       FDRE (Prop_fdre_C_Q)         0.419    -2.131 f  datapath_uut/video_uut/Inst_vga/vga_signal_generator_inst/horizontal_counter/processQ_reg[1]/Q
                         net (fo=16, routed)          0.707    -1.424    datapath_uut/video_uut/Inst_vga/vga_signal_generator_inst/horizontal_counter/Q[1]
    SLICE_X152Y117       LUT1 (Prop_lut1_I0_O)        0.299    -1.125 r  datapath_uut/video_uut/Inst_vga/vga_signal_generator_inst/horizontal_counter/encoded[5]_i_316/O
                         net (fo=1, routed)           0.000    -1.125    datapath_uut/video_uut/Inst_vga/vga_signal_generator_inst/horizontal_counter/encoded[5]_i_316_n_0
    SLICE_X152Y117       CARRY4 (Prop_carry4_S[1]_O[2])
                                                      0.578    -0.547 f  datapath_uut/video_uut/Inst_vga/vga_signal_generator_inst/horizontal_counter/encoded_reg[5]_i_269/O[2]
                         net (fo=1, routed)           0.598     0.052    datapath_uut/video_uut/Inst_vga/vga_signal_generator_inst/horizontal_counter/color_mapper_inst/multOp[2]
    SLICE_X150Y118       LUT1 (Prop_lut1_I0_O)        0.301     0.353 r  datapath_uut/video_uut/Inst_vga/vga_signal_generator_inst/horizontal_counter/dc_bias[0]_i_909/O
                         net (fo=1, routed)           0.000     0.353    datapath_uut/video_uut/Inst_vga/vga_signal_generator_inst/horizontal_counter/dc_bias[0]_i_909_n_0
    SLICE_X150Y118       CARRY4 (Prop_carry4_S[1]_O[3])
                                                      0.643     0.996 f  datapath_uut/video_uut/Inst_vga/vga_signal_generator_inst/horizontal_counter/dc_bias_reg[0]_i_636/O[3]
                         net (fo=22, routed)          0.630     1.626    datapath_uut/video_uut/Inst_vga/vga_signal_generator_inst/horizontal_counter/color_mapper_inst/L3[4]
    SLICE_X150Y117       LUT3 (Prop_lut3_I0_O)        0.333     1.959 r  datapath_uut/video_uut/Inst_vga/vga_signal_generator_inst/horizontal_counter/encoded[5]_i_264/O
                         net (fo=1, routed)           0.382     2.341    datapath_uut/video_uut/Inst_vga/vga_signal_generator_inst/horizontal_counter/encoded[5]_i_264_n_0
    SLICE_X151Y117       CARRY4 (Prop_carry4_CYINIT_O[2])
                                                      0.788     3.129 f  datapath_uut/video_uut/Inst_vga/vga_signal_generator_inst/horizontal_counter/encoded_reg[5]_i_168/O[2]
                         net (fo=32, routed)          2.237     5.366    datapath_uut/video_uut/Inst_vga/vga_signal_generator_inst/horizontal_counter/color_mapper_inst/L1[3]
    SLICE_X157Y127       LUT3 (Prop_lut3_I0_O)        0.302     5.668 r  datapath_uut/video_uut/Inst_vga/vga_signal_generator_inst/horizontal_counter/dc_bias[0]_i_984/O
                         net (fo=1, routed)           0.000     5.668    datapath_uut/video_uut/Inst_vga/vga_signal_generator_inst/horizontal_counter/dc_bias[0]_i_984_n_0
    SLICE_X157Y127       CARRY4 (Prop_carry4_S[2]_CO[3])
                                                      0.398     6.066 r  datapath_uut/video_uut/Inst_vga/vga_signal_generator_inst/horizontal_counter/dc_bias_reg[0]_i_814/CO[3]
                         net (fo=1, routed)           0.000     6.066    datapath_uut/video_uut/Inst_vga/vga_signal_generator_inst/horizontal_counter/dc_bias_reg[0]_i_814_n_0
    SLICE_X157Y128       CARRY4 (Prop_carry4_CI_CO[3])
                                                      0.114     6.180 r  datapath_uut/video_uut/Inst_vga/vga_signal_generator_inst/horizontal_counter/dc_bias_reg[0]_i_548/CO[3]
                         net (fo=1, routed)           0.000     6.180    datapath_uut/video_uut/Inst_vga/vga_signal_generator_inst/horizontal_counter/dc_bias_reg[0]_i_548_n_0
    SLICE_X157Y129       CARRY4 (Prop_carry4_CI_CO[3])
                                                      0.114     6.294 r  datapath_uut/video_uut/Inst_vga/vga_signal_generator_inst/horizontal_counter/dc_bias_reg[0]_i_549/CO[3]
                         net (fo=1, routed)           0.000     6.294    datapath_uut/video_uut/Inst_vga/vga_signal_generator_inst/horizontal_counter/dc_bias_reg[0]_i_549_n_0
    SLICE_X157Y130       CARRY4 (Prop_carry4_CI_CO[3])
                                                      0.114     6.408 r  datapath_uut/video_uut/Inst_vga/vga_signal_generator_inst/horizontal_counter/dc_bias_reg[0]_i_279/CO[3]
                         net (fo=1, routed)           0.000     6.408    datapath_uut/video_uut/Inst_vga/vga_signal_generator_inst/horizontal_counter/dc_bias_reg[0]_i_279_n_0
    SLICE_X157Y131       CARRY4 (Prop_carry4_CI_O[1])
                                                      0.334     6.742 f  datapath_uut/video_uut/Inst_vga/vga_signal_generator_inst/horizontal_counter/dc_bias_reg[0]_i_277/O[1]
                         net (fo=3, routed)           0.586     7.328    datapath_uut/video_uut/Inst_vga/vga_signal_generator_inst/horizontal_counter/dc_bias_reg[0]_i_277_n_6
    SLICE_X156Y129       LUT2 (Prop_lut2_I0_O)        0.303     7.631 r  datapath_uut/video_uut/Inst_vga/vga_signal_generator_inst/horizontal_counter/dc_bias[0]_i_111/O
                         net (fo=1, routed)           0.000     7.631    datapath_uut/video_uut/Inst_vga/vga_signal_generator_inst/horizontal_counter/dc_bias[0]_i_111_n_0
    SLICE_X156Y129       CARRY4 (Prop_carry4_S[1]_CO[2])
                                                      0.570     8.201 r  datapath_uut/video_uut/Inst_vga/vga_signal_generator_inst/horizontal_counter/dc_bias_reg[0]_i_33/CO[2]
                         net (fo=4, routed)           1.551     9.752    datapath_uut/video_uut/Inst_vga/vga_signal_generator_inst/horizontal_counter/color_mapper_inst/row_7112_in
    SLICE_X145Y127       LUT4 (Prop_lut4_I0_O)        0.313    10.065 r  datapath_uut/video_uut/Inst_vga/vga_signal_generator_inst/horizontal_counter/dc_bias[0]_i_21/O
                         net (fo=8, routed)           0.726    10.792    datapath_uut/video_uut/Inst_vga/vga_signal_generator_inst/horizontal_counter/dc_bias[0]_i_21_n_0
    SLICE_X146Y129       LUT6 (Prop_lut6_I0_O)        0.124    10.916 r  datapath_uut/video_uut/Inst_vga/vga_signal_generator_inst/horizontal_counter/dc_bias[0]_i_16__0/O
                         net (fo=2, routed)           1.025    11.940    datapath_uut/video_uut/Inst_vga/vga_signal_generator_inst/horizontal_counter/dc_bias[0]_i_16__0_n_0
    SLICE_X145Y123       LUT6 (Prop_lut6_I0_O)        0.124    12.064 r  datapath_uut/video_uut/Inst_vga/vga_signal_generator_inst/horizontal_counter/dc_bias[0]_i_13/O
                         net (fo=13, routed)          1.466    13.530    datapath_uut/video_uut/Inst_vga/color_mapper_inst/chicken_color/dc_bias_reg[0]_8
    SLICE_X161Y121       LUT3 (Prop_lut3_I0_O)        0.124    13.654 r  datapath_uut/video_uut/Inst_vga/color_mapper_inst/chicken_color/encoded[0]_i_2/O
                         net (fo=19, routed)          0.454    14.108    datapath_uut/video_uut/Inst_vga/color_mapper_inst/chicken_color/rgb_reg_2
    SLICE_X161Y121       LUT4 (Prop_lut4_I3_O)        0.153    14.261 r  datapath_uut/video_uut/Inst_vga/color_mapper_inst/chicken_color/encoded[1]_i_3__0/O
                         net (fo=15, routed)          1.270    15.531    datapath_uut/video_uut/Inst_vga/color_mapper_inst/chicken_color/encoded[1]_i_3__0_n_0
    SLICE_X162Y125       LUT6 (Prop_lut6_I4_O)        0.327    15.858 r  datapath_uut/video_uut/Inst_vga/color_mapper_inst/chicken_color/encoded[7]_i_3__1/O
                         net (fo=4, routed)           0.692    16.550    datapath_uut/video_uut/Inst_vga/color_mapper_inst/chicken_color/encoded[7]_i_3__1_n_0
    SLICE_X162Y125       LUT5 (Prop_lut5_I1_O)        0.150    16.700 r  datapath_uut/video_uut/Inst_vga/color_mapper_inst/chicken_color/dc_bias[0]_i_10__1/O
                         net (fo=7, routed)           0.667    17.367    datapath_uut/video_uut/Inst_vga/color_mapper_inst/chicken_color/dc_bias[0]_i_10__1_n_0
    SLICE_X160Y122       LUT4 (Prop_lut4_I0_O)        0.322    17.689 f  datapath_uut/video_uut/Inst_vga/color_mapper_inst/chicken_color/dc_bias[3]_i_12__0/O
                         net (fo=5, routed)           0.737    18.426    datapath_uut/video_uut/Inst_vga/color_mapper_inst/chicken_color/dc_bias[3]_i_12__0_n_0
    SLICE_X162Y124       LUT4 (Prop_lut4_I2_O)        0.326    18.752 r  datapath_uut/video_uut/Inst_vga/color_mapper_inst/chicken_color/dc_bias[3]_i_3/O
                         net (fo=13, routed)          1.261    20.013    datapath_uut/video_uut/Inst_vga/color_mapper_inst/chicken_color/dc_bias_reg[2]
    SLICE_X161Y123       LUT6 (Prop_lut6_I1_O)        0.124    20.137 r  datapath_uut/video_uut/Inst_vga/color_mapper_inst/chicken_color/dc_bias[3]_i_1/O
                         net (fo=1, routed)           0.000    20.137    datapath_uut/video_uut/inst_dvid/TDMS_encoder_blue/dc_bias_reg[3]_1[3]
    SLICE_X161Y123       FDRE                                         r  datapath_uut/video_uut/inst_dvid/TDMS_encoder_blue/dc_bias_reg[3]/D
  -------------------------------------------------------------------    -------------------

                         (clock clk_out1_clk_wiz_0 rise edge)
                                                     40.000    40.000 r  
    R4                   IBUF                         0.000    40.000 r  clk_IBUF_inst/O
                         net (fo=27, routed)          1.162    41.162    datapath_uut/video_uut/mmcm_adv_inst_display_clocks/inst/clk_in1
    MMCME2_ADV_X1Y2      MMCME2_ADV (Prop_mmcme2_adv_CLKIN1_CLKOUT0)
                                                     -7.674    33.488 r  datapath_uut/video_uut/mmcm_adv_inst_display_clocks/inst/mmcm_adv_inst/CLKOUT0
                         net (fo=1, routed)           1.723    35.211    datapath_uut/video_uut/mmcm_adv_inst_display_clocks/inst/clk_out1_clk_wiz_0
    BUFGCTRL_X0Y1        BUFG (Prop_bufg_I_O)         0.091    35.302 r  datapath_uut/video_uut/mmcm_adv_inst_display_clocks/inst/clkout1_buf/O
                         net (fo=271, routed)         1.698    37.001    datapath_uut/video_uut/inst_dvid/TDMS_encoder_blue/clk_out1
    SLICE_X161Y123       FDRE                                         r  datapath_uut/video_uut/inst_dvid/TDMS_encoder_blue/dc_bias_reg[3]/C
                         clock pessimism              0.483    37.484    
                         clock uncertainty           -0.095    37.390    
    SLICE_X161Y123       FDRE (Setup_fdre_C_D)        0.031    37.421    datapath_uut/video_uut/inst_dvid/TDMS_encoder_blue/dc_bias_reg[3]
  -------------------------------------------------------------------
                         required time                         37.421    
                         arrival time                         -20.137    
  -------------------------------------------------------------------
                         slack                                 17.284    

Slack (MET) :             17.345ns  (required time - arrival time)
  Source:                 datapath_uut/video_uut/Inst_vga/vga_signal_generator_inst/horizontal_counter/processQ_reg[1]/C
                            (rising edge-triggered cell FDRE clocked by clk_out1_clk_wiz_0  {rise@0.000ns fall@20.000ns period=40.000ns})
  Destination:            datapath_uut/video_uut/inst_dvid/TDMS_encoder_blue/dc_bias_reg[2]/D
                            (rising edge-triggered cell FDRE clocked by clk_out1_clk_wiz_0  {rise@0.000ns fall@20.000ns period=40.000ns})
  Path Group:             clk_out1_clk_wiz_0
  Path Type:              Setup (Max at Slow Process Corner)
  Requirement:            40.000ns  (clk_out1_clk_wiz_0 rise@40.000ns - clk_out1_clk_wiz_0 rise@0.000ns)
  Data Path Delay:        22.658ns  (logic 7.914ns (34.928%)  route 14.744ns (65.072%))
  Logic Levels:           25  (CARRY4=9 LUT1=2 LUT2=1 LUT3=3 LUT4=3 LUT5=2 LUT6=4 MUXF7=1)
  Clock Path Skew:        0.034ns (DCD - SCD + CPR)
    Destination Clock Delay (DCD):    -2.999ns = ( 37.001 - 40.000 ) 
    Source Clock Delay      (SCD):    -2.550ns
    Clock Pessimism Removal (CPR):    0.483ns
  Clock Uncertainty:      0.095ns  ((TSJ^2 + DJ^2)^1/2) / 2 + PE
    Total System Jitter     (TSJ):    0.071ns
    Discrete Jitter          (DJ):    0.175ns
    Phase Error              (PE):    0.000ns

    Location             Delay type                Incr(ns)  Path(ns)    Netlist Resource(s)
  -------------------------------------------------------------------    -------------------
                         (clock clk_out1_clk_wiz_0 rise edge)
                                                      0.000     0.000 r  
    R4                   IBUF                         0.000     0.000 r  clk_IBUF_inst/O
                         net (fo=27, routed)          1.233     1.233    datapath_uut/video_uut/mmcm_adv_inst_display_clocks/inst/clk_in1
    MMCME2_ADV_X1Y2      MMCME2_ADV (Prop_mmcme2_adv_CLKIN1_CLKOUT0)
                                                     -7.432    -6.199 r  datapath_uut/video_uut/mmcm_adv_inst_display_clocks/inst/mmcm_adv_inst/CLKOUT0
                         net (fo=1, routed)           1.808    -4.390    datapath_uut/video_uut/mmcm_adv_inst_display_clocks/inst/clk_out1_clk_wiz_0
    BUFGCTRL_X0Y1        BUFG (Prop_bufg_I_O)         0.096    -4.294 r  datapath_uut/video_uut/mmcm_adv_inst_display_clocks/inst/clkout1_buf/O
                         net (fo=271, routed)         1.744    -2.550    datapath_uut/video_uut/Inst_vga/vga_signal_generator_inst/horizontal_counter/clk_out1
    SLICE_X155Y120       FDRE                                         r  datapath_uut/video_uut/Inst_vga/vga_signal_generator_inst/horizontal_counter/processQ_reg[1]/C
  -------------------------------------------------------------------    -------------------
    SLICE_X155Y120       FDRE (Prop_fdre_C_Q)         0.419    -2.131 f  datapath_uut/video_uut/Inst_vga/vga_signal_generator_inst/horizontal_counter/processQ_reg[1]/Q
                         net (fo=16, routed)          0.707    -1.424    datapath_uut/video_uut/Inst_vga/vga_signal_generator_inst/horizontal_counter/Q[1]
    SLICE_X152Y117       LUT1 (Prop_lut1_I0_O)        0.299    -1.125 r  datapath_uut/video_uut/Inst_vga/vga_signal_generator_inst/horizontal_counter/encoded[5]_i_316/O
                         net (fo=1, routed)           0.000    -1.125    datapath_uut/video_uut/Inst_vga/vga_signal_generator_inst/horizontal_counter/encoded[5]_i_316_n_0
    SLICE_X152Y117       CARRY4 (Prop_carry4_S[1]_O[2])
                                                      0.578    -0.547 f  datapath_uut/video_uut/Inst_vga/vga_signal_generator_inst/horizontal_counter/encoded_reg[5]_i_269/O[2]
                         net (fo=1, routed)           0.598     0.052    datapath_uut/video_uut/Inst_vga/vga_signal_generator_inst/horizontal_counter/color_mapper_inst/multOp[2]
    SLICE_X150Y118       LUT1 (Prop_lut1_I0_O)        0.301     0.353 r  datapath_uut/video_uut/Inst_vga/vga_signal_generator_inst/horizontal_counter/dc_bias[0]_i_909/O
                         net (fo=1, routed)           0.000     0.353    datapath_uut/video_uut/Inst_vga/vga_signal_generator_inst/horizontal_counter/dc_bias[0]_i_909_n_0
    SLICE_X150Y118       CARRY4 (Prop_carry4_S[1]_O[3])
                                                      0.643     0.996 f  datapath_uut/video_uut/Inst_vga/vga_signal_generator_inst/horizontal_counter/dc_bias_reg[0]_i_636/O[3]
                         net (fo=22, routed)          0.630     1.626    datapath_uut/video_uut/Inst_vga/vga_signal_generator_inst/horizontal_counter/color_mapper_inst/L3[4]
    SLICE_X150Y117       LUT3 (Prop_lut3_I0_O)        0.333     1.959 r  datapath_uut/video_uut/Inst_vga/vga_signal_generator_inst/horizontal_counter/encoded[5]_i_264/O
                         net (fo=1, routed)           0.382     2.341    datapath_uut/video_uut/Inst_vga/vga_signal_generator_inst/horizontal_counter/encoded[5]_i_264_n_0
    SLICE_X151Y117       CARRY4 (Prop_carry4_CYINIT_O[2])
                                                      0.788     3.129 f  datapath_uut/video_uut/Inst_vga/vga_signal_generator_inst/horizontal_counter/encoded_reg[5]_i_168/O[2]
                         net (fo=32, routed)          2.237     5.366    datapath_uut/video_uut/Inst_vga/vga_signal_generator_inst/horizontal_counter/color_mapper_inst/L1[3]
    SLICE_X157Y127       LUT3 (Prop_lut3_I0_O)        0.302     5.668 r  datapath_uut/video_uut/Inst_vga/vga_signal_generator_inst/horizontal_counter/dc_bias[0]_i_984/O
                         net (fo=1, routed)           0.000     5.668    datapath_uut/video_uut/Inst_vga/vga_signal_generator_inst/horizontal_counter/dc_bias[0]_i_984_n_0
    SLICE_X157Y127       CARRY4 (Prop_carry4_S[2]_CO[3])
                                                      0.398     6.066 r  datapath_uut/video_uut/Inst_vga/vga_signal_generator_inst/horizontal_counter/dc_bias_reg[0]_i_814/CO[3]
                         net (fo=1, routed)           0.000     6.066    datapath_uut/video_uut/Inst_vga/vga_signal_generator_inst/horizontal_counter/dc_bias_reg[0]_i_814_n_0
    SLICE_X157Y128       CARRY4 (Prop_carry4_CI_CO[3])
                                                      0.114     6.180 r  datapath_uut/video_uut/Inst_vga/vga_signal_generator_inst/horizontal_counter/dc_bias_reg[0]_i_548/CO[3]
                         net (fo=1, routed)           0.000     6.180    datapath_uut/video_uut/Inst_vga/vga_signal_generator_inst/horizontal_counter/dc_bias_reg[0]_i_548_n_0
    SLICE_X157Y129       CARRY4 (Prop_carry4_CI_CO[3])
                                                      0.114     6.294 r  datapath_uut/video_uut/Inst_vga/vga_signal_generator_inst/horizontal_counter/dc_bias_reg[0]_i_549/CO[3]
                         net (fo=1, routed)           0.000     6.294    datapath_uut/video_uut/Inst_vga/vga_signal_generator_inst/horizontal_counter/dc_bias_reg[0]_i_549_n_0
    SLICE_X157Y130       CARRY4 (Prop_carry4_CI_CO[3])
                                                      0.114     6.408 r  datapath_uut/video_uut/Inst_vga/vga_signal_generator_inst/horizontal_counter/dc_bias_reg[0]_i_279/CO[3]
                         net (fo=1, routed)           0.000     6.408    datapath_uut/video_uut/Inst_vga/vga_signal_generator_inst/horizontal_counter/dc_bias_reg[0]_i_279_n_0
    SLICE_X157Y131       CARRY4 (Prop_carry4_CI_O[1])
                                                      0.334     6.742 f  datapath_uut/video_uut/Inst_vga/vga_signal_generator_inst/horizontal_counter/dc_bias_reg[0]_i_277/O[1]
                         net (fo=3, routed)           0.586     7.328    datapath_uut/video_uut/Inst_vga/vga_signal_generator_inst/horizontal_counter/dc_bias_reg[0]_i_277_n_6
    SLICE_X156Y129       LUT2 (Prop_lut2_I0_O)        0.303     7.631 r  datapath_uut/video_uut/Inst_vga/vga_signal_generator_inst/horizontal_counter/dc_bias[0]_i_111/O
                         net (fo=1, routed)           0.000     7.631    datapath_uut/video_uut/Inst_vga/vga_signal_generator_inst/horizontal_counter/dc_bias[0]_i_111_n_0
    SLICE_X156Y129       CARRY4 (Prop_carry4_S[1]_CO[2])
                                                      0.570     8.201 r  datapath_uut/video_uut/Inst_vga/vga_signal_generator_inst/horizontal_counter/dc_bias_reg[0]_i_33/CO[2]
                         net (fo=4, routed)           1.551     9.752    datapath_uut/video_uut/Inst_vga/vga_signal_generator_inst/horizontal_counter/color_mapper_inst/row_7112_in
    SLICE_X145Y127       LUT4 (Prop_lut4_I0_O)        0.313    10.065 r  datapath_uut/video_uut/Inst_vga/vga_signal_generator_inst/horizontal_counter/dc_bias[0]_i_21/O
                         net (fo=8, routed)           0.726    10.792    datapath_uut/video_uut/Inst_vga/vga_signal_generator_inst/horizontal_counter/dc_bias[0]_i_21_n_0
    SLICE_X146Y129       LUT6 (Prop_lut6_I0_O)        0.124    10.916 r  datapath_uut/video_uut/Inst_vga/vga_signal_generator_inst/horizontal_counter/dc_bias[0]_i_16__0/O
                         net (fo=2, routed)           1.025    11.940    datapath_uut/video_uut/Inst_vga/vga_signal_generator_inst/horizontal_counter/dc_bias[0]_i_16__0_n_0
    SLICE_X145Y123       LUT6 (Prop_lut6_I0_O)        0.124    12.064 r  datapath_uut/video_uut/Inst_vga/vga_signal_generator_inst/horizontal_counter/dc_bias[0]_i_13/O
                         net (fo=13, routed)          1.466    13.530    datapath_uut/video_uut/Inst_vga/color_mapper_inst/chicken_color/dc_bias_reg[0]_8
    SLICE_X161Y121       LUT3 (Prop_lut3_I0_O)        0.124    13.654 r  datapath_uut/video_uut/Inst_vga/color_mapper_inst/chicken_color/encoded[0]_i_2/O
                         net (fo=19, routed)          0.454    14.108    datapath_uut/video_uut/Inst_vga/color_mapper_inst/chicken_color/rgb_reg_2
    SLICE_X161Y121       LUT4 (Prop_lut4_I3_O)        0.153    14.261 r  datapath_uut/video_uut/Inst_vga/color_mapper_inst/chicken_color/encoded[1]_i_3__0/O
                         net (fo=15, routed)          1.270    15.531    datapath_uut/video_uut/Inst_vga/color_mapper_inst/chicken_color/encoded[1]_i_3__0_n_0
    SLICE_X162Y125       LUT6 (Prop_lut6_I4_O)        0.327    15.858 r  datapath_uut/video_uut/Inst_vga/color_mapper_inst/chicken_color/encoded[7]_i_3__1/O
                         net (fo=4, routed)           0.692    16.550    datapath_uut/video_uut/Inst_vga/color_mapper_inst/chicken_color/encoded[7]_i_3__1_n_0
    SLICE_X162Y125       LUT5 (Prop_lut5_I1_O)        0.150    16.700 r  datapath_uut/video_uut/Inst_vga/color_mapper_inst/chicken_color/dc_bias[0]_i_10__1/O
                         net (fo=7, routed)           1.009    17.710    datapath_uut/video_uut/Inst_vga/color_mapper_inst/chicken_color/dc_bias[0]_i_10__1_n_0
    SLICE_X163Y122       LUT4 (Prop_lut4_I0_O)        0.328    18.038 r  datapath_uut/video_uut/Inst_vga/color_mapper_inst/chicken_color/dc_bias[3]_i_11/O
                         net (fo=6, routed)           0.594    18.632    datapath_uut/video_uut/Inst_vga/color_mapper_inst/chicken_color/dc_bias[3]_i_11_n_0
    SLICE_X162Y124       LUT5 (Prop_lut5_I1_O)        0.116    18.748 r  datapath_uut/video_uut/Inst_vga/color_mapper_inst/chicken_color/dc_bias[2]_i_5/O
                         net (fo=1, routed)           0.816    19.563    datapath_uut/video_uut/Inst_vga/color_mapper_inst/chicken_color/dc_bias[2]_i_5_n_0
    SLICE_X161Y123       LUT6 (Prop_lut6_I2_O)        0.328    19.891 r  datapath_uut/video_uut/Inst_vga/color_mapper_inst/chicken_color/dc_bias[2]_i_3/O
                         net (fo=1, routed)           0.000    19.891    datapath_uut/video_uut/Inst_vga/color_mapper_inst/chicken_color/dc_bias[2]_i_3_n_0
    SLICE_X161Y123       MUXF7 (Prop_muxf7_I1_O)      0.217    20.108 r  datapath_uut/video_uut/Inst_vga/color_mapper_inst/chicken_color/dc_bias_reg[2]_i_1/O
                         net (fo=1, routed)           0.000    20.108    datapath_uut/video_uut/inst_dvid/TDMS_encoder_blue/dc_bias_reg[3]_1[2]
    SLICE_X161Y123       FDRE                                         r  datapath_uut/video_uut/inst_dvid/TDMS_encoder_blue/dc_bias_reg[2]/D
  -------------------------------------------------------------------    -------------------

                         (clock clk_out1_clk_wiz_0 rise edge)
                                                     40.000    40.000 r  
    R4                   IBUF                         0.000    40.000 r  clk_IBUF_inst/O
                         net (fo=27, routed)          1.162    41.162    datapath_uut/video_uut/mmcm_adv_inst_display_clocks/inst/clk_in1
    MMCME2_ADV_X1Y2      MMCME2_ADV (Prop_mmcme2_adv_CLKIN1_CLKOUT0)
                                                     -7.674    33.488 r  datapath_uut/video_uut/mmcm_adv_inst_display_clocks/inst/mmcm_adv_inst/CLKOUT0
                         net (fo=1, routed)           1.723    35.211    datapath_uut/video_uut/mmcm_adv_inst_display_clocks/inst/clk_out1_clk_wiz_0
    BUFGCTRL_X0Y1        BUFG (Prop_bufg_I_O)         0.091    35.302 r  datapath_uut/video_uut/mmcm_adv_inst_display_clocks/inst/clkout1_buf/O
                         net (fo=271, routed)         1.698    37.001    datapath_uut/video_uut/inst_dvid/TDMS_encoder_blue/clk_out1
    SLICE_X161Y123       FDRE                                         r  datapath_uut/video_uut/inst_dvid/TDMS_encoder_blue/dc_bias_reg[2]/C
                         clock pessimism              0.483    37.484    
                         clock uncertainty           -0.095    37.390    
    SLICE_X161Y123       FDRE (Setup_fdre_C_D)        0.064    37.454    datapath_uut/video_uut/inst_dvid/TDMS_encoder_blue/dc_bias_reg[2]
  -------------------------------------------------------------------
                         required time                         37.454    
                         arrival time                         -20.108    
  -------------------------------------------------------------------
                         slack                                 17.345    

Slack (MET) :             17.358ns  (required time - arrival time)
  Source:                 datapath_uut/video_uut/Inst_vga/vga_signal_generator_inst/horizontal_counter/processQ_reg[1]/C
                            (rising edge-triggered cell FDRE clocked by clk_out1_clk_wiz_0  {rise@0.000ns fall@20.000ns period=40.000ns})
  Destination:            datapath_uut/video_uut/inst_dvid/TDMS_encoder_red/dc_bias_reg[2]/D
                            (rising edge-triggered cell FDRE clocked by clk_out1_clk_wiz_0  {rise@0.000ns fall@20.000ns period=40.000ns})
  Path Group:             clk_out1_clk_wiz_0
  Path Type:              Setup (Max at Slow Process Corner)
  Requirement:            40.000ns  (clk_out1_clk_wiz_0 rise@40.000ns - clk_out1_clk_wiz_0 rise@0.000ns)
  Data Path Delay:        22.653ns  (logic 7.962ns (35.148%)  route 14.691ns (64.852%))
  Logic Levels:           25  (CARRY4=9 LUT1=2 LUT2=1 LUT3=5 LUT4=1 LUT5=2 LUT6=4 MUXF7=1)
  Clock Path Skew:        0.042ns (DCD - SCD + CPR)
    Destination Clock Delay (DCD):    -2.991ns = ( 37.009 - 40.000 ) 
    Source Clock Delay      (SCD):    -2.550ns
    Clock Pessimism Removal (CPR):    0.483ns
  Clock Uncertainty:      0.095ns  ((TSJ^2 + DJ^2)^1/2) / 2 + PE
    Total System Jitter     (TSJ):    0.071ns
    Discrete Jitter          (DJ):    0.175ns
    Phase Error              (PE):    0.000ns

    Location             Delay type                Incr(ns)  Path(ns)    Netlist Resource(s)
  -------------------------------------------------------------------    -------------------
                         (clock clk_out1_clk_wiz_0 rise edge)
                                                      0.000     0.000 r  
    R4                   IBUF                         0.000     0.000 r  clk_IBUF_inst/O
                         net (fo=27, routed)          1.233     1.233    datapath_uut/video_uut/mmcm_adv_inst_display_clocks/inst/clk_in1
    MMCME2_ADV_X1Y2      MMCME2_ADV (Prop_mmcme2_adv_CLKIN1_CLKOUT0)
                                                     -7.432    -6.199 r  datapath_uut/video_uut/mmcm_adv_inst_display_clocks/inst/mmcm_adv_inst/CLKOUT0
                         net (fo=1, routed)           1.808    -4.390    datapath_uut/video_uut/mmcm_adv_inst_display_clocks/inst/clk_out1_clk_wiz_0
    BUFGCTRL_X0Y1        BUFG (Prop_bufg_I_O)         0.096    -4.294 r  datapath_uut/video_uut/mmcm_adv_inst_display_clocks/inst/clkout1_buf/O
                         net (fo=271, routed)         1.744    -2.550    datapath_uut/video_uut/Inst_vga/vga_signal_generator_inst/horizontal_counter/clk_out1
    SLICE_X155Y120       FDRE                                         r  datapath_uut/video_uut/Inst_vga/vga_signal_generator_inst/horizontal_counter/processQ_reg[1]/C
  -------------------------------------------------------------------    -------------------
    SLICE_X155Y120       FDRE (Prop_fdre_C_Q)         0.419    -2.131 f  datapath_uut/video_uut/Inst_vga/vga_signal_generator_inst/horizontal_counter/processQ_reg[1]/Q
                         net (fo=16, routed)          0.707    -1.424    datapath_uut/video_uut/Inst_vga/vga_signal_generator_inst/horizontal_counter/Q[1]
    SLICE_X152Y117       LUT1 (Prop_lut1_I0_O)        0.299    -1.125 r  datapath_uut/video_uut/Inst_vga/vga_signal_generator_inst/horizontal_counter/encoded[5]_i_316/O
                         net (fo=1, routed)           0.000    -1.125    datapath_uut/video_uut/Inst_vga/vga_signal_generator_inst/horizontal_counter/encoded[5]_i_316_n_0
    SLICE_X152Y117       CARRY4 (Prop_carry4_S[1]_O[2])
                                                      0.578    -0.547 f  datapath_uut/video_uut/Inst_vga/vga_signal_generator_inst/horizontal_counter/encoded_reg[5]_i_269/O[2]
                         net (fo=1, routed)           0.598     0.052    datapath_uut/video_uut/Inst_vga/vga_signal_generator_inst/horizontal_counter/color_mapper_inst/multOp[2]
    SLICE_X150Y118       LUT1 (Prop_lut1_I0_O)        0.301     0.353 r  datapath_uut/video_uut/Inst_vga/vga_signal_generator_inst/horizontal_counter/dc_bias[0]_i_909/O
                         net (fo=1, routed)           0.000     0.353    datapath_uut/video_uut/Inst_vga/vga_signal_generator_inst/horizontal_counter/dc_bias[0]_i_909_n_0
    SLICE_X150Y118       CARRY4 (Prop_carry4_S[1]_O[3])
                                                      0.643     0.996 f  datapath_uut/video_uut/Inst_vga/vga_signal_generator_inst/horizontal_counter/dc_bias_reg[0]_i_636/O[3]
                         net (fo=22, routed)          0.630     1.626    datapath_uut/video_uut/Inst_vga/vga_signal_generator_inst/horizontal_counter/color_mapper_inst/L3[4]
    SLICE_X150Y117       LUT3 (Prop_lut3_I0_O)        0.333     1.959 r  datapath_uut/video_uut/Inst_vga/vga_signal_generator_inst/horizontal_counter/encoded[5]_i_264/O
                         net (fo=1, routed)           0.382     2.341    datapath_uut/video_uut/Inst_vga/vga_signal_generator_inst/horizontal_counter/encoded[5]_i_264_n_0
    SLICE_X151Y117       CARRY4 (Prop_carry4_CYINIT_O[2])
                                                      0.788     3.129 f  datapath_uut/video_uut/Inst_vga/vga_signal_generator_inst/horizontal_counter/encoded_reg[5]_i_168/O[2]
                         net (fo=32, routed)          2.237     5.366    datapath_uut/video_uut/Inst_vga/vga_signal_generator_inst/horizontal_counter/color_mapper_inst/L1[3]
    SLICE_X157Y127       LUT3 (Prop_lut3_I0_O)        0.302     5.668 r  datapath_uut/video_uut/Inst_vga/vga_signal_generator_inst/horizontal_counter/dc_bias[0]_i_984/O
                         net (fo=1, routed)           0.000     5.668    datapath_uut/video_uut/Inst_vga/vga_signal_generator_inst/horizontal_counter/dc_bias[0]_i_984_n_0
    SLICE_X157Y127       CARRY4 (Prop_carry4_S[2]_CO[3])
                                                      0.398     6.066 r  datapath_uut/video_uut/Inst_vga/vga_signal_generator_inst/horizontal_counter/dc_bias_reg[0]_i_814/CO[3]
                         net (fo=1, routed)           0.000     6.066    datapath_uut/video_uut/Inst_vga/vga_signal_generator_inst/horizontal_counter/dc_bias_reg[0]_i_814_n_0
    SLICE_X157Y128       CARRY4 (Prop_carry4_CI_CO[3])
                                                      0.114     6.180 r  datapath_uut/video_uut/Inst_vga/vga_signal_generator_inst/horizontal_counter/dc_bias_reg[0]_i_548/CO[3]
                         net (fo=1, routed)           0.000     6.180    datapath_uut/video_uut/Inst_vga/vga_signal_generator_inst/horizontal_counter/dc_bias_reg[0]_i_548_n_0
    SLICE_X157Y129       CARRY4 (Prop_carry4_CI_CO[3])
                                                      0.114     6.294 r  datapath_uut/video_uut/Inst_vga/vga_signal_generator_inst/horizontal_counter/dc_bias_reg[0]_i_549/CO[3]
                         net (fo=1, routed)           0.000     6.294    datapath_uut/video_uut/Inst_vga/vga_signal_generator_inst/horizontal_counter/dc_bias_reg[0]_i_549_n_0
    SLICE_X157Y130       CARRY4 (Prop_carry4_CI_CO[3])
                                                      0.114     6.408 r  datapath_uut/video_uut/Inst_vga/vga_signal_generator_inst/horizontal_counter/dc_bias_reg[0]_i_279/CO[3]
                         net (fo=1, routed)           0.000     6.408    datapath_uut/video_uut/Inst_vga/vga_signal_generator_inst/horizontal_counter/dc_bias_reg[0]_i_279_n_0
    SLICE_X157Y131       CARRY4 (Prop_carry4_CI_O[1])
                                                      0.334     6.742 f  datapath_uut/video_uut/Inst_vga/vga_signal_generator_inst/horizontal_counter/dc_bias_reg[0]_i_277/O[1]
                         net (fo=3, routed)           0.586     7.328    datapath_uut/video_uut/Inst_vga/vga_signal_generator_inst/horizontal_counter/dc_bias_reg[0]_i_277_n_6
    SLICE_X156Y129       LUT2 (Prop_lut2_I0_O)        0.303     7.631 r  datapath_uut/video_uut/Inst_vga/vga_signal_generator_inst/horizontal_counter/dc_bias[0]_i_111/O
                         net (fo=1, routed)           0.000     7.631    datapath_uut/video_uut/Inst_vga/vga_signal_generator_inst/horizontal_counter/dc_bias[0]_i_111_n_0
    SLICE_X156Y129       CARRY4 (Prop_carry4_S[1]_CO[2])
                                                      0.570     8.201 r  datapath_uut/video_uut/Inst_vga/vga_signal_generator_inst/horizontal_counter/dc_bias_reg[0]_i_33/CO[2]
                         net (fo=4, routed)           1.551     9.752    datapath_uut/video_uut/Inst_vga/vga_signal_generator_inst/horizontal_counter/color_mapper_inst/row_7112_in
    SLICE_X145Y127       LUT4 (Prop_lut4_I0_O)        0.313    10.065 r  datapath_uut/video_uut/Inst_vga/vga_signal_generator_inst/horizontal_counter/dc_bias[0]_i_21/O
                         net (fo=8, routed)           0.726    10.792    datapath_uut/video_uut/Inst_vga/vga_signal_generator_inst/horizontal_counter/dc_bias[0]_i_21_n_0
    SLICE_X146Y129       LUT6 (Prop_lut6_I0_O)        0.124    10.916 r  datapath_uut/video_uut/Inst_vga/vga_signal_generator_inst/horizontal_counter/dc_bias[0]_i_16__0/O
                         net (fo=2, routed)           1.025    11.940    datapath_uut/video_uut/Inst_vga/vga_signal_generator_inst/horizontal_counter/dc_bias[0]_i_16__0_n_0
    SLICE_X145Y123       LUT6 (Prop_lut6_I0_O)        0.124    12.064 r  datapath_uut/video_uut/Inst_vga/vga_signal_generator_inst/horizontal_counter/dc_bias[0]_i_13/O
                         net (fo=13, routed)          1.166    13.231    datapath_uut/video_uut/Inst_vga/color_mapper_inst/chicken_color/dc_bias_reg[0]_8
    SLICE_X157Y125       LUT3 (Prop_lut3_I0_O)        0.124    13.355 r  datapath_uut/video_uut/Inst_vga/color_mapper_inst/chicken_color/encoded[0]_i_2__1/O
                         net (fo=20, routed)          1.584    14.938    datapath_uut/video_uut/Inst_vga/color_mapper_inst/chicken_color/rgb_reg_9
    SLICE_X159Y134       LUT6 (Prop_lut6_I2_O)        0.124    15.062 r  datapath_uut/video_uut/Inst_vga/color_mapper_inst/chicken_color/encoded[5]_i_3/O
                         net (fo=6, routed)           0.823    15.885    datapath_uut/video_uut/Inst_vga/vga_signal_generator_inst/horizontal_counter/encoded_reg[6]_0
    SLICE_X162Y134       LUT3 (Prop_lut3_I2_O)        0.148    16.033 f  datapath_uut/video_uut/Inst_vga/vga_signal_generator_inst/horizontal_counter/encoded[6]_i_3/O
                         net (fo=8, routed)           0.831    16.864    datapath_uut/video_uut/Inst_vga/vga_signal_generator_inst/horizontal_counter/rgb_reg_9
    SLICE_X162Y133       LUT3 (Prop_lut3_I2_O)        0.354    17.218 r  datapath_uut/video_uut/Inst_vga/vga_signal_generator_inst/horizontal_counter/dc_bias[3]_i_32/O
                         net (fo=3, routed)           0.431    17.649    datapath_uut/video_uut/Inst_vga/color_mapper_inst/chicken_color/dc_bias[2]_i_4__0_0
    SLICE_X163Y133       LUT5 (Prop_lut5_I4_O)        0.348    17.997 r  datapath_uut/video_uut/Inst_vga/color_mapper_inst/chicken_color/dc_bias[3]_i_24__1/O
                         net (fo=3, routed)           0.828    18.825    datapath_uut/video_uut/Inst_vga/color_mapper_inst/chicken_color/dc_bias[3]_i_24__1_n_0
    SLICE_X159Y133       LUT5 (Prop_lut5_I4_O)        0.154    18.979 r  datapath_uut/video_uut/Inst_vga/color_mapper_inst/chicken_color/dc_bias[2]_i_4__0/O
                         net (fo=1, routed)           0.585    19.564    datapath_uut/video_uut/Inst_vga/color_mapper_inst/chicken_color/dc_bias[2]_i_4__0_n_0
    SLICE_X160Y133       LUT6 (Prop_lut6_I0_O)        0.327    19.891 r  datapath_uut/video_uut/Inst_vga/color_mapper_inst/chicken_color/dc_bias[2]_i_2__1/O
                         net (fo=1, routed)           0.000    19.891    datapath_uut/video_uut/Inst_vga/color_mapper_inst/chicken_color/dc_bias[2]_i_2__1_n_0
    SLICE_X160Y133       MUXF7 (Prop_muxf7_I0_O)      0.212    20.103 r  datapath_uut/video_uut/Inst_vga/color_mapper_inst/chicken_color/dc_bias_reg[2]_i_1__1/O
                         net (fo=1, routed)           0.000    20.103    datapath_uut/video_uut/inst_dvid/TDMS_encoder_red/D[2]
    SLICE_X160Y133       FDRE                                         r  datapath_uut/video_uut/inst_dvid/TDMS_encoder_red/dc_bias_reg[2]/D
  -------------------------------------------------------------------    -------------------

                         (clock clk_out1_clk_wiz_0 rise edge)
                                                     40.000    40.000 r  
    R4                   IBUF                         0.000    40.000 r  clk_IBUF_inst/O
                         net (fo=27, routed)          1.162    41.162    datapath_uut/video_uut/mmcm_adv_inst_display_clocks/inst/clk_in1
    MMCME2_ADV_X1Y2      MMCME2_ADV (Prop_mmcme2_adv_CLKIN1_CLKOUT0)
                                                     -7.674    33.488 r  datapath_uut/video_uut/mmcm_adv_inst_display_clocks/inst/mmcm_adv_inst/CLKOUT0
                         net (fo=1, routed)           1.723    35.211    datapath_uut/video_uut/mmcm_adv_inst_display_clocks/inst/clk_out1_clk_wiz_0
    BUFGCTRL_X0Y1        BUFG (Prop_bufg_I_O)         0.091    35.302 r  datapath_uut/video_uut/mmcm_adv_inst_display_clocks/inst/clkout1_buf/O
                         net (fo=271, routed)         1.706    37.009    datapath_uut/video_uut/inst_dvid/TDMS_encoder_red/clk_out1
    SLICE_X160Y133       FDRE                                         r  datapath_uut/video_uut/inst_dvid/TDMS_encoder_red/dc_bias_reg[2]/C
                         clock pessimism              0.483    37.492    
                         clock uncertainty           -0.095    37.398    
    SLICE_X160Y133       FDRE (Setup_fdre_C_D)        0.064    37.462    datapath_uut/video_uut/inst_dvid/TDMS_encoder_red/dc_bias_reg[2]
  -------------------------------------------------------------------
                         required time                         37.462    
                         arrival time                         -20.103    
  -------------------------------------------------------------------
                         slack                                 17.358    

Slack (MET) :             17.373ns  (required time - arrival time)
  Source:                 datapath_uut/video_uut/Inst_vga/vga_signal_generator_inst/horizontal_counter/processQ_reg[1]/C
                            (rising edge-triggered cell FDRE clocked by clk_out1_clk_wiz_0  {rise@0.000ns fall@20.000ns period=40.000ns})
  Destination:            datapath_uut/video_uut/inst_dvid/TDMS_encoder_red/dc_bias_reg[3]/D
                            (rising edge-triggered cell FDRE clocked by clk_out1_clk_wiz_0  {rise@0.000ns fall@20.000ns period=40.000ns})
  Path Group:             clk_out1_clk_wiz_0
  Path Type:              Setup (Max at Slow Process Corner)
  Requirement:            40.000ns  (clk_out1_clk_wiz_0 rise@40.000ns - clk_out1_clk_wiz_0 rise@0.000ns)
  Data Path Delay:        22.639ns  (logic 7.675ns (33.902%)  route 14.964ns (66.098%))
  Logic Levels:           25  (CARRY4=9 LUT1=2 LUT2=2 LUT3=5 LUT4=1 LUT6=5 MUXF7=1)
  Clock Path Skew:        0.042ns (DCD - SCD + CPR)
    Destination Clock Delay (DCD):    -2.991ns = ( 37.009 - 40.000 ) 
    Source Clock Delay      (SCD):    -2.550ns
    Clock Pessimism Removal (CPR):    0.483ns
  Clock Uncertainty:      0.095ns  ((TSJ^2 + DJ^2)^1/2) / 2 + PE
    Total System Jitter     (TSJ):    0.071ns
    Discrete Jitter          (DJ):    0.175ns
    Phase Error              (PE):    0.000ns

    Location             Delay type                Incr(ns)  Path(ns)    Netlist Resource(s)
  -------------------------------------------------------------------    -------------------
                         (clock clk_out1_clk_wiz_0 rise edge)
                                                      0.000     0.000 r  
    R4                   IBUF                         0.000     0.000 r  clk_IBUF_inst/O
                         net (fo=27, routed)          1.233     1.233    datapath_uut/video_uut/mmcm_adv_inst_display_clocks/inst/clk_in1
    MMCME2_ADV_X1Y2      MMCME2_ADV (Prop_mmcme2_adv_CLKIN1_CLKOUT0)
                                                     -7.432    -6.199 r  datapath_uut/video_uut/mmcm_adv_inst_display_clocks/inst/mmcm_adv_inst/CLKOUT0
                         net (fo=1, routed)           1.808    -4.390    datapath_uut/video_uut/mmcm_adv_inst_display_clocks/inst/clk_out1_clk_wiz_0
    BUFGCTRL_X0Y1        BUFG (Prop_bufg_I_O)         0.096    -4.294 r  datapath_uut/video_uut/mmcm_adv_inst_display_clocks/inst/clkout1_buf/O
                         net (fo=271, routed)         1.744    -2.550    datapath_uut/video_uut/Inst_vga/vga_signal_generator_inst/horizontal_counter/clk_out1
    SLICE_X155Y120       FDRE                                         r  datapath_uut/video_uut/Inst_vga/vga_signal_generator_inst/horizontal_counter/processQ_reg[1]/C
  -------------------------------------------------------------------    -------------------
    SLICE_X155Y120       FDRE (Prop_fdre_C_Q)         0.419    -2.131 f  datapath_uut/video_uut/Inst_vga/vga_signal_generator_inst/horizontal_counter/processQ_reg[1]/Q
                         net (fo=16, routed)          0.707    -1.424    datapath_uut/video_uut/Inst_vga/vga_signal_generator_inst/horizontal_counter/Q[1]
    SLICE_X152Y117       LUT1 (Prop_lut1_I0_O)        0.299    -1.125 r  datapath_uut/video_uut/Inst_vga/vga_signal_generator_inst/horizontal_counter/encoded[5]_i_316/O
                         net (fo=1, routed)           0.000    -1.125    datapath_uut/video_uut/Inst_vga/vga_signal_generator_inst/horizontal_counter/encoded[5]_i_316_n_0
    SLICE_X152Y117       CARRY4 (Prop_carry4_S[1]_O[2])
                                                      0.578    -0.547 f  datapath_uut/video_uut/Inst_vga/vga_signal_generator_inst/horizontal_counter/encoded_reg[5]_i_269/O[2]
                         net (fo=1, routed)           0.598     0.052    datapath_uut/video_uut/Inst_vga/vga_signal_generator_inst/horizontal_counter/color_mapper_inst/multOp[2]
    SLICE_X150Y118       LUT1 (Prop_lut1_I0_O)        0.301     0.353 r  datapath_uut/video_uut/Inst_vga/vga_signal_generator_inst/horizontal_counter/dc_bias[0]_i_909/O
                         net (fo=1, routed)           0.000     0.353    datapath_uut/video_uut/Inst_vga/vga_signal_generator_inst/horizontal_counter/dc_bias[0]_i_909_n_0
    SLICE_X150Y118       CARRY4 (Prop_carry4_S[1]_O[3])
                                                      0.643     0.996 f  datapath_uut/video_uut/Inst_vga/vga_signal_generator_inst/horizontal_counter/dc_bias_reg[0]_i_636/O[3]
                         net (fo=22, routed)          0.630     1.626    datapath_uut/video_uut/Inst_vga/vga_signal_generator_inst/horizontal_counter/color_mapper_inst/L3[4]
    SLICE_X150Y117       LUT3 (Prop_lut3_I0_O)        0.333     1.959 r  datapath_uut/video_uut/Inst_vga/vga_signal_generator_inst/horizontal_counter/encoded[5]_i_264/O
                         net (fo=1, routed)           0.382     2.341    datapath_uut/video_uut/Inst_vga/vga_signal_generator_inst/horizontal_counter/encoded[5]_i_264_n_0
    SLICE_X151Y117       CARRY4 (Prop_carry4_CYINIT_O[2])
                                                      0.788     3.129 f  datapath_uut/video_uut/Inst_vga/vga_signal_generator_inst/horizontal_counter/encoded_reg[5]_i_168/O[2]
                         net (fo=32, routed)          2.237     5.366    datapath_uut/video_uut/Inst_vga/vga_signal_generator_inst/horizontal_counter/color_mapper_inst/L1[3]
    SLICE_X157Y127       LUT3 (Prop_lut3_I0_O)        0.302     5.668 r  datapath_uut/video_uut/Inst_vga/vga_signal_generator_inst/horizontal_counter/dc_bias[0]_i_984/O
                         net (fo=1, routed)           0.000     5.668    datapath_uut/video_uut/Inst_vga/vga_signal_generator_inst/horizontal_counter/dc_bias[0]_i_984_n_0
    SLICE_X157Y127       CARRY4 (Prop_carry4_S[2]_CO[3])
                                                      0.398     6.066 r  datapath_uut/video_uut/Inst_vga/vga_signal_generator_inst/horizontal_counter/dc_bias_reg[0]_i_814/CO[3]
                         net (fo=1, routed)           0.000     6.066    datapath_uut/video_uut/Inst_vga/vga_signal_generator_inst/horizontal_counter/dc_bias_reg[0]_i_814_n_0
    SLICE_X157Y128       CARRY4 (Prop_carry4_CI_CO[3])
                                                      0.114     6.180 r  datapath_uut/video_uut/Inst_vga/vga_signal_generator_inst/horizontal_counter/dc_bias_reg[0]_i_548/CO[3]
                         net (fo=1, routed)           0.000     6.180    datapath_uut/video_uut/Inst_vga/vga_signal_generator_inst/horizontal_counter/dc_bias_reg[0]_i_548_n_0
    SLICE_X157Y129       CARRY4 (Prop_carry4_CI_CO[3])
                                                      0.114     6.294 r  datapath_uut/video_uut/Inst_vga/vga_signal_generator_inst/horizontal_counter/dc_bias_reg[0]_i_549/CO[3]
                         net (fo=1, routed)           0.000     6.294    datapath_uut/video_uut/Inst_vga/vga_signal_generator_inst/horizontal_counter/dc_bias_reg[0]_i_549_n_0
    SLICE_X157Y130       CARRY4 (Prop_carry4_CI_CO[3])
                                                      0.114     6.408 r  datapath_uut/video_uut/Inst_vga/vga_signal_generator_inst/horizontal_counter/dc_bias_reg[0]_i_279/CO[3]
                         net (fo=1, routed)           0.000     6.408    datapath_uut/video_uut/Inst_vga/vga_signal_generator_inst/horizontal_counter/dc_bias_reg[0]_i_279_n_0
    SLICE_X157Y131       CARRY4 (Prop_carry4_CI_O[1])
                                                      0.334     6.742 f  datapath_uut/video_uut/Inst_vga/vga_signal_generator_inst/horizontal_counter/dc_bias_reg[0]_i_277/O[1]
                         net (fo=3, routed)           0.586     7.328    datapath_uut/video_uut/Inst_vga/vga_signal_generator_inst/horizontal_counter/dc_bias_reg[0]_i_277_n_6
    SLICE_X156Y129       LUT2 (Prop_lut2_I0_O)        0.303     7.631 r  datapath_uut/video_uut/Inst_vga/vga_signal_generator_inst/horizontal_counter/dc_bias[0]_i_111/O
                         net (fo=1, routed)           0.000     7.631    datapath_uut/video_uut/Inst_vga/vga_signal_generator_inst/horizontal_counter/dc_bias[0]_i_111_n_0
    SLICE_X156Y129       CARRY4 (Prop_carry4_S[1]_CO[2])
                                                      0.570     8.201 r  datapath_uut/video_uut/Inst_vga/vga_signal_generator_inst/horizontal_counter/dc_bias_reg[0]_i_33/CO[2]
                         net (fo=4, routed)           1.551     9.752    datapath_uut/video_uut/Inst_vga/vga_signal_generator_inst/horizontal_counter/color_mapper_inst/row_7112_in
    SLICE_X145Y127       LUT4 (Prop_lut4_I0_O)        0.313    10.065 r  datapath_uut/video_uut/Inst_vga/vga_signal_generator_inst/horizontal_counter/dc_bias[0]_i_21/O
                         net (fo=8, routed)           0.726    10.792    datapath_uut/video_uut/Inst_vga/vga_signal_generator_inst/horizontal_counter/dc_bias[0]_i_21_n_0
    SLICE_X146Y129       LUT6 (Prop_lut6_I0_O)        0.124    10.916 r  datapath_uut/video_uut/Inst_vga/vga_signal_generator_inst/horizontal_counter/dc_bias[0]_i_16__0/O
                         net (fo=2, routed)           1.025    11.940    datapath_uut/video_uut/Inst_vga/vga_signal_generator_inst/horizontal_counter/dc_bias[0]_i_16__0_n_0
    SLICE_X145Y123       LUT6 (Prop_lut6_I0_O)        0.124    12.064 r  datapath_uut/video_uut/Inst_vga/vga_signal_generator_inst/horizontal_counter/dc_bias[0]_i_13/O
                         net (fo=13, routed)          1.166    13.231    datapath_uut/video_uut/Inst_vga/color_mapper_inst/chicken_color/dc_bias_reg[0]_8
    SLICE_X157Y125       LUT3 (Prop_lut3_I0_O)        0.124    13.355 r  datapath_uut/video_uut/Inst_vga/color_mapper_inst/chicken_color/encoded[0]_i_2__1/O
                         net (fo=20, routed)          1.584    14.938    datapath_uut/video_uut/Inst_vga/color_mapper_inst/chicken_color/rgb_reg_9
    SLICE_X159Y134       LUT6 (Prop_lut6_I2_O)        0.124    15.062 r  datapath_uut/video_uut/Inst_vga/color_mapper_inst/chicken_color/encoded[5]_i_3/O
                         net (fo=6, routed)           0.823    15.885    datapath_uut/video_uut/Inst_vga/vga_signal_generator_inst/horizontal_counter/encoded_reg[6]_0
    SLICE_X162Y134       LUT3 (Prop_lut3_I2_O)        0.148    16.033 r  datapath_uut/video_uut/Inst_vga/vga_signal_generator_inst/horizontal_counter/encoded[6]_i_3/O
                         net (fo=8, routed)           0.831    16.864    datapath_uut/video_uut/Inst_vga/vga_signal_generator_inst/horizontal_counter/rgb_reg_9
    SLICE_X162Y133       LUT3 (Prop_lut3_I0_O)        0.328    17.192 r  datapath_uut/video_uut/Inst_vga/vga_signal_generator_inst/horizontal_counter/dc_bias[3]_i_19__0/O
                         net (fo=3, routed)           0.852    18.045    datapath_uut/video_uut/Inst_vga/color_mapper_inst/chicken_color/dc_bias[2]_i_2__1_0
    SLICE_X161Y132       LUT6 (Prop_lut6_I2_O)        0.124    18.169 r  datapath_uut/video_uut/Inst_vga/color_mapper_inst/chicken_color/dc_bias[3]_i_5__1/O
                         net (fo=8, routed)           0.463    18.632    datapath_uut/video_uut/Inst_vga/color_mapper_inst/chicken_color/rgb_reg_12
    SLICE_X162Y133       LUT2 (Prop_lut2_I0_O)        0.116    18.748 r  datapath_uut/video_uut/Inst_vga/color_mapper_inst/chicken_color/dc_bias[3]_i_9__1/O
                         net (fo=2, routed)           0.801    19.549    datapath_uut/video_uut/Inst_vga/color_mapper_inst/chicken_color/dc_bias[3]_i_9__1_n_0
    SLICE_X161Y133       LUT6 (Prop_lut6_I0_O)        0.328    19.877 r  datapath_uut/video_uut/Inst_vga/color_mapper_inst/chicken_color/dc_bias[3]_i_3__1/O
                         net (fo=1, routed)           0.000    19.877    datapath_uut/video_uut/Inst_vga/color_mapper_inst/chicken_color/dc_bias[3]_i_3__1_n_0
    SLICE_X161Y133       MUXF7 (Prop_muxf7_I0_O)      0.212    20.089 r  datapath_uut/video_uut/Inst_vga/color_mapper_inst/chicken_color/dc_bias_reg[3]_i_1/O
                         net (fo=1, routed)           0.000    20.089    datapath_uut/video_uut/inst_dvid/TDMS_encoder_red/D[3]
    SLICE_X161Y133       FDRE                                         r  datapath_uut/video_uut/inst_dvid/TDMS_encoder_red/dc_bias_reg[3]/D
  -------------------------------------------------------------------    -------------------

                         (clock clk_out1_clk_wiz_0 rise edge)
                                                     40.000    40.000 r  
    R4                   IBUF                         0.000    40.000 r  clk_IBUF_inst/O
                         net (fo=27, routed)          1.162    41.162    datapath_uut/video_uut/mmcm_adv_inst_display_clocks/inst/clk_in1
    MMCME2_ADV_X1Y2      MMCME2_ADV (Prop_mmcme2_adv_CLKIN1_CLKOUT0)
                                                     -7.674    33.488 r  datapath_uut/video_uut/mmcm_adv_inst_display_clocks/inst/mmcm_adv_inst/CLKOUT0
                         net (fo=1, routed)           1.723    35.211    datapath_uut/video_uut/mmcm_adv_inst_display_clocks/inst/clk_out1_clk_wiz_0
    BUFGCTRL_X0Y1        BUFG (Prop_bufg_I_O)         0.091    35.302 r  datapath_uut/video_uut/mmcm_adv_inst_display_clocks/inst/clkout1_buf/O
                         net (fo=271, routed)         1.706    37.009    datapath_uut/video_uut/inst_dvid/TDMS_encoder_red/clk_out1
    SLICE_X161Y133       FDRE                                         r  datapath_uut/video_uut/inst_dvid/TDMS_encoder_red/dc_bias_reg[3]/C
                         clock pessimism              0.483    37.492    
                         clock uncertainty           -0.095    37.398    
    SLICE_X161Y133       FDRE (Setup_fdre_C_D)        0.064    37.462    datapath_uut/video_uut/inst_dvid/TDMS_encoder_red/dc_bias_reg[3]
  -------------------------------------------------------------------
                         required time                         37.462    
                         arrival time                         -20.089    
  -------------------------------------------------------------------
                         slack                                 17.373    

Slack (MET) :             17.381ns  (required time - arrival time)
  Source:                 datapath_uut/video_uut/Inst_vga/vga_signal_generator_inst/horizontal_counter/processQ_reg[1]/C
                            (rising edge-triggered cell FDRE clocked by clk_out1_clk_wiz_0  {rise@0.000ns fall@20.000ns period=40.000ns})
  Destination:            datapath_uut/video_uut/inst_dvid/TDMS_encoder_red/encoded_reg[0]/D
                            (rising edge-triggered cell FDRE clocked by clk_out1_clk_wiz_0  {rise@0.000ns fall@20.000ns period=40.000ns})
  Path Group:             clk_out1_clk_wiz_0
  Path Type:              Setup (Max at Slow Process Corner)
  Requirement:            40.000ns  (clk_out1_clk_wiz_0 rise@40.000ns - clk_out1_clk_wiz_0 rise@0.000ns)
  Data Path Delay:        22.598ns  (logic 7.267ns (32.158%)  route 15.331ns (67.842%))
  Logic Levels:           24  (CARRY4=9 LUT1=2 LUT2=1 LUT3=5 LUT4=3 LUT6=4)
  Clock Path Skew:        0.044ns (DCD - SCD + CPR)
    Destination Clock Delay (DCD):    -2.989ns = ( 37.011 - 40.000 ) 
    Source Clock Delay      (SCD):    -2.550ns
    Clock Pessimism Removal (CPR):    0.483ns
  Clock Uncertainty:      0.095ns  ((TSJ^2 + DJ^2)^1/2) / 2 + PE
    Total System Jitter     (TSJ):    0.071ns
    Discrete Jitter          (DJ):    0.175ns
    Phase Error              (PE):    0.000ns

    Location             Delay type                Incr(ns)  Path(ns)    Netlist Resource(s)
  -------------------------------------------------------------------    -------------------
                         (clock clk_out1_clk_wiz_0 rise edge)
                                                      0.000     0.000 r  
    R4                   IBUF                         0.000     0.000 r  clk_IBUF_inst/O
                         net (fo=27, routed)          1.233     1.233    datapath_uut/video_uut/mmcm_adv_inst_display_clocks/inst/clk_in1
    MMCME2_ADV_X1Y2      MMCME2_ADV (Prop_mmcme2_adv_CLKIN1_CLKOUT0)
                                                     -7.432    -6.199 r  datapath_uut/video_uut/mmcm_adv_inst_display_clocks/inst/mmcm_adv_inst/CLKOUT0
                         net (fo=1, routed)           1.808    -4.390    datapath_uut/video_uut/mmcm_adv_inst_display_clocks/inst/clk_out1_clk_wiz_0
    BUFGCTRL_X0Y1        BUFG (Prop_bufg_I_O)         0.096    -4.294 r  datapath_uut/video_uut/mmcm_adv_inst_display_clocks/inst/clkout1_buf/O
                         net (fo=271, routed)         1.744    -2.550    datapath_uut/video_uut/Inst_vga/vga_signal_generator_inst/horizontal_counter/clk_out1
    SLICE_X155Y120       FDRE                                         r  datapath_uut/video_uut/Inst_vga/vga_signal_generator_inst/horizontal_counter/processQ_reg[1]/C
  -------------------------------------------------------------------    -------------------
    SLICE_X155Y120       FDRE (Prop_fdre_C_Q)         0.419    -2.131 f  datapath_uut/video_uut/Inst_vga/vga_signal_generator_inst/horizontal_counter/processQ_reg[1]/Q
                         net (fo=16, routed)          0.707    -1.424    datapath_uut/video_uut/Inst_vga/vga_signal_generator_inst/horizontal_counter/Q[1]
    SLICE_X152Y117       LUT1 (Prop_lut1_I0_O)        0.299    -1.125 r  datapath_uut/video_uut/Inst_vga/vga_signal_generator_inst/horizontal_counter/encoded[5]_i_316/O
                         net (fo=1, routed)           0.000    -1.125    datapath_uut/video_uut/Inst_vga/vga_signal_generator_inst/horizontal_counter/encoded[5]_i_316_n_0
    SLICE_X152Y117       CARRY4 (Prop_carry4_S[1]_O[2])
                                                      0.578    -0.547 f  datapath_uut/video_uut/Inst_vga/vga_signal_generator_inst/horizontal_counter/encoded_reg[5]_i_269/O[2]
                         net (fo=1, routed)           0.598     0.052    datapath_uut/video_uut/Inst_vga/vga_signal_generator_inst/horizontal_counter/color_mapper_inst/multOp[2]
    SLICE_X150Y118       LUT1 (Prop_lut1_I0_O)        0.301     0.353 r  datapath_uut/video_uut/Inst_vga/vga_signal_generator_inst/horizontal_counter/dc_bias[0]_i_909/O
                         net (fo=1, routed)           0.000     0.353    datapath_uut/video_uut/Inst_vga/vga_signal_generator_inst/horizontal_counter/dc_bias[0]_i_909_n_0
    SLICE_X150Y118       CARRY4 (Prop_carry4_S[1]_O[3])
                                                      0.643     0.996 f  datapath_uut/video_uut/Inst_vga/vga_signal_generator_inst/horizontal_counter/dc_bias_reg[0]_i_636/O[3]
                         net (fo=22, routed)          0.630     1.626    datapath_uut/video_uut/Inst_vga/vga_signal_generator_inst/horizontal_counter/color_mapper_inst/L3[4]
    SLICE_X150Y117       LUT3 (Prop_lut3_I0_O)        0.333     1.959 r  datapath_uut/video_uut/Inst_vga/vga_signal_generator_inst/horizontal_counter/encoded[5]_i_264/O
                         net (fo=1, routed)           0.382     2.341    datapath_uut/video_uut/Inst_vga/vga_signal_generator_inst/horizontal_counter/encoded[5]_i_264_n_0
    SLICE_X151Y117       CARRY4 (Prop_carry4_CYINIT_O[2])
                                                      0.788     3.129 f  datapath_uut/video_uut/Inst_vga/vga_signal_generator_inst/horizontal_counter/encoded_reg[5]_i_168/O[2]
                         net (fo=32, routed)          2.237     5.366    datapath_uut/video_uut/Inst_vga/vga_signal_generator_inst/horizontal_counter/color_mapper_inst/L1[3]
    SLICE_X157Y127       LUT3 (Prop_lut3_I0_O)        0.302     5.668 r  datapath_uut/video_uut/Inst_vga/vga_signal_generator_inst/horizontal_counter/dc_bias[0]_i_984/O
                         net (fo=1, routed)           0.000     5.668    datapath_uut/video_uut/Inst_vga/vga_signal_generator_inst/horizontal_counter/dc_bias[0]_i_984_n_0
    SLICE_X157Y127       CARRY4 (Prop_carry4_S[2]_CO[3])
                                                      0.398     6.066 r  datapath_uut/video_uut/Inst_vga/vga_signal_generator_inst/horizontal_counter/dc_bias_reg[0]_i_814/CO[3]
                         net (fo=1, routed)           0.000     6.066    datapath_uut/video_uut/Inst_vga/vga_signal_generator_inst/horizontal_counter/dc_bias_reg[0]_i_814_n_0
    SLICE_X157Y128       CARRY4 (Prop_carry4_CI_CO[3])
                                                      0.114     6.180 r  datapath_uut/video_uut/Inst_vga/vga_signal_generator_inst/horizontal_counter/dc_bias_reg[0]_i_548/CO[3]
                         net (fo=1, routed)           0.000     6.180    datapath_uut/video_uut/Inst_vga/vga_signal_generator_inst/horizontal_counter/dc_bias_reg[0]_i_548_n_0
    SLICE_X157Y129       CARRY4 (Prop_carry4_CI_CO[3])
                                                      0.114     6.294 r  datapath_uut/video_uut/Inst_vga/vga_signal_generator_inst/horizontal_counter/dc_bias_reg[0]_i_549/CO[3]
                         net (fo=1, routed)           0.000     6.294    datapath_uut/video_uut/Inst_vga/vga_signal_generator_inst/horizontal_counter/dc_bias_reg[0]_i_549_n_0
    SLICE_X157Y130       CARRY4 (Prop_carry4_CI_CO[3])
                                                      0.114     6.408 r  datapath_uut/video_uut/Inst_vga/vga_signal_generator_inst/horizontal_counter/dc_bias_reg[0]_i_279/CO[3]
                         net (fo=1, routed)           0.000     6.408    datapath_uut/video_uut/Inst_vga/vga_signal_generator_inst/horizontal_counter/dc_bias_reg[0]_i_279_n_0
    SLICE_X157Y131       CARRY4 (Prop_carry4_CI_O[1])
                                                      0.334     6.742 f  datapath_uut/video_uut/Inst_vga/vga_signal_generator_inst/horizontal_counter/dc_bias_reg[0]_i_277/O[1]
                         net (fo=3, routed)           0.586     7.328    datapath_uut/video_uut/Inst_vga/vga_signal_generator_inst/horizontal_counter/dc_bias_reg[0]_i_277_n_6
    SLICE_X156Y129       LUT2 (Prop_lut2_I0_O)        0.303     7.631 r  datapath_uut/video_uut/Inst_vga/vga_signal_generator_inst/horizontal_counter/dc_bias[0]_i_111/O
                         net (fo=1, routed)           0.000     7.631    datapath_uut/video_uut/Inst_vga/vga_signal_generator_inst/horizontal_counter/dc_bias[0]_i_111_n_0
    SLICE_X156Y129       CARRY4 (Prop_carry4_S[1]_CO[2])
                                                      0.570     8.201 r  datapath_uut/video_uut/Inst_vga/vga_signal_generator_inst/horizontal_counter/dc_bias_reg[0]_i_33/CO[2]
                         net (fo=4, routed)           1.551     9.752    datapath_uut/video_uut/Inst_vga/vga_signal_generator_inst/horizontal_counter/color_mapper_inst/row_7112_in
    SLICE_X145Y127       LUT4 (Prop_lut4_I0_O)        0.313    10.065 r  datapath_uut/video_uut/Inst_vga/vga_signal_generator_inst/horizontal_counter/dc_bias[0]_i_21/O
                         net (fo=8, routed)           0.726    10.792    datapath_uut/video_uut/Inst_vga/vga_signal_generator_inst/horizontal_counter/dc_bias[0]_i_21_n_0
    SLICE_X146Y129       LUT6 (Prop_lut6_I0_O)        0.124    10.916 r  datapath_uut/video_uut/Inst_vga/vga_signal_generator_inst/horizontal_counter/dc_bias[0]_i_16__0/O
                         net (fo=2, routed)           1.025    11.940    datapath_uut/video_uut/Inst_vga/vga_signal_generator_inst/horizontal_counter/dc_bias[0]_i_16__0_n_0
    SLICE_X145Y123       LUT6 (Prop_lut6_I0_O)        0.124    12.064 r  datapath_uut/video_uut/Inst_vga/vga_signal_generator_inst/horizontal_counter/dc_bias[0]_i_13/O
                         net (fo=13, routed)          1.166    13.231    datapath_uut/video_uut/Inst_vga/color_mapper_inst/chicken_color/dc_bias_reg[0]_8
    SLICE_X157Y125       LUT3 (Prop_lut3_I0_O)        0.124    13.355 r  datapath_uut/video_uut/Inst_vga/color_mapper_inst/chicken_color/encoded[0]_i_2__1/O
                         net (fo=20, routed)          1.584    14.938    datapath_uut/video_uut/Inst_vga/color_mapper_inst/chicken_color/rgb_reg_9
    SLICE_X159Y134       LUT6 (Prop_lut6_I2_O)        0.124    15.062 r  datapath_uut/video_uut/Inst_vga/color_mapper_inst/chicken_color/encoded[5]_i_3/O
                         net (fo=6, routed)           0.823    15.885    datapath_uut/video_uut/Inst_vga/vga_signal_generator_inst/horizontal_counter/encoded_reg[6]_0
    SLICE_X162Y134       LUT3 (Prop_lut3_I2_O)        0.148    16.033 r  datapath_uut/video_uut/Inst_vga/vga_signal_generator_inst/horizontal_counter/encoded[6]_i_3/O
                         net (fo=8, routed)           0.831    16.864    datapath_uut/video_uut/Inst_vga/vga_signal_generator_inst/horizontal_counter/rgb_reg_9
    SLICE_X162Y133       LUT3 (Prop_lut3_I0_O)        0.328    17.192 r  datapath_uut/video_uut/Inst_vga/vga_signal_generator_inst/horizontal_counter/dc_bias[3]_i_19__0/O
                         net (fo=3, routed)           0.806    17.999    datapath_uut/video_uut/Inst_vga/color_mapper_inst/chicken_color/dc_bias[2]_i_2__1_0
    SLICE_X161Y132       LUT6 (Prop_lut6_I3_O)        0.124    18.123 r  datapath_uut/video_uut/Inst_vga/color_mapper_inst/chicken_color/dc_bias[0]_i_10/O
                         net (fo=2, routed)           0.587    18.710    datapath_uut/video_uut/Inst_vga/color_mapper_inst/chicken_color/dc_bias[0]_i_10_n_0
    SLICE_X161Y133       LUT4 (Prop_lut4_I3_O)        0.124    18.834 r  datapath_uut/video_uut/Inst_vga/color_mapper_inst/chicken_color/dc_bias[0]_i_4__1/O
                         net (fo=13, routed)          1.090    19.924    datapath_uut/video_uut/Inst_vga/color_mapper_inst/chicken_color/dc_bias_reg[3]_0
    SLICE_X160Y135       LUT4 (Prop_lut4_I1_O)        0.124    20.048 r  datapath_uut/video_uut/Inst_vga/color_mapper_inst/chicken_color/encoded[0]_i_1__1/O
                         net (fo=1, routed)           0.000    20.048    datapath_uut/video_uut/inst_dvid/TDMS_encoder_red/encoded_reg[0]_0
    SLICE_X160Y135       FDRE                                         r  datapath_uut/video_uut/inst_dvid/TDMS_encoder_red/encoded_reg[0]/D
  -------------------------------------------------------------------    -------------------

                         (clock clk_out1_clk_wiz_0 rise edge)
                                                     40.000    40.000 r  
    R4                   IBUF                         0.000    40.000 r  clk_IBUF_inst/O
                         net (fo=27, routed)          1.162    41.162    datapath_uut/video_uut/mmcm_adv_inst_display_clocks/inst/clk_in1
    MMCME2_ADV_X1Y2      MMCME2_ADV (Prop_mmcme2_adv_CLKIN1_CLKOUT0)
                                                     -7.674    33.488 r  datapath_uut/video_uut/mmcm_adv_inst_display_clocks/inst/mmcm_adv_inst/CLKOUT0
                         net (fo=1, routed)           1.723    35.211    datapath_uut/video_uut/mmcm_adv_inst_display_clocks/inst/clk_out1_clk_wiz_0
    BUFGCTRL_X0Y1        BUFG (Prop_bufg_I_O)         0.091    35.302 r  datapath_uut/video_uut/mmcm_adv_inst_display_clocks/inst/clkout1_buf/O
                         net (fo=271, routed)         1.708    37.011    datapath_uut/video_uut/inst_dvid/TDMS_encoder_red/clk_out1
    SLICE_X160Y135       FDRE                                         r  datapath_uut/video_uut/inst_dvid/TDMS_encoder_red/encoded_reg[0]/C
                         clock pessimism              0.483    37.494    
                         clock uncertainty           -0.095    37.400    
    SLICE_X160Y135       FDRE (Setup_fdre_C_D)        0.029    37.429    datapath_uut/video_uut/inst_dvid/TDMS_encoder_red/encoded_reg[0]
  -------------------------------------------------------------------
                         required time                         37.429    
                         arrival time                         -20.048    
  -------------------------------------------------------------------
                         slack                                 17.381    

Slack (MET) :             17.399ns  (required time - arrival time)
  Source:                 datapath_uut/video_uut/Inst_vga/vga_signal_generator_inst/horizontal_counter/processQ_reg[1]/C
                            (rising edge-triggered cell FDRE clocked by clk_out1_clk_wiz_0  {rise@0.000ns fall@20.000ns period=40.000ns})
  Destination:            datapath_uut/video_uut/inst_dvid/TDMS_encoder_red/encoded_reg[1]/D
                            (rising edge-triggered cell FDRE clocked by clk_out1_clk_wiz_0  {rise@0.000ns fall@20.000ns period=40.000ns})
  Path Group:             clk_out1_clk_wiz_0
  Path Type:              Setup (Max at Slow Process Corner)
  Requirement:            40.000ns  (clk_out1_clk_wiz_0 rise@40.000ns - clk_out1_clk_wiz_0 rise@0.000ns)
  Data Path Delay:        22.626ns  (logic 7.295ns (32.242%)  route 15.331ns (67.758%))
  Logic Levels:           24  (CARRY4=9 LUT1=2 LUT2=1 LUT3=5 LUT4=3 LUT6=4)
  Clock Path Skew:        0.044ns (DCD - SCD + CPR)
    Destination Clock Delay (DCD):    -2.989ns = ( 37.011 - 40.000 ) 
    Source Clock Delay      (SCD):    -2.550ns
    Clock Pessimism Removal (CPR):    0.483ns
  Clock Uncertainty:      0.095ns  ((TSJ^2 + DJ^2)^1/2) / 2 + PE
    Total System Jitter     (TSJ):    0.071ns
    Discrete Jitter          (DJ):    0.175ns
    Phase Error              (PE):    0.000ns

    Location             Delay type                Incr(ns)  Path(ns)    Netlist Resource(s)
  -------------------------------------------------------------------    -------------------
                         (clock clk_out1_clk_wiz_0 rise edge)
                                                      0.000     0.000 r  
    R4                   IBUF                         0.000     0.000 r  clk_IBUF_inst/O
                         net (fo=27, routed)          1.233     1.233    datapath_uut/video_uut/mmcm_adv_inst_display_clocks/inst/clk_in1
    MMCME2_ADV_X1Y2      MMCME2_ADV (Prop_mmcme2_adv_CLKIN1_CLKOUT0)
                                                     -7.432    -6.199 r  datapath_uut/video_uut/mmcm_adv_inst_display_clocks/inst/mmcm_adv_inst/CLKOUT0
                         net (fo=1, routed)           1.808    -4.390    datapath_uut/video_uut/mmcm_adv_inst_display_clocks/inst/clk_out1_clk_wiz_0
    BUFGCTRL_X0Y1        BUFG (Prop_bufg_I_O)         0.096    -4.294 r  datapath_uut/video_uut/mmcm_adv_inst_display_clocks/inst/clkout1_buf/O
                         net (fo=271, routed)         1.744    -2.550    datapath_uut/video_uut/Inst_vga/vga_signal_generator_inst/horizontal_counter/clk_out1
    SLICE_X155Y120       FDRE                                         r  datapath_uut/video_uut/Inst_vga/vga_signal_generator_inst/horizontal_counter/processQ_reg[1]/C
  -------------------------------------------------------------------    -------------------
    SLICE_X155Y120       FDRE (Prop_fdre_C_Q)         0.419    -2.131 f  datapath_uut/video_uut/Inst_vga/vga_signal_generator_inst/horizontal_counter/processQ_reg[1]/Q
                         net (fo=16, routed)          0.707    -1.424    datapath_uut/video_uut/Inst_vga/vga_signal_generator_inst/horizontal_counter/Q[1]
    SLICE_X152Y117       LUT1 (Prop_lut1_I0_O)        0.299    -1.125 r  datapath_uut/video_uut/Inst_vga/vga_signal_generator_inst/horizontal_counter/encoded[5]_i_316/O
                         net (fo=1, routed)           0.000    -1.125    datapath_uut/video_uut/Inst_vga/vga_signal_generator_inst/horizontal_counter/encoded[5]_i_316_n_0
    SLICE_X152Y117       CARRY4 (Prop_carry4_S[1]_O[2])
                                                      0.578    -0.547 f  datapath_uut/video_uut/Inst_vga/vga_signal_generator_inst/horizontal_counter/encoded_reg[5]_i_269/O[2]
                         net (fo=1, routed)           0.598     0.052    datapath_uut/video_uut/Inst_vga/vga_signal_generator_inst/horizontal_counter/color_mapper_inst/multOp[2]
    SLICE_X150Y118       LUT1 (Prop_lut1_I0_O)        0.301     0.353 r  datapath_uut/video_uut/Inst_vga/vga_signal_generator_inst/horizontal_counter/dc_bias[0]_i_909/O
                         net (fo=1, routed)           0.000     0.353    datapath_uut/video_uut/Inst_vga/vga_signal_generator_inst/horizontal_counter/dc_bias[0]_i_909_n_0
    SLICE_X150Y118       CARRY4 (Prop_carry4_S[1]_O[3])
                                                      0.643     0.996 f  datapath_uut/video_uut/Inst_vga/vga_signal_generator_inst/horizontal_counter/dc_bias_reg[0]_i_636/O[3]
                         net (fo=22, routed)          0.630     1.626    datapath_uut/video_uut/Inst_vga/vga_signal_generator_inst/horizontal_counter/color_mapper_inst/L3[4]
    SLICE_X150Y117       LUT3 (Prop_lut3_I0_O)        0.333     1.959 r  datapath_uut/video_uut/Inst_vga/vga_signal_generator_inst/horizontal_counter/encoded[5]_i_264/O
                         net (fo=1, routed)           0.382     2.341    datapath_uut/video_uut/Inst_vga/vga_signal_generator_inst/horizontal_counter/encoded[5]_i_264_n_0
    SLICE_X151Y117       CARRY4 (Prop_carry4_CYINIT_O[2])
                                                      0.788     3.129 f  datapath_uut/video_uut/Inst_vga/vga_signal_generator_inst/horizontal_counter/encoded_reg[5]_i_168/O[2]
                         net (fo=32, routed)          2.237     5.366    datapath_uut/video_uut/Inst_vga/vga_signal_generator_inst/horizontal_counter/color_mapper_inst/L1[3]
    SLICE_X157Y127       LUT3 (Prop_lut3_I0_O)        0.302     5.668 r  datapath_uut/video_uut/Inst_vga/vga_signal_generator_inst/horizontal_counter/dc_bias[0]_i_984/O
                         net (fo=1, routed)           0.000     5.668    datapath_uut/video_uut/Inst_vga/vga_signal_generator_inst/horizontal_counter/dc_bias[0]_i_984_n_0
    SLICE_X157Y127       CARRY4 (Prop_carry4_S[2]_CO[3])
                                                      0.398     6.066 r  datapath_uut/video_uut/Inst_vga/vga_signal_generator_inst/horizontal_counter/dc_bias_reg[0]_i_814/CO[3]
                         net (fo=1, routed)           0.000     6.066    datapath_uut/video_uut/Inst_vga/vga_signal_generator_inst/horizontal_counter/dc_bias_reg[0]_i_814_n_0
    SLICE_X157Y128       CARRY4 (Prop_carry4_CI_CO[3])
                                                      0.114     6.180 r  datapath_uut/video_uut/Inst_vga/vga_signal_generator_inst/horizontal_counter/dc_bias_reg[0]_i_548/CO[3]
                         net (fo=1, routed)           0.000     6.180    datapath_uut/video_uut/Inst_vga/vga_signal_generator_inst/horizontal_counter/dc_bias_reg[0]_i_548_n_0
    SLICE_X157Y129       CARRY4 (Prop_carry4_CI_CO[3])
                                                      0.114     6.294 r  datapath_uut/video_uut/Inst_vga/vga_signal_generator_inst/horizontal_counter/dc_bias_reg[0]_i_549/CO[3]
                         net (fo=1, routed)           0.000     6.294    datapath_uut/video_uut/Inst_vga/vga_signal_generator_inst/horizontal_counter/dc_bias_reg[0]_i_549_n_0
    SLICE_X157Y130       CARRY4 (Prop_carry4_CI_CO[3])
                                                      0.114     6.408 r  datapath_uut/video_uut/Inst_vga/vga_signal_generator_inst/horizontal_counter/dc_bias_reg[0]_i_279/CO[3]
                         net (fo=1, routed)           0.000     6.408    datapath_uut/video_uut/Inst_vga/vga_signal_generator_inst/horizontal_counter/dc_bias_reg[0]_i_279_n_0
    SLICE_X157Y131       CARRY4 (Prop_carry4_CI_O[1])
                                                      0.334     6.742 f  datapath_uut/video_uut/Inst_vga/vga_signal_generator_inst/horizontal_counter/dc_bias_reg[0]_i_277/O[1]
                         net (fo=3, routed)           0.586     7.328    datapath_uut/video_uut/Inst_vga/vga_signal_generator_inst/horizontal_counter/dc_bias_reg[0]_i_277_n_6
    SLICE_X156Y129       LUT2 (Prop_lut2_I0_O)        0.303     7.631 r  datapath_uut/video_uut/Inst_vga/vga_signal_generator_inst/horizontal_counter/dc_bias[0]_i_111/O
                         net (fo=1, routed)           0.000     7.631    datapath_uut/video_uut/Inst_vga/vga_signal_generator_inst/horizontal_counter/dc_bias[0]_i_111_n_0
    SLICE_X156Y129       CARRY4 (Prop_carry4_S[1]_CO[2])
                                                      0.570     8.201 r  datapath_uut/video_uut/Inst_vga/vga_signal_generator_inst/horizontal_counter/dc_bias_reg[0]_i_33/CO[2]
                         net (fo=4, routed)           1.551     9.752    datapath_uut/video_uut/Inst_vga/vga_signal_generator_inst/horizontal_counter/color_mapper_inst/row_7112_in
    SLICE_X145Y127       LUT4 (Prop_lut4_I0_O)        0.313    10.065 r  datapath_uut/video_uut/Inst_vga/vga_signal_generator_inst/horizontal_counter/dc_bias[0]_i_21/O
                         net (fo=8, routed)           0.726    10.792    datapath_uut/video_uut/Inst_vga/vga_signal_generator_inst/horizontal_counter/dc_bias[0]_i_21_n_0
    SLICE_X146Y129       LUT6 (Prop_lut6_I0_O)        0.124    10.916 r  datapath_uut/video_uut/Inst_vga/vga_signal_generator_inst/horizontal_counter/dc_bias[0]_i_16__0/O
                         net (fo=2, routed)           1.025    11.940    datapath_uut/video_uut/Inst_vga/vga_signal_generator_inst/horizontal_counter/dc_bias[0]_i_16__0_n_0
    SLICE_X145Y123       LUT6 (Prop_lut6_I0_O)        0.124    12.064 r  datapath_uut/video_uut/Inst_vga/vga_signal_generator_inst/horizontal_counter/dc_bias[0]_i_13/O
                         net (fo=13, routed)          1.166    13.231    datapath_uut/video_uut/Inst_vga/color_mapper_inst/chicken_color/dc_bias_reg[0]_8
    SLICE_X157Y125       LUT3 (Prop_lut3_I0_O)        0.124    13.355 r  datapath_uut/video_uut/Inst_vga/color_mapper_inst/chicken_color/encoded[0]_i_2__1/O
                         net (fo=20, routed)          1.584    14.938    datapath_uut/video_uut/Inst_vga/color_mapper_inst/chicken_color/rgb_reg_9
    SLICE_X159Y134       LUT6 (Prop_lut6_I2_O)        0.124    15.062 r  datapath_uut/video_uut/Inst_vga/color_mapper_inst/chicken_color/encoded[5]_i_3/O
                         net (fo=6, routed)           0.823    15.885    datapath_uut/video_uut/Inst_vga/vga_signal_generator_inst/horizontal_counter/encoded_reg[6]_0
    SLICE_X162Y134       LUT3 (Prop_lut3_I2_O)        0.148    16.033 r  datapath_uut/video_uut/Inst_vga/vga_signal_generator_inst/horizontal_counter/encoded[6]_i_3/O
                         net (fo=8, routed)           0.831    16.864    datapath_uut/video_uut/Inst_vga/vga_signal_generator_inst/horizontal_counter/rgb_reg_9
    SLICE_X162Y133       LUT3 (Prop_lut3_I0_O)        0.328    17.192 r  datapath_uut/video_uut/Inst_vga/vga_signal_generator_inst/horizontal_counter/dc_bias[3]_i_19__0/O
                         net (fo=3, routed)           0.806    17.999    datapath_uut/video_uut/Inst_vga/color_mapper_inst/chicken_color/dc_bias[2]_i_2__1_0
    SLICE_X161Y132       LUT6 (Prop_lut6_I3_O)        0.124    18.123 r  datapath_uut/video_uut/Inst_vga/color_mapper_inst/chicken_color/dc_bias[0]_i_10/O
                         net (fo=2, routed)           0.587    18.710    datapath_uut/video_uut/Inst_vga/color_mapper_inst/chicken_color/dc_bias[0]_i_10_n_0
    SLICE_X161Y133       LUT4 (Prop_lut4_I3_O)        0.124    18.834 r  datapath_uut/video_uut/Inst_vga/color_mapper_inst/chicken_color/dc_bias[0]_i_4__1/O
                         net (fo=13, routed)          1.090    19.924    datapath_uut/video_uut/Inst_vga/color_mapper_inst/chicken_color/dc_bias_reg[3]_0
    SLICE_X160Y135       LUT4 (Prop_lut4_I0_O)        0.152    20.076 r  datapath_uut/video_uut/Inst_vga/color_mapper_inst/chicken_color/encoded[1]_i_1__1/O
                         net (fo=1, routed)           0.000    20.076    datapath_uut/video_uut/inst_dvid/TDMS_encoder_red/encoded_reg[1]_0
    SLICE_X160Y135       FDRE                                         r  datapath_uut/video_uut/inst_dvid/TDMS_encoder_red/encoded_reg[1]/D
  -------------------------------------------------------------------    -------------------

                         (clock clk_out1_clk_wiz_0 rise edge)
                                                     40.000    40.000 r  
    R4                   IBUF                         0.000    40.000 r  clk_IBUF_inst/O
                         net (fo=27, routed)          1.162    41.162    datapath_uut/video_uut/mmcm_adv_inst_display_clocks/inst/clk_in1
    MMCME2_ADV_X1Y2      MMCME2_ADV (Prop_mmcme2_adv_CLKIN1_CLKOUT0)
                                                     -7.674    33.488 r  datapath_uut/video_uut/mmcm_adv_inst_display_clocks/inst/mmcm_adv_inst/CLKOUT0
                         net (fo=1, routed)           1.723    35.211    datapath_uut/video_uut/mmcm_adv_inst_display_clocks/inst/clk_out1_clk_wiz_0
    BUFGCTRL_X0Y1        BUFG (Prop_bufg_I_O)         0.091    35.302 r  datapath_uut/video_uut/mmcm_adv_inst_display_clocks/inst/clkout1_buf/O
                         net (fo=271, routed)         1.708    37.011    datapath_uut/video_uut/inst_dvid/TDMS_encoder_red/clk_out1
    SLICE_X160Y135       FDRE                                         r  datapath_uut/video_uut/inst_dvid/TDMS_encoder_red/encoded_reg[1]/C
                         clock pessimism              0.483    37.494    
                         clock uncertainty           -0.095    37.400    
    SLICE_X160Y135       FDRE (Setup_fdre_C_D)        0.075    37.475    datapath_uut/video_uut/inst_dvid/TDMS_encoder_red/encoded_reg[1]
  -------------------------------------------------------------------
                         required time                         37.475    
                         arrival time                         -20.076    
  -------------------------------------------------------------------
                         slack                                 17.399    

Slack (MET) :             17.467ns  (required time - arrival time)
  Source:                 datapath_uut/video_uut/Inst_vga/vga_signal_generator_inst/horizontal_counter/processQ_reg[1]/C
                            (rising edge-triggered cell FDRE clocked by clk_out1_clk_wiz_0  {rise@0.000ns fall@20.000ns period=40.000ns})
  Destination:            datapath_uut/video_uut/inst_dvid/TDMS_encoder_red/encoded_reg[9]/D
                            (rising edge-triggered cell FDRE clocked by clk_out1_clk_wiz_0  {rise@0.000ns fall@20.000ns period=40.000ns})
  Path Group:             clk_out1_clk_wiz_0
  Path Type:              Setup (Max at Slow Process Corner)
  Requirement:            40.000ns  (clk_out1_clk_wiz_0 rise@40.000ns - clk_out1_clk_wiz_0 rise@0.000ns)
  Data Path Delay:        22.557ns  (logic 7.295ns (32.340%)  route 15.262ns (67.660%))
  Logic Levels:           24  (CARRY4=9 LUT1=2 LUT2=1 LUT3=5 LUT4=3 LUT6=4)
  Clock Path Skew:        0.044ns (DCD - SCD + CPR)
    Destination Clock Delay (DCD):    -2.989ns = ( 37.011 - 40.000 ) 
    Source Clock Delay      (SCD):    -2.550ns
    Clock Pessimism Removal (CPR):    0.483ns
  Clock Uncertainty:      0.095ns  ((TSJ^2 + DJ^2)^1/2) / 2 + PE
    Total System Jitter     (TSJ):    0.071ns
    Discrete Jitter          (DJ):    0.175ns
    Phase Error              (PE):    0.000ns

    Location             Delay type                Incr(ns)  Path(ns)    Netlist Resource(s)
  -------------------------------------------------------------------    -------------------
                         (clock clk_out1_clk_wiz_0 rise edge)
                                                      0.000     0.000 r  
    R4                   IBUF                         0.000     0.000 r  clk_IBUF_inst/O
                         net (fo=27, routed)          1.233     1.233    datapath_uut/video_uut/mmcm_adv_inst_display_clocks/inst/clk_in1
    MMCME2_ADV_X1Y2      MMCME2_ADV (Prop_mmcme2_adv_CLKIN1_CLKOUT0)
                                                     -7.432    -6.199 r  datapath_uut/video_uut/mmcm_adv_inst_display_clocks/inst/mmcm_adv_inst/CLKOUT0
                         net (fo=1, routed)           1.808    -4.390    datapath_uut/video_uut/mmcm_adv_inst_display_clocks/inst/clk_out1_clk_wiz_0
    BUFGCTRL_X0Y1        BUFG (Prop_bufg_I_O)         0.096    -4.294 r  datapath_uut/video_uut/mmcm_adv_inst_display_clocks/inst/clkout1_buf/O
                         net (fo=271, routed)         1.744    -2.550    datapath_uut/video_uut/Inst_vga/vga_signal_generator_inst/horizontal_counter/clk_out1
    SLICE_X155Y120       FDRE                                         r  datapath_uut/video_uut/Inst_vga/vga_signal_generator_inst/horizontal_counter/processQ_reg[1]/C
  -------------------------------------------------------------------    -------------------
    SLICE_X155Y120       FDRE (Prop_fdre_C_Q)         0.419    -2.131 f  datapath_uut/video_uut/Inst_vga/vga_signal_generator_inst/horizontal_counter/processQ_reg[1]/Q
                         net (fo=16, routed)          0.707    -1.424    datapath_uut/video_uut/Inst_vga/vga_signal_generator_inst/horizontal_counter/Q[1]
    SLICE_X152Y117       LUT1 (Prop_lut1_I0_O)        0.299    -1.125 r  datapath_uut/video_uut/Inst_vga/vga_signal_generator_inst/horizontal_counter/encoded[5]_i_316/O
                         net (fo=1, routed)           0.000    -1.125    datapath_uut/video_uut/Inst_vga/vga_signal_generator_inst/horizontal_counter/encoded[5]_i_316_n_0
    SLICE_X152Y117       CARRY4 (Prop_carry4_S[1]_O[2])
                                                      0.578    -0.547 f  datapath_uut/video_uut/Inst_vga/vga_signal_generator_inst/horizontal_counter/encoded_reg[5]_i_269/O[2]
                         net (fo=1, routed)           0.598     0.052    datapath_uut/video_uut/Inst_vga/vga_signal_generator_inst/horizontal_counter/color_mapper_inst/multOp[2]
    SLICE_X150Y118       LUT1 (Prop_lut1_I0_O)        0.301     0.353 r  datapath_uut/video_uut/Inst_vga/vga_signal_generator_inst/horizontal_counter/dc_bias[0]_i_909/O
                         net (fo=1, routed)           0.000     0.353    datapath_uut/video_uut/Inst_vga/vga_signal_generator_inst/horizontal_counter/dc_bias[0]_i_909_n_0
    SLICE_X150Y118       CARRY4 (Prop_carry4_S[1]_O[3])
                                                      0.643     0.996 f  datapath_uut/video_uut/Inst_vga/vga_signal_generator_inst/horizontal_counter/dc_bias_reg[0]_i_636/O[3]
                         net (fo=22, routed)          0.630     1.626    datapath_uut/video_uut/Inst_vga/vga_signal_generator_inst/horizontal_counter/color_mapper_inst/L3[4]
    SLICE_X150Y117       LUT3 (Prop_lut3_I0_O)        0.333     1.959 r  datapath_uut/video_uut/Inst_vga/vga_signal_generator_inst/horizontal_counter/encoded[5]_i_264/O
                         net (fo=1, routed)           0.382     2.341    datapath_uut/video_uut/Inst_vga/vga_signal_generator_inst/horizontal_counter/encoded[5]_i_264_n_0
    SLICE_X151Y117       CARRY4 (Prop_carry4_CYINIT_O[2])
                                                      0.788     3.129 f  datapath_uut/video_uut/Inst_vga/vga_signal_generator_inst/horizontal_counter/encoded_reg[5]_i_168/O[2]
                         net (fo=32, routed)          2.237     5.366    datapath_uut/video_uut/Inst_vga/vga_signal_generator_inst/horizontal_counter/color_mapper_inst/L1[3]
    SLICE_X157Y127       LUT3 (Prop_lut3_I0_O)        0.302     5.668 r  datapath_uut/video_uut/Inst_vga/vga_signal_generator_inst/horizontal_counter/dc_bias[0]_i_984/O
                         net (fo=1, routed)           0.000     5.668    datapath_uut/video_uut/Inst_vga/vga_signal_generator_inst/horizontal_counter/dc_bias[0]_i_984_n_0
    SLICE_X157Y127       CARRY4 (Prop_carry4_S[2]_CO[3])
                                                      0.398     6.066 r  datapath_uut/video_uut/Inst_vga/vga_signal_generator_inst/horizontal_counter/dc_bias_reg[0]_i_814/CO[3]
                         net (fo=1, routed)           0.000     6.066    datapath_uut/video_uut/Inst_vga/vga_signal_generator_inst/horizontal_counter/dc_bias_reg[0]_i_814_n_0
    SLICE_X157Y128       CARRY4 (Prop_carry4_CI_CO[3])
                                                      0.114     6.180 r  datapath_uut/video_uut/Inst_vga/vga_signal_generator_inst/horizontal_counter/dc_bias_reg[0]_i_548/CO[3]
                         net (fo=1, routed)           0.000     6.180    datapath_uut/video_uut/Inst_vga/vga_signal_generator_inst/horizontal_counter/dc_bias_reg[0]_i_548_n_0
    SLICE_X157Y129       CARRY4 (Prop_carry4_CI_CO[3])
                                                      0.114     6.294 r  datapath_uut/video_uut/Inst_vga/vga_signal_generator_inst/horizontal_counter/dc_bias_reg[0]_i_549/CO[3]
                         net (fo=1, routed)           0.000     6.294    datapath_uut/video_uut/Inst_vga/vga_signal_generator_inst/horizontal_counter/dc_bias_reg[0]_i_549_n_0
    SLICE_X157Y130       CARRY4 (Prop_carry4_CI_CO[3])
                                                      0.114     6.408 r  datapath_uut/video_uut/Inst_vga/vga_signal_generator_inst/horizontal_counter/dc_bias_reg[0]_i_279/CO[3]
                         net (fo=1, routed)           0.000     6.408    datapath_uut/video_uut/Inst_vga/vga_signal_generator_inst/horizontal_counter/dc_bias_reg[0]_i_279_n_0
    SLICE_X157Y131       CARRY4 (Prop_carry4_CI_O[1])
                                                      0.334     6.742 f  datapath_uut/video_uut/Inst_vga/vga_signal_generator_inst/horizontal_counter/dc_bias_reg[0]_i_277/O[1]
                         net (fo=3, routed)           0.586     7.328    datapath_uut/video_uut/Inst_vga/vga_signal_generator_inst/horizontal_counter/dc_bias_reg[0]_i_277_n_6
    SLICE_X156Y129       LUT2 (Prop_lut2_I0_O)        0.303     7.631 r  datapath_uut/video_uut/Inst_vga/vga_signal_generator_inst/horizontal_counter/dc_bias[0]_i_111/O
                         net (fo=1, routed)           0.000     7.631    datapath_uut/video_uut/Inst_vga/vga_signal_generator_inst/horizontal_counter/dc_bias[0]_i_111_n_0
    SLICE_X156Y129       CARRY4 (Prop_carry4_S[1]_CO[2])
                                                      0.570     8.201 r  datapath_uut/video_uut/Inst_vga/vga_signal_generator_inst/horizontal_counter/dc_bias_reg[0]_i_33/CO[2]
                         net (fo=4, routed)           1.551     9.752    datapath_uut/video_uut/Inst_vga/vga_signal_generator_inst/horizontal_counter/color_mapper_inst/row_7112_in
    SLICE_X145Y127       LUT4 (Prop_lut4_I0_O)        0.313    10.065 r  datapath_uut/video_uut/Inst_vga/vga_signal_generator_inst/horizontal_counter/dc_bias[0]_i_21/O
                         net (fo=8, routed)           0.726    10.792    datapath_uut/video_uut/Inst_vga/vga_signal_generator_inst/horizontal_counter/dc_bias[0]_i_21_n_0
    SLICE_X146Y129       LUT6 (Prop_lut6_I0_O)        0.124    10.916 r  datapath_uut/video_uut/Inst_vga/vga_signal_generator_inst/horizontal_counter/dc_bias[0]_i_16__0/O
                         net (fo=2, routed)           1.025    11.940    datapath_uut/video_uut/Inst_vga/vga_signal_generator_inst/horizontal_counter/dc_bias[0]_i_16__0_n_0
    SLICE_X145Y123       LUT6 (Prop_lut6_I0_O)        0.124    12.064 r  datapath_uut/video_uut/Inst_vga/vga_signal_generator_inst/horizontal_counter/dc_bias[0]_i_13/O
                         net (fo=13, routed)          1.166    13.231    datapath_uut/video_uut/Inst_vga/color_mapper_inst/chicken_color/dc_bias_reg[0]_8
    SLICE_X157Y125       LUT3 (Prop_lut3_I0_O)        0.124    13.355 r  datapath_uut/video_uut/Inst_vga/color_mapper_inst/chicken_color/encoded[0]_i_2__1/O
                         net (fo=20, routed)          1.584    14.938    datapath_uut/video_uut/Inst_vga/color_mapper_inst/chicken_color/rgb_reg_9
    SLICE_X159Y134       LUT6 (Prop_lut6_I2_O)        0.124    15.062 r  datapath_uut/video_uut/Inst_vga/color_mapper_inst/chicken_color/encoded[5]_i_3/O
                         net (fo=6, routed)           0.823    15.885    datapath_uut/video_uut/Inst_vga/vga_signal_generator_inst/horizontal_counter/encoded_reg[6]_0
    SLICE_X162Y134       LUT3 (Prop_lut3_I2_O)        0.148    16.033 r  datapath_uut/video_uut/Inst_vga/vga_signal_generator_inst/horizontal_counter/encoded[6]_i_3/O
                         net (fo=8, routed)           0.831    16.864    datapath_uut/video_uut/Inst_vga/vga_signal_generator_inst/horizontal_counter/rgb_reg_9
    SLICE_X162Y133       LUT3 (Prop_lut3_I0_O)        0.328    17.192 r  datapath_uut/video_uut/Inst_vga/vga_signal_generator_inst/horizontal_counter/dc_bias[3]_i_19__0/O
                         net (fo=3, routed)           0.806    17.999    datapath_uut/video_uut/Inst_vga/color_mapper_inst/chicken_color/dc_bias[2]_i_2__1_0
    SLICE_X161Y132       LUT6 (Prop_lut6_I3_O)        0.124    18.123 r  datapath_uut/video_uut/Inst_vga/color_mapper_inst/chicken_color/dc_bias[0]_i_10/O
                         net (fo=2, routed)           0.587    18.710    datapath_uut/video_uut/Inst_vga/color_mapper_inst/chicken_color/dc_bias[0]_i_10_n_0
    SLICE_X161Y133       LUT4 (Prop_lut4_I3_O)        0.124    18.834 f  datapath_uut/video_uut/Inst_vga/color_mapper_inst/chicken_color/dc_bias[0]_i_4__1/O
                         net (fo=13, routed)          1.021    19.855    datapath_uut/video_uut/inst_dvid/TDMS_encoder_red/encoded_reg[9]_1
    SLICE_X160Y136       LUT4 (Prop_lut4_I0_O)        0.152    20.007 r  datapath_uut/video_uut/inst_dvid/TDMS_encoder_red/encoded[9]_i_1/O
                         net (fo=1, routed)           0.000    20.007    datapath_uut/video_uut/inst_dvid/TDMS_encoder_red/encoded[9]_i_1_n_0
    SLICE_X160Y136       FDRE                                         r  datapath_uut/video_uut/inst_dvid/TDMS_encoder_red/encoded_reg[9]/D
  -------------------------------------------------------------------    -------------------

                         (clock clk_out1_clk_wiz_0 rise edge)
                                                     40.000    40.000 r  
    R4                   IBUF                         0.000    40.000 r  clk_IBUF_inst/O
                         net (fo=27, routed)          1.162    41.162    datapath_uut/video_uut/mmcm_adv_inst_display_clocks/inst/clk_in1
    MMCME2_ADV_X1Y2      MMCME2_ADV (Prop_mmcme2_adv_CLKIN1_CLKOUT0)
                                                     -7.674    33.488 r  datapath_uut/video_uut/mmcm_adv_inst_display_clocks/inst/mmcm_adv_inst/CLKOUT0
                         net (fo=1, routed)           1.723    35.211    datapath_uut/video_uut/mmcm_adv_inst_display_clocks/inst/clk_out1_clk_wiz_0
    BUFGCTRL_X0Y1        BUFG (Prop_bufg_I_O)         0.091    35.302 r  datapath_uut/video_uut/mmcm_adv_inst_display_clocks/inst/clkout1_buf/O
                         net (fo=271, routed)         1.708    37.011    datapath_uut/video_uut/inst_dvid/TDMS_encoder_red/clk_out1
    SLICE_X160Y136       FDRE                                         r  datapath_uut/video_uut/inst_dvid/TDMS_encoder_red/encoded_reg[9]/C
                         clock pessimism              0.483    37.494    
                         clock uncertainty           -0.095    37.400    
    SLICE_X160Y136       FDRE (Setup_fdre_C_D)        0.075    37.475    datapath_uut/video_uut/inst_dvid/TDMS_encoder_red/encoded_reg[9]
  -------------------------------------------------------------------
                         required time                         37.475    
                         arrival time                         -20.007    
  -------------------------------------------------------------------
                         slack                                 17.467    

Slack (MET) :             17.507ns  (required time - arrival time)
  Source:                 datapath_uut/video_uut/Inst_vga/vga_signal_generator_inst/horizontal_counter/processQ_reg[1]/C
                            (rising edge-triggered cell FDRE clocked by clk_out1_clk_wiz_0  {rise@0.000ns fall@20.000ns period=40.000ns})
  Destination:            datapath_uut/video_uut/inst_dvid/TDMS_encoder_green/dc_bias_reg[2]/D
                            (rising edge-triggered cell FDRE clocked by clk_out1_clk_wiz_0  {rise@0.000ns fall@20.000ns period=40.000ns})
  Path Group:             clk_out1_clk_wiz_0
  Path Type:              Setup (Max at Slow Process Corner)
  Requirement:            40.000ns  (clk_out1_clk_wiz_0 rise@40.000ns - clk_out1_clk_wiz_0 rise@0.000ns)
  Data Path Delay:        22.479ns  (logic 7.681ns (34.169%)  route 14.798ns (65.831%))
  Logic Levels:           25  (CARRY4=9 LUT1=2 LUT2=1 LUT3=5 LUT4=1 LUT5=1 LUT6=5 MUXF7=1)
  Clock Path Skew:        -0.032ns (DCD - SCD + CPR)
    Destination Clock Delay (DCD):    -3.065ns = ( 36.935 - 40.000 ) 
    Source Clock Delay      (SCD):    -2.550ns
    Clock Pessimism Removal (CPR):    0.483ns
  Clock Uncertainty:      0.095ns  ((TSJ^2 + DJ^2)^1/2) / 2 + PE
    Total System Jitter     (TSJ):    0.071ns
    Discrete Jitter          (DJ):    0.175ns
    Phase Error              (PE):    0.000ns

    Location             Delay type                Incr(ns)  Path(ns)    Netlist Resource(s)
  -------------------------------------------------------------------    -------------------
                         (clock clk_out1_clk_wiz_0 rise edge)
                                                      0.000     0.000 r  
    R4                   IBUF                         0.000     0.000 r  clk_IBUF_inst/O
                         net (fo=27, routed)          1.233     1.233    datapath_uut/video_uut/mmcm_adv_inst_display_clocks/inst/clk_in1
    MMCME2_ADV_X1Y2      MMCME2_ADV (Prop_mmcme2_adv_CLKIN1_CLKOUT0)
                                                     -7.432    -6.199 r  datapath_uut/video_uut/mmcm_adv_inst_display_clocks/inst/mmcm_adv_inst/CLKOUT0
                         net (fo=1, routed)           1.808    -4.390    datapath_uut/video_uut/mmcm_adv_inst_display_clocks/inst/clk_out1_clk_wiz_0
    BUFGCTRL_X0Y1        BUFG (Prop_bufg_I_O)         0.096    -4.294 r  datapath_uut/video_uut/mmcm_adv_inst_display_clocks/inst/clkout1_buf/O
                         net (fo=271, routed)         1.744    -2.550    datapath_uut/video_uut/Inst_vga/vga_signal_generator_inst/horizontal_counter/clk_out1
    SLICE_X155Y120       FDRE                                         r  datapath_uut/video_uut/Inst_vga/vga_signal_generator_inst/horizontal_counter/processQ_reg[1]/C
  -------------------------------------------------------------------    -------------------
    SLICE_X155Y120       FDRE (Prop_fdre_C_Q)         0.419    -2.131 f  datapath_uut/video_uut/Inst_vga/vga_signal_generator_inst/horizontal_counter/processQ_reg[1]/Q
                         net (fo=16, routed)          0.707    -1.424    datapath_uut/video_uut/Inst_vga/vga_signal_generator_inst/horizontal_counter/Q[1]
    SLICE_X152Y117       LUT1 (Prop_lut1_I0_O)        0.299    -1.125 r  datapath_uut/video_uut/Inst_vga/vga_signal_generator_inst/horizontal_counter/encoded[5]_i_316/O
                         net (fo=1, routed)           0.000    -1.125    datapath_uut/video_uut/Inst_vga/vga_signal_generator_inst/horizontal_counter/encoded[5]_i_316_n_0
    SLICE_X152Y117       CARRY4 (Prop_carry4_S[1]_O[2])
                                                      0.578    -0.547 f  datapath_uut/video_uut/Inst_vga/vga_signal_generator_inst/horizontal_counter/encoded_reg[5]_i_269/O[2]
                         net (fo=1, routed)           0.598     0.052    datapath_uut/video_uut/Inst_vga/vga_signal_generator_inst/horizontal_counter/color_mapper_inst/multOp[2]
    SLICE_X150Y118       LUT1 (Prop_lut1_I0_O)        0.301     0.353 r  datapath_uut/video_uut/Inst_vga/vga_signal_generator_inst/horizontal_counter/dc_bias[0]_i_909/O
                         net (fo=1, routed)           0.000     0.353    datapath_uut/video_uut/Inst_vga/vga_signal_generator_inst/horizontal_counter/dc_bias[0]_i_909_n_0
    SLICE_X150Y118       CARRY4 (Prop_carry4_S[1]_O[3])
                                                      0.643     0.996 f  datapath_uut/video_uut/Inst_vga/vga_signal_generator_inst/horizontal_counter/dc_bias_reg[0]_i_636/O[3]
                         net (fo=22, routed)          0.630     1.626    datapath_uut/video_uut/Inst_vga/vga_signal_generator_inst/horizontal_counter/color_mapper_inst/L3[4]
    SLICE_X150Y117       LUT3 (Prop_lut3_I0_O)        0.333     1.959 r  datapath_uut/video_uut/Inst_vga/vga_signal_generator_inst/horizontal_counter/encoded[5]_i_264/O
                         net (fo=1, routed)           0.382     2.341    datapath_uut/video_uut/Inst_vga/vga_signal_generator_inst/horizontal_counter/encoded[5]_i_264_n_0
    SLICE_X151Y117       CARRY4 (Prop_carry4_CYINIT_O[2])
                                                      0.788     3.129 f  datapath_uut/video_uut/Inst_vga/vga_signal_generator_inst/horizontal_counter/encoded_reg[5]_i_168/O[2]
                         net (fo=32, routed)          2.237     5.366    datapath_uut/video_uut/Inst_vga/vga_signal_generator_inst/horizontal_counter/color_mapper_inst/L1[3]
    SLICE_X157Y127       LUT3 (Prop_lut3_I0_O)        0.302     5.668 r  datapath_uut/video_uut/Inst_vga/vga_signal_generator_inst/horizontal_counter/dc_bias[0]_i_984/O
                         net (fo=1, routed)           0.000     5.668    datapath_uut/video_uut/Inst_vga/vga_signal_generator_inst/horizontal_counter/dc_bias[0]_i_984_n_0
    SLICE_X157Y127       CARRY4 (Prop_carry4_S[2]_CO[3])
                                                      0.398     6.066 r  datapath_uut/video_uut/Inst_vga/vga_signal_generator_inst/horizontal_counter/dc_bias_reg[0]_i_814/CO[3]
                         net (fo=1, routed)           0.000     6.066    datapath_uut/video_uut/Inst_vga/vga_signal_generator_inst/horizontal_counter/dc_bias_reg[0]_i_814_n_0
    SLICE_X157Y128       CARRY4 (Prop_carry4_CI_CO[3])
                                                      0.114     6.180 r  datapath_uut/video_uut/Inst_vga/vga_signal_generator_inst/horizontal_counter/dc_bias_reg[0]_i_548/CO[3]
                         net (fo=1, routed)           0.000     6.180    datapath_uut/video_uut/Inst_vga/vga_signal_generator_inst/horizontal_counter/dc_bias_reg[0]_i_548_n_0
    SLICE_X157Y129       CARRY4 (Prop_carry4_CI_CO[3])
                                                      0.114     6.294 r  datapath_uut/video_uut/Inst_vga/vga_signal_generator_inst/horizontal_counter/dc_bias_reg[0]_i_549/CO[3]
                         net (fo=1, routed)           0.000     6.294    datapath_uut/video_uut/Inst_vga/vga_signal_generator_inst/horizontal_counter/dc_bias_reg[0]_i_549_n_0
    SLICE_X157Y130       CARRY4 (Prop_carry4_CI_CO[3])
                                                      0.114     6.408 r  datapath_uut/video_uut/Inst_vga/vga_signal_generator_inst/horizontal_counter/dc_bias_reg[0]_i_279/CO[3]
                         net (fo=1, routed)           0.000     6.408    datapath_uut/video_uut/Inst_vga/vga_signal_generator_inst/horizontal_counter/dc_bias_reg[0]_i_279_n_0
    SLICE_X157Y131       CARRY4 (Prop_carry4_CI_O[1])
                                                      0.334     6.742 f  datapath_uut/video_uut/Inst_vga/vga_signal_generator_inst/horizontal_counter/dc_bias_reg[0]_i_277/O[1]
                         net (fo=3, routed)           0.586     7.328    datapath_uut/video_uut/Inst_vga/vga_signal_generator_inst/horizontal_counter/dc_bias_reg[0]_i_277_n_6
    SLICE_X156Y129       LUT2 (Prop_lut2_I0_O)        0.303     7.631 r  datapath_uut/video_uut/Inst_vga/vga_signal_generator_inst/horizontal_counter/dc_bias[0]_i_111/O
                         net (fo=1, routed)           0.000     7.631    datapath_uut/video_uut/Inst_vga/vga_signal_generator_inst/horizontal_counter/dc_bias[0]_i_111_n_0
    SLICE_X156Y129       CARRY4 (Prop_carry4_S[1]_CO[2])
                                                      0.570     8.201 f  datapath_uut/video_uut/Inst_vga/vga_signal_generator_inst/horizontal_counter/dc_bias_reg[0]_i_33/CO[2]
                         net (fo=4, routed)           1.551     9.752    datapath_uut/video_uut/Inst_vga/vga_signal_generator_inst/horizontal_counter/color_mapper_inst/row_7112_in
    SLICE_X145Y127       LUT4 (Prop_lut4_I0_O)        0.313    10.065 f  datapath_uut/video_uut/Inst_vga/vga_signal_generator_inst/horizontal_counter/dc_bias[0]_i_21/O
                         net (fo=8, routed)           0.726    10.792    datapath_uut/video_uut/Inst_vga/vga_signal_generator_inst/horizontal_counter/dc_bias[0]_i_21_n_0
    SLICE_X146Y129       LUT6 (Prop_lut6_I0_O)        0.124    10.916 f  datapath_uut/video_uut/Inst_vga/vga_signal_generator_inst/horizontal_counter/dc_bias[0]_i_16__0/O
                         net (fo=2, routed)           1.025    11.940    datapath_uut/video_uut/Inst_vga/vga_signal_generator_inst/horizontal_counter/dc_bias[0]_i_16__0_n_0
    SLICE_X145Y123       LUT6 (Prop_lut6_I0_O)        0.124    12.064 f  datapath_uut/video_uut/Inst_vga/vga_signal_generator_inst/horizontal_counter/dc_bias[0]_i_13/O
                         net (fo=13, routed)          1.166    13.231    datapath_uut/video_uut/Inst_vga/color_mapper_inst/chicken_color/dc_bias_reg[0]_8
    SLICE_X157Y125       LUT3 (Prop_lut3_I0_O)        0.119    13.350 f  datapath_uut/video_uut/Inst_vga/color_mapper_inst/chicken_color/encoded[7]_i_8__0/O
                         net (fo=3, routed)           0.614    13.964    datapath_uut/video_uut/Inst_vga/color_mapper_inst/chicken_color/pixel[color][14]
    SLICE_X150Y125       LUT6 (Prop_lut6_I3_O)        0.332    14.296 r  datapath_uut/video_uut/Inst_vga/color_mapper_inst/chicken_color/dc_bias[0]_i_14__0/O
                         net (fo=1, routed)           0.849    15.144    datapath_uut/video_uut/Inst_vga/vga_signal_generator_inst/horizontal_counter/encoded_reg[0]_3
    SLICE_X149Y130       LUT5 (Prop_lut5_I0_O)        0.124    15.268 r  datapath_uut/video_uut/Inst_vga/vga_signal_generator_inst/horizontal_counter/dc_bias[0]_i_4__0/O
                         net (fo=36, routed)          1.254    16.523    datapath_uut/video_uut/Inst_vga/vga_signal_generator_inst/horizontal_counter/rgb_reg_1
    SLICE_X150Y137       LUT3 (Prop_lut3_I1_O)        0.124    16.647 r  datapath_uut/video_uut/Inst_vga/vga_signal_generator_inst/horizontal_counter/dc_bias[3]_i_26__1/O
                         net (fo=3, routed)           1.030    17.677    datapath_uut/video_uut/Inst_vga/vga_signal_generator_inst/horizontal_counter/dc_bias[3]_i_26__1_n_0
    SLICE_X148Y137       LUT6 (Prop_lut6_I0_O)        0.124    17.801 f  datapath_uut/video_uut/Inst_vga/vga_signal_generator_inst/horizontal_counter/dc_bias[2]_i_9/O
                         net (fo=2, routed)           0.821    18.622    datapath_uut/video_uut/Inst_vga/color_mapper_inst/chicken_color/dc_bias[2]_i_2__0
    SLICE_X148Y138       LUT3 (Prop_lut3_I2_O)        0.150    18.772 r  datapath_uut/video_uut/Inst_vga/color_mapper_inst/chicken_color/dc_bias[2]_i_7__0/O
                         net (fo=1, routed)           0.620    19.392    datapath_uut/video_uut/Inst_vga/vga_signal_generator_inst/horizontal_counter/dc_bias_reg[2]_1
    SLICE_X148Y137       LUT6 (Prop_lut6_I4_O)        0.328    19.720 r  datapath_uut/video_uut/Inst_vga/vga_signal_generator_inst/horizontal_counter/dc_bias[2]_i_2__0/O
                         net (fo=1, routed)           0.000    19.720    datapath_uut/video_uut/Inst_vga/vga_signal_generator_inst/horizontal_counter/dc_bias[2]_i_2__0_n_0
    SLICE_X148Y137       MUXF7 (Prop_muxf7_I0_O)      0.209    19.929 r  datapath_uut/video_uut/Inst_vga/vga_signal_generator_inst/horizontal_counter/dc_bias_reg[2]_i_1__0/O
                         net (fo=1, routed)           0.000    19.929    datapath_uut/video_uut/inst_dvid/TDMS_encoder_green/dc_bias_reg[3]_1[2]
    SLICE_X148Y137       FDRE                                         r  datapath_uut/video_uut/inst_dvid/TDMS_encoder_green/dc_bias_reg[2]/D
  -------------------------------------------------------------------    -------------------

                         (clock clk_out1_clk_wiz_0 rise edge)
                                                     40.000    40.000 r  
    R4                   IBUF                         0.000    40.000 r  clk_IBUF_inst/O
                         net (fo=27, routed)          1.162    41.162    datapath_uut/video_uut/mmcm_adv_inst_display_clocks/inst/clk_in1
    MMCME2_ADV_X1Y2      MMCME2_ADV (Prop_mmcme2_adv_CLKIN1_CLKOUT0)
                                                     -7.674    33.488 r  datapath_uut/video_uut/mmcm_adv_inst_display_clocks/inst/mmcm_adv_inst/CLKOUT0
                         net (fo=1, routed)           1.723    35.211    datapath_uut/video_uut/mmcm_adv_inst_display_clocks/inst/clk_out1_clk_wiz_0
    BUFGCTRL_X0Y1        BUFG (Prop_bufg_I_O)         0.091    35.302 r  datapath_uut/video_uut/mmcm_adv_inst_display_clocks/inst/clkout1_buf/O
                         net (fo=271, routed)         1.632    36.935    datapath_uut/video_uut/inst_dvid/TDMS_encoder_green/clk_out1
    SLICE_X148Y137       FDRE                                         r  datapath_uut/video_uut/inst_dvid/TDMS_encoder_green/dc_bias_reg[2]/C
                         clock pessimism              0.483    37.418    
                         clock uncertainty           -0.095    37.324    
    SLICE_X148Y137       FDRE (Setup_fdre_C_D)        0.113    37.437    datapath_uut/video_uut/inst_dvid/TDMS_encoder_green/dc_bias_reg[2]
  -------------------------------------------------------------------
                         required time                         37.437    
                         arrival time                         -19.929    
  -------------------------------------------------------------------
                         slack                                 17.507    

Slack (MET) :             17.520ns  (required time - arrival time)
  Source:                 datapath_uut/video_uut/Inst_vga/vga_signal_generator_inst/horizontal_counter/processQ_reg[1]/C
                            (rising edge-triggered cell FDRE clocked by clk_out1_clk_wiz_0  {rise@0.000ns fall@20.000ns period=40.000ns})
  Destination:            datapath_uut/video_uut/inst_dvid/TDMS_encoder_red/dc_bias_reg[1]/D
                            (rising edge-triggered cell FDRE clocked by clk_out1_clk_wiz_0  {rise@0.000ns fall@20.000ns period=40.000ns})
  Path Group:             clk_out1_clk_wiz_0
  Path Type:              Setup (Max at Slow Process Corner)
  Requirement:            40.000ns  (clk_out1_clk_wiz_0 rise@40.000ns - clk_out1_clk_wiz_0 rise@0.000ns)
  Data Path Delay:        22.490ns  (logic 7.419ns (32.988%)  route 15.071ns (67.012%))
  Logic Levels:           24  (CARRY4=9 LUT1=2 LUT2=1 LUT3=5 LUT4=2 LUT6=4 MUXF7=1)
  Clock Path Skew:        0.040ns (DCD - SCD + CPR)
    Destination Clock Delay (DCD):    -2.993ns = ( 37.007 - 40.000 ) 
    Source Clock Delay      (SCD):    -2.550ns
    Clock Pessimism Removal (CPR):    0.483ns
  Clock Uncertainty:      0.095ns  ((TSJ^2 + DJ^2)^1/2) / 2 + PE
    Total System Jitter     (TSJ):    0.071ns
    Discrete Jitter          (DJ):    0.175ns
    Phase Error              (PE):    0.000ns

    Location             Delay type                Incr(ns)  Path(ns)    Netlist Resource(s)
  -------------------------------------------------------------------    -------------------
                         (clock clk_out1_clk_wiz_0 rise edge)
                                                      0.000     0.000 r  
    R4                   IBUF                         0.000     0.000 r  clk_IBUF_inst/O
                         net (fo=27, routed)          1.233     1.233    datapath_uut/video_uut/mmcm_adv_inst_display_clocks/inst/clk_in1
    MMCME2_ADV_X1Y2      MMCME2_ADV (Prop_mmcme2_adv_CLKIN1_CLKOUT0)
                                                     -7.432    -6.199 r  datapath_uut/video_uut/mmcm_adv_inst_display_clocks/inst/mmcm_adv_inst/CLKOUT0
                         net (fo=1, routed)           1.808    -4.390    datapath_uut/video_uut/mmcm_adv_inst_display_clocks/inst/clk_out1_clk_wiz_0
    BUFGCTRL_X0Y1        BUFG (Prop_bufg_I_O)         0.096    -4.294 r  datapath_uut/video_uut/mmcm_adv_inst_display_clocks/inst/clkout1_buf/O
                         net (fo=271, routed)         1.744    -2.550    datapath_uut/video_uut/Inst_vga/vga_signal_generator_inst/horizontal_counter/clk_out1
    SLICE_X155Y120       FDRE                                         r  datapath_uut/video_uut/Inst_vga/vga_signal_generator_inst/horizontal_counter/processQ_reg[1]/C
  -------------------------------------------------------------------    -------------------
    SLICE_X155Y120       FDRE (Prop_fdre_C_Q)         0.419    -2.131 f  datapath_uut/video_uut/Inst_vga/vga_signal_generator_inst/horizontal_counter/processQ_reg[1]/Q
                         net (fo=16, routed)          0.707    -1.424    datapath_uut/video_uut/Inst_vga/vga_signal_generator_inst/horizontal_counter/Q[1]
    SLICE_X152Y117       LUT1 (Prop_lut1_I0_O)        0.299    -1.125 r  datapath_uut/video_uut/Inst_vga/vga_signal_generator_inst/horizontal_counter/encoded[5]_i_316/O
                         net (fo=1, routed)           0.000    -1.125    datapath_uut/video_uut/Inst_vga/vga_signal_generator_inst/horizontal_counter/encoded[5]_i_316_n_0
    SLICE_X152Y117       CARRY4 (Prop_carry4_S[1]_O[2])
                                                      0.578    -0.547 f  datapath_uut/video_uut/Inst_vga/vga_signal_generator_inst/horizontal_counter/encoded_reg[5]_i_269/O[2]
                         net (fo=1, routed)           0.598     0.052    datapath_uut/video_uut/Inst_vga/vga_signal_generator_inst/horizontal_counter/color_mapper_inst/multOp[2]
    SLICE_X150Y118       LUT1 (Prop_lut1_I0_O)        0.301     0.353 r  datapath_uut/video_uut/Inst_vga/vga_signal_generator_inst/horizontal_counter/dc_bias[0]_i_909/O
                         net (fo=1, routed)           0.000     0.353    datapath_uut/video_uut/Inst_vga/vga_signal_generator_inst/horizontal_counter/dc_bias[0]_i_909_n_0
    SLICE_X150Y118       CARRY4 (Prop_carry4_S[1]_O[3])
                                                      0.643     0.996 f  datapath_uut/video_uut/Inst_vga/vga_signal_generator_inst/horizontal_counter/dc_bias_reg[0]_i_636/O[3]
                         net (fo=22, routed)          0.630     1.626    datapath_uut/video_uut/Inst_vga/vga_signal_generator_inst/horizontal_counter/color_mapper_inst/L3[4]
    SLICE_X150Y117       LUT3 (Prop_lut3_I0_O)        0.333     1.959 r  datapath_uut/video_uut/Inst_vga/vga_signal_generator_inst/horizontal_counter/encoded[5]_i_264/O
                         net (fo=1, routed)           0.382     2.341    datapath_uut/video_uut/Inst_vga/vga_signal_generator_inst/horizontal_counter/encoded[5]_i_264_n_0
    SLICE_X151Y117       CARRY4 (Prop_carry4_CYINIT_O[2])
                                                      0.788     3.129 f  datapath_uut/video_uut/Inst_vga/vga_signal_generator_inst/horizontal_counter/encoded_reg[5]_i_168/O[2]
                         net (fo=32, routed)          2.237     5.366    datapath_uut/video_uut/Inst_vga/vga_signal_generator_inst/horizontal_counter/color_mapper_inst/L1[3]
    SLICE_X157Y127       LUT3 (Prop_lut3_I0_O)        0.302     5.668 r  datapath_uut/video_uut/Inst_vga/vga_signal_generator_inst/horizontal_counter/dc_bias[0]_i_984/O
                         net (fo=1, routed)           0.000     5.668    datapath_uut/video_uut/Inst_vga/vga_signal_generator_inst/horizontal_counter/dc_bias[0]_i_984_n_0
    SLICE_X157Y127       CARRY4 (Prop_carry4_S[2]_CO[3])
                                                      0.398     6.066 r  datapath_uut/video_uut/Inst_vga/vga_signal_generator_inst/horizontal_counter/dc_bias_reg[0]_i_814/CO[3]
                         net (fo=1, routed)           0.000     6.066    datapath_uut/video_uut/Inst_vga/vga_signal_generator_inst/horizontal_counter/dc_bias_reg[0]_i_814_n_0
    SLICE_X157Y128       CARRY4 (Prop_carry4_CI_CO[3])
                                                      0.114     6.180 r  datapath_uut/video_uut/Inst_vga/vga_signal_generator_inst/horizontal_counter/dc_bias_reg[0]_i_548/CO[3]
                         net (fo=1, routed)           0.000     6.180    datapath_uut/video_uut/Inst_vga/vga_signal_generator_inst/horizontal_counter/dc_bias_reg[0]_i_548_n_0
    SLICE_X157Y129       CARRY4 (Prop_carry4_CI_CO[3])
                                                      0.114     6.294 r  datapath_uut/video_uut/Inst_vga/vga_signal_generator_inst/horizontal_counter/dc_bias_reg[0]_i_549/CO[3]
                         net (fo=1, routed)           0.000     6.294    datapath_uut/video_uut/Inst_vga/vga_signal_generator_inst/horizontal_counter/dc_bias_reg[0]_i_549_n_0
    SLICE_X157Y130       CARRY4 (Prop_carry4_CI_CO[3])
                                                      0.114     6.408 r  datapath_uut/video_uut/Inst_vga/vga_signal_generator_inst/horizontal_counter/dc_bias_reg[0]_i_279/CO[3]
                         net (fo=1, routed)           0.000     6.408    datapath_uut/video_uut/Inst_vga/vga_signal_generator_inst/horizontal_counter/dc_bias_reg[0]_i_279_n_0
    SLICE_X157Y131       CARRY4 (Prop_carry4_CI_O[1])
                                                      0.334     6.742 f  datapath_uut/video_uut/Inst_vga/vga_signal_generator_inst/horizontal_counter/dc_bias_reg[0]_i_277/O[1]
                         net (fo=3, routed)           0.586     7.328    datapath_uut/video_uut/Inst_vga/vga_signal_generator_inst/horizontal_counter/dc_bias_reg[0]_i_277_n_6
    SLICE_X156Y129       LUT2 (Prop_lut2_I0_O)        0.303     7.631 r  datapath_uut/video_uut/Inst_vga/vga_signal_generator_inst/horizontal_counter/dc_bias[0]_i_111/O
                         net (fo=1, routed)           0.000     7.631    datapath_uut/video_uut/Inst_vga/vga_signal_generator_inst/horizontal_counter/dc_bias[0]_i_111_n_0
    SLICE_X156Y129       CARRY4 (Prop_carry4_S[1]_CO[2])
                                                      0.570     8.201 r  datapath_uut/video_uut/Inst_vga/vga_signal_generator_inst/horizontal_counter/dc_bias_reg[0]_i_33/CO[2]
                         net (fo=4, routed)           1.551     9.752    datapath_uut/video_uut/Inst_vga/vga_signal_generator_inst/horizontal_counter/color_mapper_inst/row_7112_in
    SLICE_X145Y127       LUT4 (Prop_lut4_I0_O)        0.313    10.065 r  datapath_uut/video_uut/Inst_vga/vga_signal_generator_inst/horizontal_counter/dc_bias[0]_i_21/O
                         net (fo=8, routed)           0.726    10.792    datapath_uut/video_uut/Inst_vga/vga_signal_generator_inst/horizontal_counter/dc_bias[0]_i_21_n_0
    SLICE_X146Y129       LUT6 (Prop_lut6_I0_O)        0.124    10.916 r  datapath_uut/video_uut/Inst_vga/vga_signal_generator_inst/horizontal_counter/dc_bias[0]_i_16__0/O
                         net (fo=2, routed)           1.025    11.940    datapath_uut/video_uut/Inst_vga/vga_signal_generator_inst/horizontal_counter/dc_bias[0]_i_16__0_n_0
    SLICE_X145Y123       LUT6 (Prop_lut6_I0_O)        0.124    12.064 r  datapath_uut/video_uut/Inst_vga/vga_signal_generator_inst/horizontal_counter/dc_bias[0]_i_13/O
                         net (fo=13, routed)          1.166    13.231    datapath_uut/video_uut/Inst_vga/color_mapper_inst/chicken_color/dc_bias_reg[0]_8
    SLICE_X157Y125       LUT3 (Prop_lut3_I0_O)        0.124    13.355 r  datapath_uut/video_uut/Inst_vga/color_mapper_inst/chicken_color/encoded[0]_i_2__1/O
                         net (fo=20, routed)          1.584    14.938    datapath_uut/video_uut/Inst_vga/color_mapper_inst/chicken_color/rgb_reg_9
    SLICE_X159Y134       LUT6 (Prop_lut6_I2_O)        0.124    15.062 r  datapath_uut/video_uut/Inst_vga/color_mapper_inst/chicken_color/encoded[5]_i_3/O
                         net (fo=6, routed)           0.823    15.885    datapath_uut/video_uut/Inst_vga/vga_signal_generator_inst/horizontal_counter/encoded_reg[6]_0
    SLICE_X162Y134       LUT3 (Prop_lut3_I2_O)        0.148    16.033 r  datapath_uut/video_uut/Inst_vga/vga_signal_generator_inst/horizontal_counter/encoded[6]_i_3/O
                         net (fo=8, routed)           0.831    16.864    datapath_uut/video_uut/Inst_vga/vga_signal_generator_inst/horizontal_counter/rgb_reg_9
    SLICE_X162Y133       LUT3 (Prop_lut3_I0_O)        0.328    17.192 r  datapath_uut/video_uut/Inst_vga/vga_signal_generator_inst/horizontal_counter/dc_bias[3]_i_19__0/O
                         net (fo=3, routed)           0.852    18.045    datapath_uut/video_uut/Inst_vga/color_mapper_inst/chicken_color/dc_bias[2]_i_2__1_0
    SLICE_X161Y132       LUT6 (Prop_lut6_I2_O)        0.124    18.169 f  datapath_uut/video_uut/Inst_vga/color_mapper_inst/chicken_color/dc_bias[3]_i_5__1/O
                         net (fo=8, routed)           0.615    18.783    datapath_uut/video_uut/Inst_vga/color_mapper_inst/chicken_color/rgb_reg_12
    SLICE_X162Y133       LUT4 (Prop_lut4_I0_O)        0.124    18.907 r  datapath_uut/video_uut/Inst_vga/color_mapper_inst/chicken_color/dc_bias[3]_i_2__0/O
                         net (fo=13, routed)          0.757    19.664    datapath_uut/video_uut/Inst_vga/color_mapper_inst/chicken_color/dc_bias_reg[0]_2
    SLICE_X159Y133       MUXF7 (Prop_muxf7_S_O)       0.276    19.940 r  datapath_uut/video_uut/Inst_vga/color_mapper_inst/chicken_color/dc_bias_reg[1]_i_1__1/O
                         net (fo=1, routed)           0.000    19.940    datapath_uut/video_uut/inst_dvid/TDMS_encoder_red/D[1]
    SLICE_X159Y133       FDRE                                         r  datapath_uut/video_uut/inst_dvid/TDMS_encoder_red/dc_bias_reg[1]/D
  -------------------------------------------------------------------    -------------------

                         (clock clk_out1_clk_wiz_0 rise edge)
                                                     40.000    40.000 r  
    R4                   IBUF                         0.000    40.000 r  clk_IBUF_inst/O
                         net (fo=27, routed)          1.162    41.162    datapath_uut/video_uut/mmcm_adv_inst_display_clocks/inst/clk_in1
    MMCME2_ADV_X1Y2      MMCME2_ADV (Prop_mmcme2_adv_CLKIN1_CLKOUT0)
                                                     -7.674    33.488 r  datapath_uut/video_uut/mmcm_adv_inst_display_clocks/inst/mmcm_adv_inst/CLKOUT0
                         net (fo=1, routed)           1.723    35.211    datapath_uut/video_uut/mmcm_adv_inst_display_clocks/inst/clk_out1_clk_wiz_0
    BUFGCTRL_X0Y1        BUFG (Prop_bufg_I_O)         0.091    35.302 r  datapath_uut/video_uut/mmcm_adv_inst_display_clocks/inst/clkout1_buf/O
                         net (fo=271, routed)         1.704    37.007    datapath_uut/video_uut/inst_dvid/TDMS_encoder_red/clk_out1
    SLICE_X159Y133       FDRE                                         r  datapath_uut/video_uut/inst_dvid/TDMS_encoder_red/dc_bias_reg[1]/C
                         clock pessimism              0.483    37.490    
                         clock uncertainty           -0.095    37.396    
    SLICE_X159Y133       FDRE (Setup_fdre_C_D)        0.064    37.460    datapath_uut/video_uut/inst_dvid/TDMS_encoder_red/dc_bias_reg[1]
  -------------------------------------------------------------------
                         required time                         37.460    
                         arrival time                         -19.940    
  -------------------------------------------------------------------
                         slack                                 17.520    

Slack (MET) :             17.603ns  (required time - arrival time)
  Source:                 datapath_uut/video_uut/Inst_vga/vga_signal_generator_inst/horizontal_counter/processQ_reg[1]/C
                            (rising edge-triggered cell FDRE clocked by clk_out1_clk_wiz_0  {rise@0.000ns fall@20.000ns period=40.000ns})
  Destination:            datapath_uut/video_uut/inst_dvid/TDMS_encoder_red/encoded_reg[7]/D
                            (rising edge-triggered cell FDRE clocked by clk_out1_clk_wiz_0  {rise@0.000ns fall@20.000ns period=40.000ns})
  Path Group:             clk_out1_clk_wiz_0
  Path Type:              Setup (Max at Slow Process Corner)
  Requirement:            40.000ns  (clk_out1_clk_wiz_0 rise@40.000ns - clk_out1_clk_wiz_0 rise@0.000ns)
  Data Path Delay:        22.424ns  (logic 7.267ns (32.408%)  route 15.157ns (67.592%))
  Logic Levels:           24  (CARRY4=9 LUT1=2 LUT2=1 LUT3=5 LUT4=2 LUT5=1 LUT6=4)
  Clock Path Skew:        0.044ns (DCD - SCD + CPR)
    Destination Clock Delay (DCD):    -2.989ns = ( 37.011 - 40.000 ) 
    Source Clock Delay      (SCD):    -2.550ns
    Clock Pessimism Removal (CPR):    0.483ns
  Clock Uncertainty:      0.095ns  ((TSJ^2 + DJ^2)^1/2) / 2 + PE
    Total System Jitter     (TSJ):    0.071ns
    Discrete Jitter          (DJ):    0.175ns
    Phase Error              (PE):    0.000ns

    Location             Delay type                Incr(ns)  Path(ns)    Netlist Resource(s)
  -------------------------------------------------------------------    -------------------
                         (clock clk_out1_clk_wiz_0 rise edge)
                                                      0.000     0.000 r  
    R4                   IBUF                         0.000     0.000 r  clk_IBUF_inst/O
                         net (fo=27, routed)          1.233     1.233    datapath_uut/video_uut/mmcm_adv_inst_display_clocks/inst/clk_in1
    MMCME2_ADV_X1Y2      MMCME2_ADV (Prop_mmcme2_adv_CLKIN1_CLKOUT0)
                                                     -7.432    -6.199 r  datapath_uut/video_uut/mmcm_adv_inst_display_clocks/inst/mmcm_adv_inst/CLKOUT0
                         net (fo=1, routed)           1.808    -4.390    datapath_uut/video_uut/mmcm_adv_inst_display_clocks/inst/clk_out1_clk_wiz_0
    BUFGCTRL_X0Y1        BUFG (Prop_bufg_I_O)         0.096    -4.294 r  datapath_uut/video_uut/mmcm_adv_inst_display_clocks/inst/clkout1_buf/O
                         net (fo=271, routed)         1.744    -2.550    datapath_uut/video_uut/Inst_vga/vga_signal_generator_inst/horizontal_counter/clk_out1
    SLICE_X155Y120       FDRE                                         r  datapath_uut/video_uut/Inst_vga/vga_signal_generator_inst/horizontal_counter/processQ_reg[1]/C
  -------------------------------------------------------------------    -------------------
    SLICE_X155Y120       FDRE (Prop_fdre_C_Q)         0.419    -2.131 f  datapath_uut/video_uut/Inst_vga/vga_signal_generator_inst/horizontal_counter/processQ_reg[1]/Q
                         net (fo=16, routed)          0.707    -1.424    datapath_uut/video_uut/Inst_vga/vga_signal_generator_inst/horizontal_counter/Q[1]
    SLICE_X152Y117       LUT1 (Prop_lut1_I0_O)        0.299    -1.125 r  datapath_uut/video_uut/Inst_vga/vga_signal_generator_inst/horizontal_counter/encoded[5]_i_316/O
                         net (fo=1, routed)           0.000    -1.125    datapath_uut/video_uut/Inst_vga/vga_signal_generator_inst/horizontal_counter/encoded[5]_i_316_n_0
    SLICE_X152Y117       CARRY4 (Prop_carry4_S[1]_O[2])
                                                      0.578    -0.547 f  datapath_uut/video_uut/Inst_vga/vga_signal_generator_inst/horizontal_counter/encoded_reg[5]_i_269/O[2]
                         net (fo=1, routed)           0.598     0.052    datapath_uut/video_uut/Inst_vga/vga_signal_generator_inst/horizontal_counter/color_mapper_inst/multOp[2]
    SLICE_X150Y118       LUT1 (Prop_lut1_I0_O)        0.301     0.353 r  datapath_uut/video_uut/Inst_vga/vga_signal_generator_inst/horizontal_counter/dc_bias[0]_i_909/O
                         net (fo=1, routed)           0.000     0.353    datapath_uut/video_uut/Inst_vga/vga_signal_generator_inst/horizontal_counter/dc_bias[0]_i_909_n_0
    SLICE_X150Y118       CARRY4 (Prop_carry4_S[1]_O[3])
                                                      0.643     0.996 f  datapath_uut/video_uut/Inst_vga/vga_signal_generator_inst/horizontal_counter/dc_bias_reg[0]_i_636/O[3]
                         net (fo=22, routed)          0.630     1.626    datapath_uut/video_uut/Inst_vga/vga_signal_generator_inst/horizontal_counter/color_mapper_inst/L3[4]
    SLICE_X150Y117       LUT3 (Prop_lut3_I0_O)        0.333     1.959 r  datapath_uut/video_uut/Inst_vga/vga_signal_generator_inst/horizontal_counter/encoded[5]_i_264/O
                         net (fo=1, routed)           0.382     2.341    datapath_uut/video_uut/Inst_vga/vga_signal_generator_inst/horizontal_counter/encoded[5]_i_264_n_0
    SLICE_X151Y117       CARRY4 (Prop_carry4_CYINIT_O[2])
                                                      0.788     3.129 f  datapath_uut/video_uut/Inst_vga/vga_signal_generator_inst/horizontal_counter/encoded_reg[5]_i_168/O[2]
                         net (fo=32, routed)          2.237     5.366    datapath_uut/video_uut/Inst_vga/vga_signal_generator_inst/horizontal_counter/color_mapper_inst/L1[3]
    SLICE_X157Y127       LUT3 (Prop_lut3_I0_O)        0.302     5.668 r  datapath_uut/video_uut/Inst_vga/vga_signal_generator_inst/horizontal_counter/dc_bias[0]_i_984/O
                         net (fo=1, routed)           0.000     5.668    datapath_uut/video_uut/Inst_vga/vga_signal_generator_inst/horizontal_counter/dc_bias[0]_i_984_n_0
    SLICE_X157Y127       CARRY4 (Prop_carry4_S[2]_CO[3])
                                                      0.398     6.066 r  datapath_uut/video_uut/Inst_vga/vga_signal_generator_inst/horizontal_counter/dc_bias_reg[0]_i_814/CO[3]
                         net (fo=1, routed)           0.000     6.066    datapath_uut/video_uut/Inst_vga/vga_signal_generator_inst/horizontal_counter/dc_bias_reg[0]_i_814_n_0
    SLICE_X157Y128       CARRY4 (Prop_carry4_CI_CO[3])
                                                      0.114     6.180 r  datapath_uut/video_uut/Inst_vga/vga_signal_generator_inst/horizontal_counter/dc_bias_reg[0]_i_548/CO[3]
                         net (fo=1, routed)           0.000     6.180    datapath_uut/video_uut/Inst_vga/vga_signal_generator_inst/horizontal_counter/dc_bias_reg[0]_i_548_n_0
    SLICE_X157Y129       CARRY4 (Prop_carry4_CI_CO[3])
                                                      0.114     6.294 r  datapath_uut/video_uut/Inst_vga/vga_signal_generator_inst/horizontal_counter/dc_bias_reg[0]_i_549/CO[3]
                         net (fo=1, routed)           0.000     6.294    datapath_uut/video_uut/Inst_vga/vga_signal_generator_inst/horizontal_counter/dc_bias_reg[0]_i_549_n_0
    SLICE_X157Y130       CARRY4 (Prop_carry4_CI_CO[3])
                                                      0.114     6.408 r  datapath_uut/video_uut/Inst_vga/vga_signal_generator_inst/horizontal_counter/dc_bias_reg[0]_i_279/CO[3]
                         net (fo=1, routed)           0.000     6.408    datapath_uut/video_uut/Inst_vga/vga_signal_generator_inst/horizontal_counter/dc_bias_reg[0]_i_279_n_0
    SLICE_X157Y131       CARRY4 (Prop_carry4_CI_O[1])
                                                      0.334     6.742 f  datapath_uut/video_uut/Inst_vga/vga_signal_generator_inst/horizontal_counter/dc_bias_reg[0]_i_277/O[1]
                         net (fo=3, routed)           0.586     7.328    datapath_uut/video_uut/Inst_vga/vga_signal_generator_inst/horizontal_counter/dc_bias_reg[0]_i_277_n_6
    SLICE_X156Y129       LUT2 (Prop_lut2_I0_O)        0.303     7.631 r  datapath_uut/video_uut/Inst_vga/vga_signal_generator_inst/horizontal_counter/dc_bias[0]_i_111/O
                         net (fo=1, routed)           0.000     7.631    datapath_uut/video_uut/Inst_vga/vga_signal_generator_inst/horizontal_counter/dc_bias[0]_i_111_n_0
    SLICE_X156Y129       CARRY4 (Prop_carry4_S[1]_CO[2])
                                                      0.570     8.201 r  datapath_uut/video_uut/Inst_vga/vga_signal_generator_inst/horizontal_counter/dc_bias_reg[0]_i_33/CO[2]
                         net (fo=4, routed)           1.551     9.752    datapath_uut/video_uut/Inst_vga/vga_signal_generator_inst/horizontal_counter/color_mapper_inst/row_7112_in
    SLICE_X145Y127       LUT4 (Prop_lut4_I0_O)        0.313    10.065 r  datapath_uut/video_uut/Inst_vga/vga_signal_generator_inst/horizontal_counter/dc_bias[0]_i_21/O
                         net (fo=8, routed)           0.726    10.792    datapath_uut/video_uut/Inst_vga/vga_signal_generator_inst/horizontal_counter/dc_bias[0]_i_21_n_0
    SLICE_X146Y129       LUT6 (Prop_lut6_I0_O)        0.124    10.916 r  datapath_uut/video_uut/Inst_vga/vga_signal_generator_inst/horizontal_counter/dc_bias[0]_i_16__0/O
                         net (fo=2, routed)           1.025    11.940    datapath_uut/video_uut/Inst_vga/vga_signal_generator_inst/horizontal_counter/dc_bias[0]_i_16__0_n_0
    SLICE_X145Y123       LUT6 (Prop_lut6_I0_O)        0.124    12.064 r  datapath_uut/video_uut/Inst_vga/vga_signal_generator_inst/horizontal_counter/dc_bias[0]_i_13/O
                         net (fo=13, routed)          1.166    13.231    datapath_uut/video_uut/Inst_vga/color_mapper_inst/chicken_color/dc_bias_reg[0]_8
    SLICE_X157Y125       LUT3 (Prop_lut3_I0_O)        0.124    13.355 r  datapath_uut/video_uut/Inst_vga/color_mapper_inst/chicken_color/encoded[0]_i_2__1/O
                         net (fo=20, routed)          1.584    14.938    datapath_uut/video_uut/Inst_vga/color_mapper_inst/chicken_color/rgb_reg_9
    SLICE_X159Y134       LUT6 (Prop_lut6_I2_O)        0.124    15.062 r  datapath_uut/video_uut/Inst_vga/color_mapper_inst/chicken_color/encoded[5]_i_3/O
                         net (fo=6, routed)           0.823    15.885    datapath_uut/video_uut/Inst_vga/vga_signal_generator_inst/horizontal_counter/encoded_reg[6]_0
    SLICE_X162Y134       LUT3 (Prop_lut3_I2_O)        0.148    16.033 r  datapath_uut/video_uut/Inst_vga/vga_signal_generator_inst/horizontal_counter/encoded[6]_i_3/O
                         net (fo=8, routed)           0.831    16.864    datapath_uut/video_uut/Inst_vga/vga_signal_generator_inst/horizontal_counter/rgb_reg_9
    SLICE_X162Y133       LUT3 (Prop_lut3_I0_O)        0.328    17.192 r  datapath_uut/video_uut/Inst_vga/vga_signal_generator_inst/horizontal_counter/dc_bias[3]_i_19__0/O
                         net (fo=3, routed)           0.852    18.045    datapath_uut/video_uut/Inst_vga/color_mapper_inst/chicken_color/dc_bias[2]_i_2__1_0
    SLICE_X161Y132       LUT6 (Prop_lut6_I2_O)        0.124    18.169 f  datapath_uut/video_uut/Inst_vga/color_mapper_inst/chicken_color/dc_bias[3]_i_5__1/O
                         net (fo=8, routed)           0.615    18.783    datapath_uut/video_uut/Inst_vga/color_mapper_inst/chicken_color/rgb_reg_12
    SLICE_X162Y133       LUT4 (Prop_lut4_I0_O)        0.124    18.907 r  datapath_uut/video_uut/Inst_vga/color_mapper_inst/chicken_color/dc_bias[3]_i_2__0/O
                         net (fo=13, routed)          0.843    19.750    datapath_uut/video_uut/Inst_vga/color_mapper_inst/chicken_color/dc_bias_reg[0]_2
    SLICE_X162Y136       LUT5 (Prop_lut5_I0_O)        0.124    19.874 r  datapath_uut/video_uut/Inst_vga/color_mapper_inst/chicken_color/encoded[7]_i_1__1/O
                         net (fo=1, routed)           0.000    19.874    datapath_uut/video_uut/inst_dvid/TDMS_encoder_red/encoded_reg[7]_0
    SLICE_X162Y136       FDRE                                         r  datapath_uut/video_uut/inst_dvid/TDMS_encoder_red/encoded_reg[7]/D
  -------------------------------------------------------------------    -------------------

                         (clock clk_out1_clk_wiz_0 rise edge)
                                                     40.000    40.000 r  
    R4                   IBUF                         0.000    40.000 r  clk_IBUF_inst/O
                         net (fo=27, routed)          1.162    41.162    datapath_uut/video_uut/mmcm_adv_inst_display_clocks/inst/clk_in1
    MMCME2_ADV_X1Y2      MMCME2_ADV (Prop_mmcme2_adv_CLKIN1_CLKOUT0)
                                                     -7.674    33.488 r  datapath_uut/video_uut/mmcm_adv_inst_display_clocks/inst/mmcm_adv_inst/CLKOUT0
                         net (fo=1, routed)           1.723    35.211    datapath_uut/video_uut/mmcm_adv_inst_display_clocks/inst/clk_out1_clk_wiz_0
    BUFGCTRL_X0Y1        BUFG (Prop_bufg_I_O)         0.091    35.302 r  datapath_uut/video_uut/mmcm_adv_inst_display_clocks/inst/clkout1_buf/O
                         net (fo=271, routed)         1.708    37.011    datapath_uut/video_uut/inst_dvid/TDMS_encoder_red/clk_out1
    SLICE_X162Y136       FDRE                                         r  datapath_uut/video_uut/inst_dvid/TDMS_encoder_red/encoded_reg[7]/C
                         clock pessimism              0.483    37.494    
                         clock uncertainty           -0.095    37.400    
    SLICE_X162Y136       FDRE (Setup_fdre_C_D)        0.077    37.477    datapath_uut/video_uut/inst_dvid/TDMS_encoder_red/encoded_reg[7]
  -------------------------------------------------------------------
                         required time                         37.477    
                         arrival time                         -19.874    
  -------------------------------------------------------------------
                         slack                                 17.603    





Min Delay Paths
--------------------------------------------------------------------------------------
Slack (MET) :             0.122ns  (arrival time - required time)
  Source:                 datapath_uut/video_uut/inst_dvid/TDMS_encoder_red/encoded_reg[6]/C
                            (rising edge-triggered cell FDRE clocked by clk_out1_clk_wiz_0  {rise@0.000ns fall@20.000ns period=40.000ns})
  Destination:            datapath_uut/video_uut/inst_dvid/latched_red_reg[6]/D
                            (rising edge-triggered cell FDRE clocked by clk_out1_clk_wiz_0  {rise@0.000ns fall@20.000ns period=40.000ns})
  Path Group:             clk_out1_clk_wiz_0
  Path Type:              Hold (Min at Fast Process Corner)
  Requirement:            0.000ns  (clk_out1_clk_wiz_0 rise@0.000ns - clk_out1_clk_wiz_0 rise@0.000ns)
  Data Path Delay:        0.197ns  (logic 0.141ns (71.611%)  route 0.056ns (28.389%))
  Logic Levels:           0  
  Clock Path Skew:        0.000ns (DCD - SCD - CPR)
    Destination Clock Delay (DCD):    -1.329ns
    Source Clock Delay      (SCD):    -0.899ns
    Clock Pessimism Removal (CPR):    -0.430ns

    Location             Delay type                Incr(ns)  Path(ns)    Netlist Resource(s)
  -------------------------------------------------------------------    -------------------
                         (clock clk_out1_clk_wiz_0 rise edge)
                                                      0.000     0.000 r  
    R4                   IBUF                         0.000     0.000 r  clk_IBUF_inst/O
                         net (fo=27, routed)          0.440     0.440    datapath_uut/video_uut/mmcm_adv_inst_display_clocks/inst/clk_in1
    MMCME2_ADV_X1Y2      MMCME2_ADV (Prop_mmcme2_adv_CLKIN1_CLKOUT0)
                                                     -2.540    -2.099 r  datapath_uut/video_uut/mmcm_adv_inst_display_clocks/inst/mmcm_adv_inst/CLKOUT0
                         net (fo=1, routed)           0.531    -1.568    datapath_uut/video_uut/mmcm_adv_inst_display_clocks/inst/clk_out1_clk_wiz_0
    BUFGCTRL_X0Y1        BUFG (Prop_bufg_I_O)         0.026    -1.542 r  datapath_uut/video_uut/mmcm_adv_inst_display_clocks/inst/clkout1_buf/O
                         net (fo=271, routed)         0.644    -0.899    datapath_uut/video_uut/inst_dvid/TDMS_encoder_red/clk_out1
    SLICE_X161Y135       FDRE                                         r  datapath_uut/video_uut/inst_dvid/TDMS_encoder_red/encoded_reg[6]/C
  -------------------------------------------------------------------    -------------------
    SLICE_X161Y135       FDRE (Prop_fdre_C_Q)         0.141    -0.758 r  datapath_uut/video_uut/inst_dvid/TDMS_encoder_red/encoded_reg[6]/Q
                         net (fo=1, routed)           0.056    -0.702    datapath_uut/video_uut/inst_dvid/TDMS_encoder_red_n_10
    SLICE_X161Y135       FDRE                                         r  datapath_uut/video_uut/inst_dvid/latched_red_reg[6]/D
  -------------------------------------------------------------------    -------------------

                         (clock clk_out1_clk_wiz_0 rise edge)
                                                      0.000     0.000 r  
    R4                   IBUF                         0.000     0.000 r  clk_IBUF_inst/O
                         net (fo=27, routed)          0.480     0.480    datapath_uut/video_uut/mmcm_adv_inst_display_clocks/inst/clk_in1
    MMCME2_ADV_X1Y2      MMCME2_ADV (Prop_mmcme2_adv_CLKIN1_CLKOUT0)
                                                     -3.332    -2.852 r  datapath_uut/video_uut/mmcm_adv_inst_display_clocks/inst/mmcm_adv_inst/CLKOUT0
                         net (fo=1, routed)           0.579    -2.274    datapath_uut/video_uut/mmcm_adv_inst_display_clocks/inst/clk_out1_clk_wiz_0
    BUFGCTRL_X0Y1        BUFG (Prop_bufg_I_O)         0.029    -2.245 r  datapath_uut/video_uut/mmcm_adv_inst_display_clocks/inst/clkout1_buf/O
                         net (fo=271, routed)         0.916    -1.329    datapath_uut/video_uut/inst_dvid/clk_out1
    SLICE_X161Y135       FDRE                                         r  datapath_uut/video_uut/inst_dvid/latched_red_reg[6]/C
                         clock pessimism              0.430    -0.899    
    SLICE_X161Y135       FDRE (Hold_fdre_C_D)         0.075    -0.824    datapath_uut/video_uut/inst_dvid/latched_red_reg[6]
  -------------------------------------------------------------------
                         required time                          0.824    
                         arrival time                          -0.702    
  -------------------------------------------------------------------
                         slack                                  0.122    

Slack (MET) :             0.174ns  (arrival time - required time)
  Source:                 datapath_uut/video_uut/inst_dvid/TDMS_encoder_blue/encoded_reg[3]/C
                            (rising edge-triggered cell FDRE clocked by clk_out1_clk_wiz_0  {rise@0.000ns fall@20.000ns period=40.000ns})
  Destination:            datapath_uut/video_uut/inst_dvid/latched_blue_reg[3]/D
                            (rising edge-triggered cell FDRE clocked by clk_out1_clk_wiz_0  {rise@0.000ns fall@20.000ns period=40.000ns})
  Path Group:             clk_out1_clk_wiz_0
  Path Type:              Hold (Min at Fast Process Corner)
  Requirement:            0.000ns  (clk_out1_clk_wiz_0 rise@0.000ns - clk_out1_clk_wiz_0 rise@0.000ns)
  Data Path Delay:        0.255ns  (logic 0.141ns (55.331%)  route 0.114ns (44.669%))
  Logic Levels:           0  
  Clock Path Skew:        0.015ns (DCD - SCD - CPR)
    Destination Clock Delay (DCD):    -1.337ns
    Source Clock Delay      (SCD):    -0.907ns
    Clock Pessimism Removal (CPR):    -0.445ns

    Location             Delay type                Incr(ns)  Path(ns)    Netlist Resource(s)
  -------------------------------------------------------------------    -------------------
                         (clock clk_out1_clk_wiz_0 rise edge)
                                                      0.000     0.000 r  
    R4                   IBUF                         0.000     0.000 r  clk_IBUF_inst/O
                         net (fo=27, routed)          0.440     0.440    datapath_uut/video_uut/mmcm_adv_inst_display_clocks/inst/clk_in1
    MMCME2_ADV_X1Y2      MMCME2_ADV (Prop_mmcme2_adv_CLKIN1_CLKOUT0)
                                                     -2.540    -2.099 r  datapath_uut/video_uut/mmcm_adv_inst_display_clocks/inst/mmcm_adv_inst/CLKOUT0
                         net (fo=1, routed)           0.531    -1.568    datapath_uut/video_uut/mmcm_adv_inst_display_clocks/inst/clk_out1_clk_wiz_0
    BUFGCTRL_X0Y1        BUFG (Prop_bufg_I_O)         0.026    -1.542 r  datapath_uut/video_uut/mmcm_adv_inst_display_clocks/inst/clkout1_buf/O
                         net (fo=271, routed)         0.636    -0.907    datapath_uut/video_uut/inst_dvid/TDMS_encoder_blue/clk_out1
    SLICE_X160Y126       FDRE                                         r  datapath_uut/video_uut/inst_dvid/TDMS_encoder_blue/encoded_reg[3]/C
  -------------------------------------------------------------------    -------------------
    SLICE_X160Y126       FDRE (Prop_fdre_C_Q)         0.141    -0.766 r  datapath_uut/video_uut/inst_dvid/TDMS_encoder_blue/encoded_reg[3]/Q
                         net (fo=1, routed)           0.114    -0.652    datapath_uut/video_uut/inst_dvid/TDMS_encoder_blue_n_13
    SLICE_X160Y127       FDRE                                         r  datapath_uut/video_uut/inst_dvid/latched_blue_reg[3]/D
  -------------------------------------------------------------------    -------------------

                         (clock clk_out1_clk_wiz_0 rise edge)
                                                      0.000     0.000 r  
    R4                   IBUF                         0.000     0.000 r  clk_IBUF_inst/O
                         net (fo=27, routed)          0.480     0.480    datapath_uut/video_uut/mmcm_adv_inst_display_clocks/inst/clk_in1
    MMCME2_ADV_X1Y2      MMCME2_ADV (Prop_mmcme2_adv_CLKIN1_CLKOUT0)
                                                     -3.332    -2.852 r  datapath_uut/video_uut/mmcm_adv_inst_display_clocks/inst/mmcm_adv_inst/CLKOUT0
                         net (fo=1, routed)           0.579    -2.274    datapath_uut/video_uut/mmcm_adv_inst_display_clocks/inst/clk_out1_clk_wiz_0
    BUFGCTRL_X0Y1        BUFG (Prop_bufg_I_O)         0.029    -2.245 r  datapath_uut/video_uut/mmcm_adv_inst_display_clocks/inst/clkout1_buf/O
                         net (fo=271, routed)         0.908    -1.337    datapath_uut/video_uut/inst_dvid/clk_out1
    SLICE_X160Y127       FDRE                                         r  datapath_uut/video_uut/inst_dvid/latched_blue_reg[3]/C
                         clock pessimism              0.445    -0.892    
    SLICE_X160Y127       FDRE (Hold_fdre_C_D)         0.066    -0.826    datapath_uut/video_uut/inst_dvid/latched_blue_reg[3]
  -------------------------------------------------------------------
                         required time                          0.826    
                         arrival time                          -0.652    
  -------------------------------------------------------------------
                         slack                                  0.174    

Slack (MET) :             0.179ns  (arrival time - required time)
  Source:                 datapath_uut/video_uut/inst_dvid/TDMS_encoder_red/encoded_reg[2]/C
                            (rising edge-triggered cell FDSE clocked by clk_out1_clk_wiz_0  {rise@0.000ns fall@20.000ns period=40.000ns})
  Destination:            datapath_uut/video_uut/inst_dvid/latched_red_reg[2]/D
                            (rising edge-triggered cell FDRE clocked by clk_out1_clk_wiz_0  {rise@0.000ns fall@20.000ns period=40.000ns})
  Path Group:             clk_out1_clk_wiz_0
  Path Type:              Hold (Min at Fast Process Corner)
  Requirement:            0.000ns  (clk_out1_clk_wiz_0 rise@0.000ns - clk_out1_clk_wiz_0 rise@0.000ns)
  Data Path Delay:        0.265ns  (logic 0.141ns (53.222%)  route 0.124ns (46.778%))
  Logic Levels:           0  
  Clock Path Skew:        0.016ns (DCD - SCD - CPR)
    Destination Clock Delay (DCD):    -1.328ns
    Source Clock Delay      (SCD):    -0.899ns
    Clock Pessimism Removal (CPR):    -0.445ns

    Location             Delay type                Incr(ns)  Path(ns)    Netlist Resource(s)
  -------------------------------------------------------------------    -------------------
                         (clock clk_out1_clk_wiz_0 rise edge)
                                                      0.000     0.000 r  
    R4                   IBUF                         0.000     0.000 r  clk_IBUF_inst/O
                         net (fo=27, routed)          0.440     0.440    datapath_uut/video_uut/mmcm_adv_inst_display_clocks/inst/clk_in1
    MMCME2_ADV_X1Y2      MMCME2_ADV (Prop_mmcme2_adv_CLKIN1_CLKOUT0)
                                                     -2.540    -2.099 r  datapath_uut/video_uut/mmcm_adv_inst_display_clocks/inst/mmcm_adv_inst/CLKOUT0
                         net (fo=1, routed)           0.531    -1.568    datapath_uut/video_uut/mmcm_adv_inst_display_clocks/inst/clk_out1_clk_wiz_0
    BUFGCTRL_X0Y1        BUFG (Prop_bufg_I_O)         0.026    -1.542 r  datapath_uut/video_uut/mmcm_adv_inst_display_clocks/inst/clkout1_buf/O
                         net (fo=271, routed)         0.644    -0.899    datapath_uut/video_uut/inst_dvid/TDMS_encoder_red/clk_out1
    SLICE_X160Y135       FDSE                                         r  datapath_uut/video_uut/inst_dvid/TDMS_encoder_red/encoded_reg[2]/C
  -------------------------------------------------------------------    -------------------
    SLICE_X160Y135       FDSE (Prop_fdse_C_Q)         0.141    -0.758 r  datapath_uut/video_uut/inst_dvid/TDMS_encoder_red/encoded_reg[2]/Q
                         net (fo=1, routed)           0.124    -0.634    datapath_uut/video_uut/inst_dvid/TDMS_encoder_red_n_14
    SLICE_X160Y137       FDRE                                         r  datapath_uut/video_uut/inst_dvid/latched_red_reg[2]/D
  -------------------------------------------------------------------    -------------------

                         (clock clk_out1_clk_wiz_0 rise edge)
                                                      0.000     0.000 r  
    R4                   IBUF                         0.000     0.000 r  clk_IBUF_inst/O
                         net (fo=27, routed)          0.480     0.480    datapath_uut/video_uut/mmcm_adv_inst_display_clocks/inst/clk_in1
    MMCME2_ADV_X1Y2      MMCME2_ADV (Prop_mmcme2_adv_CLKIN1_CLKOUT0)
                                                     -3.332    -2.852 r  datapath_uut/video_uut/mmcm_adv_inst_display_clocks/inst/mmcm_adv_inst/CLKOUT0
                         net (fo=1, routed)           0.579    -2.274    datapath_uut/video_uut/mmcm_adv_inst_display_clocks/inst/clk_out1_clk_wiz_0
    BUFGCTRL_X0Y1        BUFG (Prop_bufg_I_O)         0.029    -2.245 r  datapath_uut/video_uut/mmcm_adv_inst_display_clocks/inst/clkout1_buf/O
                         net (fo=271, routed)         0.917    -1.328    datapath_uut/video_uut/inst_dvid/clk_out1
    SLICE_X160Y137       FDRE                                         r  datapath_uut/video_uut/inst_dvid/latched_red_reg[2]/C
                         clock pessimism              0.445    -0.883    
    SLICE_X160Y137       FDRE (Hold_fdre_C_D)         0.070    -0.813    datapath_uut/video_uut/inst_dvid/latched_red_reg[2]
  -------------------------------------------------------------------
                         required time                          0.813    
                         arrival time                          -0.634    
  -------------------------------------------------------------------
                         slack                                  0.179    

Slack (MET) :             0.182ns  (arrival time - required time)
  Source:                 datapath_uut/video_uut/inst_dvid/TDMS_encoder_blue/encoded_reg[8]/C
                            (rising edge-triggered cell FDRE clocked by clk_out1_clk_wiz_0  {rise@0.000ns fall@20.000ns period=40.000ns})
  Destination:            datapath_uut/video_uut/inst_dvid/latched_blue_reg[8]/D
                            (rising edge-triggered cell FDRE clocked by clk_out1_clk_wiz_0  {rise@0.000ns fall@20.000ns period=40.000ns})
  Path Group:             clk_out1_clk_wiz_0
  Path Type:              Hold (Min at Fast Process Corner)
  Requirement:            0.000ns  (clk_out1_clk_wiz_0 rise@0.000ns - clk_out1_clk_wiz_0 rise@0.000ns)
  Data Path Delay:        0.282ns  (logic 0.141ns (49.969%)  route 0.141ns (50.031%))
  Logic Levels:           0  
  Clock Path Skew:        0.015ns (DCD - SCD - CPR)
    Destination Clock Delay (DCD):    -1.338ns
    Source Clock Delay      (SCD):    -0.908ns
    Clock Pessimism Removal (CPR):    -0.445ns

    Location             Delay type                Incr(ns)  Path(ns)    Netlist Resource(s)
  -------------------------------------------------------------------    -------------------
                         (clock clk_out1_clk_wiz_0 rise edge)
                                                      0.000     0.000 r  
    R4                   IBUF                         0.000     0.000 r  clk_IBUF_inst/O
                         net (fo=27, routed)          0.440     0.440    datapath_uut/video_uut/mmcm_adv_inst_display_clocks/inst/clk_in1
    MMCME2_ADV_X1Y2      MMCME2_ADV (Prop_mmcme2_adv_CLKIN1_CLKOUT0)
                                                     -2.540    -2.099 r  datapath_uut/video_uut/mmcm_adv_inst_display_clocks/inst/mmcm_adv_inst/CLKOUT0
                         net (fo=1, routed)           0.531    -1.568    datapath_uut/video_uut/mmcm_adv_inst_display_clocks/inst/clk_out1_clk_wiz_0
    BUFGCTRL_X0Y1        BUFG (Prop_bufg_I_O)         0.026    -1.542 r  datapath_uut/video_uut/mmcm_adv_inst_display_clocks/inst/clkout1_buf/O
                         net (fo=271, routed)         0.635    -0.908    datapath_uut/video_uut/inst_dvid/TDMS_encoder_blue/clk_out1
    SLICE_X159Y126       FDRE                                         r  datapath_uut/video_uut/inst_dvid/TDMS_encoder_blue/encoded_reg[8]/C
  -------------------------------------------------------------------    -------------------
    SLICE_X159Y126       FDRE (Prop_fdre_C_Q)         0.141    -0.767 r  datapath_uut/video_uut/inst_dvid/TDMS_encoder_blue/encoded_reg[8]/Q
                         net (fo=1, routed)           0.141    -0.626    datapath_uut/video_uut/inst_dvid/TDMS_encoder_blue_n_8
    SLICE_X158Y127       FDRE                                         r  datapath_uut/video_uut/inst_dvid/latched_blue_reg[8]/D
  -------------------------------------------------------------------    -------------------

                         (clock clk_out1_clk_wiz_0 rise edge)
                                                      0.000     0.000 r  
    R4                   IBUF                         0.000     0.000 r  clk_IBUF_inst/O
                         net (fo=27, routed)          0.480     0.480    datapath_uut/video_uut/mmcm_adv_inst_display_clocks/inst/clk_in1
    MMCME2_ADV_X1Y2      MMCME2_ADV (Prop_mmcme2_adv_CLKIN1_CLKOUT0)
                                                     -3.332    -2.852 r  datapath_uut/video_uut/mmcm_adv_inst_display_clocks/inst/mmcm_adv_inst/CLKOUT0
                         net (fo=1, routed)           0.579    -2.274    datapath_uut/video_uut/mmcm_adv_inst_display_clocks/inst/clk_out1_clk_wiz_0
    BUFGCTRL_X0Y1        BUFG (Prop_bufg_I_O)         0.029    -2.245 r  datapath_uut/video_uut/mmcm_adv_inst_display_clocks/inst/clkout1_buf/O
                         net (fo=271, routed)         0.907    -1.338    datapath_uut/video_uut/inst_dvid/clk_out1
    SLICE_X158Y127       FDRE                                         r  datapath_uut/video_uut/inst_dvid/latched_blue_reg[8]/C
                         clock pessimism              0.445    -0.893    
    SLICE_X158Y127       FDRE (Hold_fdre_C_D)         0.085    -0.808    datapath_uut/video_uut/inst_dvid/latched_blue_reg[8]
  -------------------------------------------------------------------
                         required time                          0.808    
                         arrival time                          -0.626    
  -------------------------------------------------------------------
                         slack                                  0.182    

Slack (MET) :             0.185ns  (arrival time - required time)
  Source:                 datapath_uut/video_uut/inst_dvid/TDMS_encoder_red/encoded_reg[8]/C
                            (rising edge-triggered cell FDRE clocked by clk_out1_clk_wiz_0  {rise@0.000ns fall@20.000ns period=40.000ns})
  Destination:            datapath_uut/video_uut/inst_dvid/latched_red_reg[8]/D
                            (rising edge-triggered cell FDRE clocked by clk_out1_clk_wiz_0  {rise@0.000ns fall@20.000ns period=40.000ns})
  Path Group:             clk_out1_clk_wiz_0
  Path Type:              Hold (Min at Fast Process Corner)
  Requirement:            0.000ns  (clk_out1_clk_wiz_0 rise@0.000ns - clk_out1_clk_wiz_0 rise@0.000ns)
  Data Path Delay:        0.255ns  (logic 0.141ns (55.385%)  route 0.114ns (44.615%))
  Logic Levels:           0  
  Clock Path Skew:        0.000ns (DCD - SCD - CPR)
    Destination Clock Delay (DCD):    -1.329ns
    Source Clock Delay      (SCD):    -0.899ns
    Clock Pessimism Removal (CPR):    -0.430ns

    Location             Delay type                Incr(ns)  Path(ns)    Netlist Resource(s)
  -------------------------------------------------------------------    -------------------
                         (clock clk_out1_clk_wiz_0 rise edge)
                                                      0.000     0.000 r  
    R4                   IBUF                         0.000     0.000 r  clk_IBUF_inst/O
                         net (fo=27, routed)          0.440     0.440    datapath_uut/video_uut/mmcm_adv_inst_display_clocks/inst/clk_in1
    MMCME2_ADV_X1Y2      MMCME2_ADV (Prop_mmcme2_adv_CLKIN1_CLKOUT0)
                                                     -2.540    -2.099 r  datapath_uut/video_uut/mmcm_adv_inst_display_clocks/inst/mmcm_adv_inst/CLKOUT0
                         net (fo=1, routed)           0.531    -1.568    datapath_uut/video_uut/mmcm_adv_inst_display_clocks/inst/clk_out1_clk_wiz_0
    BUFGCTRL_X0Y1        BUFG (Prop_bufg_I_O)         0.026    -1.542 r  datapath_uut/video_uut/mmcm_adv_inst_display_clocks/inst/clkout1_buf/O
                         net (fo=271, routed)         0.644    -0.899    datapath_uut/video_uut/inst_dvid/TDMS_encoder_red/clk_out1
    SLICE_X160Y136       FDRE                                         r  datapath_uut/video_uut/inst_dvid/TDMS_encoder_red/encoded_reg[8]/C
  -------------------------------------------------------------------    -------------------
    SLICE_X160Y136       FDRE (Prop_fdre_C_Q)         0.141    -0.758 r  datapath_uut/video_uut/inst_dvid/TDMS_encoder_red/encoded_reg[8]/Q
                         net (fo=1, routed)           0.114    -0.644    datapath_uut/video_uut/inst_dvid/TDMS_encoder_red_n_8
    SLICE_X160Y136       FDRE                                         r  datapath_uut/video_uut/inst_dvid/latched_red_reg[8]/D
  -------------------------------------------------------------------    -------------------

                         (clock clk_out1_clk_wiz_0 rise edge)
                                                      0.000     0.000 r  
    R4                   IBUF                         0.000     0.000 r  clk_IBUF_inst/O
                         net (fo=27, routed)          0.480     0.480    datapath_uut/video_uut/mmcm_adv_inst_display_clocks/inst/clk_in1
    MMCME2_ADV_X1Y2      MMCME2_ADV (Prop_mmcme2_adv_CLKIN1_CLKOUT0)
                                                     -3.332    -2.852 r  datapath_uut/video_uut/mmcm_adv_inst_display_clocks/inst/mmcm_adv_inst/CLKOUT0
                         net (fo=1, routed)           0.579    -2.274    datapath_uut/video_uut/mmcm_adv_inst_display_clocks/inst/clk_out1_clk_wiz_0
    BUFGCTRL_X0Y1        BUFG (Prop_bufg_I_O)         0.029    -2.245 r  datapath_uut/video_uut/mmcm_adv_inst_display_clocks/inst/clkout1_buf/O
                         net (fo=271, routed)         0.916    -1.329    datapath_uut/video_uut/inst_dvid/clk_out1
    SLICE_X160Y136       FDRE                                         r  datapath_uut/video_uut/inst_dvid/latched_red_reg[8]/C
                         clock pessimism              0.430    -0.899    
    SLICE_X160Y136       FDRE (Hold_fdre_C_D)         0.070    -0.829    datapath_uut/video_uut/inst_dvid/latched_red_reg[8]
  -------------------------------------------------------------------
                         required time                          0.829    
                         arrival time                          -0.644    
  -------------------------------------------------------------------
                         slack                                  0.185    

Slack (MET) :             0.185ns  (arrival time - required time)
  Source:                 datapath_uut/video_uut/inst_dvid/TDMS_encoder_green/encoded_reg[4]/C
                            (rising edge-triggered cell FDSE clocked by clk_out1_clk_wiz_0  {rise@0.000ns fall@20.000ns period=40.000ns})
  Destination:            datapath_uut/video_uut/inst_dvid/latched_green_reg[4]/D
                            (rising edge-triggered cell FDRE clocked by clk_out1_clk_wiz_0  {rise@0.000ns fall@20.000ns period=40.000ns})
  Path Group:             clk_out1_clk_wiz_0
  Path Type:              Hold (Min at Fast Process Corner)
  Requirement:            0.000ns  (clk_out1_clk_wiz_0 rise@0.000ns - clk_out1_clk_wiz_0 rise@0.000ns)
  Data Path Delay:        0.276ns  (logic 0.164ns (59.419%)  route 0.112ns (40.581%))
  Logic Levels:           0  
  Clock Path Skew:        0.016ns (DCD - SCD - CPR)
    Destination Clock Delay (DCD):    -1.356ns
    Source Clock Delay      (SCD):    -0.926ns
    Clock Pessimism Removal (CPR):    -0.446ns

    Location             Delay type                Incr(ns)  Path(ns)    Netlist Resource(s)
  -------------------------------------------------------------------    -------------------
                         (clock clk_out1_clk_wiz_0 rise edge)
                                                      0.000     0.000 r  
    R4                   IBUF                         0.000     0.000 r  clk_IBUF_inst/O
                         net (fo=27, routed)          0.440     0.440    datapath_uut/video_uut/mmcm_adv_inst_display_clocks/inst/clk_in1
    MMCME2_ADV_X1Y2      MMCME2_ADV (Prop_mmcme2_adv_CLKIN1_CLKOUT0)
                                                     -2.540    -2.099 r  datapath_uut/video_uut/mmcm_adv_inst_display_clocks/inst/mmcm_adv_inst/CLKOUT0
                         net (fo=1, routed)           0.531    -1.568    datapath_uut/video_uut/mmcm_adv_inst_display_clocks/inst/clk_out1_clk_wiz_0
    BUFGCTRL_X0Y1        BUFG (Prop_bufg_I_O)         0.026    -1.542 r  datapath_uut/video_uut/mmcm_adv_inst_display_clocks/inst/clkout1_buf/O
                         net (fo=271, routed)         0.617    -0.926    datapath_uut/video_uut/inst_dvid/TDMS_encoder_green/clk_out1
    SLICE_X152Y136       FDSE                                         r  datapath_uut/video_uut/inst_dvid/TDMS_encoder_green/encoded_reg[4]/C
  -------------------------------------------------------------------    -------------------
    SLICE_X152Y136       FDSE (Prop_fdse_C_Q)         0.164    -0.762 r  datapath_uut/video_uut/inst_dvid/TDMS_encoder_green/encoded_reg[4]/Q
                         net (fo=1, routed)           0.112    -0.650    datapath_uut/video_uut/inst_dvid/TDMS_encoder_green_n_13
    SLICE_X153Y137       FDRE                                         r  datapath_uut/video_uut/inst_dvid/latched_green_reg[4]/D
  -------------------------------------------------------------------    -------------------

                         (clock clk_out1_clk_wiz_0 rise edge)
                                                      0.000     0.000 r  
    R4                   IBUF                         0.000     0.000 r  clk_IBUF_inst/O
                         net (fo=27, routed)          0.480     0.480    datapath_uut/video_uut/mmcm_adv_inst_display_clocks/inst/clk_in1
    MMCME2_ADV_X1Y2      MMCME2_ADV (Prop_mmcme2_adv_CLKIN1_CLKOUT0)
                                                     -3.332    -2.852 r  datapath_uut/video_uut/mmcm_adv_inst_display_clocks/inst/mmcm_adv_inst/CLKOUT0
                         net (fo=1, routed)           0.579    -2.274    datapath_uut/video_uut/mmcm_adv_inst_display_clocks/inst/clk_out1_clk_wiz_0
    BUFGCTRL_X0Y1        BUFG (Prop_bufg_I_O)         0.029    -2.245 r  datapath_uut/video_uut/mmcm_adv_inst_display_clocks/inst/clkout1_buf/O
                         net (fo=271, routed)         0.889    -1.356    datapath_uut/video_uut/inst_dvid/clk_out1
    SLICE_X153Y137       FDRE                                         r  datapath_uut/video_uut/inst_dvid/latched_green_reg[4]/C
                         clock pessimism              0.446    -0.910    
    SLICE_X153Y137       FDRE (Hold_fdre_C_D)         0.075    -0.835    datapath_uut/video_uut/inst_dvid/latched_green_reg[4]
  -------------------------------------------------------------------
                         required time                          0.835    
                         arrival time                          -0.650    
  -------------------------------------------------------------------
                         slack                                  0.185    

Slack (MET) :             0.185ns  (arrival time - required time)
  Source:                 datapath_uut/video_uut/inst_dvid/TDMS_encoder_blue/encoded_reg[5]/C
                            (rising edge-triggered cell FDRE clocked by clk_out1_clk_wiz_0  {rise@0.000ns fall@20.000ns period=40.000ns})
  Destination:            datapath_uut/video_uut/inst_dvid/latched_blue_reg[5]/D
                            (rising edge-triggered cell FDRE clocked by clk_out1_clk_wiz_0  {rise@0.000ns fall@20.000ns period=40.000ns})
  Path Group:             clk_out1_clk_wiz_0
  Path Type:              Hold (Min at Fast Process Corner)
  Requirement:            0.000ns  (clk_out1_clk_wiz_0 rise@0.000ns - clk_out1_clk_wiz_0 rise@0.000ns)
  Data Path Delay:        0.251ns  (logic 0.141ns (56.174%)  route 0.110ns (43.826%))
  Logic Levels:           0  
  Clock Path Skew:        0.014ns (DCD - SCD - CPR)
    Destination Clock Delay (DCD):    -1.339ns
    Source Clock Delay      (SCD):    -0.908ns
    Clock Pessimism Removal (CPR):    -0.445ns

    Location             Delay type                Incr(ns)  Path(ns)    Netlist Resource(s)
  -------------------------------------------------------------------    -------------------
                         (clock clk_out1_clk_wiz_0 rise edge)
                                                      0.000     0.000 r  
    R4                   IBUF                         0.000     0.000 r  clk_IBUF_inst/O
                         net (fo=27, routed)          0.440     0.440    datapath_uut/video_uut/mmcm_adv_inst_display_clocks/inst/clk_in1
    MMCME2_ADV_X1Y2      MMCME2_ADV (Prop_mmcme2_adv_CLKIN1_CLKOUT0)
                                                     -2.540    -2.099 r  datapath_uut/video_uut/mmcm_adv_inst_display_clocks/inst/mmcm_adv_inst/CLKOUT0
                         net (fo=1, routed)           0.531    -1.568    datapath_uut/video_uut/mmcm_adv_inst_display_clocks/inst/clk_out1_clk_wiz_0
    BUFGCTRL_X0Y1        BUFG (Prop_bufg_I_O)         0.026    -1.542 r  datapath_uut/video_uut/mmcm_adv_inst_display_clocks/inst/clkout1_buf/O
                         net (fo=271, routed)         0.635    -0.908    datapath_uut/video_uut/inst_dvid/TDMS_encoder_blue/clk_out1
    SLICE_X163Y125       FDRE                                         r  datapath_uut/video_uut/inst_dvid/TDMS_encoder_blue/encoded_reg[5]/C
  -------------------------------------------------------------------    -------------------
    SLICE_X163Y125       FDRE (Prop_fdre_C_Q)         0.141    -0.767 r  datapath_uut/video_uut/inst_dvid/TDMS_encoder_blue/encoded_reg[5]/Q
                         net (fo=1, routed)           0.110    -0.657    datapath_uut/video_uut/inst_dvid/TDMS_encoder_blue_n_11
    SLICE_X162Y126       FDRE                                         r  datapath_uut/video_uut/inst_dvid/latched_blue_reg[5]/D
  -------------------------------------------------------------------    -------------------

                         (clock clk_out1_clk_wiz_0 rise edge)
                                                      0.000     0.000 r  
    R4                   IBUF                         0.000     0.000 r  clk_IBUF_inst/O
                         net (fo=27, routed)          0.480     0.480    datapath_uut/video_uut/mmcm_adv_inst_display_clocks/inst/clk_in1
    MMCME2_ADV_X1Y2      MMCME2_ADV (Prop_mmcme2_adv_CLKIN1_CLKOUT0)
                                                     -3.332    -2.852 r  datapath_uut/video_uut/mmcm_adv_inst_display_clocks/inst/mmcm_adv_inst/CLKOUT0
                         net (fo=1, routed)           0.579    -2.274    datapath_uut/video_uut/mmcm_adv_inst_display_clocks/inst/clk_out1_clk_wiz_0
    BUFGCTRL_X0Y1        BUFG (Prop_bufg_I_O)         0.029    -2.245 r  datapath_uut/video_uut/mmcm_adv_inst_display_clocks/inst/clkout1_buf/O
                         net (fo=271, routed)         0.906    -1.339    datapath_uut/video_uut/inst_dvid/clk_out1
    SLICE_X162Y126       FDRE                                         r  datapath_uut/video_uut/inst_dvid/latched_blue_reg[5]/C
                         clock pessimism              0.445    -0.894    
    SLICE_X162Y126       FDRE (Hold_fdre_C_D)         0.052    -0.842    datapath_uut/video_uut/inst_dvid/latched_blue_reg[5]
  -------------------------------------------------------------------
                         required time                          0.842    
                         arrival time                          -0.657    
  -------------------------------------------------------------------
                         slack                                  0.185    

Slack (MET) :             0.190ns  (arrival time - required time)
  Source:                 datapath_uut/video_uut/inst_dvid/TDMS_encoder_red/encoded_reg[7]/C
                            (rising edge-triggered cell FDRE clocked by clk_out1_clk_wiz_0  {rise@0.000ns fall@20.000ns period=40.000ns})
  Destination:            datapath_uut/video_uut/inst_dvid/latched_red_reg[7]/D
                            (rising edge-triggered cell FDRE clocked by clk_out1_clk_wiz_0  {rise@0.000ns fall@20.000ns period=40.000ns})
  Path Group:             clk_out1_clk_wiz_0
  Path Type:              Hold (Min at Fast Process Corner)
  Requirement:            0.000ns  (clk_out1_clk_wiz_0 rise@0.000ns - clk_out1_clk_wiz_0 rise@0.000ns)
  Data Path Delay:        0.276ns  (logic 0.164ns (59.419%)  route 0.112ns (40.581%))
  Logic Levels:           0  
  Clock Path Skew:        0.016ns (DCD - SCD - CPR)
    Destination Clock Delay (DCD):    -1.328ns
    Source Clock Delay      (SCD):    -0.899ns
    Clock Pessimism Removal (CPR):    -0.445ns

    Location             Delay type                Incr(ns)  Path(ns)    Netlist Resource(s)
  -------------------------------------------------------------------    -------------------
                         (clock clk_out1_clk_wiz_0 rise edge)
                                                      0.000     0.000 r  
    R4                   IBUF                         0.000     0.000 r  clk_IBUF_inst/O
                         net (fo=27, routed)          0.440     0.440    datapath_uut/video_uut/mmcm_adv_inst_display_clocks/inst/clk_in1
    MMCME2_ADV_X1Y2      MMCME2_ADV (Prop_mmcme2_adv_CLKIN1_CLKOUT0)
                                                     -2.540    -2.099 r  datapath_uut/video_uut/mmcm_adv_inst_display_clocks/inst/mmcm_adv_inst/CLKOUT0
                         net (fo=1, routed)           0.531    -1.568    datapath_uut/video_uut/mmcm_adv_inst_display_clocks/inst/clk_out1_clk_wiz_0
    BUFGCTRL_X0Y1        BUFG (Prop_bufg_I_O)         0.026    -1.542 r  datapath_uut/video_uut/mmcm_adv_inst_display_clocks/inst/clkout1_buf/O
                         net (fo=271, routed)         0.644    -0.899    datapath_uut/video_uut/inst_dvid/TDMS_encoder_red/clk_out1
    SLICE_X162Y136       FDRE                                         r  datapath_uut/video_uut/inst_dvid/TDMS_encoder_red/encoded_reg[7]/C
  -------------------------------------------------------------------    -------------------
    SLICE_X162Y136       FDRE (Prop_fdre_C_Q)         0.164    -0.735 r  datapath_uut/video_uut/inst_dvid/TDMS_encoder_red/encoded_reg[7]/Q
                         net (fo=1, routed)           0.112    -0.623    datapath_uut/video_uut/inst_dvid/TDMS_encoder_red_n_9
    SLICE_X163Y137       FDRE                                         r  datapath_uut/video_uut/inst_dvid/latched_red_reg[7]/D
  -------------------------------------------------------------------    -------------------

                         (clock clk_out1_clk_wiz_0 rise edge)
                                                      0.000     0.000 r  
    R4                   IBUF                         0.000     0.000 r  clk_IBUF_inst/O
                         net (fo=27, routed)          0.480     0.480    datapath_uut/video_uut/mmcm_adv_inst_display_clocks/inst/clk_in1
    MMCME2_ADV_X1Y2      MMCME2_ADV (Prop_mmcme2_adv_CLKIN1_CLKOUT0)
                                                     -3.332    -2.852 r  datapath_uut/video_uut/mmcm_adv_inst_display_clocks/inst/mmcm_adv_inst/CLKOUT0
                         net (fo=1, routed)           0.579    -2.274    datapath_uut/video_uut/mmcm_adv_inst_display_clocks/inst/clk_out1_clk_wiz_0
    BUFGCTRL_X0Y1        BUFG (Prop_bufg_I_O)         0.029    -2.245 r  datapath_uut/video_uut/mmcm_adv_inst_display_clocks/inst/clkout1_buf/O
                         net (fo=271, routed)         0.917    -1.328    datapath_uut/video_uut/inst_dvid/clk_out1
    SLICE_X163Y137       FDRE                                         r  datapath_uut/video_uut/inst_dvid/latched_red_reg[7]/C
                         clock pessimism              0.445    -0.883    
    SLICE_X163Y137       FDRE (Hold_fdre_C_D)         0.070    -0.813    datapath_uut/video_uut/inst_dvid/latched_red_reg[7]
  -------------------------------------------------------------------
                         required time                          0.813    
                         arrival time                          -0.623    
  -------------------------------------------------------------------
                         slack                                  0.190    

Slack (MET) :             0.191ns  (arrival time - required time)
  Source:                 datapath_uut/video_uut/inst_dvid/TDMS_encoder_blue/encoded_reg[7]/C
                            (rising edge-triggered cell FDRE clocked by clk_out1_clk_wiz_0  {rise@0.000ns fall@20.000ns period=40.000ns})
  Destination:            datapath_uut/video_uut/inst_dvid/latched_blue_reg[7]/D
                            (rising edge-triggered cell FDRE clocked by clk_out1_clk_wiz_0  {rise@0.000ns fall@20.000ns period=40.000ns})
  Path Group:             clk_out1_clk_wiz_0
  Path Type:              Hold (Min at Fast Process Corner)
  Requirement:            0.000ns  (clk_out1_clk_wiz_0 rise@0.000ns - clk_out1_clk_wiz_0 rise@0.000ns)
  Data Path Delay:        0.266ns  (logic 0.141ns (53.032%)  route 0.125ns (46.968%))
  Logic Levels:           0  
  Clock Path Skew:        0.000ns (DCD - SCD - CPR)
    Destination Clock Delay (DCD):    -1.339ns
    Source Clock Delay      (SCD):    -0.907ns
    Clock Pessimism Removal (CPR):    -0.432ns

    Location             Delay type                Incr(ns)  Path(ns)    Netlist Resource(s)
  -------------------------------------------------------------------    -------------------
                         (clock clk_out1_clk_wiz_0 rise edge)
                                                      0.000     0.000 r  
    R4                   IBUF                         0.000     0.000 r  clk_IBUF_inst/O
                         net (fo=27, routed)          0.440     0.440    datapath_uut/video_uut/mmcm_adv_inst_display_clocks/inst/clk_in1
    MMCME2_ADV_X1Y2      MMCME2_ADV (Prop_mmcme2_adv_CLKIN1_CLKOUT0)
                                                     -2.540    -2.099 r  datapath_uut/video_uut/mmcm_adv_inst_display_clocks/inst/mmcm_adv_inst/CLKOUT0
                         net (fo=1, routed)           0.531    -1.568    datapath_uut/video_uut/mmcm_adv_inst_display_clocks/inst/clk_out1_clk_wiz_0
    BUFGCTRL_X0Y1        BUFG (Prop_bufg_I_O)         0.026    -1.542 r  datapath_uut/video_uut/mmcm_adv_inst_display_clocks/inst/clkout1_buf/O
                         net (fo=271, routed)         0.636    -0.907    datapath_uut/video_uut/inst_dvid/TDMS_encoder_blue/clk_out1
    SLICE_X160Y126       FDRE                                         r  datapath_uut/video_uut/inst_dvid/TDMS_encoder_blue/encoded_reg[7]/C
  -------------------------------------------------------------------    -------------------
    SLICE_X160Y126       FDRE (Prop_fdre_C_Q)         0.141    -0.766 r  datapath_uut/video_uut/inst_dvid/TDMS_encoder_blue/encoded_reg[7]/Q
                         net (fo=1, routed)           0.125    -0.641    datapath_uut/video_uut/inst_dvid/TDMS_encoder_blue_n_9
    SLICE_X160Y126       FDRE                                         r  datapath_uut/video_uut/inst_dvid/latched_blue_reg[7]/D
  -------------------------------------------------------------------    -------------------

                         (clock clk_out1_clk_wiz_0 rise edge)
                                                      0.000     0.000 r  
    R4                   IBUF                         0.000     0.000 r  clk_IBUF_inst/O
                         net (fo=27, routed)          0.480     0.480    datapath_uut/video_uut/mmcm_adv_inst_display_clocks/inst/clk_in1
    MMCME2_ADV_X1Y2      MMCME2_ADV (Prop_mmcme2_adv_CLKIN1_CLKOUT0)
                                                     -3.332    -2.852 r  datapath_uut/video_uut/mmcm_adv_inst_display_clocks/inst/mmcm_adv_inst/CLKOUT0
                         net (fo=1, routed)           0.579    -2.274    datapath_uut/video_uut/mmcm_adv_inst_display_clocks/inst/clk_out1_clk_wiz_0
    BUFGCTRL_X0Y1        BUFG (Prop_bufg_I_O)         0.029    -2.245 r  datapath_uut/video_uut/mmcm_adv_inst_display_clocks/inst/clkout1_buf/O
                         net (fo=271, routed)         0.906    -1.339    datapath_uut/video_uut/inst_dvid/clk_out1
    SLICE_X160Y126       FDRE                                         r  datapath_uut/video_uut/inst_dvid/latched_blue_reg[7]/C
                         clock pessimism              0.432    -0.907    
    SLICE_X160Y126       FDRE (Hold_fdre_C_D)         0.075    -0.832    datapath_uut/video_uut/inst_dvid/latched_blue_reg[7]
  -------------------------------------------------------------------
                         required time                          0.832    
                         arrival time                          -0.641    
  -------------------------------------------------------------------
                         slack                                  0.191    

Slack (MET) :             0.199ns  (arrival time - required time)
  Source:                 datapath_uut/video_uut/inst_dvid/TDMS_encoder_blue/encoded_reg[6]/C
                            (rising edge-triggered cell FDRE clocked by clk_out1_clk_wiz_0  {rise@0.000ns fall@20.000ns period=40.000ns})
  Destination:            datapath_uut/video_uut/inst_dvid/latched_blue_reg[6]/D
                            (rising edge-triggered cell FDRE clocked by clk_out1_clk_wiz_0  {rise@0.000ns fall@20.000ns period=40.000ns})
  Path Group:             clk_out1_clk_wiz_0
  Path Type:              Hold (Min at Fast Process Corner)
  Requirement:            0.000ns  (clk_out1_clk_wiz_0 rise@0.000ns - clk_out1_clk_wiz_0 rise@0.000ns)
  Data Path Delay:        0.276ns  (logic 0.164ns (59.419%)  route 0.112ns (40.581%))
  Logic Levels:           0  
  Clock Path Skew:        0.014ns (DCD - SCD - CPR)
    Destination Clock Delay (DCD):    -1.339ns
    Source Clock Delay      (SCD):    -0.908ns
    Clock Pessimism Removal (CPR):    -0.445ns

    Location             Delay type                Incr(ns)  Path(ns)    Netlist Resource(s)
  -------------------------------------------------------------------    -------------------
                         (clock clk_out1_clk_wiz_0 rise edge)
                                                      0.000     0.000 r  
    R4                   IBUF                         0.000     0.000 r  clk_IBUF_inst/O
                         net (fo=27, routed)          0.440     0.440    datapath_uut/video_uut/mmcm_adv_inst_display_clocks/inst/clk_in1
    MMCME2_ADV_X1Y2      MMCME2_ADV (Prop_mmcme2_adv_CLKIN1_CLKOUT0)
                                                     -2.540    -2.099 r  datapath_uut/video_uut/mmcm_adv_inst_display_clocks/inst/mmcm_adv_inst/CLKOUT0
                         net (fo=1, routed)           0.531    -1.568    datapath_uut/video_uut/mmcm_adv_inst_display_clocks/inst/clk_out1_clk_wiz_0
    BUFGCTRL_X0Y1        BUFG (Prop_bufg_I_O)         0.026    -1.542 r  datapath_uut/video_uut/mmcm_adv_inst_display_clocks/inst/clkout1_buf/O
                         net (fo=271, routed)         0.635    -0.908    datapath_uut/video_uut/inst_dvid/TDMS_encoder_blue/clk_out1
    SLICE_X162Y125       FDRE                                         r  datapath_uut/video_uut/inst_dvid/TDMS_encoder_blue/encoded_reg[6]/C
  -------------------------------------------------------------------    -------------------
    SLICE_X162Y125       FDRE (Prop_fdre_C_Q)         0.164    -0.744 r  datapath_uut/video_uut/inst_dvid/TDMS_encoder_blue/encoded_reg[6]/Q
                         net (fo=1, routed)           0.112    -0.632    datapath_uut/video_uut/inst_dvid/TDMS_encoder_blue_n_10
    SLICE_X162Y126       FDRE                                         r  datapath_uut/video_uut/inst_dvid/latched_blue_reg[6]/D
  -------------------------------------------------------------------    -------------------

                         (clock clk_out1_clk_wiz_0 rise edge)
                                                      0.000     0.000 r  
    R4                   IBUF                         0.000     0.000 r  clk_IBUF_inst/O
                         net (fo=27, routed)          0.480     0.480    datapath_uut/video_uut/mmcm_adv_inst_display_clocks/inst/clk_in1
    MMCME2_ADV_X1Y2      MMCME2_ADV (Prop_mmcme2_adv_CLKIN1_CLKOUT0)
                                                     -3.332    -2.852 r  datapath_uut/video_uut/mmcm_adv_inst_display_clocks/inst/mmcm_adv_inst/CLKOUT0
                         net (fo=1, routed)           0.579    -2.274    datapath_uut/video_uut/mmcm_adv_inst_display_clocks/inst/clk_out1_clk_wiz_0
    BUFGCTRL_X0Y1        BUFG (Prop_bufg_I_O)         0.029    -2.245 r  datapath_uut/video_uut/mmcm_adv_inst_display_clocks/inst/clkout1_buf/O
                         net (fo=271, routed)         0.906    -1.339    datapath_uut/video_uut/inst_dvid/clk_out1
    SLICE_X162Y126       FDRE                                         r  datapath_uut/video_uut/inst_dvid/latched_blue_reg[6]/C
                         clock pessimism              0.445    -0.894    
    SLICE_X162Y126       FDRE (Hold_fdre_C_D)         0.063    -0.831    datapath_uut/video_uut/inst_dvid/latched_blue_reg[6]
  -------------------------------------------------------------------
                         required time                          0.831    
                         arrival time                          -0.632    
  -------------------------------------------------------------------
                         slack                                  0.199    





Pulse Width Checks
--------------------------------------------------------------------------------------
Clock Name:         clk_out1_clk_wiz_0
Waveform(ns):       { 0.000 20.000 }
Period(ns):         40.000
Sources:            { datapath_uut/video_uut/mmcm_adv_inst_display_clocks/inst/mmcm_adv_inst/CLKOUT0 }

Check Type        Corner  Lib Pin             Reference Pin  Required(ns)  Actual(ns)  Slack(ns)  Location         Pin
Min Period        n/a     RAMB18E1/CLKARDCLK  n/a            2.576         40.000      37.424     RAMB18_X8Y48     datapath_uut/video_uut/Inst_vga/color_mapper_inst/chicken_color/rgb_reg/CLKARDCLK
Min Period        n/a     RAMB18E1/CLKBWRCLK  n/a            2.576         40.000      37.424     RAMB18_X8Y48     datapath_uut/video_uut/Inst_vga/color_mapper_inst/chicken_color/rgb_reg/CLKBWRCLK
Min Period        n/a     BUFG/I              n/a            2.155         40.000      37.845     BUFGCTRL_X0Y1    datapath_uut/video_uut/mmcm_adv_inst_display_clocks/inst/clkout1_buf/I
Min Period        n/a     MMCME2_ADV/CLKOUT0  n/a            1.249         40.000      38.751     MMCME2_ADV_X1Y2  datapath_uut/video_uut/mmcm_adv_inst_display_clocks/inst/mmcm_adv_inst/CLKOUT0
Min Period        n/a     FDRE/C              n/a            1.000         40.000      39.000     SLICE_X148Y116   datapath_uut/video_uut/Inst_vga/color_mapper_inst/button_pressed_reg[0]/C
Min Period        n/a     FDRE/C              n/a            1.000         40.000      39.000     SLICE_X148Y116   datapath_uut/video_uut/Inst_vga/color_mapper_inst/button_pressed_reg[1]/C
Min Period        n/a     FDRE/C              n/a            1.000         40.000      39.000     SLICE_X148Y116   datapath_uut/video_uut/Inst_vga/color_mapper_inst/button_pressed_reg[2]/C
Min Period        n/a     FDRE/C              n/a            1.000         40.000      39.000     SLICE_X149Y116   datapath_uut/video_uut/Inst_vga/color_mapper_inst/button_pressed_reg[3]/C
Min Period        n/a     FDRE/C              n/a            1.000         40.000      39.000     SLICE_X148Y112   datapath_uut/video_uut/Inst_vga/color_mapper_inst/chicken_backward/color_index_reg[0]/C
Min Period        n/a     FDRE/C              n/a            1.000         40.000      39.000     SLICE_X146Y113   datapath_uut/video_uut/Inst_vga/color_mapper_inst/chicken_backward/color_index_reg[1]/C
Max Period        n/a     MMCME2_ADV/CLKOUT0  n/a            213.360       40.000      173.360    MMCME2_ADV_X1Y2  datapath_uut/video_uut/mmcm_adv_inst_display_clocks/inst/mmcm_adv_inst/CLKOUT0
Low Pulse Width   Slow    FDRE/C              n/a            0.500         20.000      19.500     SLICE_X148Y116   datapath_uut/video_uut/Inst_vga/color_mapper_inst/button_pressed_reg[0]/C
Low Pulse Width   Fast    FDRE/C              n/a            0.500         20.000      19.500     SLICE_X148Y116   datapath_uut/video_uut/Inst_vga/color_mapper_inst/button_pressed_reg[0]/C
Low Pulse Width   Slow    FDRE/C              n/a            0.500         20.000      19.500     SLICE_X148Y116   datapath_uut/video_uut/Inst_vga/color_mapper_inst/button_pressed_reg[1]/C
Low Pulse Width   Fast    FDRE/C              n/a            0.500         20.000      19.500     SLICE_X148Y116   datapath_uut/video_uut/Inst_vga/color_mapper_inst/button_pressed_reg[1]/C
Low Pulse Width   Slow    FDRE/C              n/a            0.500         20.000      19.500     SLICE_X148Y116   datapath_uut/video_uut/Inst_vga/color_mapper_inst/button_pressed_reg[2]/C
Low Pulse Width   Fast    FDRE/C              n/a            0.500         20.000      19.500     SLICE_X148Y116   datapath_uut/video_uut/Inst_vga/color_mapper_inst/button_pressed_reg[2]/C
Low Pulse Width   Slow    FDRE/C              n/a            0.500         20.000      19.500     SLICE_X149Y116   datapath_uut/video_uut/Inst_vga/color_mapper_inst/button_pressed_reg[3]/C
Low Pulse Width   Fast    FDRE/C              n/a            0.500         20.000      19.500     SLICE_X149Y116   datapath_uut/video_uut/Inst_vga/color_mapper_inst/button_pressed_reg[3]/C
Low Pulse Width   Slow    FDRE/C              n/a            0.500         20.000      19.500     SLICE_X148Y112   datapath_uut/video_uut/Inst_vga/color_mapper_inst/chicken_backward/color_index_reg[0]/C
Low Pulse Width   Fast    FDRE/C              n/a            0.500         20.000      19.500     SLICE_X148Y112   datapath_uut/video_uut/Inst_vga/color_mapper_inst/chicken_backward/color_index_reg[0]/C
High Pulse Width  Slow    FDRE/C              n/a            0.500         20.000      19.500     SLICE_X148Y116   datapath_uut/video_uut/Inst_vga/color_mapper_inst/button_pressed_reg[0]/C
High Pulse Width  Fast    FDRE/C              n/a            0.500         20.000      19.500     SLICE_X148Y116   datapath_uut/video_uut/Inst_vga/color_mapper_inst/button_pressed_reg[0]/C
High Pulse Width  Slow    FDRE/C              n/a            0.500         20.000      19.500     SLICE_X148Y116   datapath_uut/video_uut/Inst_vga/color_mapper_inst/button_pressed_reg[1]/C
High Pulse Width  Fast    FDRE/C              n/a            0.500         20.000      19.500     SLICE_X148Y116   datapath_uut/video_uut/Inst_vga/color_mapper_inst/button_pressed_reg[1]/C
High Pulse Width  Slow    FDRE/C              n/a            0.500         20.000      19.500     SLICE_X148Y116   datapath_uut/video_uut/Inst_vga/color_mapper_inst/button_pressed_reg[2]/C
High Pulse Width  Fast    FDRE/C              n/a            0.500         20.000      19.500     SLICE_X148Y116   datapath_uut/video_uut/Inst_vga/color_mapper_inst/button_pressed_reg[2]/C
High Pulse Width  Slow    FDRE/C              n/a            0.500         20.000      19.500     SLICE_X149Y116   datapath_uut/video_uut/Inst_vga/color_mapper_inst/button_pressed_reg[3]/C
High Pulse Width  Fast    FDRE/C              n/a            0.500         20.000      19.500     SLICE_X149Y116   datapath_uut/video_uut/Inst_vga/color_mapper_inst/button_pressed_reg[3]/C
High Pulse Width  Slow    FDRE/C              n/a            0.500         20.000      19.500     SLICE_X148Y112   datapath_uut/video_uut/Inst_vga/color_mapper_inst/chicken_backward/color_index_reg[0]/C
High Pulse Width  Fast    FDRE/C              n/a            0.500         20.000      19.500     SLICE_X148Y112   datapath_uut/video_uut/Inst_vga/color_mapper_inst/chicken_backward/color_index_reg[0]/C



---------------------------------------------------------------------------------------------------
From Clock:  clk_out2_clk_wiz_0
  To Clock:  clk_out2_clk_wiz_0

Setup :            0  Failing Endpoints,  Worst Slack        3.831ns,  Total Violation        0.000ns
Hold  :            0  Failing Endpoints,  Worst Slack        0.175ns,  Total Violation        0.000ns
PW    :            0  Failing Endpoints,  Worst Slack        3.500ns,  Total Violation        0.000ns
---------------------------------------------------------------------------------------------------


Max Delay Paths
--------------------------------------------------------------------------------------
Slack (MET) :             3.831ns  (required time - arrival time)
  Source:                 datapath_uut/video_uut/inst_dvid/shift_clock_reg[0]/C
                            (rising edge-triggered cell FDRE clocked by clk_out2_clk_wiz_0  {rise@0.000ns fall@4.000ns period=8.000ns})
  Destination:            datapath_uut/video_uut/inst_dvid/shift_green_reg[8]/R
                            (rising edge-triggered cell FDRE clocked by clk_out2_clk_wiz_0  {rise@0.000ns fall@4.000ns period=8.000ns})
  Path Group:             clk_out2_clk_wiz_0
  Path Type:              Setup (Max at Slow Process Corner)
  Requirement:            8.000ns  (clk_out2_clk_wiz_0 rise@8.000ns - clk_out2_clk_wiz_0 rise@0.000ns)
  Data Path Delay:        3.453ns  (logic 0.766ns (22.183%)  route 2.687ns (77.817%))
  Logic Levels:           2  (LUT5=1 LUT6=1)
  Clock Path Skew:        -0.120ns (DCD - SCD + CPR)
    Destination Clock Delay (DCD):    -3.064ns = ( 4.936 - 8.000 ) 
    Source Clock Delay      (SCD):    -2.461ns
    Clock Pessimism Removal (CPR):    0.483ns
  Clock Uncertainty:      0.072ns  ((TSJ^2 + DJ^2)^1/2) / 2 + PE
    Total System Jitter     (TSJ):    0.071ns
    Discrete Jitter          (DJ):    0.125ns
    Phase Error              (PE):    0.000ns

    Location             Delay type                Incr(ns)  Path(ns)    Netlist Resource(s)
  -------------------------------------------------------------------    -------------------
                         (clock clk_out2_clk_wiz_0 rise edge)
                                                      0.000     0.000 r  
    R4                   IBUF                         0.000     0.000 r  clk_IBUF_inst/O
                         net (fo=27, routed)          1.233     1.233    datapath_uut/video_uut/mmcm_adv_inst_display_clocks/inst/clk_in1
    MMCME2_ADV_X1Y2      MMCME2_ADV (Prop_mmcme2_adv_CLKIN1_CLKOUT1)
                                                     -7.432    -6.199 r  datapath_uut/video_uut/mmcm_adv_inst_display_clocks/inst/mmcm_adv_inst/CLKOUT1
                         net (fo=1, routed)           1.808    -4.390    datapath_uut/video_uut/mmcm_adv_inst_display_clocks/inst/clk_out2_clk_wiz_0
    BUFGCTRL_X0Y0        BUFG (Prop_bufg_I_O)         0.096    -4.294 r  datapath_uut/video_uut/mmcm_adv_inst_display_clocks/inst/clkout2_buf/O
                         net (fo=44, routed)          1.833    -2.461    datapath_uut/video_uut/inst_dvid/clk_out2
    SLICE_X162Y147       FDRE                                         r  datapath_uut/video_uut/inst_dvid/shift_clock_reg[0]/C
  -------------------------------------------------------------------    -------------------
    SLICE_X162Y147       FDRE (Prop_fdre_C_Q)         0.518    -1.943 f  datapath_uut/video_uut/inst_dvid/shift_clock_reg[0]/Q
                         net (fo=3, routed)           0.678    -1.265    datapath_uut/video_uut/inst_dvid/shift_clock[0]
    SLICE_X163Y147       LUT6 (Prop_lut6_I5_O)        0.124    -1.141 r  datapath_uut/video_uut/inst_dvid/shift_red[9]_i_2/O
                         net (fo=1, routed)           0.425    -0.715    datapath_uut/video_uut/inst_dvid/shift_red[9]_i_2_n_0
    SLICE_X162Y147       LUT5 (Prop_lut5_I0_O)        0.124    -0.591 r  datapath_uut/video_uut/inst_dvid/shift_red[9]_i_1/O
                         net (fo=30, routed)          1.583     0.992    datapath_uut/video_uut/inst_dvid/shift_red[9]_i_1_n_0
    SLICE_X152Y138       FDRE                                         r  datapath_uut/video_uut/inst_dvid/shift_green_reg[8]/R
  -------------------------------------------------------------------    -------------------

                         (clock clk_out2_clk_wiz_0 rise edge)
                                                      8.000     8.000 r  
    R4                   IBUF                         0.000     8.000 r  clk_IBUF_inst/O
                         net (fo=27, routed)          1.162     9.162    datapath_uut/video_uut/mmcm_adv_inst_display_clocks/inst/clk_in1
    MMCME2_ADV_X1Y2      MMCME2_ADV (Prop_mmcme2_adv_CLKIN1_CLKOUT1)
                                                     -7.674     1.488 r  datapath_uut/video_uut/mmcm_adv_inst_display_clocks/inst/mmcm_adv_inst/CLKOUT1
                         net (fo=1, routed)           1.723     3.211    datapath_uut/video_uut/mmcm_adv_inst_display_clocks/inst/clk_out2_clk_wiz_0
    BUFGCTRL_X0Y0        BUFG (Prop_bufg_I_O)         0.091     3.302 r  datapath_uut/video_uut/mmcm_adv_inst_display_clocks/inst/clkout2_buf/O
                         net (fo=44, routed)          1.633     4.936    datapath_uut/video_uut/inst_dvid/clk_out2
    SLICE_X152Y138       FDRE                                         r  datapath_uut/video_uut/inst_dvid/shift_green_reg[8]/C
                         clock pessimism              0.483     5.419    
                         clock uncertainty           -0.072     5.347    
    SLICE_X152Y138       FDRE (Setup_fdre_C_R)       -0.524     4.823    datapath_uut/video_uut/inst_dvid/shift_green_reg[8]
  -------------------------------------------------------------------
                         required time                          4.823    
                         arrival time                          -0.992    
  -------------------------------------------------------------------
                         slack                                  3.831    

Slack (MET) :             3.831ns  (required time - arrival time)
  Source:                 datapath_uut/video_uut/inst_dvid/shift_clock_reg[0]/C
                            (rising edge-triggered cell FDRE clocked by clk_out2_clk_wiz_0  {rise@0.000ns fall@4.000ns period=8.000ns})
  Destination:            datapath_uut/video_uut/inst_dvid/shift_green_reg[9]/R
                            (rising edge-triggered cell FDRE clocked by clk_out2_clk_wiz_0  {rise@0.000ns fall@4.000ns period=8.000ns})
  Path Group:             clk_out2_clk_wiz_0
  Path Type:              Setup (Max at Slow Process Corner)
  Requirement:            8.000ns  (clk_out2_clk_wiz_0 rise@8.000ns - clk_out2_clk_wiz_0 rise@0.000ns)
  Data Path Delay:        3.453ns  (logic 0.766ns (22.183%)  route 2.687ns (77.817%))
  Logic Levels:           2  (LUT5=1 LUT6=1)
  Clock Path Skew:        -0.120ns (DCD - SCD + CPR)
    Destination Clock Delay (DCD):    -3.064ns = ( 4.936 - 8.000 ) 
    Source Clock Delay      (SCD):    -2.461ns
    Clock Pessimism Removal (CPR):    0.483ns
  Clock Uncertainty:      0.072ns  ((TSJ^2 + DJ^2)^1/2) / 2 + PE
    Total System Jitter     (TSJ):    0.071ns
    Discrete Jitter          (DJ):    0.125ns
    Phase Error              (PE):    0.000ns

    Location             Delay type                Incr(ns)  Path(ns)    Netlist Resource(s)
  -------------------------------------------------------------------    -------------------
                         (clock clk_out2_clk_wiz_0 rise edge)
                                                      0.000     0.000 r  
    R4                   IBUF                         0.000     0.000 r  clk_IBUF_inst/O
                         net (fo=27, routed)          1.233     1.233    datapath_uut/video_uut/mmcm_adv_inst_display_clocks/inst/clk_in1
    MMCME2_ADV_X1Y2      MMCME2_ADV (Prop_mmcme2_adv_CLKIN1_CLKOUT1)
                                                     -7.432    -6.199 r  datapath_uut/video_uut/mmcm_adv_inst_display_clocks/inst/mmcm_adv_inst/CLKOUT1
                         net (fo=1, routed)           1.808    -4.390    datapath_uut/video_uut/mmcm_adv_inst_display_clocks/inst/clk_out2_clk_wiz_0
    BUFGCTRL_X0Y0        BUFG (Prop_bufg_I_O)         0.096    -4.294 r  datapath_uut/video_uut/mmcm_adv_inst_display_clocks/inst/clkout2_buf/O
                         net (fo=44, routed)          1.833    -2.461    datapath_uut/video_uut/inst_dvid/clk_out2
    SLICE_X162Y147       FDRE                                         r  datapath_uut/video_uut/inst_dvid/shift_clock_reg[0]/C
  -------------------------------------------------------------------    -------------------
    SLICE_X162Y147       FDRE (Prop_fdre_C_Q)         0.518    -1.943 f  datapath_uut/video_uut/inst_dvid/shift_clock_reg[0]/Q
                         net (fo=3, routed)           0.678    -1.265    datapath_uut/video_uut/inst_dvid/shift_clock[0]
    SLICE_X163Y147       LUT6 (Prop_lut6_I5_O)        0.124    -1.141 r  datapath_uut/video_uut/inst_dvid/shift_red[9]_i_2/O
                         net (fo=1, routed)           0.425    -0.715    datapath_uut/video_uut/inst_dvid/shift_red[9]_i_2_n_0
    SLICE_X162Y147       LUT5 (Prop_lut5_I0_O)        0.124    -0.591 r  datapath_uut/video_uut/inst_dvid/shift_red[9]_i_1/O
                         net (fo=30, routed)          1.583     0.992    datapath_uut/video_uut/inst_dvid/shift_red[9]_i_1_n_0
    SLICE_X152Y138       FDRE                                         r  datapath_uut/video_uut/inst_dvid/shift_green_reg[9]/R
  -------------------------------------------------------------------    -------------------

                         (clock clk_out2_clk_wiz_0 rise edge)
                                                      8.000     8.000 r  
    R4                   IBUF                         0.000     8.000 r  clk_IBUF_inst/O
                         net (fo=27, routed)          1.162     9.162    datapath_uut/video_uut/mmcm_adv_inst_display_clocks/inst/clk_in1
    MMCME2_ADV_X1Y2      MMCME2_ADV (Prop_mmcme2_adv_CLKIN1_CLKOUT1)
                                                     -7.674     1.488 r  datapath_uut/video_uut/mmcm_adv_inst_display_clocks/inst/mmcm_adv_inst/CLKOUT1
                         net (fo=1, routed)           1.723     3.211    datapath_uut/video_uut/mmcm_adv_inst_display_clocks/inst/clk_out2_clk_wiz_0
    BUFGCTRL_X0Y0        BUFG (Prop_bufg_I_O)         0.091     3.302 r  datapath_uut/video_uut/mmcm_adv_inst_display_clocks/inst/clkout2_buf/O
                         net (fo=44, routed)          1.633     4.936    datapath_uut/video_uut/inst_dvid/clk_out2
    SLICE_X152Y138       FDRE                                         r  datapath_uut/video_uut/inst_dvid/shift_green_reg[9]/C
                         clock pessimism              0.483     5.419    
                         clock uncertainty           -0.072     5.347    
    SLICE_X152Y138       FDRE (Setup_fdre_C_R)       -0.524     4.823    datapath_uut/video_uut/inst_dvid/shift_green_reg[9]
  -------------------------------------------------------------------
                         required time                          4.823    
                         arrival time                          -0.992    
  -------------------------------------------------------------------
                         slack                                  3.831    

Slack (MET) :             3.906ns  (required time - arrival time)
  Source:                 datapath_uut/video_uut/inst_dvid/shift_clock_reg[0]/C
                            (rising edge-triggered cell FDRE clocked by clk_out2_clk_wiz_0  {rise@0.000ns fall@4.000ns period=8.000ns})
  Destination:            datapath_uut/video_uut/inst_dvid/shift_green_reg[6]/D
                            (rising edge-triggered cell FDRE clocked by clk_out2_clk_wiz_0  {rise@0.000ns fall@4.000ns period=8.000ns})
  Path Group:             clk_out2_clk_wiz_0
  Path Type:              Setup (Max at Slow Process Corner)
  Requirement:            8.000ns  (clk_out2_clk_wiz_0 rise@8.000ns - clk_out2_clk_wiz_0 rise@0.000ns)
  Data Path Delay:        3.981ns  (logic 0.890ns (22.354%)  route 3.091ns (77.646%))
  Logic Levels:           3  (LUT3=1 LUT5=1 LUT6=1)
  Clock Path Skew:        -0.120ns (DCD - SCD + CPR)
    Destination Clock Delay (DCD):    -3.064ns = ( 4.936 - 8.000 ) 
    Source Clock Delay      (SCD):    -2.461ns
    Clock Pessimism Removal (CPR):    0.483ns
  Clock Uncertainty:      0.072ns  ((TSJ^2 + DJ^2)^1/2) / 2 + PE
    Total System Jitter     (TSJ):    0.071ns
    Discrete Jitter          (DJ):    0.125ns
    Phase Error              (PE):    0.000ns

    Location             Delay type                Incr(ns)  Path(ns)    Netlist Resource(s)
  -------------------------------------------------------------------    -------------------
                         (clock clk_out2_clk_wiz_0 rise edge)
                                                      0.000     0.000 r  
    R4                   IBUF                         0.000     0.000 r  clk_IBUF_inst/O
                         net (fo=27, routed)          1.233     1.233    datapath_uut/video_uut/mmcm_adv_inst_display_clocks/inst/clk_in1
    MMCME2_ADV_X1Y2      MMCME2_ADV (Prop_mmcme2_adv_CLKIN1_CLKOUT1)
                                                     -7.432    -6.199 r  datapath_uut/video_uut/mmcm_adv_inst_display_clocks/inst/mmcm_adv_inst/CLKOUT1
                         net (fo=1, routed)           1.808    -4.390    datapath_uut/video_uut/mmcm_adv_inst_display_clocks/inst/clk_out2_clk_wiz_0
    BUFGCTRL_X0Y0        BUFG (Prop_bufg_I_O)         0.096    -4.294 r  datapath_uut/video_uut/mmcm_adv_inst_display_clocks/inst/clkout2_buf/O
                         net (fo=44, routed)          1.833    -2.461    datapath_uut/video_uut/inst_dvid/clk_out2
    SLICE_X162Y147       FDRE                                         r  datapath_uut/video_uut/inst_dvid/shift_clock_reg[0]/C
  -------------------------------------------------------------------    -------------------
    SLICE_X162Y147       FDRE (Prop_fdre_C_Q)         0.518    -1.943 f  datapath_uut/video_uut/inst_dvid/shift_clock_reg[0]/Q
                         net (fo=3, routed)           0.678    -1.265    datapath_uut/video_uut/inst_dvid/shift_clock[0]
    SLICE_X163Y147       LUT6 (Prop_lut6_I5_O)        0.124    -1.141 r  datapath_uut/video_uut/inst_dvid/shift_red[9]_i_2/O
                         net (fo=1, routed)           0.425    -0.715    datapath_uut/video_uut/inst_dvid/shift_red[9]_i_2_n_0
    SLICE_X162Y147       LUT5 (Prop_lut5_I0_O)        0.124    -0.591 r  datapath_uut/video_uut/inst_dvid/shift_red[9]_i_1/O
                         net (fo=30, routed)          1.988     1.396    datapath_uut/video_uut/inst_dvid/shift_red[9]_i_1_n_0
    SLICE_X154Y137       LUT3 (Prop_lut3_I1_O)        0.124     1.520 r  datapath_uut/video_uut/inst_dvid/shift_green[6]_i_1/O
                         net (fo=1, routed)           0.000     1.520    datapath_uut/video_uut/inst_dvid/shift_green_1[6]
    SLICE_X154Y137       FDRE                                         r  datapath_uut/video_uut/inst_dvid/shift_green_reg[6]/D
  -------------------------------------------------------------------    -------------------

                         (clock clk_out2_clk_wiz_0 rise edge)
                                                      8.000     8.000 r  
    R4                   IBUF                         0.000     8.000 r  clk_IBUF_inst/O
                         net (fo=27, routed)          1.162     9.162    datapath_uut/video_uut/mmcm_adv_inst_display_clocks/inst/clk_in1
    MMCME2_ADV_X1Y2      MMCME2_ADV (Prop_mmcme2_adv_CLKIN1_CLKOUT1)
                                                     -7.674     1.488 r  datapath_uut/video_uut/mmcm_adv_inst_display_clocks/inst/mmcm_adv_inst/CLKOUT1
                         net (fo=1, routed)           1.723     3.211    datapath_uut/video_uut/mmcm_adv_inst_display_clocks/inst/clk_out2_clk_wiz_0
    BUFGCTRL_X0Y0        BUFG (Prop_bufg_I_O)         0.091     3.302 r  datapath_uut/video_uut/mmcm_adv_inst_display_clocks/inst/clkout2_buf/O
                         net (fo=44, routed)          1.633     4.936    datapath_uut/video_uut/inst_dvid/clk_out2
    SLICE_X154Y137       FDRE                                         r  datapath_uut/video_uut/inst_dvid/shift_green_reg[6]/C
                         clock pessimism              0.483     5.419    
                         clock uncertainty           -0.072     5.347    
    SLICE_X154Y137       FDRE (Setup_fdre_C_D)        0.079     5.426    datapath_uut/video_uut/inst_dvid/shift_green_reg[6]
  -------------------------------------------------------------------
                         required time                          5.426    
                         arrival time                          -1.520    
  -------------------------------------------------------------------
                         slack                                  3.906    

Slack (MET) :             3.913ns  (required time - arrival time)
  Source:                 datapath_uut/video_uut/inst_dvid/shift_clock_reg[0]/C
                            (rising edge-triggered cell FDRE clocked by clk_out2_clk_wiz_0  {rise@0.000ns fall@4.000ns period=8.000ns})
  Destination:            datapath_uut/video_uut/inst_dvid/shift_green_reg[7]/D
                            (rising edge-triggered cell FDRE clocked by clk_out2_clk_wiz_0  {rise@0.000ns fall@4.000ns period=8.000ns})
  Path Group:             clk_out2_clk_wiz_0
  Path Type:              Setup (Max at Slow Process Corner)
  Requirement:            8.000ns  (clk_out2_clk_wiz_0 rise@8.000ns - clk_out2_clk_wiz_0 rise@0.000ns)
  Data Path Delay:        4.013ns  (logic 0.922ns (22.973%)  route 3.091ns (77.027%))
  Logic Levels:           3  (LUT3=1 LUT5=1 LUT6=1)
  Clock Path Skew:        -0.120ns (DCD - SCD + CPR)
    Destination Clock Delay (DCD):    -3.064ns = ( 4.936 - 8.000 ) 
    Source Clock Delay      (SCD):    -2.461ns
    Clock Pessimism Removal (CPR):    0.483ns
  Clock Uncertainty:      0.072ns  ((TSJ^2 + DJ^2)^1/2) / 2 + PE
    Total System Jitter     (TSJ):    0.071ns
    Discrete Jitter          (DJ):    0.125ns
    Phase Error              (PE):    0.000ns

    Location             Delay type                Incr(ns)  Path(ns)    Netlist Resource(s)
  -------------------------------------------------------------------    -------------------
                         (clock clk_out2_clk_wiz_0 rise edge)
                                                      0.000     0.000 r  
    R4                   IBUF                         0.000     0.000 r  clk_IBUF_inst/O
                         net (fo=27, routed)          1.233     1.233    datapath_uut/video_uut/mmcm_adv_inst_display_clocks/inst/clk_in1
    MMCME2_ADV_X1Y2      MMCME2_ADV (Prop_mmcme2_adv_CLKIN1_CLKOUT1)
                                                     -7.432    -6.199 r  datapath_uut/video_uut/mmcm_adv_inst_display_clocks/inst/mmcm_adv_inst/CLKOUT1
                         net (fo=1, routed)           1.808    -4.390    datapath_uut/video_uut/mmcm_adv_inst_display_clocks/inst/clk_out2_clk_wiz_0
    BUFGCTRL_X0Y0        BUFG (Prop_bufg_I_O)         0.096    -4.294 r  datapath_uut/video_uut/mmcm_adv_inst_display_clocks/inst/clkout2_buf/O
                         net (fo=44, routed)          1.833    -2.461    datapath_uut/video_uut/inst_dvid/clk_out2
    SLICE_X162Y147       FDRE                                         r  datapath_uut/video_uut/inst_dvid/shift_clock_reg[0]/C
  -------------------------------------------------------------------    -------------------
    SLICE_X162Y147       FDRE (Prop_fdre_C_Q)         0.518    -1.943 f  datapath_uut/video_uut/inst_dvid/shift_clock_reg[0]/Q
                         net (fo=3, routed)           0.678    -1.265    datapath_uut/video_uut/inst_dvid/shift_clock[0]
    SLICE_X163Y147       LUT6 (Prop_lut6_I5_O)        0.124    -1.141 r  datapath_uut/video_uut/inst_dvid/shift_red[9]_i_2/O
                         net (fo=1, routed)           0.425    -0.715    datapath_uut/video_uut/inst_dvid/shift_red[9]_i_2_n_0
    SLICE_X162Y147       LUT5 (Prop_lut5_I0_O)        0.124    -0.591 r  datapath_uut/video_uut/inst_dvid/shift_red[9]_i_1/O
                         net (fo=30, routed)          1.988     1.396    datapath_uut/video_uut/inst_dvid/shift_red[9]_i_1_n_0
    SLICE_X154Y137       LUT3 (Prop_lut3_I1_O)        0.156     1.552 r  datapath_uut/video_uut/inst_dvid/shift_green[7]_i_1/O
                         net (fo=1, routed)           0.000     1.552    datapath_uut/video_uut/inst_dvid/shift_green_1[7]
    SLICE_X154Y137       FDRE                                         r  datapath_uut/video_uut/inst_dvid/shift_green_reg[7]/D
  -------------------------------------------------------------------    -------------------

                         (clock clk_out2_clk_wiz_0 rise edge)
                                                      8.000     8.000 r  
    R4                   IBUF                         0.000     8.000 r  clk_IBUF_inst/O
                         net (fo=27, routed)          1.162     9.162    datapath_uut/video_uut/mmcm_adv_inst_display_clocks/inst/clk_in1
    MMCME2_ADV_X1Y2      MMCME2_ADV (Prop_mmcme2_adv_CLKIN1_CLKOUT1)
                                                     -7.674     1.488 r  datapath_uut/video_uut/mmcm_adv_inst_display_clocks/inst/mmcm_adv_inst/CLKOUT1
                         net (fo=1, routed)           1.723     3.211    datapath_uut/video_uut/mmcm_adv_inst_display_clocks/inst/clk_out2_clk_wiz_0
    BUFGCTRL_X0Y0        BUFG (Prop_bufg_I_O)         0.091     3.302 r  datapath_uut/video_uut/mmcm_adv_inst_display_clocks/inst/clkout2_buf/O
                         net (fo=44, routed)          1.633     4.936    datapath_uut/video_uut/inst_dvid/clk_out2
    SLICE_X154Y137       FDRE                                         r  datapath_uut/video_uut/inst_dvid/shift_green_reg[7]/C
                         clock pessimism              0.483     5.419    
                         clock uncertainty           -0.072     5.347    
    SLICE_X154Y137       FDRE (Setup_fdre_C_D)        0.118     5.465    datapath_uut/video_uut/inst_dvid/shift_green_reg[7]
  -------------------------------------------------------------------
                         required time                          5.465    
                         arrival time                          -1.552    
  -------------------------------------------------------------------
                         slack                                  3.913    

Slack (MET) :             3.944ns  (required time - arrival time)
  Source:                 datapath_uut/video_uut/inst_dvid/shift_clock_reg[0]/C
                            (rising edge-triggered cell FDRE clocked by clk_out2_clk_wiz_0  {rise@0.000ns fall@4.000ns period=8.000ns})
  Destination:            datapath_uut/video_uut/inst_dvid/shift_green_reg[2]/D
                            (rising edge-triggered cell FDRE clocked by clk_out2_clk_wiz_0  {rise@0.000ns fall@4.000ns period=8.000ns})
  Path Group:             clk_out2_clk_wiz_0
  Path Type:              Setup (Max at Slow Process Corner)
  Requirement:            8.000ns  (clk_out2_clk_wiz_0 rise@8.000ns - clk_out2_clk_wiz_0 rise@0.000ns)
  Data Path Delay:        3.945ns  (logic 0.890ns (22.558%)  route 3.055ns (77.442%))
  Logic Levels:           3  (LUT3=1 LUT5=1 LUT6=1)
  Clock Path Skew:        -0.120ns (DCD - SCD + CPR)
    Destination Clock Delay (DCD):    -3.064ns = ( 4.936 - 8.000 ) 
    Source Clock Delay      (SCD):    -2.461ns
    Clock Pessimism Removal (CPR):    0.483ns
  Clock Uncertainty:      0.072ns  ((TSJ^2 + DJ^2)^1/2) / 2 + PE
    Total System Jitter     (TSJ):    0.071ns
    Discrete Jitter          (DJ):    0.125ns
    Phase Error              (PE):    0.000ns

    Location             Delay type                Incr(ns)  Path(ns)    Netlist Resource(s)
  -------------------------------------------------------------------    -------------------
                         (clock clk_out2_clk_wiz_0 rise edge)
                                                      0.000     0.000 r  
    R4                   IBUF                         0.000     0.000 r  clk_IBUF_inst/O
                         net (fo=27, routed)          1.233     1.233    datapath_uut/video_uut/mmcm_adv_inst_display_clocks/inst/clk_in1
    MMCME2_ADV_X1Y2      MMCME2_ADV (Prop_mmcme2_adv_CLKIN1_CLKOUT1)
                                                     -7.432    -6.199 r  datapath_uut/video_uut/mmcm_adv_inst_display_clocks/inst/mmcm_adv_inst/CLKOUT1
                         net (fo=1, routed)           1.808    -4.390    datapath_uut/video_uut/mmcm_adv_inst_display_clocks/inst/clk_out2_clk_wiz_0
    BUFGCTRL_X0Y0        BUFG (Prop_bufg_I_O)         0.096    -4.294 r  datapath_uut/video_uut/mmcm_adv_inst_display_clocks/inst/clkout2_buf/O
                         net (fo=44, routed)          1.833    -2.461    datapath_uut/video_uut/inst_dvid/clk_out2
    SLICE_X162Y147       FDRE                                         r  datapath_uut/video_uut/inst_dvid/shift_clock_reg[0]/C
  -------------------------------------------------------------------    -------------------
    SLICE_X162Y147       FDRE (Prop_fdre_C_Q)         0.518    -1.943 f  datapath_uut/video_uut/inst_dvid/shift_clock_reg[0]/Q
                         net (fo=3, routed)           0.678    -1.265    datapath_uut/video_uut/inst_dvid/shift_clock[0]
    SLICE_X163Y147       LUT6 (Prop_lut6_I5_O)        0.124    -1.141 r  datapath_uut/video_uut/inst_dvid/shift_red[9]_i_2/O
                         net (fo=1, routed)           0.425    -0.715    datapath_uut/video_uut/inst_dvid/shift_red[9]_i_2_n_0
    SLICE_X162Y147       LUT5 (Prop_lut5_I0_O)        0.124    -0.591 r  datapath_uut/video_uut/inst_dvid/shift_red[9]_i_1/O
                         net (fo=30, routed)          1.952     1.360    datapath_uut/video_uut/inst_dvid/shift_red[9]_i_1_n_0
    SLICE_X154Y137       LUT3 (Prop_lut3_I1_O)        0.124     1.484 r  datapath_uut/video_uut/inst_dvid/shift_green[2]_i_1/O
                         net (fo=1, routed)           0.000     1.484    datapath_uut/video_uut/inst_dvid/shift_green_1[2]
    SLICE_X154Y137       FDRE                                         r  datapath_uut/video_uut/inst_dvid/shift_green_reg[2]/D
  -------------------------------------------------------------------    -------------------

                         (clock clk_out2_clk_wiz_0 rise edge)
                                                      8.000     8.000 r  
    R4                   IBUF                         0.000     8.000 r  clk_IBUF_inst/O
                         net (fo=27, routed)          1.162     9.162    datapath_uut/video_uut/mmcm_adv_inst_display_clocks/inst/clk_in1
    MMCME2_ADV_X1Y2      MMCME2_ADV (Prop_mmcme2_adv_CLKIN1_CLKOUT1)
                                                     -7.674     1.488 r  datapath_uut/video_uut/mmcm_adv_inst_display_clocks/inst/mmcm_adv_inst/CLKOUT1
                         net (fo=1, routed)           1.723     3.211    datapath_uut/video_uut/mmcm_adv_inst_display_clocks/inst/clk_out2_clk_wiz_0
    BUFGCTRL_X0Y0        BUFG (Prop_bufg_I_O)         0.091     3.302 r  datapath_uut/video_uut/mmcm_adv_inst_display_clocks/inst/clkout2_buf/O
                         net (fo=44, routed)          1.633     4.936    datapath_uut/video_uut/inst_dvid/clk_out2
    SLICE_X154Y137       FDRE                                         r  datapath_uut/video_uut/inst_dvid/shift_green_reg[2]/C
                         clock pessimism              0.483     5.419    
                         clock uncertainty           -0.072     5.347    
    SLICE_X154Y137       FDRE (Setup_fdre_C_D)        0.081     5.428    datapath_uut/video_uut/inst_dvid/shift_green_reg[2]
  -------------------------------------------------------------------
                         required time                          5.428    
                         arrival time                          -1.484    
  -------------------------------------------------------------------
                         slack                                  3.944    

Slack (MET) :             3.953ns  (required time - arrival time)
  Source:                 datapath_uut/video_uut/inst_dvid/shift_clock_reg[0]/C
                            (rising edge-triggered cell FDRE clocked by clk_out2_clk_wiz_0  {rise@0.000ns fall@4.000ns period=8.000ns})
  Destination:            datapath_uut/video_uut/inst_dvid/shift_green_reg[3]/D
                            (rising edge-triggered cell FDRE clocked by clk_out2_clk_wiz_0  {rise@0.000ns fall@4.000ns period=8.000ns})
  Path Group:             clk_out2_clk_wiz_0
  Path Type:              Setup (Max at Slow Process Corner)
  Requirement:            8.000ns  (clk_out2_clk_wiz_0 rise@8.000ns - clk_out2_clk_wiz_0 rise@0.000ns)
  Data Path Delay:        3.973ns  (logic 0.918ns (23.104%)  route 3.055ns (76.896%))
  Logic Levels:           3  (LUT3=1 LUT5=1 LUT6=1)
  Clock Path Skew:        -0.120ns (DCD - SCD + CPR)
    Destination Clock Delay (DCD):    -3.064ns = ( 4.936 - 8.000 ) 
    Source Clock Delay      (SCD):    -2.461ns
    Clock Pessimism Removal (CPR):    0.483ns
  Clock Uncertainty:      0.072ns  ((TSJ^2 + DJ^2)^1/2) / 2 + PE
    Total System Jitter     (TSJ):    0.071ns
    Discrete Jitter          (DJ):    0.125ns
    Phase Error              (PE):    0.000ns

    Location             Delay type                Incr(ns)  Path(ns)    Netlist Resource(s)
  -------------------------------------------------------------------    -------------------
                         (clock clk_out2_clk_wiz_0 rise edge)
                                                      0.000     0.000 r  
    R4                   IBUF                         0.000     0.000 r  clk_IBUF_inst/O
                         net (fo=27, routed)          1.233     1.233    datapath_uut/video_uut/mmcm_adv_inst_display_clocks/inst/clk_in1
    MMCME2_ADV_X1Y2      MMCME2_ADV (Prop_mmcme2_adv_CLKIN1_CLKOUT1)
                                                     -7.432    -6.199 r  datapath_uut/video_uut/mmcm_adv_inst_display_clocks/inst/mmcm_adv_inst/CLKOUT1
                         net (fo=1, routed)           1.808    -4.390    datapath_uut/video_uut/mmcm_adv_inst_display_clocks/inst/clk_out2_clk_wiz_0
    BUFGCTRL_X0Y0        BUFG (Prop_bufg_I_O)         0.096    -4.294 r  datapath_uut/video_uut/mmcm_adv_inst_display_clocks/inst/clkout2_buf/O
                         net (fo=44, routed)          1.833    -2.461    datapath_uut/video_uut/inst_dvid/clk_out2
    SLICE_X162Y147       FDRE                                         r  datapath_uut/video_uut/inst_dvid/shift_clock_reg[0]/C
  -------------------------------------------------------------------    -------------------
    SLICE_X162Y147       FDRE (Prop_fdre_C_Q)         0.518    -1.943 f  datapath_uut/video_uut/inst_dvid/shift_clock_reg[0]/Q
                         net (fo=3, routed)           0.678    -1.265    datapath_uut/video_uut/inst_dvid/shift_clock[0]
    SLICE_X163Y147       LUT6 (Prop_lut6_I5_O)        0.124    -1.141 r  datapath_uut/video_uut/inst_dvid/shift_red[9]_i_2/O
                         net (fo=1, routed)           0.425    -0.715    datapath_uut/video_uut/inst_dvid/shift_red[9]_i_2_n_0
    SLICE_X162Y147       LUT5 (Prop_lut5_I0_O)        0.124    -0.591 r  datapath_uut/video_uut/inst_dvid/shift_red[9]_i_1/O
                         net (fo=30, routed)          1.952     1.360    datapath_uut/video_uut/inst_dvid/shift_red[9]_i_1_n_0
    SLICE_X154Y137       LUT3 (Prop_lut3_I1_O)        0.152     1.512 r  datapath_uut/video_uut/inst_dvid/shift_green[3]_i_1/O
                         net (fo=1, routed)           0.000     1.512    datapath_uut/video_uut/inst_dvid/shift_green_1[3]
    SLICE_X154Y137       FDRE                                         r  datapath_uut/video_uut/inst_dvid/shift_green_reg[3]/D
  -------------------------------------------------------------------    -------------------

                         (clock clk_out2_clk_wiz_0 rise edge)
                                                      8.000     8.000 r  
    R4                   IBUF                         0.000     8.000 r  clk_IBUF_inst/O
                         net (fo=27, routed)          1.162     9.162    datapath_uut/video_uut/mmcm_adv_inst_display_clocks/inst/clk_in1
    MMCME2_ADV_X1Y2      MMCME2_ADV (Prop_mmcme2_adv_CLKIN1_CLKOUT1)
                                                     -7.674     1.488 r  datapath_uut/video_uut/mmcm_adv_inst_display_clocks/inst/mmcm_adv_inst/CLKOUT1
                         net (fo=1, routed)           1.723     3.211    datapath_uut/video_uut/mmcm_adv_inst_display_clocks/inst/clk_out2_clk_wiz_0
    BUFGCTRL_X0Y0        BUFG (Prop_bufg_I_O)         0.091     3.302 r  datapath_uut/video_uut/mmcm_adv_inst_display_clocks/inst/clkout2_buf/O
                         net (fo=44, routed)          1.633     4.936    datapath_uut/video_uut/inst_dvid/clk_out2
    SLICE_X154Y137       FDRE                                         r  datapath_uut/video_uut/inst_dvid/shift_green_reg[3]/C
                         clock pessimism              0.483     5.419    
                         clock uncertainty           -0.072     5.347    
    SLICE_X154Y137       FDRE (Setup_fdre_C_D)        0.118     5.465    datapath_uut/video_uut/inst_dvid/shift_green_reg[3]
  -------------------------------------------------------------------
                         required time                          5.465    
                         arrival time                          -1.512    
  -------------------------------------------------------------------
                         slack                                  3.953    

Slack (MET) :             4.089ns  (required time - arrival time)
  Source:                 datapath_uut/video_uut/inst_dvid/shift_clock_reg[0]/C
                            (rising edge-triggered cell FDRE clocked by clk_out2_clk_wiz_0  {rise@0.000ns fall@4.000ns period=8.000ns})
  Destination:            datapath_uut/video_uut/inst_dvid/shift_blue_reg[8]/R
                            (rising edge-triggered cell FDRE clocked by clk_out2_clk_wiz_0  {rise@0.000ns fall@4.000ns period=8.000ns})
  Path Group:             clk_out2_clk_wiz_0
  Path Type:              Setup (Max at Slow Process Corner)
  Requirement:            8.000ns  (clk_out2_clk_wiz_0 rise@8.000ns - clk_out2_clk_wiz_0 rise@0.000ns)
  Data Path Delay:        3.262ns  (logic 0.766ns (23.485%)  route 2.496ns (76.515%))
  Logic Levels:           2  (LUT5=1 LUT6=1)
  Clock Path Skew:        -0.053ns (DCD - SCD + CPR)
    Destination Clock Delay (DCD):    -2.997ns = ( 5.003 - 8.000 ) 
    Source Clock Delay      (SCD):    -2.461ns
    Clock Pessimism Removal (CPR):    0.483ns
  Clock Uncertainty:      0.072ns  ((TSJ^2 + DJ^2)^1/2) / 2 + PE
    Total System Jitter     (TSJ):    0.071ns
    Discrete Jitter          (DJ):    0.125ns
    Phase Error              (PE):    0.000ns

    Location             Delay type                Incr(ns)  Path(ns)    Netlist Resource(s)
  -------------------------------------------------------------------    -------------------
                         (clock clk_out2_clk_wiz_0 rise edge)
                                                      0.000     0.000 r  
    R4                   IBUF                         0.000     0.000 r  clk_IBUF_inst/O
                         net (fo=27, routed)          1.233     1.233    datapath_uut/video_uut/mmcm_adv_inst_display_clocks/inst/clk_in1
    MMCME2_ADV_X1Y2      MMCME2_ADV (Prop_mmcme2_adv_CLKIN1_CLKOUT1)
                                                     -7.432    -6.199 r  datapath_uut/video_uut/mmcm_adv_inst_display_clocks/inst/mmcm_adv_inst/CLKOUT1
                         net (fo=1, routed)           1.808    -4.390    datapath_uut/video_uut/mmcm_adv_inst_display_clocks/inst/clk_out2_clk_wiz_0
    BUFGCTRL_X0Y0        BUFG (Prop_bufg_I_O)         0.096    -4.294 r  datapath_uut/video_uut/mmcm_adv_inst_display_clocks/inst/clkout2_buf/O
                         net (fo=44, routed)          1.833    -2.461    datapath_uut/video_uut/inst_dvid/clk_out2
    SLICE_X162Y147       FDRE                                         r  datapath_uut/video_uut/inst_dvid/shift_clock_reg[0]/C
  -------------------------------------------------------------------    -------------------
    SLICE_X162Y147       FDRE (Prop_fdre_C_Q)         0.518    -1.943 f  datapath_uut/video_uut/inst_dvid/shift_clock_reg[0]/Q
                         net (fo=3, routed)           0.678    -1.265    datapath_uut/video_uut/inst_dvid/shift_clock[0]
    SLICE_X163Y147       LUT6 (Prop_lut6_I5_O)        0.124    -1.141 r  datapath_uut/video_uut/inst_dvid/shift_red[9]_i_2/O
                         net (fo=1, routed)           0.425    -0.715    datapath_uut/video_uut/inst_dvid/shift_red[9]_i_2_n_0
    SLICE_X162Y147       LUT5 (Prop_lut5_I0_O)        0.124    -0.591 r  datapath_uut/video_uut/inst_dvid/shift_red[9]_i_1/O
                         net (fo=30, routed)          1.392     0.801    datapath_uut/video_uut/inst_dvid/shift_red[9]_i_1_n_0
    SLICE_X158Y129       FDRE                                         r  datapath_uut/video_uut/inst_dvid/shift_blue_reg[8]/R
  -------------------------------------------------------------------    -------------------

                         (clock clk_out2_clk_wiz_0 rise edge)
                                                      8.000     8.000 r  
    R4                   IBUF                         0.000     8.000 r  clk_IBUF_inst/O
                         net (fo=27, routed)          1.162     9.162    datapath_uut/video_uut/mmcm_adv_inst_display_clocks/inst/clk_in1
    MMCME2_ADV_X1Y2      MMCME2_ADV (Prop_mmcme2_adv_CLKIN1_CLKOUT1)
                                                     -7.674     1.488 r  datapath_uut/video_uut/mmcm_adv_inst_display_clocks/inst/mmcm_adv_inst/CLKOUT1
                         net (fo=1, routed)           1.723     3.211    datapath_uut/video_uut/mmcm_adv_inst_display_clocks/inst/clk_out2_clk_wiz_0
    BUFGCTRL_X0Y0        BUFG (Prop_bufg_I_O)         0.091     3.302 r  datapath_uut/video_uut/mmcm_adv_inst_display_clocks/inst/clkout2_buf/O
                         net (fo=44, routed)          1.700     5.003    datapath_uut/video_uut/inst_dvid/clk_out2
    SLICE_X158Y129       FDRE                                         r  datapath_uut/video_uut/inst_dvid/shift_blue_reg[8]/C
                         clock pessimism              0.483     5.486    
                         clock uncertainty           -0.072     5.414    
    SLICE_X158Y129       FDRE (Setup_fdre_C_R)       -0.524     4.890    datapath_uut/video_uut/inst_dvid/shift_blue_reg[8]
  -------------------------------------------------------------------
                         required time                          4.890    
                         arrival time                          -0.801    
  -------------------------------------------------------------------
                         slack                                  4.089    

Slack (MET) :             4.089ns  (required time - arrival time)
  Source:                 datapath_uut/video_uut/inst_dvid/shift_clock_reg[0]/C
                            (rising edge-triggered cell FDRE clocked by clk_out2_clk_wiz_0  {rise@0.000ns fall@4.000ns period=8.000ns})
  Destination:            datapath_uut/video_uut/inst_dvid/shift_blue_reg[9]/R
                            (rising edge-triggered cell FDRE clocked by clk_out2_clk_wiz_0  {rise@0.000ns fall@4.000ns period=8.000ns})
  Path Group:             clk_out2_clk_wiz_0
  Path Type:              Setup (Max at Slow Process Corner)
  Requirement:            8.000ns  (clk_out2_clk_wiz_0 rise@8.000ns - clk_out2_clk_wiz_0 rise@0.000ns)
  Data Path Delay:        3.262ns  (logic 0.766ns (23.485%)  route 2.496ns (76.515%))
  Logic Levels:           2  (LUT5=1 LUT6=1)
  Clock Path Skew:        -0.053ns (DCD - SCD + CPR)
    Destination Clock Delay (DCD):    -2.997ns = ( 5.003 - 8.000 ) 
    Source Clock Delay      (SCD):    -2.461ns
    Clock Pessimism Removal (CPR):    0.483ns
  Clock Uncertainty:      0.072ns  ((TSJ^2 + DJ^2)^1/2) / 2 + PE
    Total System Jitter     (TSJ):    0.071ns
    Discrete Jitter          (DJ):    0.125ns
    Phase Error              (PE):    0.000ns

    Location             Delay type                Incr(ns)  Path(ns)    Netlist Resource(s)
  -------------------------------------------------------------------    -------------------
                         (clock clk_out2_clk_wiz_0 rise edge)
                                                      0.000     0.000 r  
    R4                   IBUF                         0.000     0.000 r  clk_IBUF_inst/O
                         net (fo=27, routed)          1.233     1.233    datapath_uut/video_uut/mmcm_adv_inst_display_clocks/inst/clk_in1
    MMCME2_ADV_X1Y2      MMCME2_ADV (Prop_mmcme2_adv_CLKIN1_CLKOUT1)
                                                     -7.432    -6.199 r  datapath_uut/video_uut/mmcm_adv_inst_display_clocks/inst/mmcm_adv_inst/CLKOUT1
                         net (fo=1, routed)           1.808    -4.390    datapath_uut/video_uut/mmcm_adv_inst_display_clocks/inst/clk_out2_clk_wiz_0
    BUFGCTRL_X0Y0        BUFG (Prop_bufg_I_O)         0.096    -4.294 r  datapath_uut/video_uut/mmcm_adv_inst_display_clocks/inst/clkout2_buf/O
                         net (fo=44, routed)          1.833    -2.461    datapath_uut/video_uut/inst_dvid/clk_out2
    SLICE_X162Y147       FDRE                                         r  datapath_uut/video_uut/inst_dvid/shift_clock_reg[0]/C
  -------------------------------------------------------------------    -------------------
    SLICE_X162Y147       FDRE (Prop_fdre_C_Q)         0.518    -1.943 f  datapath_uut/video_uut/inst_dvid/shift_clock_reg[0]/Q
                         net (fo=3, routed)           0.678    -1.265    datapath_uut/video_uut/inst_dvid/shift_clock[0]
    SLICE_X163Y147       LUT6 (Prop_lut6_I5_O)        0.124    -1.141 r  datapath_uut/video_uut/inst_dvid/shift_red[9]_i_2/O
                         net (fo=1, routed)           0.425    -0.715    datapath_uut/video_uut/inst_dvid/shift_red[9]_i_2_n_0
    SLICE_X162Y147       LUT5 (Prop_lut5_I0_O)        0.124    -0.591 r  datapath_uut/video_uut/inst_dvid/shift_red[9]_i_1/O
                         net (fo=30, routed)          1.392     0.801    datapath_uut/video_uut/inst_dvid/shift_red[9]_i_1_n_0
    SLICE_X158Y129       FDRE                                         r  datapath_uut/video_uut/inst_dvid/shift_blue_reg[9]/R
  -------------------------------------------------------------------    -------------------

                         (clock clk_out2_clk_wiz_0 rise edge)
                                                      8.000     8.000 r  
    R4                   IBUF                         0.000     8.000 r  clk_IBUF_inst/O
                         net (fo=27, routed)          1.162     9.162    datapath_uut/video_uut/mmcm_adv_inst_display_clocks/inst/clk_in1
    MMCME2_ADV_X1Y2      MMCME2_ADV (Prop_mmcme2_adv_CLKIN1_CLKOUT1)
                                                     -7.674     1.488 r  datapath_uut/video_uut/mmcm_adv_inst_display_clocks/inst/mmcm_adv_inst/CLKOUT1
                         net (fo=1, routed)           1.723     3.211    datapath_uut/video_uut/mmcm_adv_inst_display_clocks/inst/clk_out2_clk_wiz_0
    BUFGCTRL_X0Y0        BUFG (Prop_bufg_I_O)         0.091     3.302 r  datapath_uut/video_uut/mmcm_adv_inst_display_clocks/inst/clkout2_buf/O
                         net (fo=44, routed)          1.700     5.003    datapath_uut/video_uut/inst_dvid/clk_out2
    SLICE_X158Y129       FDRE                                         r  datapath_uut/video_uut/inst_dvid/shift_blue_reg[9]/C
                         clock pessimism              0.483     5.486    
                         clock uncertainty           -0.072     5.414    
    SLICE_X158Y129       FDRE (Setup_fdre_C_R)       -0.524     4.890    datapath_uut/video_uut/inst_dvid/shift_blue_reg[9]
  -------------------------------------------------------------------
                         required time                          4.890    
                         arrival time                          -0.801    
  -------------------------------------------------------------------
                         slack                                  4.089    

Slack (MET) :             4.342ns  (required time - arrival time)
  Source:                 datapath_uut/video_uut/inst_dvid/shift_clock_reg[0]/C
                            (rising edge-triggered cell FDRE clocked by clk_out2_clk_wiz_0  {rise@0.000ns fall@4.000ns period=8.000ns})
  Destination:            datapath_uut/video_uut/inst_dvid/shift_green_reg[0]/D
                            (rising edge-triggered cell FDRE clocked by clk_out2_clk_wiz_0  {rise@0.000ns fall@4.000ns period=8.000ns})
  Path Group:             clk_out2_clk_wiz_0
  Path Type:              Setup (Max at Slow Process Corner)
  Requirement:            8.000ns  (clk_out2_clk_wiz_0 rise@8.000ns - clk_out2_clk_wiz_0 rise@0.000ns)
  Data Path Delay:        3.543ns  (logic 0.890ns (25.117%)  route 2.653ns (74.883%))
  Logic Levels:           3  (LUT3=1 LUT5=1 LUT6=1)
  Clock Path Skew:        -0.120ns (DCD - SCD + CPR)
    Destination Clock Delay (DCD):    -3.064ns = ( 4.936 - 8.000 ) 
    Source Clock Delay      (SCD):    -2.461ns
    Clock Pessimism Removal (CPR):    0.483ns
  Clock Uncertainty:      0.072ns  ((TSJ^2 + DJ^2)^1/2) / 2 + PE
    Total System Jitter     (TSJ):    0.071ns
    Discrete Jitter          (DJ):    0.125ns
    Phase Error              (PE):    0.000ns

    Location             Delay type                Incr(ns)  Path(ns)    Netlist Resource(s)
  -------------------------------------------------------------------    -------------------
                         (clock clk_out2_clk_wiz_0 rise edge)
                                                      0.000     0.000 r  
    R4                   IBUF                         0.000     0.000 r  clk_IBUF_inst/O
                         net (fo=27, routed)          1.233     1.233    datapath_uut/video_uut/mmcm_adv_inst_display_clocks/inst/clk_in1
    MMCME2_ADV_X1Y2      MMCME2_ADV (Prop_mmcme2_adv_CLKIN1_CLKOUT1)
                                                     -7.432    -6.199 r  datapath_uut/video_uut/mmcm_adv_inst_display_clocks/inst/mmcm_adv_inst/CLKOUT1
                         net (fo=1, routed)           1.808    -4.390    datapath_uut/video_uut/mmcm_adv_inst_display_clocks/inst/clk_out2_clk_wiz_0
    BUFGCTRL_X0Y0        BUFG (Prop_bufg_I_O)         0.096    -4.294 r  datapath_uut/video_uut/mmcm_adv_inst_display_clocks/inst/clkout2_buf/O
                         net (fo=44, routed)          1.833    -2.461    datapath_uut/video_uut/inst_dvid/clk_out2
    SLICE_X162Y147       FDRE                                         r  datapath_uut/video_uut/inst_dvid/shift_clock_reg[0]/C
  -------------------------------------------------------------------    -------------------
    SLICE_X162Y147       FDRE (Prop_fdre_C_Q)         0.518    -1.943 f  datapath_uut/video_uut/inst_dvid/shift_clock_reg[0]/Q
                         net (fo=3, routed)           0.678    -1.265    datapath_uut/video_uut/inst_dvid/shift_clock[0]
    SLICE_X163Y147       LUT6 (Prop_lut6_I5_O)        0.124    -1.141 r  datapath_uut/video_uut/inst_dvid/shift_red[9]_i_2/O
                         net (fo=1, routed)           0.425    -0.715    datapath_uut/video_uut/inst_dvid/shift_red[9]_i_2_n_0
    SLICE_X162Y147       LUT5 (Prop_lut5_I0_O)        0.124    -0.591 r  datapath_uut/video_uut/inst_dvid/shift_red[9]_i_1/O
                         net (fo=30, routed)          1.550     0.959    datapath_uut/video_uut/inst_dvid/shift_red[9]_i_1_n_0
    SLICE_X154Y137       LUT3 (Prop_lut3_I1_O)        0.124     1.083 r  datapath_uut/video_uut/inst_dvid/shift_green[0]_i_1/O
                         net (fo=1, routed)           0.000     1.083    datapath_uut/video_uut/inst_dvid/shift_green_1[0]
    SLICE_X154Y137       FDRE                                         r  datapath_uut/video_uut/inst_dvid/shift_green_reg[0]/D
  -------------------------------------------------------------------    -------------------

                         (clock clk_out2_clk_wiz_0 rise edge)
                                                      8.000     8.000 r  
    R4                   IBUF                         0.000     8.000 r  clk_IBUF_inst/O
                         net (fo=27, routed)          1.162     9.162    datapath_uut/video_uut/mmcm_adv_inst_display_clocks/inst/clk_in1
    MMCME2_ADV_X1Y2      MMCME2_ADV (Prop_mmcme2_adv_CLKIN1_CLKOUT1)
                                                     -7.674     1.488 r  datapath_uut/video_uut/mmcm_adv_inst_display_clocks/inst/mmcm_adv_inst/CLKOUT1
                         net (fo=1, routed)           1.723     3.211    datapath_uut/video_uut/mmcm_adv_inst_display_clocks/inst/clk_out2_clk_wiz_0
    BUFGCTRL_X0Y0        BUFG (Prop_bufg_I_O)         0.091     3.302 r  datapath_uut/video_uut/mmcm_adv_inst_display_clocks/inst/clkout2_buf/O
                         net (fo=44, routed)          1.633     4.936    datapath_uut/video_uut/inst_dvid/clk_out2
    SLICE_X154Y137       FDRE                                         r  datapath_uut/video_uut/inst_dvid/shift_green_reg[0]/C
                         clock pessimism              0.483     5.419    
                         clock uncertainty           -0.072     5.347    
    SLICE_X154Y137       FDRE (Setup_fdre_C_D)        0.077     5.424    datapath_uut/video_uut/inst_dvid/shift_green_reg[0]
  -------------------------------------------------------------------
                         required time                          5.424    
                         arrival time                          -1.083    
  -------------------------------------------------------------------
                         slack                                  4.342    

Slack (MET) :             4.347ns  (required time - arrival time)
  Source:                 datapath_uut/video_uut/inst_dvid/shift_clock_reg[0]/C
                            (rising edge-triggered cell FDRE clocked by clk_out2_clk_wiz_0  {rise@0.000ns fall@4.000ns period=8.000ns})
  Destination:            datapath_uut/video_uut/inst_dvid/shift_green_reg[4]/D
                            (rising edge-triggered cell FDRE clocked by clk_out2_clk_wiz_0  {rise@0.000ns fall@4.000ns period=8.000ns})
  Path Group:             clk_out2_clk_wiz_0
  Path Type:              Setup (Max at Slow Process Corner)
  Requirement:            8.000ns  (clk_out2_clk_wiz_0 rise@8.000ns - clk_out2_clk_wiz_0 rise@0.000ns)
  Data Path Delay:        3.540ns  (logic 0.890ns (25.138%)  route 2.650ns (74.862%))
  Logic Levels:           3  (LUT3=1 LUT5=1 LUT6=1)
  Clock Path Skew:        -0.120ns (DCD - SCD + CPR)
    Destination Clock Delay (DCD):    -3.064ns = ( 4.936 - 8.000 ) 
    Source Clock Delay      (SCD):    -2.461ns
    Clock Pessimism Removal (CPR):    0.483ns
  Clock Uncertainty:      0.072ns  ((TSJ^2 + DJ^2)^1/2) / 2 + PE
    Total System Jitter     (TSJ):    0.071ns
    Discrete Jitter          (DJ):    0.125ns
    Phase Error              (PE):    0.000ns

    Location             Delay type                Incr(ns)  Path(ns)    Netlist Resource(s)
  -------------------------------------------------------------------    -------------------
                         (clock clk_out2_clk_wiz_0 rise edge)
                                                      0.000     0.000 r  
    R4                   IBUF                         0.000     0.000 r  clk_IBUF_inst/O
                         net (fo=27, routed)          1.233     1.233    datapath_uut/video_uut/mmcm_adv_inst_display_clocks/inst/clk_in1
    MMCME2_ADV_X1Y2      MMCME2_ADV (Prop_mmcme2_adv_CLKIN1_CLKOUT1)
                                                     -7.432    -6.199 r  datapath_uut/video_uut/mmcm_adv_inst_display_clocks/inst/mmcm_adv_inst/CLKOUT1
                         net (fo=1, routed)           1.808    -4.390    datapath_uut/video_uut/mmcm_adv_inst_display_clocks/inst/clk_out2_clk_wiz_0
    BUFGCTRL_X0Y0        BUFG (Prop_bufg_I_O)         0.096    -4.294 r  datapath_uut/video_uut/mmcm_adv_inst_display_clocks/inst/clkout2_buf/O
                         net (fo=44, routed)          1.833    -2.461    datapath_uut/video_uut/inst_dvid/clk_out2
    SLICE_X162Y147       FDRE                                         r  datapath_uut/video_uut/inst_dvid/shift_clock_reg[0]/C
  -------------------------------------------------------------------    -------------------
    SLICE_X162Y147       FDRE (Prop_fdre_C_Q)         0.518    -1.943 f  datapath_uut/video_uut/inst_dvid/shift_clock_reg[0]/Q
                         net (fo=3, routed)           0.678    -1.265    datapath_uut/video_uut/inst_dvid/shift_clock[0]
    SLICE_X163Y147       LUT6 (Prop_lut6_I5_O)        0.124    -1.141 r  datapath_uut/video_uut/inst_dvid/shift_red[9]_i_2/O
                         net (fo=1, routed)           0.425    -0.715    datapath_uut/video_uut/inst_dvid/shift_red[9]_i_2_n_0
    SLICE_X162Y147       LUT5 (Prop_lut5_I0_O)        0.124    -0.591 r  datapath_uut/video_uut/inst_dvid/shift_red[9]_i_1/O
                         net (fo=30, routed)          1.547     0.956    datapath_uut/video_uut/inst_dvid/shift_red[9]_i_1_n_0
    SLICE_X154Y137       LUT3 (Prop_lut3_I1_O)        0.124     1.080 r  datapath_uut/video_uut/inst_dvid/shift_green[4]_i_1/O
                         net (fo=1, routed)           0.000     1.080    datapath_uut/video_uut/inst_dvid/shift_green_1[4]
    SLICE_X154Y137       FDRE                                         r  datapath_uut/video_uut/inst_dvid/shift_green_reg[4]/D
  -------------------------------------------------------------------    -------------------

                         (clock clk_out2_clk_wiz_0 rise edge)
                                                      8.000     8.000 r  
    R4                   IBUF                         0.000     8.000 r  clk_IBUF_inst/O
                         net (fo=27, routed)          1.162     9.162    datapath_uut/video_uut/mmcm_adv_inst_display_clocks/inst/clk_in1
    MMCME2_ADV_X1Y2      MMCME2_ADV (Prop_mmcme2_adv_CLKIN1_CLKOUT1)
                                                     -7.674     1.488 r  datapath_uut/video_uut/mmcm_adv_inst_display_clocks/inst/mmcm_adv_inst/CLKOUT1
                         net (fo=1, routed)           1.723     3.211    datapath_uut/video_uut/mmcm_adv_inst_display_clocks/inst/clk_out2_clk_wiz_0
    BUFGCTRL_X0Y0        BUFG (Prop_bufg_I_O)         0.091     3.302 r  datapath_uut/video_uut/mmcm_adv_inst_display_clocks/inst/clkout2_buf/O
                         net (fo=44, routed)          1.633     4.936    datapath_uut/video_uut/inst_dvid/clk_out2
    SLICE_X154Y137       FDRE                                         r  datapath_uut/video_uut/inst_dvid/shift_green_reg[4]/C
                         clock pessimism              0.483     5.419    
                         clock uncertainty           -0.072     5.347    
    SLICE_X154Y137       FDRE (Setup_fdre_C_D)        0.079     5.426    datapath_uut/video_uut/inst_dvid/shift_green_reg[4]
  -------------------------------------------------------------------
                         required time                          5.426    
                         arrival time                          -1.080    
  -------------------------------------------------------------------
                         slack                                  4.347    





Min Delay Paths
--------------------------------------------------------------------------------------
Slack (MET) :             0.175ns  (arrival time - required time)
  Source:                 datapath_uut/video_uut/inst_dvid/shift_clock_reg[4]/C
                            (rising edge-triggered cell FDRE clocked by clk_out2_clk_wiz_0  {rise@0.000ns fall@4.000ns period=8.000ns})
  Destination:            datapath_uut/video_uut/inst_dvid/shift_clock_reg[2]/D
                            (rising edge-triggered cell FDRE clocked by clk_out2_clk_wiz_0  {rise@0.000ns fall@4.000ns period=8.000ns})
  Path Group:             clk_out2_clk_wiz_0
  Path Type:              Hold (Min at Fast Process Corner)
  Requirement:            0.000ns  (clk_out2_clk_wiz_0 rise@0.000ns - clk_out2_clk_wiz_0 rise@0.000ns)
  Data Path Delay:        0.251ns  (logic 0.141ns (56.174%)  route 0.110ns (43.826%))
  Logic Levels:           0  
  Clock Path Skew:        0.013ns (DCD - SCD - CPR)
    Destination Clock Delay (DCD):    -1.323ns
    Source Clock Delay      (SCD):    -0.894ns
    Clock Pessimism Removal (CPR):    -0.442ns

    Location             Delay type                Incr(ns)  Path(ns)    Netlist Resource(s)
  -------------------------------------------------------------------    -------------------
                         (clock clk_out2_clk_wiz_0 rise edge)
                                                      0.000     0.000 r  
    R4                   IBUF                         0.000     0.000 r  clk_IBUF_inst/O
                         net (fo=27, routed)          0.440     0.440    datapath_uut/video_uut/mmcm_adv_inst_display_clocks/inst/clk_in1
    MMCME2_ADV_X1Y2      MMCME2_ADV (Prop_mmcme2_adv_CLKIN1_CLKOUT1)
                                                     -2.540    -2.099 r  datapath_uut/video_uut/mmcm_adv_inst_display_clocks/inst/mmcm_adv_inst/CLKOUT1
                         net (fo=1, routed)           0.531    -1.568    datapath_uut/video_uut/mmcm_adv_inst_display_clocks/inst/clk_out2_clk_wiz_0
    BUFGCTRL_X0Y0        BUFG (Prop_bufg_I_O)         0.026    -1.542 r  datapath_uut/video_uut/mmcm_adv_inst_display_clocks/inst/clkout2_buf/O
                         net (fo=44, routed)          0.649    -0.894    datapath_uut/video_uut/inst_dvid/clk_out2
    SLICE_X163Y147       FDRE                                         r  datapath_uut/video_uut/inst_dvid/shift_clock_reg[4]/C
  -------------------------------------------------------------------    -------------------
    SLICE_X163Y147       FDRE (Prop_fdre_C_Q)         0.141    -0.753 r  datapath_uut/video_uut/inst_dvid/shift_clock_reg[4]/Q
                         net (fo=2, routed)           0.110    -0.643    datapath_uut/video_uut/inst_dvid/shift_clock_reg_n_0_[4]
    SLICE_X162Y147       FDRE                                         r  datapath_uut/video_uut/inst_dvid/shift_clock_reg[2]/D
  -------------------------------------------------------------------    -------------------

                         (clock clk_out2_clk_wiz_0 rise edge)
                                                      0.000     0.000 r  
    R4                   IBUF                         0.000     0.000 r  clk_IBUF_inst/O
                         net (fo=27, routed)          0.480     0.480    datapath_uut/video_uut/mmcm_adv_inst_display_clocks/inst/clk_in1
    MMCME2_ADV_X1Y2      MMCME2_ADV (Prop_mmcme2_adv_CLKIN1_CLKOUT1)
                                                     -3.332    -2.852 r  datapath_uut/video_uut/mmcm_adv_inst_display_clocks/inst/mmcm_adv_inst/CLKOUT1
                         net (fo=1, routed)           0.579    -2.274    datapath_uut/video_uut/mmcm_adv_inst_display_clocks/inst/clk_out2_clk_wiz_0
    BUFGCTRL_X0Y0        BUFG (Prop_bufg_I_O)         0.029    -2.245 r  datapath_uut/video_uut/mmcm_adv_inst_display_clocks/inst/clkout2_buf/O
                         net (fo=44, routed)          0.922    -1.323    datapath_uut/video_uut/inst_dvid/clk_out2
    SLICE_X162Y147       FDRE                                         r  datapath_uut/video_uut/inst_dvid/shift_clock_reg[2]/C
                         clock pessimism              0.442    -0.881    
    SLICE_X162Y147       FDRE (Hold_fdre_C_D)         0.063    -0.818    datapath_uut/video_uut/inst_dvid/shift_clock_reg[2]
  -------------------------------------------------------------------
                         required time                          0.818    
                         arrival time                          -0.643    
  -------------------------------------------------------------------
                         slack                                  0.175    

Slack (MET) :             0.183ns  (arrival time - required time)
  Source:                 datapath_uut/video_uut/inst_dvid/shift_green_reg[9]/C
                            (rising edge-triggered cell FDRE clocked by clk_out2_clk_wiz_0  {rise@0.000ns fall@4.000ns period=8.000ns})
  Destination:            datapath_uut/video_uut/inst_dvid/shift_green_reg[7]/D
                            (rising edge-triggered cell FDRE clocked by clk_out2_clk_wiz_0  {rise@0.000ns fall@4.000ns period=8.000ns})
  Path Group:             clk_out2_clk_wiz_0
  Path Type:              Hold (Min at Fast Process Corner)
  Requirement:            0.000ns  (clk_out2_clk_wiz_0 rise@0.000ns - clk_out2_clk_wiz_0 rise@0.000ns)
  Data Path Delay:        0.350ns  (logic 0.213ns (60.834%)  route 0.137ns (39.166%))
  Logic Levels:           1  (LUT3=1)
  Clock Path Skew:        0.036ns (DCD - SCD - CPR)
    Destination Clock Delay (DCD):    -1.356ns
    Source Clock Delay      (SCD):    -0.924ns
    Clock Pessimism Removal (CPR):    -0.468ns

    Location             Delay type                Incr(ns)  Path(ns)    Netlist Resource(s)
  -------------------------------------------------------------------    -------------------
                         (clock clk_out2_clk_wiz_0 rise edge)
                                                      0.000     0.000 r  
    R4                   IBUF                         0.000     0.000 r  clk_IBUF_inst/O
                         net (fo=27, routed)          0.440     0.440    datapath_uut/video_uut/mmcm_adv_inst_display_clocks/inst/clk_in1
    MMCME2_ADV_X1Y2      MMCME2_ADV (Prop_mmcme2_adv_CLKIN1_CLKOUT1)
                                                     -2.540    -2.099 r  datapath_uut/video_uut/mmcm_adv_inst_display_clocks/inst/mmcm_adv_inst/CLKOUT1
                         net (fo=1, routed)           0.531    -1.568    datapath_uut/video_uut/mmcm_adv_inst_display_clocks/inst/clk_out2_clk_wiz_0
    BUFGCTRL_X0Y0        BUFG (Prop_bufg_I_O)         0.026    -1.542 r  datapath_uut/video_uut/mmcm_adv_inst_display_clocks/inst/clkout2_buf/O
                         net (fo=44, routed)          0.619    -0.924    datapath_uut/video_uut/inst_dvid/clk_out2
    SLICE_X152Y138       FDRE                                         r  datapath_uut/video_uut/inst_dvid/shift_green_reg[9]/C
  -------------------------------------------------------------------    -------------------
    SLICE_X152Y138       FDRE (Prop_fdre_C_Q)         0.164    -0.760 r  datapath_uut/video_uut/inst_dvid/shift_green_reg[9]/Q
                         net (fo=1, routed)           0.137    -0.623    datapath_uut/video_uut/inst_dvid/shift_green[9]
    SLICE_X154Y137       LUT3 (Prop_lut3_I0_O)        0.049    -0.574 r  datapath_uut/video_uut/inst_dvid/shift_green[7]_i_1/O
                         net (fo=1, routed)           0.000    -0.574    datapath_uut/video_uut/inst_dvid/shift_green_1[7]
    SLICE_X154Y137       FDRE                                         r  datapath_uut/video_uut/inst_dvid/shift_green_reg[7]/D
  -------------------------------------------------------------------    -------------------

                         (clock clk_out2_clk_wiz_0 rise edge)
                                                      0.000     0.000 r  
    R4                   IBUF                         0.000     0.000 r  clk_IBUF_inst/O
                         net (fo=27, routed)          0.480     0.480    datapath_uut/video_uut/mmcm_adv_inst_display_clocks/inst/clk_in1
    MMCME2_ADV_X1Y2      MMCME2_ADV (Prop_mmcme2_adv_CLKIN1_CLKOUT1)
                                                     -3.332    -2.852 r  datapath_uut/video_uut/mmcm_adv_inst_display_clocks/inst/mmcm_adv_inst/CLKOUT1
                         net (fo=1, routed)           0.579    -2.274    datapath_uut/video_uut/mmcm_adv_inst_display_clocks/inst/clk_out2_clk_wiz_0
    BUFGCTRL_X0Y0        BUFG (Prop_bufg_I_O)         0.029    -2.245 r  datapath_uut/video_uut/mmcm_adv_inst_display_clocks/inst/clkout2_buf/O
                         net (fo=44, routed)          0.889    -1.356    datapath_uut/video_uut/inst_dvid/clk_out2
    SLICE_X154Y137       FDRE                                         r  datapath_uut/video_uut/inst_dvid/shift_green_reg[7]/C
                         clock pessimism              0.468    -0.888    
    SLICE_X154Y137       FDRE (Hold_fdre_C_D)         0.131    -0.757    datapath_uut/video_uut/inst_dvid/shift_green_reg[7]
  -------------------------------------------------------------------
                         required time                          0.757    
                         arrival time                          -0.574    
  -------------------------------------------------------------------
                         slack                                  0.183    

Slack (MET) :             0.212ns  (arrival time - required time)
  Source:                 datapath_uut/video_uut/inst_dvid/shift_green_reg[5]/C
                            (rising edge-triggered cell FDRE clocked by clk_out2_clk_wiz_0  {rise@0.000ns fall@4.000ns period=8.000ns})
  Destination:            datapath_uut/video_uut/inst_dvid/shift_green_reg[3]/D
                            (rising edge-triggered cell FDRE clocked by clk_out2_clk_wiz_0  {rise@0.000ns fall@4.000ns period=8.000ns})
  Path Group:             clk_out2_clk_wiz_0
  Path Type:              Hold (Min at Fast Process Corner)
  Requirement:            0.000ns  (clk_out2_clk_wiz_0 rise@0.000ns - clk_out2_clk_wiz_0 rise@0.000ns)
  Data Path Delay:        0.343ns  (logic 0.249ns (72.541%)  route 0.094ns (27.459%))
  Logic Levels:           1  (LUT3=1)
  Clock Path Skew:        0.000ns (DCD - SCD - CPR)
    Destination Clock Delay (DCD):    -1.356ns
    Source Clock Delay      (SCD):    -0.925ns
    Clock Pessimism Removal (CPR):    -0.431ns

    Location             Delay type                Incr(ns)  Path(ns)    Netlist Resource(s)
  -------------------------------------------------------------------    -------------------
                         (clock clk_out2_clk_wiz_0 rise edge)
                                                      0.000     0.000 r  
    R4                   IBUF                         0.000     0.000 r  clk_IBUF_inst/O
                         net (fo=27, routed)          0.440     0.440    datapath_uut/video_uut/mmcm_adv_inst_display_clocks/inst/clk_in1
    MMCME2_ADV_X1Y2      MMCME2_ADV (Prop_mmcme2_adv_CLKIN1_CLKOUT1)
                                                     -2.540    -2.099 r  datapath_uut/video_uut/mmcm_adv_inst_display_clocks/inst/mmcm_adv_inst/CLKOUT1
                         net (fo=1, routed)           0.531    -1.568    datapath_uut/video_uut/mmcm_adv_inst_display_clocks/inst/clk_out2_clk_wiz_0
    BUFGCTRL_X0Y0        BUFG (Prop_bufg_I_O)         0.026    -1.542 r  datapath_uut/video_uut/mmcm_adv_inst_display_clocks/inst/clkout2_buf/O
                         net (fo=44, routed)          0.618    -0.925    datapath_uut/video_uut/inst_dvid/clk_out2
    SLICE_X154Y137       FDRE                                         r  datapath_uut/video_uut/inst_dvid/shift_green_reg[5]/C
  -------------------------------------------------------------------    -------------------
    SLICE_X154Y137       FDRE (Prop_fdre_C_Q)         0.148    -0.777 r  datapath_uut/video_uut/inst_dvid/shift_green_reg[5]/Q
                         net (fo=1, routed)           0.094    -0.683    datapath_uut/video_uut/inst_dvid/shift_green[5]
    SLICE_X154Y137       LUT3 (Prop_lut3_I0_O)        0.101    -0.582 r  datapath_uut/video_uut/inst_dvid/shift_green[3]_i_1/O
                         net (fo=1, routed)           0.000    -0.582    datapath_uut/video_uut/inst_dvid/shift_green_1[3]
    SLICE_X154Y137       FDRE                                         r  datapath_uut/video_uut/inst_dvid/shift_green_reg[3]/D
  -------------------------------------------------------------------    -------------------

                         (clock clk_out2_clk_wiz_0 rise edge)
                                                      0.000     0.000 r  
    R4                   IBUF                         0.000     0.000 r  clk_IBUF_inst/O
                         net (fo=27, routed)          0.480     0.480    datapath_uut/video_uut/mmcm_adv_inst_display_clocks/inst/clk_in1
    MMCME2_ADV_X1Y2      MMCME2_ADV (Prop_mmcme2_adv_CLKIN1_CLKOUT1)
                                                     -3.332    -2.852 r  datapath_uut/video_uut/mmcm_adv_inst_display_clocks/inst/mmcm_adv_inst/CLKOUT1
                         net (fo=1, routed)           0.579    -2.274    datapath_uut/video_uut/mmcm_adv_inst_display_clocks/inst/clk_out2_clk_wiz_0
    BUFGCTRL_X0Y0        BUFG (Prop_bufg_I_O)         0.029    -2.245 r  datapath_uut/video_uut/mmcm_adv_inst_display_clocks/inst/clkout2_buf/O
                         net (fo=44, routed)          0.889    -1.356    datapath_uut/video_uut/inst_dvid/clk_out2
    SLICE_X154Y137       FDRE                                         r  datapath_uut/video_uut/inst_dvid/shift_green_reg[3]/C
                         clock pessimism              0.431    -0.925    
    SLICE_X154Y137       FDRE (Hold_fdre_C_D)         0.131    -0.794    datapath_uut/video_uut/inst_dvid/shift_green_reg[3]
  -------------------------------------------------------------------
                         required time                          0.794    
                         arrival time                          -0.582    
  -------------------------------------------------------------------
                         slack                                  0.212    

Slack (MET) :             0.212ns  (arrival time - required time)
  Source:                 datapath_uut/video_uut/inst_dvid/shift_red_reg[5]/C
                            (rising edge-triggered cell FDRE clocked by clk_out2_clk_wiz_0  {rise@0.000ns fall@4.000ns period=8.000ns})
  Destination:            datapath_uut/video_uut/inst_dvid/shift_red_reg[3]/D
                            (rising edge-triggered cell FDRE clocked by clk_out2_clk_wiz_0  {rise@0.000ns fall@4.000ns period=8.000ns})
  Path Group:             clk_out2_clk_wiz_0
  Path Type:              Hold (Min at Fast Process Corner)
  Requirement:            0.000ns  (clk_out2_clk_wiz_0 rise@0.000ns - clk_out2_clk_wiz_0 rise@0.000ns)
  Data Path Delay:        0.343ns  (logic 0.249ns (72.541%)  route 0.094ns (27.459%))
  Logic Levels:           1  (LUT3=1)
  Clock Path Skew:        0.000ns (DCD - SCD - CPR)
    Destination Clock Delay (DCD):    -1.328ns
    Source Clock Delay      (SCD):    -0.898ns
    Clock Pessimism Removal (CPR):    -0.430ns

    Location             Delay type                Incr(ns)  Path(ns)    Netlist Resource(s)
  -------------------------------------------------------------------    -------------------
                         (clock clk_out2_clk_wiz_0 rise edge)
                                                      0.000     0.000 r  
    R4                   IBUF                         0.000     0.000 r  clk_IBUF_inst/O
                         net (fo=27, routed)          0.440     0.440    datapath_uut/video_uut/mmcm_adv_inst_display_clocks/inst/clk_in1
    MMCME2_ADV_X1Y2      MMCME2_ADV (Prop_mmcme2_adv_CLKIN1_CLKOUT1)
                                                     -2.540    -2.099 r  datapath_uut/video_uut/mmcm_adv_inst_display_clocks/inst/mmcm_adv_inst/CLKOUT1
                         net (fo=1, routed)           0.531    -1.568    datapath_uut/video_uut/mmcm_adv_inst_display_clocks/inst/clk_out2_clk_wiz_0
    BUFGCTRL_X0Y0        BUFG (Prop_bufg_I_O)         0.026    -1.542 r  datapath_uut/video_uut/mmcm_adv_inst_display_clocks/inst/clkout2_buf/O
                         net (fo=44, routed)          0.645    -0.898    datapath_uut/video_uut/inst_dvid/clk_out2
    SLICE_X162Y137       FDRE                                         r  datapath_uut/video_uut/inst_dvid/shift_red_reg[5]/C
  -------------------------------------------------------------------    -------------------
    SLICE_X162Y137       FDRE (Prop_fdre_C_Q)         0.148    -0.750 r  datapath_uut/video_uut/inst_dvid/shift_red_reg[5]/Q
                         net (fo=1, routed)           0.094    -0.656    datapath_uut/video_uut/inst_dvid/data1[3]
    SLICE_X162Y137       LUT3 (Prop_lut3_I0_O)        0.101    -0.555 r  datapath_uut/video_uut/inst_dvid/shift_red[3]_i_1/O
                         net (fo=1, routed)           0.000    -0.555    datapath_uut/video_uut/inst_dvid/shift_red[3]
    SLICE_X162Y137       FDRE                                         r  datapath_uut/video_uut/inst_dvid/shift_red_reg[3]/D
  -------------------------------------------------------------------    -------------------

                         (clock clk_out2_clk_wiz_0 rise edge)
                                                      0.000     0.000 r  
    R4                   IBUF                         0.000     0.000 r  clk_IBUF_inst/O
                         net (fo=27, routed)          0.480     0.480    datapath_uut/video_uut/mmcm_adv_inst_display_clocks/inst/clk_in1
    MMCME2_ADV_X1Y2      MMCME2_ADV (Prop_mmcme2_adv_CLKIN1_CLKOUT1)
                                                     -3.332    -2.852 r  datapath_uut/video_uut/mmcm_adv_inst_display_clocks/inst/mmcm_adv_inst/CLKOUT1
                         net (fo=1, routed)           0.579    -2.274    datapath_uut/video_uut/mmcm_adv_inst_display_clocks/inst/clk_out2_clk_wiz_0
    BUFGCTRL_X0Y0        BUFG (Prop_bufg_I_O)         0.029    -2.245 r  datapath_uut/video_uut/mmcm_adv_inst_display_clocks/inst/clkout2_buf/O
                         net (fo=44, routed)          0.917    -1.328    datapath_uut/video_uut/inst_dvid/clk_out2
    SLICE_X162Y137       FDRE                                         r  datapath_uut/video_uut/inst_dvid/shift_red_reg[3]/C
                         clock pessimism              0.430    -0.898    
    SLICE_X162Y137       FDRE (Hold_fdre_C_D)         0.131    -0.767    datapath_uut/video_uut/inst_dvid/shift_red_reg[3]
  -------------------------------------------------------------------
                         required time                          0.767    
                         arrival time                          -0.555    
  -------------------------------------------------------------------
                         slack                                  0.212    

Slack (MET) :             0.212ns  (arrival time - required time)
  Source:                 datapath_uut/video_uut/inst_dvid/shift_blue_reg[5]/C
                            (rising edge-triggered cell FDRE clocked by clk_out2_clk_wiz_0  {rise@0.000ns fall@4.000ns period=8.000ns})
  Destination:            datapath_uut/video_uut/inst_dvid/shift_blue_reg[3]/D
                            (rising edge-triggered cell FDRE clocked by clk_out2_clk_wiz_0  {rise@0.000ns fall@4.000ns period=8.000ns})
  Path Group:             clk_out2_clk_wiz_0
  Path Type:              Hold (Min at Fast Process Corner)
  Requirement:            0.000ns  (clk_out2_clk_wiz_0 rise@0.000ns - clk_out2_clk_wiz_0 rise@0.000ns)
  Data Path Delay:        0.343ns  (logic 0.249ns (72.541%)  route 0.094ns (27.459%))
  Logic Levels:           1  (LUT3=1)
  Clock Path Skew:        0.000ns (DCD - SCD - CPR)
    Destination Clock Delay (DCD):    -1.335ns
    Source Clock Delay      (SCD):    -0.904ns
    Clock Pessimism Removal (CPR):    -0.431ns

    Location             Delay type                Incr(ns)  Path(ns)    Netlist Resource(s)
  -------------------------------------------------------------------    -------------------
                         (clock clk_out2_clk_wiz_0 rise edge)
                                                      0.000     0.000 r  
    R4                   IBUF                         0.000     0.000 r  clk_IBUF_inst/O
                         net (fo=27, routed)          0.440     0.440    datapath_uut/video_uut/mmcm_adv_inst_display_clocks/inst/clk_in1
    MMCME2_ADV_X1Y2      MMCME2_ADV (Prop_mmcme2_adv_CLKIN1_CLKOUT1)
                                                     -2.540    -2.099 r  datapath_uut/video_uut/mmcm_adv_inst_display_clocks/inst/mmcm_adv_inst/CLKOUT1
                         net (fo=1, routed)           0.531    -1.568    datapath_uut/video_uut/mmcm_adv_inst_display_clocks/inst/clk_out2_clk_wiz_0
    BUFGCTRL_X0Y0        BUFG (Prop_bufg_I_O)         0.026    -1.542 r  datapath_uut/video_uut/mmcm_adv_inst_display_clocks/inst/clkout2_buf/O
                         net (fo=44, routed)          0.639    -0.904    datapath_uut/video_uut/inst_dvid/clk_out2
    SLICE_X162Y129       FDRE                                         r  datapath_uut/video_uut/inst_dvid/shift_blue_reg[5]/C
  -------------------------------------------------------------------    -------------------
    SLICE_X162Y129       FDRE (Prop_fdre_C_Q)         0.148    -0.756 r  datapath_uut/video_uut/inst_dvid/shift_blue_reg[5]/Q
                         net (fo=1, routed)           0.094    -0.662    datapath_uut/video_uut/inst_dvid/shift_blue[5]
    SLICE_X162Y129       LUT3 (Prop_lut3_I0_O)        0.101    -0.561 r  datapath_uut/video_uut/inst_dvid/shift_blue[3]_i_1/O
                         net (fo=1, routed)           0.000    -0.561    datapath_uut/video_uut/inst_dvid/shift_blue_0[3]
    SLICE_X162Y129       FDRE                                         r  datapath_uut/video_uut/inst_dvid/shift_blue_reg[3]/D
  -------------------------------------------------------------------    -------------------

                         (clock clk_out2_clk_wiz_0 rise edge)
                                                      0.000     0.000 r  
    R4                   IBUF                         0.000     0.000 r  clk_IBUF_inst/O
                         net (fo=27, routed)          0.480     0.480    datapath_uut/video_uut/mmcm_adv_inst_display_clocks/inst/clk_in1
    MMCME2_ADV_X1Y2      MMCME2_ADV (Prop_mmcme2_adv_CLKIN1_CLKOUT1)
                                                     -3.332    -2.852 r  datapath_uut/video_uut/mmcm_adv_inst_display_clocks/inst/mmcm_adv_inst/CLKOUT1
                         net (fo=1, routed)           0.579    -2.274    datapath_uut/video_uut/mmcm_adv_inst_display_clocks/inst/clk_out2_clk_wiz_0
    BUFGCTRL_X0Y0        BUFG (Prop_bufg_I_O)         0.029    -2.245 r  datapath_uut/video_uut/mmcm_adv_inst_display_clocks/inst/clkout2_buf/O
                         net (fo=44, routed)          0.910    -1.335    datapath_uut/video_uut/inst_dvid/clk_out2
    SLICE_X162Y129       FDRE                                         r  datapath_uut/video_uut/inst_dvid/shift_blue_reg[3]/C
                         clock pessimism              0.431    -0.904    
    SLICE_X162Y129       FDRE (Hold_fdre_C_D)         0.131    -0.773    datapath_uut/video_uut/inst_dvid/shift_blue_reg[3]
  -------------------------------------------------------------------
                         required time                          0.773    
                         arrival time                          -0.561    
  -------------------------------------------------------------------
                         slack                                  0.212    

Slack (MET) :             0.233ns  (arrival time - required time)
  Source:                 datapath_uut/video_uut/inst_dvid/shift_clock_reg[2]/C
                            (rising edge-triggered cell FDRE clocked by clk_out2_clk_wiz_0  {rise@0.000ns fall@4.000ns period=8.000ns})
  Destination:            datapath_uut/video_uut/inst_dvid/shift_clock_reg[0]/D
                            (rising edge-triggered cell FDRE clocked by clk_out2_clk_wiz_0  {rise@0.000ns fall@4.000ns period=8.000ns})
  Path Group:             clk_out2_clk_wiz_0
  Path Type:              Hold (Min at Fast Process Corner)
  Requirement:            0.000ns  (clk_out2_clk_wiz_0 rise@0.000ns - clk_out2_clk_wiz_0 rise@0.000ns)
  Data Path Delay:        0.292ns  (logic 0.164ns (56.232%)  route 0.128ns (43.768%))
  Logic Levels:           0  
  Clock Path Skew:        0.000ns (DCD - SCD - CPR)
    Destination Clock Delay (DCD):    -1.323ns
    Source Clock Delay      (SCD):    -0.894ns
    Clock Pessimism Removal (CPR):    -0.429ns

    Location             Delay type                Incr(ns)  Path(ns)    Netlist Resource(s)
  -------------------------------------------------------------------    -------------------
                         (clock clk_out2_clk_wiz_0 rise edge)
                                                      0.000     0.000 r  
    R4                   IBUF                         0.000     0.000 r  clk_IBUF_inst/O
                         net (fo=27, routed)          0.440     0.440    datapath_uut/video_uut/mmcm_adv_inst_display_clocks/inst/clk_in1
    MMCME2_ADV_X1Y2      MMCME2_ADV (Prop_mmcme2_adv_CLKIN1_CLKOUT1)
                                                     -2.540    -2.099 r  datapath_uut/video_uut/mmcm_adv_inst_display_clocks/inst/mmcm_adv_inst/CLKOUT1
                         net (fo=1, routed)           0.531    -1.568    datapath_uut/video_uut/mmcm_adv_inst_display_clocks/inst/clk_out2_clk_wiz_0
    BUFGCTRL_X0Y0        BUFG (Prop_bufg_I_O)         0.026    -1.542 r  datapath_uut/video_uut/mmcm_adv_inst_display_clocks/inst/clkout2_buf/O
                         net (fo=44, routed)          0.649    -0.894    datapath_uut/video_uut/inst_dvid/clk_out2
    SLICE_X162Y147       FDRE                                         r  datapath_uut/video_uut/inst_dvid/shift_clock_reg[2]/C
  -------------------------------------------------------------------    -------------------
    SLICE_X162Y147       FDRE (Prop_fdre_C_Q)         0.164    -0.730 r  datapath_uut/video_uut/inst_dvid/shift_clock_reg[2]/Q
                         net (fo=2, routed)           0.128    -0.602    datapath_uut/video_uut/inst_dvid/shift_clock_reg_n_0_[2]
    SLICE_X162Y147       FDRE                                         r  datapath_uut/video_uut/inst_dvid/shift_clock_reg[0]/D
  -------------------------------------------------------------------    -------------------

                         (clock clk_out2_clk_wiz_0 rise edge)
                                                      0.000     0.000 r  
    R4                   IBUF                         0.000     0.000 r  clk_IBUF_inst/O
                         net (fo=27, routed)          0.480     0.480    datapath_uut/video_uut/mmcm_adv_inst_display_clocks/inst/clk_in1
    MMCME2_ADV_X1Y2      MMCME2_ADV (Prop_mmcme2_adv_CLKIN1_CLKOUT1)
                                                     -3.332    -2.852 r  datapath_uut/video_uut/mmcm_adv_inst_display_clocks/inst/mmcm_adv_inst/CLKOUT1
                         net (fo=1, routed)           0.579    -2.274    datapath_uut/video_uut/mmcm_adv_inst_display_clocks/inst/clk_out2_clk_wiz_0
    BUFGCTRL_X0Y0        BUFG (Prop_bufg_I_O)         0.029    -2.245 r  datapath_uut/video_uut/mmcm_adv_inst_display_clocks/inst/clkout2_buf/O
                         net (fo=44, routed)          0.922    -1.323    datapath_uut/video_uut/inst_dvid/clk_out2
    SLICE_X162Y147       FDRE                                         r  datapath_uut/video_uut/inst_dvid/shift_clock_reg[0]/C
                         clock pessimism              0.429    -0.894    
    SLICE_X162Y147       FDRE (Hold_fdre_C_D)         0.059    -0.835    datapath_uut/video_uut/inst_dvid/shift_clock_reg[0]
  -------------------------------------------------------------------
                         required time                          0.835    
                         arrival time                          -0.602    
  -------------------------------------------------------------------
                         slack                                  0.233    

Slack (MET) :             0.233ns  (arrival time - required time)
  Source:                 datapath_uut/video_uut/inst_dvid/shift_clock_reg[3]/C
                            (rising edge-triggered cell FDRE clocked by clk_out2_clk_wiz_0  {rise@0.000ns fall@4.000ns period=8.000ns})
  Destination:            datapath_uut/video_uut/inst_dvid/shift_clock_reg[1]/D
                            (rising edge-triggered cell FDRE clocked by clk_out2_clk_wiz_0  {rise@0.000ns fall@4.000ns period=8.000ns})
  Path Group:             clk_out2_clk_wiz_0
  Path Type:              Hold (Min at Fast Process Corner)
  Requirement:            0.000ns  (clk_out2_clk_wiz_0 rise@0.000ns - clk_out2_clk_wiz_0 rise@0.000ns)
  Data Path Delay:        0.285ns  (logic 0.164ns (57.535%)  route 0.121ns (42.465%))
  Logic Levels:           0  
  Clock Path Skew:        0.000ns (DCD - SCD - CPR)
    Destination Clock Delay (DCD):    -1.323ns
    Source Clock Delay      (SCD):    -0.894ns
    Clock Pessimism Removal (CPR):    -0.429ns

    Location             Delay type                Incr(ns)  Path(ns)    Netlist Resource(s)
  -------------------------------------------------------------------    -------------------
                         (clock clk_out2_clk_wiz_0 rise edge)
                                                      0.000     0.000 r  
    R4                   IBUF                         0.000     0.000 r  clk_IBUF_inst/O
                         net (fo=27, routed)          0.440     0.440    datapath_uut/video_uut/mmcm_adv_inst_display_clocks/inst/clk_in1
    MMCME2_ADV_X1Y2      MMCME2_ADV (Prop_mmcme2_adv_CLKIN1_CLKOUT1)
                                                     -2.540    -2.099 r  datapath_uut/video_uut/mmcm_adv_inst_display_clocks/inst/mmcm_adv_inst/CLKOUT1
                         net (fo=1, routed)           0.531    -1.568    datapath_uut/video_uut/mmcm_adv_inst_display_clocks/inst/clk_out2_clk_wiz_0
    BUFGCTRL_X0Y0        BUFG (Prop_bufg_I_O)         0.026    -1.542 r  datapath_uut/video_uut/mmcm_adv_inst_display_clocks/inst/clkout2_buf/O
                         net (fo=44, routed)          0.649    -0.894    datapath_uut/video_uut/inst_dvid/clk_out2
    SLICE_X162Y147       FDRE                                         r  datapath_uut/video_uut/inst_dvid/shift_clock_reg[3]/C
  -------------------------------------------------------------------    -------------------
    SLICE_X162Y147       FDRE (Prop_fdre_C_Q)         0.164    -0.730 r  datapath_uut/video_uut/inst_dvid/shift_clock_reg[3]/Q
                         net (fo=2, routed)           0.121    -0.609    datapath_uut/video_uut/inst_dvid/shift_clock_reg_n_0_[3]
    SLICE_X162Y147       FDRE                                         r  datapath_uut/video_uut/inst_dvid/shift_clock_reg[1]/D
  -------------------------------------------------------------------    -------------------

                         (clock clk_out2_clk_wiz_0 rise edge)
                                                      0.000     0.000 r  
    R4                   IBUF                         0.000     0.000 r  clk_IBUF_inst/O
                         net (fo=27, routed)          0.480     0.480    datapath_uut/video_uut/mmcm_adv_inst_display_clocks/inst/clk_in1
    MMCME2_ADV_X1Y2      MMCME2_ADV (Prop_mmcme2_adv_CLKIN1_CLKOUT1)
                                                     -3.332    -2.852 r  datapath_uut/video_uut/mmcm_adv_inst_display_clocks/inst/mmcm_adv_inst/CLKOUT1
                         net (fo=1, routed)           0.579    -2.274    datapath_uut/video_uut/mmcm_adv_inst_display_clocks/inst/clk_out2_clk_wiz_0
    BUFGCTRL_X0Y0        BUFG (Prop_bufg_I_O)         0.029    -2.245 r  datapath_uut/video_uut/mmcm_adv_inst_display_clocks/inst/clkout2_buf/O
                         net (fo=44, routed)          0.922    -1.323    datapath_uut/video_uut/inst_dvid/clk_out2
    SLICE_X162Y147       FDRE                                         r  datapath_uut/video_uut/inst_dvid/shift_clock_reg[1]/C
                         clock pessimism              0.429    -0.894    
    SLICE_X162Y147       FDRE (Hold_fdre_C_D)         0.052    -0.842    datapath_uut/video_uut/inst_dvid/shift_clock_reg[1]
  -------------------------------------------------------------------
                         required time                          0.842    
                         arrival time                          -0.609    
  -------------------------------------------------------------------
                         slack                                  0.233    

Slack (MET) :             0.236ns  (arrival time - required time)
  Source:                 datapath_uut/video_uut/inst_dvid/shift_green_reg[2]/C
                            (rising edge-triggered cell FDRE clocked by clk_out2_clk_wiz_0  {rise@0.000ns fall@4.000ns period=8.000ns})
  Destination:            datapath_uut/video_uut/inst_dvid/shift_green_reg[0]/D
                            (rising edge-triggered cell FDRE clocked by clk_out2_clk_wiz_0  {rise@0.000ns fall@4.000ns period=8.000ns})
  Path Group:             clk_out2_clk_wiz_0
  Path Type:              Hold (Min at Fast Process Corner)
  Requirement:            0.000ns  (clk_out2_clk_wiz_0 rise@0.000ns - clk_out2_clk_wiz_0 rise@0.000ns)
  Data Path Delay:        0.356ns  (logic 0.209ns (58.645%)  route 0.147ns (41.355%))
  Logic Levels:           1  (LUT3=1)
  Clock Path Skew:        0.000ns (DCD - SCD - CPR)
    Destination Clock Delay (DCD):    -1.356ns
    Source Clock Delay      (SCD):    -0.925ns
    Clock Pessimism Removal (CPR):    -0.431ns

    Location             Delay type                Incr(ns)  Path(ns)    Netlist Resource(s)
  -------------------------------------------------------------------    -------------------
                         (clock clk_out2_clk_wiz_0 rise edge)
                                                      0.000     0.000 r  
    R4                   IBUF                         0.000     0.000 r  clk_IBUF_inst/O
                         net (fo=27, routed)          0.440     0.440    datapath_uut/video_uut/mmcm_adv_inst_display_clocks/inst/clk_in1
    MMCME2_ADV_X1Y2      MMCME2_ADV (Prop_mmcme2_adv_CLKIN1_CLKOUT1)
                                                     -2.540    -2.099 r  datapath_uut/video_uut/mmcm_adv_inst_display_clocks/inst/mmcm_adv_inst/CLKOUT1
                         net (fo=1, routed)           0.531    -1.568    datapath_uut/video_uut/mmcm_adv_inst_display_clocks/inst/clk_out2_clk_wiz_0
    BUFGCTRL_X0Y0        BUFG (Prop_bufg_I_O)         0.026    -1.542 r  datapath_uut/video_uut/mmcm_adv_inst_display_clocks/inst/clkout2_buf/O
                         net (fo=44, routed)          0.618    -0.925    datapath_uut/video_uut/inst_dvid/clk_out2
    SLICE_X154Y137       FDRE                                         r  datapath_uut/video_uut/inst_dvid/shift_green_reg[2]/C
  -------------------------------------------------------------------    -------------------
    SLICE_X154Y137       FDRE (Prop_fdre_C_Q)         0.164    -0.761 r  datapath_uut/video_uut/inst_dvid/shift_green_reg[2]/Q
                         net (fo=1, routed)           0.147    -0.613    datapath_uut/video_uut/inst_dvid/shift_green[2]
    SLICE_X154Y137       LUT3 (Prop_lut3_I0_O)        0.045    -0.568 r  datapath_uut/video_uut/inst_dvid/shift_green[0]_i_1/O
                         net (fo=1, routed)           0.000    -0.568    datapath_uut/video_uut/inst_dvid/shift_green_1[0]
    SLICE_X154Y137       FDRE                                         r  datapath_uut/video_uut/inst_dvid/shift_green_reg[0]/D
  -------------------------------------------------------------------    -------------------

                         (clock clk_out2_clk_wiz_0 rise edge)
                                                      0.000     0.000 r  
    R4                   IBUF                         0.000     0.000 r  clk_IBUF_inst/O
                         net (fo=27, routed)          0.480     0.480    datapath_uut/video_uut/mmcm_adv_inst_display_clocks/inst/clk_in1
    MMCME2_ADV_X1Y2      MMCME2_ADV (Prop_mmcme2_adv_CLKIN1_CLKOUT1)
                                                     -3.332    -2.852 r  datapath_uut/video_uut/mmcm_adv_inst_display_clocks/inst/mmcm_adv_inst/CLKOUT1
                         net (fo=1, routed)           0.579    -2.274    datapath_uut/video_uut/mmcm_adv_inst_display_clocks/inst/clk_out2_clk_wiz_0
    BUFGCTRL_X0Y0        BUFG (Prop_bufg_I_O)         0.029    -2.245 r  datapath_uut/video_uut/mmcm_adv_inst_display_clocks/inst/clkout2_buf/O
                         net (fo=44, routed)          0.889    -1.356    datapath_uut/video_uut/inst_dvid/clk_out2
    SLICE_X154Y137       FDRE                                         r  datapath_uut/video_uut/inst_dvid/shift_green_reg[0]/C
                         clock pessimism              0.431    -0.925    
    SLICE_X154Y137       FDRE (Hold_fdre_C_D)         0.120    -0.805    datapath_uut/video_uut/inst_dvid/shift_green_reg[0]
  -------------------------------------------------------------------
                         required time                          0.805    
                         arrival time                          -0.568    
  -------------------------------------------------------------------
                         slack                                  0.236    

Slack (MET) :             0.246ns  (arrival time - required time)
  Source:                 datapath_uut/video_uut/inst_dvid/shift_green_reg[8]/C
                            (rising edge-triggered cell FDRE clocked by clk_out2_clk_wiz_0  {rise@0.000ns fall@4.000ns period=8.000ns})
  Destination:            datapath_uut/video_uut/inst_dvid/shift_green_reg[6]/D
                            (rising edge-triggered cell FDRE clocked by clk_out2_clk_wiz_0  {rise@0.000ns fall@4.000ns period=8.000ns})
  Path Group:             clk_out2_clk_wiz_0
  Path Type:              Hold (Min at Fast Process Corner)
  Requirement:            0.000ns  (clk_out2_clk_wiz_0 rise@0.000ns - clk_out2_clk_wiz_0 rise@0.000ns)
  Data Path Delay:        0.403ns  (logic 0.209ns (51.844%)  route 0.194ns (48.156%))
  Logic Levels:           1  (LUT3=1)
  Clock Path Skew:        0.036ns (DCD - SCD - CPR)
    Destination Clock Delay (DCD):    -1.356ns
    Source Clock Delay      (SCD):    -0.924ns
    Clock Pessimism Removal (CPR):    -0.468ns

    Location             Delay type                Incr(ns)  Path(ns)    Netlist Resource(s)
  -------------------------------------------------------------------    -------------------
                         (clock clk_out2_clk_wiz_0 rise edge)
                                                      0.000     0.000 r  
    R4                   IBUF                         0.000     0.000 r  clk_IBUF_inst/O
                         net (fo=27, routed)          0.440     0.440    datapath_uut/video_uut/mmcm_adv_inst_display_clocks/inst/clk_in1
    MMCME2_ADV_X1Y2      MMCME2_ADV (Prop_mmcme2_adv_CLKIN1_CLKOUT1)
                                                     -2.540    -2.099 r  datapath_uut/video_uut/mmcm_adv_inst_display_clocks/inst/mmcm_adv_inst/CLKOUT1
                         net (fo=1, routed)           0.531    -1.568    datapath_uut/video_uut/mmcm_adv_inst_display_clocks/inst/clk_out2_clk_wiz_0
    BUFGCTRL_X0Y0        BUFG (Prop_bufg_I_O)         0.026    -1.542 r  datapath_uut/video_uut/mmcm_adv_inst_display_clocks/inst/clkout2_buf/O
                         net (fo=44, routed)          0.619    -0.924    datapath_uut/video_uut/inst_dvid/clk_out2
    SLICE_X152Y138       FDRE                                         r  datapath_uut/video_uut/inst_dvid/shift_green_reg[8]/C
  -------------------------------------------------------------------    -------------------
    SLICE_X152Y138       FDRE (Prop_fdre_C_Q)         0.164    -0.760 r  datapath_uut/video_uut/inst_dvid/shift_green_reg[8]/Q
                         net (fo=1, routed)           0.194    -0.566    datapath_uut/video_uut/inst_dvid/shift_green[8]
    SLICE_X154Y137       LUT3 (Prop_lut3_I0_O)        0.045    -0.521 r  datapath_uut/video_uut/inst_dvid/shift_green[6]_i_1/O
                         net (fo=1, routed)           0.000    -0.521    datapath_uut/video_uut/inst_dvid/shift_green_1[6]
    SLICE_X154Y137       FDRE                                         r  datapath_uut/video_uut/inst_dvid/shift_green_reg[6]/D
  -------------------------------------------------------------------    -------------------

                         (clock clk_out2_clk_wiz_0 rise edge)
                                                      0.000     0.000 r  
    R4                   IBUF                         0.000     0.000 r  clk_IBUF_inst/O
                         net (fo=27, routed)          0.480     0.480    datapath_uut/video_uut/mmcm_adv_inst_display_clocks/inst/clk_in1
    MMCME2_ADV_X1Y2      MMCME2_ADV (Prop_mmcme2_adv_CLKIN1_CLKOUT1)
                                                     -3.332    -2.852 r  datapath_uut/video_uut/mmcm_adv_inst_display_clocks/inst/mmcm_adv_inst/CLKOUT1
                         net (fo=1, routed)           0.579    -2.274    datapath_uut/video_uut/mmcm_adv_inst_display_clocks/inst/clk_out2_clk_wiz_0
    BUFGCTRL_X0Y0        BUFG (Prop_bufg_I_O)         0.029    -2.245 r  datapath_uut/video_uut/mmcm_adv_inst_display_clocks/inst/clkout2_buf/O
                         net (fo=44, routed)          0.889    -1.356    datapath_uut/video_uut/inst_dvid/clk_out2
    SLICE_X154Y137       FDRE                                         r  datapath_uut/video_uut/inst_dvid/shift_green_reg[6]/C
                         clock pessimism              0.468    -0.888    
    SLICE_X154Y137       FDRE (Hold_fdre_C_D)         0.121    -0.767    datapath_uut/video_uut/inst_dvid/shift_green_reg[6]
  -------------------------------------------------------------------
                         required time                          0.767    
                         arrival time                          -0.521    
  -------------------------------------------------------------------
                         slack                                  0.246    

Slack (MET) :             0.250ns  (arrival time - required time)
  Source:                 datapath_uut/video_uut/inst_dvid/shift_green_reg[6]/C
                            (rising edge-triggered cell FDRE clocked by clk_out2_clk_wiz_0  {rise@0.000ns fall@4.000ns period=8.000ns})
  Destination:            datapath_uut/video_uut/inst_dvid/shift_green_reg[4]/D
                            (rising edge-triggered cell FDRE clocked by clk_out2_clk_wiz_0  {rise@0.000ns fall@4.000ns period=8.000ns})
  Path Group:             clk_out2_clk_wiz_0
  Path Type:              Hold (Min at Fast Process Corner)
  Requirement:            0.000ns  (clk_out2_clk_wiz_0 rise@0.000ns - clk_out2_clk_wiz_0 rise@0.000ns)
  Data Path Delay:        0.371ns  (logic 0.209ns (56.318%)  route 0.162ns (43.682%))
  Logic Levels:           1  (LUT3=1)
  Clock Path Skew:        0.000ns (DCD - SCD - CPR)
    Destination Clock Delay (DCD):    -1.356ns
    Source Clock Delay      (SCD):    -0.925ns
    Clock Pessimism Removal (CPR):    -0.431ns

    Location             Delay type                Incr(ns)  Path(ns)    Netlist Resource(s)
  -------------------------------------------------------------------    -------------------
                         (clock clk_out2_clk_wiz_0 rise edge)
                                                      0.000     0.000 r  
    R4                   IBUF                         0.000     0.000 r  clk_IBUF_inst/O
                         net (fo=27, routed)          0.440     0.440    datapath_uut/video_uut/mmcm_adv_inst_display_clocks/inst/clk_in1
    MMCME2_ADV_X1Y2      MMCME2_ADV (Prop_mmcme2_adv_CLKIN1_CLKOUT1)
                                                     -2.540    -2.099 r  datapath_uut/video_uut/mmcm_adv_inst_display_clocks/inst/mmcm_adv_inst/CLKOUT1
                         net (fo=1, routed)           0.531    -1.568    datapath_uut/video_uut/mmcm_adv_inst_display_clocks/inst/clk_out2_clk_wiz_0
    BUFGCTRL_X0Y0        BUFG (Prop_bufg_I_O)         0.026    -1.542 r  datapath_uut/video_uut/mmcm_adv_inst_display_clocks/inst/clkout2_buf/O
                         net (fo=44, routed)          0.618    -0.925    datapath_uut/video_uut/inst_dvid/clk_out2
    SLICE_X154Y137       FDRE                                         r  datapath_uut/video_uut/inst_dvid/shift_green_reg[6]/C
  -------------------------------------------------------------------    -------------------
    SLICE_X154Y137       FDRE (Prop_fdre_C_Q)         0.164    -0.761 r  datapath_uut/video_uut/inst_dvid/shift_green_reg[6]/Q
                         net (fo=1, routed)           0.162    -0.599    datapath_uut/video_uut/inst_dvid/shift_green[6]
    SLICE_X154Y137       LUT3 (Prop_lut3_I0_O)        0.045    -0.554 r  datapath_uut/video_uut/inst_dvid/shift_green[4]_i_1/O
                         net (fo=1, routed)           0.000    -0.554    datapath_uut/video_uut/inst_dvid/shift_green_1[4]
    SLICE_X154Y137       FDRE                                         r  datapath_uut/video_uut/inst_dvid/shift_green_reg[4]/D
  -------------------------------------------------------------------    -------------------

                         (clock clk_out2_clk_wiz_0 rise edge)
                                                      0.000     0.000 r  
    R4                   IBUF                         0.000     0.000 r  clk_IBUF_inst/O
                         net (fo=27, routed)          0.480     0.480    datapath_uut/video_uut/mmcm_adv_inst_display_clocks/inst/clk_in1
    MMCME2_ADV_X1Y2      MMCME2_ADV (Prop_mmcme2_adv_CLKIN1_CLKOUT1)
                                                     -3.332    -2.852 r  datapath_uut/video_uut/mmcm_adv_inst_display_clocks/inst/mmcm_adv_inst/CLKOUT1
                         net (fo=1, routed)           0.579    -2.274    datapath_uut/video_uut/mmcm_adv_inst_display_clocks/inst/clk_out2_clk_wiz_0
    BUFGCTRL_X0Y0        BUFG (Prop_bufg_I_O)         0.029    -2.245 r  datapath_uut/video_uut/mmcm_adv_inst_display_clocks/inst/clkout2_buf/O
                         net (fo=44, routed)          0.889    -1.356    datapath_uut/video_uut/inst_dvid/clk_out2
    SLICE_X154Y137       FDRE                                         r  datapath_uut/video_uut/inst_dvid/shift_green_reg[4]/C
                         clock pessimism              0.431    -0.925    
    SLICE_X154Y137       FDRE (Hold_fdre_C_D)         0.121    -0.804    datapath_uut/video_uut/inst_dvid/shift_green_reg[4]
  -------------------------------------------------------------------
                         required time                          0.804    
                         arrival time                          -0.554    
  -------------------------------------------------------------------
                         slack                                  0.250    





Pulse Width Checks
--------------------------------------------------------------------------------------
Clock Name:         clk_out2_clk_wiz_0
Waveform(ns):       { 0.000 4.000 }
Period(ns):         8.000
Sources:            { datapath_uut/video_uut/mmcm_adv_inst_display_clocks/inst/mmcm_adv_inst/CLKOUT1 }

Check Type        Corner  Lib Pin             Reference Pin  Required(ns)  Actual(ns)  Slack(ns)  Location         Pin
Min Period        n/a     BUFG/I              n/a            2.155         8.000       5.845      BUFGCTRL_X0Y0    datapath_uut/video_uut/mmcm_adv_inst_display_clocks/inst/clkout2_buf/I
Min Period        n/a     ODDR/C              n/a            1.474         8.000       6.526      OLOGIC_X1Y140    datapath_uut/video_uut/inst_dvid/ODDR2_blue/C
Min Period        n/a     ODDR/C              n/a            1.474         8.000       6.526      OLOGIC_X1Y148    datapath_uut/video_uut/inst_dvid/ODDR2_clock/C
Min Period        n/a     ODDR/C              n/a            1.474         8.000       6.526      OLOGIC_X1Y136    datapath_uut/video_uut/inst_dvid/ODDR2_green/C
Min Period        n/a     ODDR/C              n/a            1.474         8.000       6.526      OLOGIC_X1Y134    datapath_uut/video_uut/inst_dvid/ODDR2_red/C
Min Period        n/a     MMCME2_ADV/CLKOUT1  n/a            1.249         8.000       6.751      MMCME2_ADV_X1Y2  datapath_uut/video_uut/mmcm_adv_inst_display_clocks/inst/mmcm_adv_inst/CLKOUT1
Min Period        n/a     FDRE/C              n/a            1.000         8.000       7.000      SLICE_X162Y129   datapath_uut/video_uut/inst_dvid/shift_blue_reg[0]/C
Min Period        n/a     FDRE/C              n/a            1.000         8.000       7.000      SLICE_X162Y129   datapath_uut/video_uut/inst_dvid/shift_blue_reg[1]/C
Min Period        n/a     FDRE/C              n/a            1.000         8.000       7.000      SLICE_X162Y129   datapath_uut/video_uut/inst_dvid/shift_blue_reg[2]/C
Min Period        n/a     FDRE/C              n/a            1.000         8.000       7.000      SLICE_X162Y129   datapath_uut/video_uut/inst_dvid/shift_blue_reg[3]/C
Max Period        n/a     MMCME2_ADV/CLKOUT1  n/a            213.360       8.000       205.360    MMCME2_ADV_X1Y2  datapath_uut/video_uut/mmcm_adv_inst_display_clocks/inst/mmcm_adv_inst/CLKOUT1
Low Pulse Width   Slow    FDRE/C              n/a            0.500         4.000       3.500      SLICE_X162Y129   datapath_uut/video_uut/inst_dvid/shift_blue_reg[0]/C
Low Pulse Width   Fast    FDRE/C              n/a            0.500         4.000       3.500      SLICE_X162Y129   datapath_uut/video_uut/inst_dvid/shift_blue_reg[0]/C
Low Pulse Width   Slow    FDRE/C              n/a            0.500         4.000       3.500      SLICE_X162Y129   datapath_uut/video_uut/inst_dvid/shift_blue_reg[1]/C
Low Pulse Width   Fast    FDRE/C              n/a            0.500         4.000       3.500      SLICE_X162Y129   datapath_uut/video_uut/inst_dvid/shift_blue_reg[1]/C
Low Pulse Width   Slow    FDRE/C              n/a            0.500         4.000       3.500      SLICE_X162Y129   datapath_uut/video_uut/inst_dvid/shift_blue_reg[2]/C
Low Pulse Width   Fast    FDRE/C              n/a            0.500         4.000       3.500      SLICE_X162Y129   datapath_uut/video_uut/inst_dvid/shift_blue_reg[2]/C
Low Pulse Width   Slow    FDRE/C              n/a            0.500         4.000       3.500      SLICE_X162Y129   datapath_uut/video_uut/inst_dvid/shift_blue_reg[3]/C
Low Pulse Width   Fast    FDRE/C              n/a            0.500         4.000       3.500      SLICE_X162Y129   datapath_uut/video_uut/inst_dvid/shift_blue_reg[3]/C
Low Pulse Width   Slow    FDRE/C              n/a            0.500         4.000       3.500      SLICE_X162Y129   datapath_uut/video_uut/inst_dvid/shift_blue_reg[4]/C
Low Pulse Width   Fast    FDRE/C              n/a            0.500         4.000       3.500      SLICE_X162Y129   datapath_uut/video_uut/inst_dvid/shift_blue_reg[4]/C
High Pulse Width  Slow    FDRE/C              n/a            0.500         4.000       3.500      SLICE_X162Y129   datapath_uut/video_uut/inst_dvid/shift_blue_reg[0]/C
High Pulse Width  Fast    FDRE/C              n/a            0.500         4.000       3.500      SLICE_X162Y129   datapath_uut/video_uut/inst_dvid/shift_blue_reg[0]/C
High Pulse Width  Slow    FDRE/C              n/a            0.500         4.000       3.500      SLICE_X162Y129   datapath_uut/video_uut/inst_dvid/shift_blue_reg[1]/C
High Pulse Width  Fast    FDRE/C              n/a            0.500         4.000       3.500      SLICE_X162Y129   datapath_uut/video_uut/inst_dvid/shift_blue_reg[1]/C
High Pulse Width  Slow    FDRE/C              n/a            0.500         4.000       3.500      SLICE_X162Y129   datapath_uut/video_uut/inst_dvid/shift_blue_reg[2]/C
High Pulse Width  Fast    FDRE/C              n/a            0.500         4.000       3.500      SLICE_X162Y129   datapath_uut/video_uut/inst_dvid/shift_blue_reg[2]/C
High Pulse Width  Slow    FDRE/C              n/a            0.500         4.000       3.500      SLICE_X162Y129   datapath_uut/video_uut/inst_dvid/shift_blue_reg[3]/C
High Pulse Width  Fast    FDRE/C              n/a            0.500         4.000       3.500      SLICE_X162Y129   datapath_uut/video_uut/inst_dvid/shift_blue_reg[3]/C
High Pulse Width  Slow    FDRE/C              n/a            0.500         4.000       3.500      SLICE_X162Y129   datapath_uut/video_uut/inst_dvid/shift_blue_reg[4]/C
High Pulse Width  Fast    FDRE/C              n/a            0.500         4.000       3.500      SLICE_X162Y129   datapath_uut/video_uut/inst_dvid/shift_blue_reg[4]/C



---------------------------------------------------------------------------------------------------
From Clock:  clkfbout_clk_wiz_0
  To Clock:  clkfbout_clk_wiz_0

Setup :           NA  Failing Endpoints,  Worst Slack           NA  ,  Total Violation           NA
Hold  :           NA  Failing Endpoints,  Worst Slack           NA  ,  Total Violation           NA
PW    :            0  Failing Endpoints,  Worst Slack        7.845ns,  Total Violation        0.000ns
---------------------------------------------------------------------------------------------------


Pulse Width Checks
--------------------------------------------------------------------------------------
Clock Name:         clkfbout_clk_wiz_0
Waveform(ns):       { 0.000 5.000 }
Period(ns):         10.000
Sources:            { datapath_uut/video_uut/mmcm_adv_inst_display_clocks/inst/mmcm_adv_inst/CLKFBOUT }

Check Type  Corner  Lib Pin              Reference Pin  Required(ns)  Actual(ns)  Slack(ns)  Location         Pin
Min Period  n/a     BUFG/I               n/a            2.155         10.000      7.845      BUFGCTRL_X0Y2    datapath_uut/video_uut/mmcm_adv_inst_display_clocks/inst/clkf_buf/I
Min Period  n/a     MMCME2_ADV/CLKFBOUT  n/a            1.249         10.000      8.751      MMCME2_ADV_X1Y2  datapath_uut/video_uut/mmcm_adv_inst_display_clocks/inst/mmcm_adv_inst/CLKFBOUT
Min Period  n/a     MMCME2_ADV/CLKFBIN   n/a            1.249         10.000      8.751      MMCME2_ADV_X1Y2  datapath_uut/video_uut/mmcm_adv_inst_display_clocks/inst/mmcm_adv_inst/CLKFBIN
Max Period  n/a     MMCME2_ADV/CLKFBIN   n/a            100.000       10.000      90.000     MMCME2_ADV_X1Y2  datapath_uut/video_uut/mmcm_adv_inst_display_clocks/inst/mmcm_adv_inst/CLKFBIN
Max Period  n/a     MMCME2_ADV/CLKFBOUT  n/a            213.360       10.000      203.360    MMCME2_ADV_X1Y2  datapath_uut/video_uut/mmcm_adv_inst_display_clocks/inst/mmcm_adv_inst/CLKFBOUT



---------------------------------------------------------------------------------------------------
From Clock:  clk_out1_clk_wiz_0
  To Clock:  clk_out2_clk_wiz_0

Setup :            0  Failing Endpoints,  Worst Slack        4.863ns,  Total Violation        0.000ns
Hold  :            0  Failing Endpoints,  Worst Slack        0.131ns,  Total Violation        0.000ns
---------------------------------------------------------------------------------------------------


Max Delay Paths
--------------------------------------------------------------------------------------
Slack (MET) :             4.863ns  (required time - arrival time)
  Source:                 datapath_uut/video_uut/inst_dvid/latched_green_reg[0]/C
                            (rising edge-triggered cell FDRE clocked by clk_out1_clk_wiz_0  {rise@0.000ns fall@20.000ns period=40.000ns})
  Destination:            datapath_uut/video_uut/inst_dvid/shift_green_reg[0]/D
                            (rising edge-triggered cell FDRE clocked by clk_out2_clk_wiz_0  {rise@0.000ns fall@4.000ns period=8.000ns})
  Path Group:             clk_out2_clk_wiz_0
  Path Type:              Setup (Max at Slow Process Corner)
  Requirement:            8.000ns  (clk_out2_clk_wiz_0 rise@8.000ns - clk_out1_clk_wiz_0 rise@0.000ns)
  Data Path Delay:        2.790ns  (logic 0.580ns (20.789%)  route 2.210ns (79.211%))
  Logic Levels:           1  (LUT3=1)
  Clock Path Skew:        -0.209ns (DCD - SCD + CPR)
    Destination Clock Delay (DCD):    -3.064ns = ( 4.936 - 8.000 ) 
    Source Clock Delay      (SCD):    -2.542ns
    Clock Pessimism Removal (CPR):    0.313ns
  Clock Uncertainty:      0.215ns  ((TSJ^2 + DJ^2)^1/2) / 2 + PE
    Total System Jitter     (TSJ):    0.071ns
    Discrete Jitter          (DJ):    0.175ns
    Phase Error              (PE):    0.120ns

    Location             Delay type                Incr(ns)  Path(ns)    Netlist Resource(s)
  -------------------------------------------------------------------    -------------------
                         (clock clk_out1_clk_wiz_0 rise edge)
                                                      0.000     0.000 r  
    R4                   IBUF                         0.000     0.000 r  clk_IBUF_inst/O
                         net (fo=27, routed)          1.233     1.233    datapath_uut/video_uut/mmcm_adv_inst_display_clocks/inst/clk_in1
    MMCME2_ADV_X1Y2      MMCME2_ADV (Prop_mmcme2_adv_CLKIN1_CLKOUT0)
                                                     -7.432    -6.199 r  datapath_uut/video_uut/mmcm_adv_inst_display_clocks/inst/mmcm_adv_inst/CLKOUT0
                         net (fo=1, routed)           1.808    -4.390    datapath_uut/video_uut/mmcm_adv_inst_display_clocks/inst/clk_out1_clk_wiz_0
    BUFGCTRL_X0Y1        BUFG (Prop_bufg_I_O)         0.096    -4.294 r  datapath_uut/video_uut/mmcm_adv_inst_display_clocks/inst/clkout1_buf/O
                         net (fo=271, routed)         1.752    -2.542    datapath_uut/video_uut/inst_dvid/clk_out1
    SLICE_X153Y137       FDRE                                         r  datapath_uut/video_uut/inst_dvid/latched_green_reg[0]/C
  -------------------------------------------------------------------    -------------------
    SLICE_X153Y137       FDRE (Prop_fdre_C_Q)         0.456    -2.086 r  datapath_uut/video_uut/inst_dvid/latched_green_reg[0]/Q
                         net (fo=1, routed)           2.210     0.124    datapath_uut/video_uut/inst_dvid/latched_green[0]
    SLICE_X154Y137       LUT3 (Prop_lut3_I2_O)        0.124     0.248 r  datapath_uut/video_uut/inst_dvid/shift_green[0]_i_1/O
                         net (fo=1, routed)           0.000     0.248    datapath_uut/video_uut/inst_dvid/shift_green_1[0]
    SLICE_X154Y137       FDRE                                         r  datapath_uut/video_uut/inst_dvid/shift_green_reg[0]/D
  -------------------------------------------------------------------    -------------------

                         (clock clk_out2_clk_wiz_0 rise edge)
                                                      8.000     8.000 r  
    R4                   IBUF                         0.000     8.000 r  clk_IBUF_inst/O
                         net (fo=27, routed)          1.162     9.162    datapath_uut/video_uut/mmcm_adv_inst_display_clocks/inst/clk_in1
    MMCME2_ADV_X1Y2      MMCME2_ADV (Prop_mmcme2_adv_CLKIN1_CLKOUT1)
                                                     -7.674     1.488 r  datapath_uut/video_uut/mmcm_adv_inst_display_clocks/inst/mmcm_adv_inst/CLKOUT1
                         net (fo=1, routed)           1.723     3.211    datapath_uut/video_uut/mmcm_adv_inst_display_clocks/inst/clk_out2_clk_wiz_0
    BUFGCTRL_X0Y0        BUFG (Prop_bufg_I_O)         0.091     3.302 r  datapath_uut/video_uut/mmcm_adv_inst_display_clocks/inst/clkout2_buf/O
                         net (fo=44, routed)          1.633     4.936    datapath_uut/video_uut/inst_dvid/clk_out2
    SLICE_X154Y137       FDRE                                         r  datapath_uut/video_uut/inst_dvid/shift_green_reg[0]/C
                         clock pessimism              0.313     5.249    
                         clock uncertainty           -0.215     5.034    
    SLICE_X154Y137       FDRE (Setup_fdre_C_D)        0.077     5.111    datapath_uut/video_uut/inst_dvid/shift_green_reg[0]
  -------------------------------------------------------------------
                         required time                          5.111    
                         arrival time                          -0.248    
  -------------------------------------------------------------------
                         slack                                  4.863    

Slack (MET) :             5.021ns  (required time - arrival time)
  Source:                 datapath_uut/video_uut/inst_dvid/latched_green_reg[6]/C
                            (rising edge-triggered cell FDRE clocked by clk_out1_clk_wiz_0  {rise@0.000ns fall@20.000ns period=40.000ns})
  Destination:            datapath_uut/video_uut/inst_dvid/shift_green_reg[6]/D
                            (rising edge-triggered cell FDRE clocked by clk_out2_clk_wiz_0  {rise@0.000ns fall@4.000ns period=8.000ns})
  Path Group:             clk_out2_clk_wiz_0
  Path Type:              Setup (Max at Slow Process Corner)
  Requirement:            8.000ns  (clk_out2_clk_wiz_0 rise@8.000ns - clk_out1_clk_wiz_0 rise@0.000ns)
  Data Path Delay:        2.635ns  (logic 0.716ns (27.177%)  route 1.919ns (72.823%))
  Logic Levels:           1  (LUT3=1)
  Clock Path Skew:        -0.209ns (DCD - SCD + CPR)
    Destination Clock Delay (DCD):    -3.064ns = ( 4.936 - 8.000 ) 
    Source Clock Delay      (SCD):    -2.542ns
    Clock Pessimism Removal (CPR):    0.313ns
  Clock Uncertainty:      0.215ns  ((TSJ^2 + DJ^2)^1/2) / 2 + PE
    Total System Jitter     (TSJ):    0.071ns
    Discrete Jitter          (DJ):    0.175ns
    Phase Error              (PE):    0.120ns

    Location             Delay type                Incr(ns)  Path(ns)    Netlist Resource(s)
  -------------------------------------------------------------------    -------------------
                         (clock clk_out1_clk_wiz_0 rise edge)
                                                      0.000     0.000 r  
    R4                   IBUF                         0.000     0.000 r  clk_IBUF_inst/O
                         net (fo=27, routed)          1.233     1.233    datapath_uut/video_uut/mmcm_adv_inst_display_clocks/inst/clk_in1
    MMCME2_ADV_X1Y2      MMCME2_ADV (Prop_mmcme2_adv_CLKIN1_CLKOUT0)
                                                     -7.432    -6.199 r  datapath_uut/video_uut/mmcm_adv_inst_display_clocks/inst/mmcm_adv_inst/CLKOUT0
                         net (fo=1, routed)           1.808    -4.390    datapath_uut/video_uut/mmcm_adv_inst_display_clocks/inst/clk_out1_clk_wiz_0
    BUFGCTRL_X0Y1        BUFG (Prop_bufg_I_O)         0.096    -4.294 r  datapath_uut/video_uut/mmcm_adv_inst_display_clocks/inst/clkout1_buf/O
                         net (fo=271, routed)         1.752    -2.542    datapath_uut/video_uut/inst_dvid/clk_out1
    SLICE_X153Y137       FDRE                                         r  datapath_uut/video_uut/inst_dvid/latched_green_reg[6]/C
  -------------------------------------------------------------------    -------------------
    SLICE_X153Y137       FDRE (Prop_fdre_C_Q)         0.419    -2.123 r  datapath_uut/video_uut/inst_dvid/latched_green_reg[6]/Q
                         net (fo=1, routed)           1.919    -0.204    datapath_uut/video_uut/inst_dvid/latched_green[6]
    SLICE_X154Y137       LUT3 (Prop_lut3_I2_O)        0.297     0.093 r  datapath_uut/video_uut/inst_dvid/shift_green[6]_i_1/O
                         net (fo=1, routed)           0.000     0.093    datapath_uut/video_uut/inst_dvid/shift_green_1[6]
    SLICE_X154Y137       FDRE                                         r  datapath_uut/video_uut/inst_dvid/shift_green_reg[6]/D
  -------------------------------------------------------------------    -------------------

                         (clock clk_out2_clk_wiz_0 rise edge)
                                                      8.000     8.000 r  
    R4                   IBUF                         0.000     8.000 r  clk_IBUF_inst/O
                         net (fo=27, routed)          1.162     9.162    datapath_uut/video_uut/mmcm_adv_inst_display_clocks/inst/clk_in1
    MMCME2_ADV_X1Y2      MMCME2_ADV (Prop_mmcme2_adv_CLKIN1_CLKOUT1)
                                                     -7.674     1.488 r  datapath_uut/video_uut/mmcm_adv_inst_display_clocks/inst/mmcm_adv_inst/CLKOUT1
                         net (fo=1, routed)           1.723     3.211    datapath_uut/video_uut/mmcm_adv_inst_display_clocks/inst/clk_out2_clk_wiz_0
    BUFGCTRL_X0Y0        BUFG (Prop_bufg_I_O)         0.091     3.302 r  datapath_uut/video_uut/mmcm_adv_inst_display_clocks/inst/clkout2_buf/O
                         net (fo=44, routed)          1.633     4.936    datapath_uut/video_uut/inst_dvid/clk_out2
    SLICE_X154Y137       FDRE                                         r  datapath_uut/video_uut/inst_dvid/shift_green_reg[6]/C
                         clock pessimism              0.313     5.249    
                         clock uncertainty           -0.215     5.034    
    SLICE_X154Y137       FDRE (Setup_fdre_C_D)        0.079     5.113    datapath_uut/video_uut/inst_dvid/shift_green_reg[6]
  -------------------------------------------------------------------
                         required time                          5.113    
                         arrival time                          -0.093    
  -------------------------------------------------------------------
                         slack                                  5.021    

Slack (MET) :             5.092ns  (required time - arrival time)
  Source:                 datapath_uut/video_uut/inst_dvid/latched_red_reg[6]/C
                            (rising edge-triggered cell FDRE clocked by clk_out1_clk_wiz_0  {rise@0.000ns fall@20.000ns period=40.000ns})
  Destination:            datapath_uut/video_uut/inst_dvid/shift_red_reg[6]/D
                            (rising edge-triggered cell FDRE clocked by clk_out2_clk_wiz_0  {rise@0.000ns fall@4.000ns period=8.000ns})
  Path Group:             clk_out2_clk_wiz_0
  Path Type:              Setup (Max at Slow Process Corner)
  Requirement:            8.000ns  (clk_out2_clk_wiz_0 rise@8.000ns - clk_out1_clk_wiz_0 rise@0.000ns)
  Data Path Delay:        2.564ns  (logic 0.718ns (27.998%)  route 1.846ns (72.002%))
  Logic Levels:           1  (LUT3=1)
  Clock Path Skew:        -0.208ns (DCD - SCD + CPR)
    Destination Clock Delay (DCD):    -2.988ns = ( 5.012 - 8.000 ) 
    Source Clock Delay      (SCD):    -2.467ns
    Clock Pessimism Removal (CPR):    0.313ns
  Clock Uncertainty:      0.215ns  ((TSJ^2 + DJ^2)^1/2) / 2 + PE
    Total System Jitter     (TSJ):    0.071ns
    Discrete Jitter          (DJ):    0.175ns
    Phase Error              (PE):    0.120ns

    Location             Delay type                Incr(ns)  Path(ns)    Netlist Resource(s)
  -------------------------------------------------------------------    -------------------
                         (clock clk_out1_clk_wiz_0 rise edge)
                                                      0.000     0.000 r  
    R4                   IBUF                         0.000     0.000 r  clk_IBUF_inst/O
                         net (fo=27, routed)          1.233     1.233    datapath_uut/video_uut/mmcm_adv_inst_display_clocks/inst/clk_in1
    MMCME2_ADV_X1Y2      MMCME2_ADV (Prop_mmcme2_adv_CLKIN1_CLKOUT0)
                                                     -7.432    -6.199 r  datapath_uut/video_uut/mmcm_adv_inst_display_clocks/inst/mmcm_adv_inst/CLKOUT0
                         net (fo=1, routed)           1.808    -4.390    datapath_uut/video_uut/mmcm_adv_inst_display_clocks/inst/clk_out1_clk_wiz_0
    BUFGCTRL_X0Y1        BUFG (Prop_bufg_I_O)         0.096    -4.294 r  datapath_uut/video_uut/mmcm_adv_inst_display_clocks/inst/clkout1_buf/O
                         net (fo=271, routed)         1.827    -2.467    datapath_uut/video_uut/inst_dvid/clk_out1
    SLICE_X161Y135       FDRE                                         r  datapath_uut/video_uut/inst_dvid/latched_red_reg[6]/C
  -------------------------------------------------------------------    -------------------
    SLICE_X161Y135       FDRE (Prop_fdre_C_Q)         0.419    -2.048 r  datapath_uut/video_uut/inst_dvid/latched_red_reg[6]/Q
                         net (fo=1, routed)           1.846    -0.201    datapath_uut/video_uut/inst_dvid/latched_red[6]
    SLICE_X162Y137       LUT3 (Prop_lut3_I2_O)        0.299     0.098 r  datapath_uut/video_uut/inst_dvid/shift_red[6]_i_1/O
                         net (fo=1, routed)           0.000     0.098    datapath_uut/video_uut/inst_dvid/shift_red[6]
    SLICE_X162Y137       FDRE                                         r  datapath_uut/video_uut/inst_dvid/shift_red_reg[6]/D
  -------------------------------------------------------------------    -------------------

                         (clock clk_out2_clk_wiz_0 rise edge)
                                                      8.000     8.000 r  
    R4                   IBUF                         0.000     8.000 r  clk_IBUF_inst/O
                         net (fo=27, routed)          1.162     9.162    datapath_uut/video_uut/mmcm_adv_inst_display_clocks/inst/clk_in1
    MMCME2_ADV_X1Y2      MMCME2_ADV (Prop_mmcme2_adv_CLKIN1_CLKOUT1)
                                                     -7.674     1.488 r  datapath_uut/video_uut/mmcm_adv_inst_display_clocks/inst/mmcm_adv_inst/CLKOUT1
                         net (fo=1, routed)           1.723     3.211    datapath_uut/video_uut/mmcm_adv_inst_display_clocks/inst/clk_out2_clk_wiz_0
    BUFGCTRL_X0Y0        BUFG (Prop_bufg_I_O)         0.091     3.302 r  datapath_uut/video_uut/mmcm_adv_inst_display_clocks/inst/clkout2_buf/O
                         net (fo=44, routed)          1.709     5.012    datapath_uut/video_uut/inst_dvid/clk_out2
    SLICE_X162Y137       FDRE                                         r  datapath_uut/video_uut/inst_dvid/shift_red_reg[6]/C
                         clock pessimism              0.313     5.325    
                         clock uncertainty           -0.215     5.110    
    SLICE_X162Y137       FDRE (Setup_fdre_C_D)        0.079     5.189    datapath_uut/video_uut/inst_dvid/shift_red_reg[6]
  -------------------------------------------------------------------
                         required time                          5.189    
                         arrival time                          -0.098    
  -------------------------------------------------------------------
                         slack                                  5.092    

Slack (MET) :             5.191ns  (required time - arrival time)
  Source:                 datapath_uut/video_uut/inst_dvid/latched_green_reg[3]/C
                            (rising edge-triggered cell FDRE clocked by clk_out1_clk_wiz_0  {rise@0.000ns fall@20.000ns period=40.000ns})
  Destination:            datapath_uut/video_uut/inst_dvid/shift_green_reg[3]/D
                            (rising edge-triggered cell FDRE clocked by clk_out2_clk_wiz_0  {rise@0.000ns fall@4.000ns period=8.000ns})
  Path Group:             clk_out2_clk_wiz_0
  Path Type:              Setup (Max at Slow Process Corner)
  Requirement:            8.000ns  (clk_out2_clk_wiz_0 rise@8.000ns - clk_out1_clk_wiz_0 rise@0.000ns)
  Data Path Delay:        2.503ns  (logic 0.608ns (24.291%)  route 1.895ns (75.709%))
  Logic Levels:           1  (LUT3=1)
  Clock Path Skew:        -0.209ns (DCD - SCD + CPR)
    Destination Clock Delay (DCD):    -3.064ns = ( 4.936 - 8.000 ) 
    Source Clock Delay      (SCD):    -2.542ns
    Clock Pessimism Removal (CPR):    0.313ns
  Clock Uncertainty:      0.215ns  ((TSJ^2 + DJ^2)^1/2) / 2 + PE
    Total System Jitter     (TSJ):    0.071ns
    Discrete Jitter          (DJ):    0.175ns
    Phase Error              (PE):    0.120ns

    Location             Delay type                Incr(ns)  Path(ns)    Netlist Resource(s)
  -------------------------------------------------------------------    -------------------
                         (clock clk_out1_clk_wiz_0 rise edge)
                                                      0.000     0.000 r  
    R4                   IBUF                         0.000     0.000 r  clk_IBUF_inst/O
                         net (fo=27, routed)          1.233     1.233    datapath_uut/video_uut/mmcm_adv_inst_display_clocks/inst/clk_in1
    MMCME2_ADV_X1Y2      MMCME2_ADV (Prop_mmcme2_adv_CLKIN1_CLKOUT0)
                                                     -7.432    -6.199 r  datapath_uut/video_uut/mmcm_adv_inst_display_clocks/inst/mmcm_adv_inst/CLKOUT0
                         net (fo=1, routed)           1.808    -4.390    datapath_uut/video_uut/mmcm_adv_inst_display_clocks/inst/clk_out1_clk_wiz_0
    BUFGCTRL_X0Y1        BUFG (Prop_bufg_I_O)         0.096    -4.294 r  datapath_uut/video_uut/mmcm_adv_inst_display_clocks/inst/clkout1_buf/O
                         net (fo=271, routed)         1.752    -2.542    datapath_uut/video_uut/inst_dvid/clk_out1
    SLICE_X153Y137       FDRE                                         r  datapath_uut/video_uut/inst_dvid/latched_green_reg[3]/C
  -------------------------------------------------------------------    -------------------
    SLICE_X153Y137       FDRE (Prop_fdre_C_Q)         0.456    -2.086 r  datapath_uut/video_uut/inst_dvid/latched_green_reg[3]/Q
                         net (fo=1, routed)           1.895    -0.191    datapath_uut/video_uut/inst_dvid/latched_green[3]
    SLICE_X154Y137       LUT3 (Prop_lut3_I2_O)        0.152    -0.039 r  datapath_uut/video_uut/inst_dvid/shift_green[3]_i_1/O
                         net (fo=1, routed)           0.000    -0.039    datapath_uut/video_uut/inst_dvid/shift_green_1[3]
    SLICE_X154Y137       FDRE                                         r  datapath_uut/video_uut/inst_dvid/shift_green_reg[3]/D
  -------------------------------------------------------------------    -------------------

                         (clock clk_out2_clk_wiz_0 rise edge)
                                                      8.000     8.000 r  
    R4                   IBUF                         0.000     8.000 r  clk_IBUF_inst/O
                         net (fo=27, routed)          1.162     9.162    datapath_uut/video_uut/mmcm_adv_inst_display_clocks/inst/clk_in1
    MMCME2_ADV_X1Y2      MMCME2_ADV (Prop_mmcme2_adv_CLKIN1_CLKOUT1)
                                                     -7.674     1.488 r  datapath_uut/video_uut/mmcm_adv_inst_display_clocks/inst/mmcm_adv_inst/CLKOUT1
                         net (fo=1, routed)           1.723     3.211    datapath_uut/video_uut/mmcm_adv_inst_display_clocks/inst/clk_out2_clk_wiz_0
    BUFGCTRL_X0Y0        BUFG (Prop_bufg_I_O)         0.091     3.302 r  datapath_uut/video_uut/mmcm_adv_inst_display_clocks/inst/clkout2_buf/O
                         net (fo=44, routed)          1.633     4.936    datapath_uut/video_uut/inst_dvid/clk_out2
    SLICE_X154Y137       FDRE                                         r  datapath_uut/video_uut/inst_dvid/shift_green_reg[3]/C
                         clock pessimism              0.313     5.249    
                         clock uncertainty           -0.215     5.034    
    SLICE_X154Y137       FDRE (Setup_fdre_C_D)        0.118     5.152    datapath_uut/video_uut/inst_dvid/shift_green_reg[3]
  -------------------------------------------------------------------
                         required time                          5.152    
                         arrival time                           0.039    
  -------------------------------------------------------------------
                         slack                                  5.191    

Slack (MET) :             5.195ns  (required time - arrival time)
  Source:                 datapath_uut/video_uut/inst_dvid/latched_green_reg[9]/C
                            (rising edge-triggered cell FDRE clocked by clk_out1_clk_wiz_0  {rise@0.000ns fall@20.000ns period=40.000ns})
  Destination:            datapath_uut/video_uut/inst_dvid/shift_green_reg[9]/D
                            (rising edge-triggered cell FDRE clocked by clk_out2_clk_wiz_0  {rise@0.000ns fall@4.000ns period=8.000ns})
  Path Group:             clk_out2_clk_wiz_0
  Path Type:              Setup (Max at Slow Process Corner)
  Requirement:            8.000ns  (clk_out2_clk_wiz_0 rise@8.000ns - clk_out1_clk_wiz_0 rise@0.000ns)
  Data Path Delay:        2.336ns  (logic 0.518ns (22.172%)  route 1.818ns (77.828%))
  Logic Levels:           0  
  Clock Path Skew:        -0.209ns (DCD - SCD + CPR)
    Destination Clock Delay (DCD):    -3.064ns = ( 4.936 - 8.000 ) 
    Source Clock Delay      (SCD):    -2.542ns
    Clock Pessimism Removal (CPR):    0.313ns
  Clock Uncertainty:      0.215ns  ((TSJ^2 + DJ^2)^1/2) / 2 + PE
    Total System Jitter     (TSJ):    0.071ns
    Discrete Jitter          (DJ):    0.175ns
    Phase Error              (PE):    0.120ns

    Location             Delay type                Incr(ns)  Path(ns)    Netlist Resource(s)
  -------------------------------------------------------------------    -------------------
                         (clock clk_out1_clk_wiz_0 rise edge)
                                                      0.000     0.000 r  
    R4                   IBUF                         0.000     0.000 r  clk_IBUF_inst/O
                         net (fo=27, routed)          1.233     1.233    datapath_uut/video_uut/mmcm_adv_inst_display_clocks/inst/clk_in1
    MMCME2_ADV_X1Y2      MMCME2_ADV (Prop_mmcme2_adv_CLKIN1_CLKOUT0)
                                                     -7.432    -6.199 r  datapath_uut/video_uut/mmcm_adv_inst_display_clocks/inst/mmcm_adv_inst/CLKOUT0
                         net (fo=1, routed)           1.808    -4.390    datapath_uut/video_uut/mmcm_adv_inst_display_clocks/inst/clk_out1_clk_wiz_0
    BUFGCTRL_X0Y1        BUFG (Prop_bufg_I_O)         0.096    -4.294 r  datapath_uut/video_uut/mmcm_adv_inst_display_clocks/inst/clkout1_buf/O
                         net (fo=271, routed)         1.752    -2.542    datapath_uut/video_uut/inst_dvid/clk_out1
    SLICE_X150Y137       FDRE                                         r  datapath_uut/video_uut/inst_dvid/latched_green_reg[9]/C
  -------------------------------------------------------------------    -------------------
    SLICE_X150Y137       FDRE (Prop_fdre_C_Q)         0.518    -2.024 r  datapath_uut/video_uut/inst_dvid/latched_green_reg[9]/Q
                         net (fo=1, routed)           1.818    -0.206    datapath_uut/video_uut/inst_dvid/latched_green[9]
    SLICE_X152Y138       FDRE                                         r  datapath_uut/video_uut/inst_dvid/shift_green_reg[9]/D
  -------------------------------------------------------------------    -------------------

                         (clock clk_out2_clk_wiz_0 rise edge)
                                                      8.000     8.000 r  
    R4                   IBUF                         0.000     8.000 r  clk_IBUF_inst/O
                         net (fo=27, routed)          1.162     9.162    datapath_uut/video_uut/mmcm_adv_inst_display_clocks/inst/clk_in1
    MMCME2_ADV_X1Y2      MMCME2_ADV (Prop_mmcme2_adv_CLKIN1_CLKOUT1)
                                                     -7.674     1.488 r  datapath_uut/video_uut/mmcm_adv_inst_display_clocks/inst/mmcm_adv_inst/CLKOUT1
                         net (fo=1, routed)           1.723     3.211    datapath_uut/video_uut/mmcm_adv_inst_display_clocks/inst/clk_out2_clk_wiz_0
    BUFGCTRL_X0Y0        BUFG (Prop_bufg_I_O)         0.091     3.302 r  datapath_uut/video_uut/mmcm_adv_inst_display_clocks/inst/clkout2_buf/O
                         net (fo=44, routed)          1.633     4.936    datapath_uut/video_uut/inst_dvid/clk_out2
    SLICE_X152Y138       FDRE                                         r  datapath_uut/video_uut/inst_dvid/shift_green_reg[9]/C
                         clock pessimism              0.313     5.249    
                         clock uncertainty           -0.215     5.034    
    SLICE_X152Y138       FDRE (Setup_fdre_C_D)       -0.045     4.989    datapath_uut/video_uut/inst_dvid/shift_green_reg[9]
  -------------------------------------------------------------------
                         required time                          4.989    
                         arrival time                           0.206    
  -------------------------------------------------------------------
                         slack                                  5.195    

Slack (MET) :             5.206ns  (required time - arrival time)
  Source:                 datapath_uut/video_uut/inst_dvid/latched_green_reg[4]/C
                            (rising edge-triggered cell FDRE clocked by clk_out1_clk_wiz_0  {rise@0.000ns fall@20.000ns period=40.000ns})
  Destination:            datapath_uut/video_uut/inst_dvid/shift_green_reg[4]/D
                            (rising edge-triggered cell FDRE clocked by clk_out2_clk_wiz_0  {rise@0.000ns fall@4.000ns period=8.000ns})
  Path Group:             clk_out2_clk_wiz_0
  Path Type:              Setup (Max at Slow Process Corner)
  Requirement:            8.000ns  (clk_out2_clk_wiz_0 rise@8.000ns - clk_out1_clk_wiz_0 rise@0.000ns)
  Data Path Delay:        2.449ns  (logic 0.718ns (29.315%)  route 1.731ns (70.685%))
  Logic Levels:           1  (LUT3=1)
  Clock Path Skew:        -0.209ns (DCD - SCD + CPR)
    Destination Clock Delay (DCD):    -3.064ns = ( 4.936 - 8.000 ) 
    Source Clock Delay      (SCD):    -2.542ns
    Clock Pessimism Removal (CPR):    0.313ns
  Clock Uncertainty:      0.215ns  ((TSJ^2 + DJ^2)^1/2) / 2 + PE
    Total System Jitter     (TSJ):    0.071ns
    Discrete Jitter          (DJ):    0.175ns
    Phase Error              (PE):    0.120ns

    Location             Delay type                Incr(ns)  Path(ns)    Netlist Resource(s)
  -------------------------------------------------------------------    -------------------
                         (clock clk_out1_clk_wiz_0 rise edge)
                                                      0.000     0.000 r  
    R4                   IBUF                         0.000     0.000 r  clk_IBUF_inst/O
                         net (fo=27, routed)          1.233     1.233    datapath_uut/video_uut/mmcm_adv_inst_display_clocks/inst/clk_in1
    MMCME2_ADV_X1Y2      MMCME2_ADV (Prop_mmcme2_adv_CLKIN1_CLKOUT0)
                                                     -7.432    -6.199 r  datapath_uut/video_uut/mmcm_adv_inst_display_clocks/inst/mmcm_adv_inst/CLKOUT0
                         net (fo=1, routed)           1.808    -4.390    datapath_uut/video_uut/mmcm_adv_inst_display_clocks/inst/clk_out1_clk_wiz_0
    BUFGCTRL_X0Y1        BUFG (Prop_bufg_I_O)         0.096    -4.294 r  datapath_uut/video_uut/mmcm_adv_inst_display_clocks/inst/clkout1_buf/O
                         net (fo=271, routed)         1.752    -2.542    datapath_uut/video_uut/inst_dvid/clk_out1
    SLICE_X153Y137       FDRE                                         r  datapath_uut/video_uut/inst_dvid/latched_green_reg[4]/C
  -------------------------------------------------------------------    -------------------
    SLICE_X153Y137       FDRE (Prop_fdre_C_Q)         0.419    -2.123 r  datapath_uut/video_uut/inst_dvid/latched_green_reg[4]/Q
                         net (fo=1, routed)           1.731    -0.392    datapath_uut/video_uut/inst_dvid/latched_green[4]
    SLICE_X154Y137       LUT3 (Prop_lut3_I2_O)        0.299    -0.093 r  datapath_uut/video_uut/inst_dvid/shift_green[4]_i_1/O
                         net (fo=1, routed)           0.000    -0.093    datapath_uut/video_uut/inst_dvid/shift_green_1[4]
    SLICE_X154Y137       FDRE                                         r  datapath_uut/video_uut/inst_dvid/shift_green_reg[4]/D
  -------------------------------------------------------------------    -------------------

                         (clock clk_out2_clk_wiz_0 rise edge)
                                                      8.000     8.000 r  
    R4                   IBUF                         0.000     8.000 r  clk_IBUF_inst/O
                         net (fo=27, routed)          1.162     9.162    datapath_uut/video_uut/mmcm_adv_inst_display_clocks/inst/clk_in1
    MMCME2_ADV_X1Y2      MMCME2_ADV (Prop_mmcme2_adv_CLKIN1_CLKOUT1)
                                                     -7.674     1.488 r  datapath_uut/video_uut/mmcm_adv_inst_display_clocks/inst/mmcm_adv_inst/CLKOUT1
                         net (fo=1, routed)           1.723     3.211    datapath_uut/video_uut/mmcm_adv_inst_display_clocks/inst/clk_out2_clk_wiz_0
    BUFGCTRL_X0Y0        BUFG (Prop_bufg_I_O)         0.091     3.302 r  datapath_uut/video_uut/mmcm_adv_inst_display_clocks/inst/clkout2_buf/O
                         net (fo=44, routed)          1.633     4.936    datapath_uut/video_uut/inst_dvid/clk_out2
    SLICE_X154Y137       FDRE                                         r  datapath_uut/video_uut/inst_dvid/shift_green_reg[4]/C
                         clock pessimism              0.313     5.249    
                         clock uncertainty           -0.215     5.034    
    SLICE_X154Y137       FDRE (Setup_fdre_C_D)        0.079     5.113    datapath_uut/video_uut/inst_dvid/shift_green_reg[4]
  -------------------------------------------------------------------
                         required time                          5.113    
                         arrival time                           0.093    
  -------------------------------------------------------------------
                         slack                                  5.206    

Slack (MET) :             5.247ns  (required time - arrival time)
  Source:                 datapath_uut/video_uut/inst_dvid/latched_green_reg[1]/C
                            (rising edge-triggered cell FDRE clocked by clk_out1_clk_wiz_0  {rise@0.000ns fall@20.000ns period=40.000ns})
  Destination:            datapath_uut/video_uut/inst_dvid/shift_green_reg[1]/D
                            (rising edge-triggered cell FDRE clocked by clk_out2_clk_wiz_0  {rise@0.000ns fall@4.000ns period=8.000ns})
  Path Group:             clk_out2_clk_wiz_0
  Path Type:              Setup (Max at Slow Process Corner)
  Requirement:            8.000ns  (clk_out2_clk_wiz_0 rise@8.000ns - clk_out1_clk_wiz_0 rise@0.000ns)
  Data Path Delay:        2.448ns  (logic 0.602ns (24.596%)  route 1.846ns (75.404%))
  Logic Levels:           1  (LUT3=1)
  Clock Path Skew:        -0.209ns (DCD - SCD + CPR)
    Destination Clock Delay (DCD):    -3.064ns = ( 4.936 - 8.000 ) 
    Source Clock Delay      (SCD):    -2.542ns
    Clock Pessimism Removal (CPR):    0.313ns
  Clock Uncertainty:      0.215ns  ((TSJ^2 + DJ^2)^1/2) / 2 + PE
    Total System Jitter     (TSJ):    0.071ns
    Discrete Jitter          (DJ):    0.175ns
    Phase Error              (PE):    0.120ns

    Location             Delay type                Incr(ns)  Path(ns)    Netlist Resource(s)
  -------------------------------------------------------------------    -------------------
                         (clock clk_out1_clk_wiz_0 rise edge)
                                                      0.000     0.000 r  
    R4                   IBUF                         0.000     0.000 r  clk_IBUF_inst/O
                         net (fo=27, routed)          1.233     1.233    datapath_uut/video_uut/mmcm_adv_inst_display_clocks/inst/clk_in1
    MMCME2_ADV_X1Y2      MMCME2_ADV (Prop_mmcme2_adv_CLKIN1_CLKOUT0)
                                                     -7.432    -6.199 r  datapath_uut/video_uut/mmcm_adv_inst_display_clocks/inst/mmcm_adv_inst/CLKOUT0
                         net (fo=1, routed)           1.808    -4.390    datapath_uut/video_uut/mmcm_adv_inst_display_clocks/inst/clk_out1_clk_wiz_0
    BUFGCTRL_X0Y1        BUFG (Prop_bufg_I_O)         0.096    -4.294 r  datapath_uut/video_uut/mmcm_adv_inst_display_clocks/inst/clkout1_buf/O
                         net (fo=271, routed)         1.752    -2.542    datapath_uut/video_uut/inst_dvid/clk_out1
    SLICE_X153Y137       FDRE                                         r  datapath_uut/video_uut/inst_dvid/latched_green_reg[1]/C
  -------------------------------------------------------------------    -------------------
    SLICE_X153Y137       FDRE (Prop_fdre_C_Q)         0.456    -2.086 r  datapath_uut/video_uut/inst_dvid/latched_green_reg[1]/Q
                         net (fo=1, routed)           1.846    -0.240    datapath_uut/video_uut/inst_dvid/latched_green[1]
    SLICE_X154Y137       LUT3 (Prop_lut3_I2_O)        0.146    -0.094 r  datapath_uut/video_uut/inst_dvid/shift_green[1]_i_1/O
                         net (fo=1, routed)           0.000    -0.094    datapath_uut/video_uut/inst_dvid/shift_green_1[1]
    SLICE_X154Y137       FDRE                                         r  datapath_uut/video_uut/inst_dvid/shift_green_reg[1]/D
  -------------------------------------------------------------------    -------------------

                         (clock clk_out2_clk_wiz_0 rise edge)
                                                      8.000     8.000 r  
    R4                   IBUF                         0.000     8.000 r  clk_IBUF_inst/O
                         net (fo=27, routed)          1.162     9.162    datapath_uut/video_uut/mmcm_adv_inst_display_clocks/inst/clk_in1
    MMCME2_ADV_X1Y2      MMCME2_ADV (Prop_mmcme2_adv_CLKIN1_CLKOUT1)
                                                     -7.674     1.488 r  datapath_uut/video_uut/mmcm_adv_inst_display_clocks/inst/mmcm_adv_inst/CLKOUT1
                         net (fo=1, routed)           1.723     3.211    datapath_uut/video_uut/mmcm_adv_inst_display_clocks/inst/clk_out2_clk_wiz_0
    BUFGCTRL_X0Y0        BUFG (Prop_bufg_I_O)         0.091     3.302 r  datapath_uut/video_uut/mmcm_adv_inst_display_clocks/inst/clkout2_buf/O
                         net (fo=44, routed)          1.633     4.936    datapath_uut/video_uut/inst_dvid/clk_out2
    SLICE_X154Y137       FDRE                                         r  datapath_uut/video_uut/inst_dvid/shift_green_reg[1]/C
                         clock pessimism              0.313     5.249    
                         clock uncertainty           -0.215     5.034    
    SLICE_X154Y137       FDRE (Setup_fdre_C_D)        0.118     5.152    datapath_uut/video_uut/inst_dvid/shift_green_reg[1]
  -------------------------------------------------------------------
                         required time                          5.152    
                         arrival time                           0.094    
  -------------------------------------------------------------------
                         slack                                  5.247    

Slack (MET) :             5.255ns  (required time - arrival time)
  Source:                 datapath_uut/video_uut/inst_dvid/latched_green_reg[5]/C
                            (rising edge-triggered cell FDRE clocked by clk_out1_clk_wiz_0  {rise@0.000ns fall@20.000ns period=40.000ns})
  Destination:            datapath_uut/video_uut/inst_dvid/shift_green_reg[5]/D
                            (rising edge-triggered cell FDRE clocked by clk_out2_clk_wiz_0  {rise@0.000ns fall@4.000ns period=8.000ns})
  Path Group:             clk_out2_clk_wiz_0
  Path Type:              Setup (Max at Slow Process Corner)
  Requirement:            8.000ns  (clk_out2_clk_wiz_0 rise@8.000ns - clk_out1_clk_wiz_0 rise@0.000ns)
  Data Path Delay:        2.439ns  (logic 0.744ns (30.499%)  route 1.695ns (69.501%))
  Logic Levels:           1  (LUT3=1)
  Clock Path Skew:        -0.209ns (DCD - SCD + CPR)
    Destination Clock Delay (DCD):    -3.064ns = ( 4.936 - 8.000 ) 
    Source Clock Delay      (SCD):    -2.542ns
    Clock Pessimism Removal (CPR):    0.313ns
  Clock Uncertainty:      0.215ns  ((TSJ^2 + DJ^2)^1/2) / 2 + PE
    Total System Jitter     (TSJ):    0.071ns
    Discrete Jitter          (DJ):    0.175ns
    Phase Error              (PE):    0.120ns

    Location             Delay type                Incr(ns)  Path(ns)    Netlist Resource(s)
  -------------------------------------------------------------------    -------------------
                         (clock clk_out1_clk_wiz_0 rise edge)
                                                      0.000     0.000 r  
    R4                   IBUF                         0.000     0.000 r  clk_IBUF_inst/O
                         net (fo=27, routed)          1.233     1.233    datapath_uut/video_uut/mmcm_adv_inst_display_clocks/inst/clk_in1
    MMCME2_ADV_X1Y2      MMCME2_ADV (Prop_mmcme2_adv_CLKIN1_CLKOUT0)
                                                     -7.432    -6.199 r  datapath_uut/video_uut/mmcm_adv_inst_display_clocks/inst/mmcm_adv_inst/CLKOUT0
                         net (fo=1, routed)           1.808    -4.390    datapath_uut/video_uut/mmcm_adv_inst_display_clocks/inst/clk_out1_clk_wiz_0
    BUFGCTRL_X0Y1        BUFG (Prop_bufg_I_O)         0.096    -4.294 r  datapath_uut/video_uut/mmcm_adv_inst_display_clocks/inst/clkout1_buf/O
                         net (fo=271, routed)         1.752    -2.542    datapath_uut/video_uut/inst_dvid/clk_out1
    SLICE_X153Y137       FDRE                                         r  datapath_uut/video_uut/inst_dvid/latched_green_reg[5]/C
  -------------------------------------------------------------------    -------------------
    SLICE_X153Y137       FDRE (Prop_fdre_C_Q)         0.419    -2.123 r  datapath_uut/video_uut/inst_dvid/latched_green_reg[5]/Q
                         net (fo=1, routed)           1.695    -0.427    datapath_uut/video_uut/inst_dvid/latched_green[5]
    SLICE_X154Y137       LUT3 (Prop_lut3_I2_O)        0.325    -0.102 r  datapath_uut/video_uut/inst_dvid/shift_green[5]_i_1/O
                         net (fo=1, routed)           0.000    -0.102    datapath_uut/video_uut/inst_dvid/shift_green_1[5]
    SLICE_X154Y137       FDRE                                         r  datapath_uut/video_uut/inst_dvid/shift_green_reg[5]/D
  -------------------------------------------------------------------    -------------------

                         (clock clk_out2_clk_wiz_0 rise edge)
                                                      8.000     8.000 r  
    R4                   IBUF                         0.000     8.000 r  clk_IBUF_inst/O
                         net (fo=27, routed)          1.162     9.162    datapath_uut/video_uut/mmcm_adv_inst_display_clocks/inst/clk_in1
    MMCME2_ADV_X1Y2      MMCME2_ADV (Prop_mmcme2_adv_CLKIN1_CLKOUT1)
                                                     -7.674     1.488 r  datapath_uut/video_uut/mmcm_adv_inst_display_clocks/inst/mmcm_adv_inst/CLKOUT1
                         net (fo=1, routed)           1.723     3.211    datapath_uut/video_uut/mmcm_adv_inst_display_clocks/inst/clk_out2_clk_wiz_0
    BUFGCTRL_X0Y0        BUFG (Prop_bufg_I_O)         0.091     3.302 r  datapath_uut/video_uut/mmcm_adv_inst_display_clocks/inst/clkout2_buf/O
                         net (fo=44, routed)          1.633     4.936    datapath_uut/video_uut/inst_dvid/clk_out2
    SLICE_X154Y137       FDRE                                         r  datapath_uut/video_uut/inst_dvid/shift_green_reg[5]/C
                         clock pessimism              0.313     5.249    
                         clock uncertainty           -0.215     5.034    
    SLICE_X154Y137       FDRE (Setup_fdre_C_D)        0.118     5.152    datapath_uut/video_uut/inst_dvid/shift_green_reg[5]
  -------------------------------------------------------------------
                         required time                          5.152    
                         arrival time                           0.102    
  -------------------------------------------------------------------
                         slack                                  5.255    

Slack (MET) :             5.264ns  (required time - arrival time)
  Source:                 datapath_uut/video_uut/inst_dvid/latched_blue_reg[5]/C
                            (rising edge-triggered cell FDRE clocked by clk_out1_clk_wiz_0  {rise@0.000ns fall@20.000ns period=40.000ns})
  Destination:            datapath_uut/video_uut/inst_dvid/shift_blue_reg[5]/D
                            (rising edge-triggered cell FDRE clocked by clk_out2_clk_wiz_0  {rise@0.000ns fall@4.000ns period=8.000ns})
  Path Group:             clk_out2_clk_wiz_0
  Path Type:              Setup (Max at Slow Process Corner)
  Requirement:            8.000ns  (clk_out2_clk_wiz_0 rise@8.000ns - clk_out1_clk_wiz_0 rise@0.000ns)
  Data Path Delay:        2.437ns  (logic 0.671ns (27.532%)  route 1.766ns (72.468%))
  Logic Levels:           1  (LUT3=1)
  Clock Path Skew:        -0.202ns (DCD - SCD + CPR)
    Destination Clock Delay (DCD):    -2.995ns = ( 5.005 - 8.000 ) 
    Source Clock Delay      (SCD):    -2.480ns
    Clock Pessimism Removal (CPR):    0.313ns
  Clock Uncertainty:      0.215ns  ((TSJ^2 + DJ^2)^1/2) / 2 + PE
    Total System Jitter     (TSJ):    0.071ns
    Discrete Jitter          (DJ):    0.175ns
    Phase Error              (PE):    0.120ns

    Location             Delay type                Incr(ns)  Path(ns)    Netlist Resource(s)
  -------------------------------------------------------------------    -------------------
                         (clock clk_out1_clk_wiz_0 rise edge)
                                                      0.000     0.000 r  
    R4                   IBUF                         0.000     0.000 r  clk_IBUF_inst/O
                         net (fo=27, routed)          1.233     1.233    datapath_uut/video_uut/mmcm_adv_inst_display_clocks/inst/clk_in1
    MMCME2_ADV_X1Y2      MMCME2_ADV (Prop_mmcme2_adv_CLKIN1_CLKOUT0)
                                                     -7.432    -6.199 r  datapath_uut/video_uut/mmcm_adv_inst_display_clocks/inst/mmcm_adv_inst/CLKOUT0
                         net (fo=1, routed)           1.808    -4.390    datapath_uut/video_uut/mmcm_adv_inst_display_clocks/inst/clk_out1_clk_wiz_0
    BUFGCTRL_X0Y1        BUFG (Prop_bufg_I_O)         0.096    -4.294 r  datapath_uut/video_uut/mmcm_adv_inst_display_clocks/inst/clkout1_buf/O
                         net (fo=271, routed)         1.814    -2.480    datapath_uut/video_uut/inst_dvid/clk_out1
    SLICE_X162Y126       FDRE                                         r  datapath_uut/video_uut/inst_dvid/latched_blue_reg[5]/C
  -------------------------------------------------------------------    -------------------
    SLICE_X162Y126       FDRE (Prop_fdre_C_Q)         0.518    -1.962 r  datapath_uut/video_uut/inst_dvid/latched_blue_reg[5]/Q
                         net (fo=1, routed)           1.766    -0.196    datapath_uut/video_uut/inst_dvid/latched_blue[5]
    SLICE_X162Y129       LUT3 (Prop_lut3_I2_O)        0.153    -0.043 r  datapath_uut/video_uut/inst_dvid/shift_blue[5]_i_1/O
                         net (fo=1, routed)           0.000    -0.043    datapath_uut/video_uut/inst_dvid/shift_blue_0[5]
    SLICE_X162Y129       FDRE                                         r  datapath_uut/video_uut/inst_dvid/shift_blue_reg[5]/D
  -------------------------------------------------------------------    -------------------

                         (clock clk_out2_clk_wiz_0 rise edge)
                                                      8.000     8.000 r  
    R4                   IBUF                         0.000     8.000 r  clk_IBUF_inst/O
                         net (fo=27, routed)          1.162     9.162    datapath_uut/video_uut/mmcm_adv_inst_display_clocks/inst/clk_in1
    MMCME2_ADV_X1Y2      MMCME2_ADV (Prop_mmcme2_adv_CLKIN1_CLKOUT1)
                                                     -7.674     1.488 r  datapath_uut/video_uut/mmcm_adv_inst_display_clocks/inst/mmcm_adv_inst/CLKOUT1
                         net (fo=1, routed)           1.723     3.211    datapath_uut/video_uut/mmcm_adv_inst_display_clocks/inst/clk_out2_clk_wiz_0
    BUFGCTRL_X0Y0        BUFG (Prop_bufg_I_O)         0.091     3.302 r  datapath_uut/video_uut/mmcm_adv_inst_display_clocks/inst/clkout2_buf/O
                         net (fo=44, routed)          1.702     5.005    datapath_uut/video_uut/inst_dvid/clk_out2
    SLICE_X162Y129       FDRE                                         r  datapath_uut/video_uut/inst_dvid/shift_blue_reg[5]/C
                         clock pessimism              0.313     5.318    
                         clock uncertainty           -0.215     5.103    
    SLICE_X162Y129       FDRE (Setup_fdre_C_D)        0.118     5.221    datapath_uut/video_uut/inst_dvid/shift_blue_reg[5]
  -------------------------------------------------------------------
                         required time                          5.221    
                         arrival time                           0.043    
  -------------------------------------------------------------------
                         slack                                  5.264    

Slack (MET) :             5.285ns  (required time - arrival time)
  Source:                 datapath_uut/video_uut/inst_dvid/latched_red_reg[4]/C
                            (rising edge-triggered cell FDRE clocked by clk_out1_clk_wiz_0  {rise@0.000ns fall@20.000ns period=40.000ns})
  Destination:            datapath_uut/video_uut/inst_dvid/shift_red_reg[4]/D
                            (rising edge-triggered cell FDRE clocked by clk_out2_clk_wiz_0  {rise@0.000ns fall@4.000ns period=8.000ns})
  Path Group:             clk_out2_clk_wiz_0
  Path Type:              Setup (Max at Slow Process Corner)
  Requirement:            8.000ns  (clk_out2_clk_wiz_0 rise@8.000ns - clk_out1_clk_wiz_0 rise@0.000ns)
  Data Path Delay:        2.370ns  (logic 0.580ns (24.476%)  route 1.790ns (75.524%))
  Logic Levels:           1  (LUT3=1)
  Clock Path Skew:        -0.209ns (DCD - SCD + CPR)
    Destination Clock Delay (DCD):    -2.988ns = ( 5.012 - 8.000 ) 
    Source Clock Delay      (SCD):    -2.466ns
    Clock Pessimism Removal (CPR):    0.313ns
  Clock Uncertainty:      0.215ns  ((TSJ^2 + DJ^2)^1/2) / 2 + PE
    Total System Jitter     (TSJ):    0.071ns
    Discrete Jitter          (DJ):    0.175ns
    Phase Error              (PE):    0.120ns

    Location             Delay type                Incr(ns)  Path(ns)    Netlist Resource(s)
  -------------------------------------------------------------------    -------------------
                         (clock clk_out1_clk_wiz_0 rise edge)
                                                      0.000     0.000 r  
    R4                   IBUF                         0.000     0.000 r  clk_IBUF_inst/O
                         net (fo=27, routed)          1.233     1.233    datapath_uut/video_uut/mmcm_adv_inst_display_clocks/inst/clk_in1
    MMCME2_ADV_X1Y2      MMCME2_ADV (Prop_mmcme2_adv_CLKIN1_CLKOUT0)
                                                     -7.432    -6.199 r  datapath_uut/video_uut/mmcm_adv_inst_display_clocks/inst/mmcm_adv_inst/CLKOUT0
                         net (fo=1, routed)           1.808    -4.390    datapath_uut/video_uut/mmcm_adv_inst_display_clocks/inst/clk_out1_clk_wiz_0
    BUFGCTRL_X0Y1        BUFG (Prop_bufg_I_O)         0.096    -4.294 r  datapath_uut/video_uut/mmcm_adv_inst_display_clocks/inst/clkout1_buf/O
                         net (fo=271, routed)         1.828    -2.466    datapath_uut/video_uut/inst_dvid/clk_out1
    SLICE_X160Y137       FDRE                                         r  datapath_uut/video_uut/inst_dvid/latched_red_reg[4]/C
  -------------------------------------------------------------------    -------------------
    SLICE_X160Y137       FDRE (Prop_fdre_C_Q)         0.456    -2.010 r  datapath_uut/video_uut/inst_dvid/latched_red_reg[4]/Q
                         net (fo=1, routed)           1.790    -0.220    datapath_uut/video_uut/inst_dvid/latched_red[4]
    SLICE_X162Y137       LUT3 (Prop_lut3_I2_O)        0.124    -0.096 r  datapath_uut/video_uut/inst_dvid/shift_red[4]_i_1/O
                         net (fo=1, routed)           0.000    -0.096    datapath_uut/video_uut/inst_dvid/shift_red[4]
    SLICE_X162Y137       FDRE                                         r  datapath_uut/video_uut/inst_dvid/shift_red_reg[4]/D
  -------------------------------------------------------------------    -------------------

                         (clock clk_out2_clk_wiz_0 rise edge)
                                                      8.000     8.000 r  
    R4                   IBUF                         0.000     8.000 r  clk_IBUF_inst/O
                         net (fo=27, routed)          1.162     9.162    datapath_uut/video_uut/mmcm_adv_inst_display_clocks/inst/clk_in1
    MMCME2_ADV_X1Y2      MMCME2_ADV (Prop_mmcme2_adv_CLKIN1_CLKOUT1)
                                                     -7.674     1.488 r  datapath_uut/video_uut/mmcm_adv_inst_display_clocks/inst/mmcm_adv_inst/CLKOUT1
                         net (fo=1, routed)           1.723     3.211    datapath_uut/video_uut/mmcm_adv_inst_display_clocks/inst/clk_out2_clk_wiz_0
    BUFGCTRL_X0Y0        BUFG (Prop_bufg_I_O)         0.091     3.302 r  datapath_uut/video_uut/mmcm_adv_inst_display_clocks/inst/clkout2_buf/O
                         net (fo=44, routed)          1.709     5.012    datapath_uut/video_uut/inst_dvid/clk_out2
    SLICE_X162Y137       FDRE                                         r  datapath_uut/video_uut/inst_dvid/shift_red_reg[4]/C
                         clock pessimism              0.313     5.325    
                         clock uncertainty           -0.215     5.110    
    SLICE_X162Y137       FDRE (Setup_fdre_C_D)        0.079     5.189    datapath_uut/video_uut/inst_dvid/shift_red_reg[4]
  -------------------------------------------------------------------
                         required time                          5.189    
                         arrival time                           0.096    
  -------------------------------------------------------------------
                         slack                                  5.285    





Min Delay Paths
--------------------------------------------------------------------------------------
Slack (MET) :             0.131ns  (arrival time - required time)
  Source:                 datapath_uut/video_uut/inst_dvid/latched_red_reg[0]/C
                            (rising edge-triggered cell FDRE clocked by clk_out1_clk_wiz_0  {rise@0.000ns fall@20.000ns period=40.000ns})
  Destination:            datapath_uut/video_uut/inst_dvid/shift_red_reg[0]/D
                            (rising edge-triggered cell FDRE clocked by clk_out2_clk_wiz_0  {rise@0.000ns fall@4.000ns period=8.000ns})
  Path Group:             clk_out2_clk_wiz_0
  Path Type:              Hold (Min at Fast Process Corner)
  Requirement:            0.000ns  (clk_out2_clk_wiz_0 rise@0.000ns - clk_out1_clk_wiz_0 rise@0.000ns)
  Data Path Delay:        0.789ns  (logic 0.186ns (23.562%)  route 0.603ns (76.438%))
  Logic Levels:           1  (LUT3=1)
  Clock Path Skew:        0.324ns (DCD - SCD - CPR)
    Destination Clock Delay (DCD):    -1.328ns
    Source Clock Delay      (SCD):    -0.899ns
    Clock Pessimism Removal (CPR):    -0.753ns
  Clock Uncertainty:      0.215ns  ((TSJ^2 + DJ^2)^1/2) / 2 + PE
    Total System Jitter     (TSJ):    0.071ns
    Discrete Jitter          (DJ):    0.175ns
    Phase Error              (PE):    0.120ns

    Location             Delay type                Incr(ns)  Path(ns)    Netlist Resource(s)
  -------------------------------------------------------------------    -------------------
                         (clock clk_out1_clk_wiz_0 rise edge)
                                                      0.000     0.000 r  
    R4                   IBUF                         0.000     0.000 r  clk_IBUF_inst/O
                         net (fo=27, routed)          0.440     0.440    datapath_uut/video_uut/mmcm_adv_inst_display_clocks/inst/clk_in1
    MMCME2_ADV_X1Y2      MMCME2_ADV (Prop_mmcme2_adv_CLKIN1_CLKOUT0)
                                                     -2.540    -2.099 r  datapath_uut/video_uut/mmcm_adv_inst_display_clocks/inst/mmcm_adv_inst/CLKOUT0
                         net (fo=1, routed)           0.531    -1.568    datapath_uut/video_uut/mmcm_adv_inst_display_clocks/inst/clk_out1_clk_wiz_0
    BUFGCTRL_X0Y1        BUFG (Prop_bufg_I_O)         0.026    -1.542 r  datapath_uut/video_uut/mmcm_adv_inst_display_clocks/inst/clkout1_buf/O
                         net (fo=271, routed)         0.644    -0.899    datapath_uut/video_uut/inst_dvid/clk_out1
    SLICE_X160Y136       FDRE                                         r  datapath_uut/video_uut/inst_dvid/latched_red_reg[0]/C
  -------------------------------------------------------------------    -------------------
    SLICE_X160Y136       FDRE (Prop_fdre_C_Q)         0.141    -0.758 r  datapath_uut/video_uut/inst_dvid/latched_red_reg[0]/Q
                         net (fo=1, routed)           0.603    -0.154    datapath_uut/video_uut/inst_dvid/latched_red[0]
    SLICE_X162Y137       LUT3 (Prop_lut3_I2_O)        0.045    -0.109 r  datapath_uut/video_uut/inst_dvid/shift_red[0]_i_1/O
                         net (fo=1, routed)           0.000    -0.109    datapath_uut/video_uut/inst_dvid/shift_red[0]
    SLICE_X162Y137       FDRE                                         r  datapath_uut/video_uut/inst_dvid/shift_red_reg[0]/D
  -------------------------------------------------------------------    -------------------

                         (clock clk_out2_clk_wiz_0 rise edge)
                                                      0.000     0.000 r  
    R4                   IBUF                         0.000     0.000 r  clk_IBUF_inst/O
                         net (fo=27, routed)          0.480     0.480    datapath_uut/video_uut/mmcm_adv_inst_display_clocks/inst/clk_in1
    MMCME2_ADV_X1Y2      MMCME2_ADV (Prop_mmcme2_adv_CLKIN1_CLKOUT1)
                                                     -3.332    -2.852 r  datapath_uut/video_uut/mmcm_adv_inst_display_clocks/inst/mmcm_adv_inst/CLKOUT1
                         net (fo=1, routed)           0.579    -2.274    datapath_uut/video_uut/mmcm_adv_inst_display_clocks/inst/clk_out2_clk_wiz_0
    BUFGCTRL_X0Y0        BUFG (Prop_bufg_I_O)         0.029    -2.245 r  datapath_uut/video_uut/mmcm_adv_inst_display_clocks/inst/clkout2_buf/O
                         net (fo=44, routed)          0.917    -1.328    datapath_uut/video_uut/inst_dvid/clk_out2
    SLICE_X162Y137       FDRE                                         r  datapath_uut/video_uut/inst_dvid/shift_red_reg[0]/C
                         clock pessimism              0.753    -0.575    
                         clock uncertainty            0.215    -0.361    
    SLICE_X162Y137       FDRE (Hold_fdre_C_D)         0.120    -0.241    datapath_uut/video_uut/inst_dvid/shift_red_reg[0]
  -------------------------------------------------------------------
                         required time                          0.241    
                         arrival time                          -0.109    
  -------------------------------------------------------------------
                         slack                                  0.131    

Slack (MET) :             0.144ns  (arrival time - required time)
  Source:                 datapath_uut/video_uut/inst_dvid/latched_green_reg[7]/C
                            (rising edge-triggered cell FDRE clocked by clk_out1_clk_wiz_0  {rise@0.000ns fall@20.000ns period=40.000ns})
  Destination:            datapath_uut/video_uut/inst_dvid/shift_green_reg[7]/D
                            (rising edge-triggered cell FDRE clocked by clk_out2_clk_wiz_0  {rise@0.000ns fall@4.000ns period=8.000ns})
  Path Group:             clk_out2_clk_wiz_0
  Path Type:              Hold (Min at Fast Process Corner)
  Requirement:            0.000ns  (clk_out2_clk_wiz_0 rise@0.000ns - clk_out1_clk_wiz_0 rise@0.000ns)
  Data Path Delay:        0.811ns  (logic 0.229ns (28.244%)  route 0.582ns (71.756%))
  Logic Levels:           1  (LUT3=1)
  Clock Path Skew:        0.322ns (DCD - SCD - CPR)
    Destination Clock Delay (DCD):    -1.356ns
    Source Clock Delay      (SCD):    -0.925ns
    Clock Pessimism Removal (CPR):    -0.753ns
  Clock Uncertainty:      0.215ns  ((TSJ^2 + DJ^2)^1/2) / 2 + PE
    Total System Jitter     (TSJ):    0.071ns
    Discrete Jitter          (DJ):    0.175ns
    Phase Error              (PE):    0.120ns

    Location             Delay type                Incr(ns)  Path(ns)    Netlist Resource(s)
  -------------------------------------------------------------------    -------------------
                         (clock clk_out1_clk_wiz_0 rise edge)
                                                      0.000     0.000 r  
    R4                   IBUF                         0.000     0.000 r  clk_IBUF_inst/O
                         net (fo=27, routed)          0.440     0.440    datapath_uut/video_uut/mmcm_adv_inst_display_clocks/inst/clk_in1
    MMCME2_ADV_X1Y2      MMCME2_ADV (Prop_mmcme2_adv_CLKIN1_CLKOUT0)
                                                     -2.540    -2.099 r  datapath_uut/video_uut/mmcm_adv_inst_display_clocks/inst/mmcm_adv_inst/CLKOUT0
                         net (fo=1, routed)           0.531    -1.568    datapath_uut/video_uut/mmcm_adv_inst_display_clocks/inst/clk_out1_clk_wiz_0
    BUFGCTRL_X0Y1        BUFG (Prop_bufg_I_O)         0.026    -1.542 r  datapath_uut/video_uut/mmcm_adv_inst_display_clocks/inst/clkout1_buf/O
                         net (fo=271, routed)         0.618    -0.925    datapath_uut/video_uut/inst_dvid/clk_out1
    SLICE_X153Y137       FDRE                                         r  datapath_uut/video_uut/inst_dvid/latched_green_reg[7]/C
  -------------------------------------------------------------------    -------------------
    SLICE_X153Y137       FDRE (Prop_fdre_C_Q)         0.128    -0.797 r  datapath_uut/video_uut/inst_dvid/latched_green_reg[7]/Q
                         net (fo=1, routed)           0.582    -0.215    datapath_uut/video_uut/inst_dvid/latched_green[7]
    SLICE_X154Y137       LUT3 (Prop_lut3_I2_O)        0.101    -0.114 r  datapath_uut/video_uut/inst_dvid/shift_green[7]_i_1/O
                         net (fo=1, routed)           0.000    -0.114    datapath_uut/video_uut/inst_dvid/shift_green_1[7]
    SLICE_X154Y137       FDRE                                         r  datapath_uut/video_uut/inst_dvid/shift_green_reg[7]/D
  -------------------------------------------------------------------    -------------------

                         (clock clk_out2_clk_wiz_0 rise edge)
                                                      0.000     0.000 r  
    R4                   IBUF                         0.000     0.000 r  clk_IBUF_inst/O
                         net (fo=27, routed)          0.480     0.480    datapath_uut/video_uut/mmcm_adv_inst_display_clocks/inst/clk_in1
    MMCME2_ADV_X1Y2      MMCME2_ADV (Prop_mmcme2_adv_CLKIN1_CLKOUT1)
                                                     -3.332    -2.852 r  datapath_uut/video_uut/mmcm_adv_inst_display_clocks/inst/mmcm_adv_inst/CLKOUT1
                         net (fo=1, routed)           0.579    -2.274    datapath_uut/video_uut/mmcm_adv_inst_display_clocks/inst/clk_out2_clk_wiz_0
    BUFGCTRL_X0Y0        BUFG (Prop_bufg_I_O)         0.029    -2.245 r  datapath_uut/video_uut/mmcm_adv_inst_display_clocks/inst/clkout2_buf/O
                         net (fo=44, routed)          0.889    -1.356    datapath_uut/video_uut/inst_dvid/clk_out2
    SLICE_X154Y137       FDRE                                         r  datapath_uut/video_uut/inst_dvid/shift_green_reg[7]/C
                         clock pessimism              0.753    -0.603    
                         clock uncertainty            0.215    -0.389    
    SLICE_X154Y137       FDRE (Hold_fdre_C_D)         0.131    -0.258    datapath_uut/video_uut/inst_dvid/shift_green_reg[7]
  -------------------------------------------------------------------
                         required time                          0.258    
                         arrival time                          -0.114    
  -------------------------------------------------------------------
                         slack                                  0.144    

Slack (MET) :             0.151ns  (arrival time - required time)
  Source:                 datapath_uut/video_uut/inst_dvid/latched_red_reg[3]/C
                            (rising edge-triggered cell FDRE clocked by clk_out1_clk_wiz_0  {rise@0.000ns fall@20.000ns period=40.000ns})
  Destination:            datapath_uut/video_uut/inst_dvid/shift_red_reg[3]/D
                            (rising edge-triggered cell FDRE clocked by clk_out2_clk_wiz_0  {rise@0.000ns fall@4.000ns period=8.000ns})
  Path Group:             clk_out2_clk_wiz_0
  Path Type:              Hold (Min at Fast Process Corner)
  Requirement:            0.000ns  (clk_out2_clk_wiz_0 rise@0.000ns - clk_out1_clk_wiz_0 rise@0.000ns)
  Data Path Delay:        0.819ns  (logic 0.185ns (22.579%)  route 0.634ns (77.421%))
  Logic Levels:           1  (LUT3=1)
  Clock Path Skew:        0.323ns (DCD - SCD - CPR)
    Destination Clock Delay (DCD):    -1.328ns
    Source Clock Delay      (SCD):    -0.898ns
    Clock Pessimism Removal (CPR):    -0.753ns
  Clock Uncertainty:      0.215ns  ((TSJ^2 + DJ^2)^1/2) / 2 + PE
    Total System Jitter     (TSJ):    0.071ns
    Discrete Jitter          (DJ):    0.175ns
    Phase Error              (PE):    0.120ns

    Location             Delay type                Incr(ns)  Path(ns)    Netlist Resource(s)
  -------------------------------------------------------------------    -------------------
                         (clock clk_out1_clk_wiz_0 rise edge)
                                                      0.000     0.000 r  
    R4                   IBUF                         0.000     0.000 r  clk_IBUF_inst/O
                         net (fo=27, routed)          0.440     0.440    datapath_uut/video_uut/mmcm_adv_inst_display_clocks/inst/clk_in1
    MMCME2_ADV_X1Y2      MMCME2_ADV (Prop_mmcme2_adv_CLKIN1_CLKOUT0)
                                                     -2.540    -2.099 r  datapath_uut/video_uut/mmcm_adv_inst_display_clocks/inst/mmcm_adv_inst/CLKOUT0
                         net (fo=1, routed)           0.531    -1.568    datapath_uut/video_uut/mmcm_adv_inst_display_clocks/inst/clk_out1_clk_wiz_0
    BUFGCTRL_X0Y1        BUFG (Prop_bufg_I_O)         0.026    -1.542 r  datapath_uut/video_uut/mmcm_adv_inst_display_clocks/inst/clkout1_buf/O
                         net (fo=271, routed)         0.645    -0.898    datapath_uut/video_uut/inst_dvid/clk_out1
    SLICE_X160Y137       FDRE                                         r  datapath_uut/video_uut/inst_dvid/latched_red_reg[3]/C
  -------------------------------------------------------------------    -------------------
    SLICE_X160Y137       FDRE (Prop_fdre_C_Q)         0.141    -0.757 r  datapath_uut/video_uut/inst_dvid/latched_red_reg[3]/Q
                         net (fo=1, routed)           0.634    -0.122    datapath_uut/video_uut/inst_dvid/latched_red[3]
    SLICE_X162Y137       LUT3 (Prop_lut3_I2_O)        0.044    -0.078 r  datapath_uut/video_uut/inst_dvid/shift_red[3]_i_1/O
                         net (fo=1, routed)           0.000    -0.078    datapath_uut/video_uut/inst_dvid/shift_red[3]
    SLICE_X162Y137       FDRE                                         r  datapath_uut/video_uut/inst_dvid/shift_red_reg[3]/D
  -------------------------------------------------------------------    -------------------

                         (clock clk_out2_clk_wiz_0 rise edge)
                                                      0.000     0.000 r  
    R4                   IBUF                         0.000     0.000 r  clk_IBUF_inst/O
                         net (fo=27, routed)          0.480     0.480    datapath_uut/video_uut/mmcm_adv_inst_display_clocks/inst/clk_in1
    MMCME2_ADV_X1Y2      MMCME2_ADV (Prop_mmcme2_adv_CLKIN1_CLKOUT1)
                                                     -3.332    -2.852 r  datapath_uut/video_uut/mmcm_adv_inst_display_clocks/inst/mmcm_adv_inst/CLKOUT1
                         net (fo=1, routed)           0.579    -2.274    datapath_uut/video_uut/mmcm_adv_inst_display_clocks/inst/clk_out2_clk_wiz_0
    BUFGCTRL_X0Y0        BUFG (Prop_bufg_I_O)         0.029    -2.245 r  datapath_uut/video_uut/mmcm_adv_inst_display_clocks/inst/clkout2_buf/O
                         net (fo=44, routed)          0.917    -1.328    datapath_uut/video_uut/inst_dvid/clk_out2
    SLICE_X162Y137       FDRE                                         r  datapath_uut/video_uut/inst_dvid/shift_red_reg[3]/C
                         clock pessimism              0.753    -0.575    
                         clock uncertainty            0.215    -0.361    
    SLICE_X162Y137       FDRE (Hold_fdre_C_D)         0.131    -0.230    datapath_uut/video_uut/inst_dvid/shift_red_reg[3]
  -------------------------------------------------------------------
                         required time                          0.230    
                         arrival time                          -0.078    
  -------------------------------------------------------------------
                         slack                                  0.151    

Slack (MET) :             0.160ns  (arrival time - required time)
  Source:                 datapath_uut/video_uut/inst_dvid/latched_red_reg[7]/C
                            (rising edge-triggered cell FDRE clocked by clk_out1_clk_wiz_0  {rise@0.000ns fall@20.000ns period=40.000ns})
  Destination:            datapath_uut/video_uut/inst_dvid/shift_red_reg[7]/D
                            (rising edge-triggered cell FDRE clocked by clk_out2_clk_wiz_0  {rise@0.000ns fall@4.000ns period=8.000ns})
  Path Group:             clk_out2_clk_wiz_0
  Path Type:              Hold (Min at Fast Process Corner)
  Requirement:            0.000ns  (clk_out2_clk_wiz_0 rise@0.000ns - clk_out1_clk_wiz_0 rise@0.000ns)
  Data Path Delay:        0.829ns  (logic 0.187ns (22.570%)  route 0.642ns (77.430%))
  Logic Levels:           1  (LUT3=1)
  Clock Path Skew:        0.323ns (DCD - SCD - CPR)
    Destination Clock Delay (DCD):    -1.328ns
    Source Clock Delay      (SCD):    -0.898ns
    Clock Pessimism Removal (CPR):    -0.753ns
  Clock Uncertainty:      0.215ns  ((TSJ^2 + DJ^2)^1/2) / 2 + PE
    Total System Jitter     (TSJ):    0.071ns
    Discrete Jitter          (DJ):    0.175ns
    Phase Error              (PE):    0.120ns

    Location             Delay type                Incr(ns)  Path(ns)    Netlist Resource(s)
  -------------------------------------------------------------------    -------------------
                         (clock clk_out1_clk_wiz_0 rise edge)
                                                      0.000     0.000 r  
    R4                   IBUF                         0.000     0.000 r  clk_IBUF_inst/O
                         net (fo=27, routed)          0.440     0.440    datapath_uut/video_uut/mmcm_adv_inst_display_clocks/inst/clk_in1
    MMCME2_ADV_X1Y2      MMCME2_ADV (Prop_mmcme2_adv_CLKIN1_CLKOUT0)
                                                     -2.540    -2.099 r  datapath_uut/video_uut/mmcm_adv_inst_display_clocks/inst/mmcm_adv_inst/CLKOUT0
                         net (fo=1, routed)           0.531    -1.568    datapath_uut/video_uut/mmcm_adv_inst_display_clocks/inst/clk_out1_clk_wiz_0
    BUFGCTRL_X0Y1        BUFG (Prop_bufg_I_O)         0.026    -1.542 r  datapath_uut/video_uut/mmcm_adv_inst_display_clocks/inst/clkout1_buf/O
                         net (fo=271, routed)         0.645    -0.898    datapath_uut/video_uut/inst_dvid/clk_out1
    SLICE_X163Y137       FDRE                                         r  datapath_uut/video_uut/inst_dvid/latched_red_reg[7]/C
  -------------------------------------------------------------------    -------------------
    SLICE_X163Y137       FDRE (Prop_fdre_C_Q)         0.141    -0.757 r  datapath_uut/video_uut/inst_dvid/latched_red_reg[7]/Q
                         net (fo=1, routed)           0.642    -0.115    datapath_uut/video_uut/inst_dvid/latched_red[7]
    SLICE_X162Y137       LUT3 (Prop_lut3_I2_O)        0.046    -0.069 r  datapath_uut/video_uut/inst_dvid/shift_red[7]_i_1/O
                         net (fo=1, routed)           0.000    -0.069    datapath_uut/video_uut/inst_dvid/shift_red[7]
    SLICE_X162Y137       FDRE                                         r  datapath_uut/video_uut/inst_dvid/shift_red_reg[7]/D
  -------------------------------------------------------------------    -------------------

                         (clock clk_out2_clk_wiz_0 rise edge)
                                                      0.000     0.000 r  
    R4                   IBUF                         0.000     0.000 r  clk_IBUF_inst/O
                         net (fo=27, routed)          0.480     0.480    datapath_uut/video_uut/mmcm_adv_inst_display_clocks/inst/clk_in1
    MMCME2_ADV_X1Y2      MMCME2_ADV (Prop_mmcme2_adv_CLKIN1_CLKOUT1)
                                                     -3.332    -2.852 r  datapath_uut/video_uut/mmcm_adv_inst_display_clocks/inst/mmcm_adv_inst/CLKOUT1
                         net (fo=1, routed)           0.579    -2.274    datapath_uut/video_uut/mmcm_adv_inst_display_clocks/inst/clk_out2_clk_wiz_0
    BUFGCTRL_X0Y0        BUFG (Prop_bufg_I_O)         0.029    -2.245 r  datapath_uut/video_uut/mmcm_adv_inst_display_clocks/inst/clkout2_buf/O
                         net (fo=44, routed)          0.917    -1.328    datapath_uut/video_uut/inst_dvid/clk_out2
    SLICE_X162Y137       FDRE                                         r  datapath_uut/video_uut/inst_dvid/shift_red_reg[7]/C
                         clock pessimism              0.753    -0.575    
                         clock uncertainty            0.215    -0.361    
    SLICE_X162Y137       FDRE (Hold_fdre_C_D)         0.131    -0.230    datapath_uut/video_uut/inst_dvid/shift_red_reg[7]
  -------------------------------------------------------------------
                         required time                          0.230    
                         arrival time                          -0.069    
  -------------------------------------------------------------------
                         slack                                  0.160    

Slack (MET) :             0.163ns  (arrival time - required time)
  Source:                 datapath_uut/video_uut/inst_dvid/latched_red_reg[9]/C
                            (rising edge-triggered cell FDRE clocked by clk_out1_clk_wiz_0  {rise@0.000ns fall@20.000ns period=40.000ns})
  Destination:            datapath_uut/video_uut/inst_dvid/shift_red_reg[9]/D
                            (rising edge-triggered cell FDRE clocked by clk_out2_clk_wiz_0  {rise@0.000ns fall@4.000ns period=8.000ns})
  Path Group:             clk_out2_clk_wiz_0
  Path Type:              Hold (Min at Fast Process Corner)
  Requirement:            0.000ns  (clk_out2_clk_wiz_0 rise@0.000ns - clk_out1_clk_wiz_0 rise@0.000ns)
  Data Path Delay:        0.766ns  (logic 0.141ns (18.410%)  route 0.625ns (81.590%))
  Logic Levels:           0  
  Clock Path Skew:        0.323ns (DCD - SCD - CPR)
    Destination Clock Delay (DCD):    -1.329ns
    Source Clock Delay      (SCD):    -0.899ns
    Clock Pessimism Removal (CPR):    -0.753ns
  Clock Uncertainty:      0.215ns  ((TSJ^2 + DJ^2)^1/2) / 2 + PE
    Total System Jitter     (TSJ):    0.071ns
    Discrete Jitter          (DJ):    0.175ns
    Phase Error              (PE):    0.120ns

    Location             Delay type                Incr(ns)  Path(ns)    Netlist Resource(s)
  -------------------------------------------------------------------    -------------------
                         (clock clk_out1_clk_wiz_0 rise edge)
                                                      0.000     0.000 r  
    R4                   IBUF                         0.000     0.000 r  clk_IBUF_inst/O
                         net (fo=27, routed)          0.440     0.440    datapath_uut/video_uut/mmcm_adv_inst_display_clocks/inst/clk_in1
    MMCME2_ADV_X1Y2      MMCME2_ADV (Prop_mmcme2_adv_CLKIN1_CLKOUT0)
                                                     -2.540    -2.099 r  datapath_uut/video_uut/mmcm_adv_inst_display_clocks/inst/mmcm_adv_inst/CLKOUT0
                         net (fo=1, routed)           0.531    -1.568    datapath_uut/video_uut/mmcm_adv_inst_display_clocks/inst/clk_out1_clk_wiz_0
    BUFGCTRL_X0Y1        BUFG (Prop_bufg_I_O)         0.026    -1.542 r  datapath_uut/video_uut/mmcm_adv_inst_display_clocks/inst/clkout1_buf/O
                         net (fo=271, routed)         0.644    -0.899    datapath_uut/video_uut/inst_dvid/clk_out1
    SLICE_X160Y136       FDRE                                         r  datapath_uut/video_uut/inst_dvid/latched_red_reg[9]/C
  -------------------------------------------------------------------    -------------------
    SLICE_X160Y136       FDRE (Prop_fdre_C_Q)         0.141    -0.758 r  datapath_uut/video_uut/inst_dvid/latched_red_reg[9]/Q
                         net (fo=1, routed)           0.625    -0.133    datapath_uut/video_uut/inst_dvid/latched_red[9]
    SLICE_X161Y136       FDRE                                         r  datapath_uut/video_uut/inst_dvid/shift_red_reg[9]/D
  -------------------------------------------------------------------    -------------------

                         (clock clk_out2_clk_wiz_0 rise edge)
                                                      0.000     0.000 r  
    R4                   IBUF                         0.000     0.000 r  clk_IBUF_inst/O
                         net (fo=27, routed)          0.480     0.480    datapath_uut/video_uut/mmcm_adv_inst_display_clocks/inst/clk_in1
    MMCME2_ADV_X1Y2      MMCME2_ADV (Prop_mmcme2_adv_CLKIN1_CLKOUT1)
                                                     -3.332    -2.852 r  datapath_uut/video_uut/mmcm_adv_inst_display_clocks/inst/mmcm_adv_inst/CLKOUT1
                         net (fo=1, routed)           0.579    -2.274    datapath_uut/video_uut/mmcm_adv_inst_display_clocks/inst/clk_out2_clk_wiz_0
    BUFGCTRL_X0Y0        BUFG (Prop_bufg_I_O)         0.029    -2.245 r  datapath_uut/video_uut/mmcm_adv_inst_display_clocks/inst/clkout2_buf/O
                         net (fo=44, routed)          0.916    -1.329    datapath_uut/video_uut/inst_dvid/clk_out2
    SLICE_X161Y136       FDRE                                         r  datapath_uut/video_uut/inst_dvid/shift_red_reg[9]/C
                         clock pessimism              0.753    -0.576    
                         clock uncertainty            0.215    -0.362    
    SLICE_X161Y136       FDRE (Hold_fdre_C_D)         0.066    -0.296    datapath_uut/video_uut/inst_dvid/shift_red_reg[9]
  -------------------------------------------------------------------
                         required time                          0.296    
                         arrival time                          -0.133    
  -------------------------------------------------------------------
                         slack                                  0.163    

Slack (MET) :             0.177ns  (arrival time - required time)
  Source:                 datapath_uut/video_uut/inst_dvid/latched_green_reg[8]/C
                            (rising edge-triggered cell FDRE clocked by clk_out1_clk_wiz_0  {rise@0.000ns fall@20.000ns period=40.000ns})
  Destination:            datapath_uut/video_uut/inst_dvid/shift_green_reg[8]/D
                            (rising edge-triggered cell FDRE clocked by clk_out2_clk_wiz_0  {rise@0.000ns fall@4.000ns period=8.000ns})
  Path Group:             clk_out2_clk_wiz_0
  Path Type:              Hold (Min at Fast Process Corner)
  Requirement:            0.000ns  (clk_out2_clk_wiz_0 rise@0.000ns - clk_out1_clk_wiz_0 rise@0.000ns)
  Data Path Delay:        0.776ns  (logic 0.164ns (21.146%)  route 0.612ns (78.854%))
  Logic Levels:           0  
  Clock Path Skew:        0.325ns (DCD - SCD - CPR)
    Destination Clock Delay (DCD):    -1.354ns
    Source Clock Delay      (SCD):    -0.926ns
    Clock Pessimism Removal (CPR):    -0.753ns
  Clock Uncertainty:      0.215ns  ((TSJ^2 + DJ^2)^1/2) / 2 + PE
    Total System Jitter     (TSJ):    0.071ns
    Discrete Jitter          (DJ):    0.175ns
    Phase Error              (PE):    0.120ns

    Location             Delay type                Incr(ns)  Path(ns)    Netlist Resource(s)
  -------------------------------------------------------------------    -------------------
                         (clock clk_out1_clk_wiz_0 rise edge)
                                                      0.000     0.000 r  
    R4                   IBUF                         0.000     0.000 r  clk_IBUF_inst/O
                         net (fo=27, routed)          0.440     0.440    datapath_uut/video_uut/mmcm_adv_inst_display_clocks/inst/clk_in1
    MMCME2_ADV_X1Y2      MMCME2_ADV (Prop_mmcme2_adv_CLKIN1_CLKOUT0)
                                                     -2.540    -2.099 r  datapath_uut/video_uut/mmcm_adv_inst_display_clocks/inst/mmcm_adv_inst/CLKOUT0
                         net (fo=1, routed)           0.531    -1.568    datapath_uut/video_uut/mmcm_adv_inst_display_clocks/inst/clk_out1_clk_wiz_0
    BUFGCTRL_X0Y1        BUFG (Prop_bufg_I_O)         0.026    -1.542 r  datapath_uut/video_uut/mmcm_adv_inst_display_clocks/inst/clkout1_buf/O
                         net (fo=271, routed)         0.617    -0.926    datapath_uut/video_uut/inst_dvid/clk_out1
    SLICE_X150Y137       FDRE                                         r  datapath_uut/video_uut/inst_dvid/latched_green_reg[8]/C
  -------------------------------------------------------------------    -------------------
    SLICE_X150Y137       FDRE (Prop_fdre_C_Q)         0.164    -0.762 r  datapath_uut/video_uut/inst_dvid/latched_green_reg[8]/Q
                         net (fo=1, routed)           0.612    -0.150    datapath_uut/video_uut/inst_dvid/latched_green[8]
    SLICE_X152Y138       FDRE                                         r  datapath_uut/video_uut/inst_dvid/shift_green_reg[8]/D
  -------------------------------------------------------------------    -------------------

                         (clock clk_out2_clk_wiz_0 rise edge)
                                                      0.000     0.000 r  
    R4                   IBUF                         0.000     0.000 r  clk_IBUF_inst/O
                         net (fo=27, routed)          0.480     0.480    datapath_uut/video_uut/mmcm_adv_inst_display_clocks/inst/clk_in1
    MMCME2_ADV_X1Y2      MMCME2_ADV (Prop_mmcme2_adv_CLKIN1_CLKOUT1)
                                                     -3.332    -2.852 r  datapath_uut/video_uut/mmcm_adv_inst_display_clocks/inst/mmcm_adv_inst/CLKOUT1
                         net (fo=1, routed)           0.579    -2.274    datapath_uut/video_uut/mmcm_adv_inst_display_clocks/inst/clk_out2_clk_wiz_0
    BUFGCTRL_X0Y0        BUFG (Prop_bufg_I_O)         0.029    -2.245 r  datapath_uut/video_uut/mmcm_adv_inst_display_clocks/inst/clkout2_buf/O
                         net (fo=44, routed)          0.891    -1.354    datapath_uut/video_uut/inst_dvid/clk_out2
    SLICE_X152Y138       FDRE                                         r  datapath_uut/video_uut/inst_dvid/shift_green_reg[8]/C
                         clock pessimism              0.753    -0.601    
                         clock uncertainty            0.215    -0.387    
    SLICE_X152Y138       FDRE (Hold_fdre_C_D)         0.059    -0.328    datapath_uut/video_uut/inst_dvid/shift_green_reg[8]
  -------------------------------------------------------------------
                         required time                          0.328    
                         arrival time                          -0.150    
  -------------------------------------------------------------------
                         slack                                  0.177    

Slack (MET) :             0.182ns  (arrival time - required time)
  Source:                 datapath_uut/video_uut/inst_dvid/latched_blue_reg[0]/C
                            (rising edge-triggered cell FDRE clocked by clk_out1_clk_wiz_0  {rise@0.000ns fall@20.000ns period=40.000ns})
  Destination:            datapath_uut/video_uut/inst_dvid/shift_blue_reg[0]/D
                            (rising edge-triggered cell FDRE clocked by clk_out2_clk_wiz_0  {rise@0.000ns fall@4.000ns period=8.000ns})
  Path Group:             clk_out2_clk_wiz_0
  Path Type:              Hold (Min at Fast Process Corner)
  Requirement:            0.000ns  (clk_out2_clk_wiz_0 rise@0.000ns - clk_out1_clk_wiz_0 rise@0.000ns)
  Data Path Delay:        0.839ns  (logic 0.209ns (24.915%)  route 0.630ns (75.085%))
  Logic Levels:           1  (LUT3=1)
  Clock Path Skew:        0.323ns (DCD - SCD - CPR)
    Destination Clock Delay (DCD):    -1.335ns
    Source Clock Delay      (SCD):    -0.905ns
    Clock Pessimism Removal (CPR):    -0.753ns
  Clock Uncertainty:      0.215ns  ((TSJ^2 + DJ^2)^1/2) / 2 + PE
    Total System Jitter     (TSJ):    0.071ns
    Discrete Jitter          (DJ):    0.175ns
    Phase Error              (PE):    0.120ns

    Location             Delay type                Incr(ns)  Path(ns)    Netlist Resource(s)
  -------------------------------------------------------------------    -------------------
                         (clock clk_out1_clk_wiz_0 rise edge)
                                                      0.000     0.000 r  
    R4                   IBUF                         0.000     0.000 r  clk_IBUF_inst/O
                         net (fo=27, routed)          0.440     0.440    datapath_uut/video_uut/mmcm_adv_inst_display_clocks/inst/clk_in1
    MMCME2_ADV_X1Y2      MMCME2_ADV (Prop_mmcme2_adv_CLKIN1_CLKOUT0)
                                                     -2.540    -2.099 r  datapath_uut/video_uut/mmcm_adv_inst_display_clocks/inst/mmcm_adv_inst/CLKOUT0
                         net (fo=1, routed)           0.531    -1.568    datapath_uut/video_uut/mmcm_adv_inst_display_clocks/inst/clk_out1_clk_wiz_0
    BUFGCTRL_X0Y1        BUFG (Prop_bufg_I_O)         0.026    -1.542 r  datapath_uut/video_uut/mmcm_adv_inst_display_clocks/inst/clkout1_buf/O
                         net (fo=271, routed)         0.638    -0.905    datapath_uut/video_uut/inst_dvid/clk_out1
    SLICE_X162Y127       FDRE                                         r  datapath_uut/video_uut/inst_dvid/latched_blue_reg[0]/C
  -------------------------------------------------------------------    -------------------
    SLICE_X162Y127       FDRE (Prop_fdre_C_Q)         0.164    -0.741 r  datapath_uut/video_uut/inst_dvid/latched_blue_reg[0]/Q
                         net (fo=1, routed)           0.630    -0.111    datapath_uut/video_uut/inst_dvid/latched_blue[0]
    SLICE_X162Y129       LUT3 (Prop_lut3_I2_O)        0.045    -0.066 r  datapath_uut/video_uut/inst_dvid/shift_blue[0]_i_1/O
                         net (fo=1, routed)           0.000    -0.066    datapath_uut/video_uut/inst_dvid/shift_blue_0[0]
    SLICE_X162Y129       FDRE                                         r  datapath_uut/video_uut/inst_dvid/shift_blue_reg[0]/D
  -------------------------------------------------------------------    -------------------

                         (clock clk_out2_clk_wiz_0 rise edge)
                                                      0.000     0.000 r  
    R4                   IBUF                         0.000     0.000 r  clk_IBUF_inst/O
                         net (fo=27, routed)          0.480     0.480    datapath_uut/video_uut/mmcm_adv_inst_display_clocks/inst/clk_in1
    MMCME2_ADV_X1Y2      MMCME2_ADV (Prop_mmcme2_adv_CLKIN1_CLKOUT1)
                                                     -3.332    -2.852 r  datapath_uut/video_uut/mmcm_adv_inst_display_clocks/inst/mmcm_adv_inst/CLKOUT1
                         net (fo=1, routed)           0.579    -2.274    datapath_uut/video_uut/mmcm_adv_inst_display_clocks/inst/clk_out2_clk_wiz_0
    BUFGCTRL_X0Y0        BUFG (Prop_bufg_I_O)         0.029    -2.245 r  datapath_uut/video_uut/mmcm_adv_inst_display_clocks/inst/clkout2_buf/O
                         net (fo=44, routed)          0.910    -1.335    datapath_uut/video_uut/inst_dvid/clk_out2
    SLICE_X162Y129       FDRE                                         r  datapath_uut/video_uut/inst_dvid/shift_blue_reg[0]/C
                         clock pessimism              0.753    -0.582    
                         clock uncertainty            0.215    -0.368    
    SLICE_X162Y129       FDRE (Hold_fdre_C_D)         0.120    -0.248    datapath_uut/video_uut/inst_dvid/shift_blue_reg[0]
  -------------------------------------------------------------------
                         required time                          0.248    
                         arrival time                          -0.066    
  -------------------------------------------------------------------
                         slack                                  0.182    

Slack (MET) :             0.188ns  (arrival time - required time)
  Source:                 datapath_uut/video_uut/inst_dvid/latched_blue_reg[2]/C
                            (rising edge-triggered cell FDRE clocked by clk_out1_clk_wiz_0  {rise@0.000ns fall@20.000ns period=40.000ns})
  Destination:            datapath_uut/video_uut/inst_dvid/shift_blue_reg[2]/D
                            (rising edge-triggered cell FDRE clocked by clk_out2_clk_wiz_0  {rise@0.000ns fall@4.000ns period=8.000ns})
  Path Group:             clk_out2_clk_wiz_0
  Path Type:              Hold (Min at Fast Process Corner)
  Requirement:            0.000ns  (clk_out2_clk_wiz_0 rise@0.000ns - clk_out1_clk_wiz_0 rise@0.000ns)
  Data Path Delay:        0.846ns  (logic 0.209ns (24.708%)  route 0.637ns (75.292%))
  Logic Levels:           1  (LUT3=1)
  Clock Path Skew:        0.323ns (DCD - SCD - CPR)
    Destination Clock Delay (DCD):    -1.335ns
    Source Clock Delay      (SCD):    -0.905ns
    Clock Pessimism Removal (CPR):    -0.753ns
  Clock Uncertainty:      0.215ns  ((TSJ^2 + DJ^2)^1/2) / 2 + PE
    Total System Jitter     (TSJ):    0.071ns
    Discrete Jitter          (DJ):    0.175ns
    Phase Error              (PE):    0.120ns

    Location             Delay type                Incr(ns)  Path(ns)    Netlist Resource(s)
  -------------------------------------------------------------------    -------------------
                         (clock clk_out1_clk_wiz_0 rise edge)
                                                      0.000     0.000 r  
    R4                   IBUF                         0.000     0.000 r  clk_IBUF_inst/O
                         net (fo=27, routed)          0.440     0.440    datapath_uut/video_uut/mmcm_adv_inst_display_clocks/inst/clk_in1
    MMCME2_ADV_X1Y2      MMCME2_ADV (Prop_mmcme2_adv_CLKIN1_CLKOUT0)
                                                     -2.540    -2.099 r  datapath_uut/video_uut/mmcm_adv_inst_display_clocks/inst/mmcm_adv_inst/CLKOUT0
                         net (fo=1, routed)           0.531    -1.568    datapath_uut/video_uut/mmcm_adv_inst_display_clocks/inst/clk_out1_clk_wiz_0
    BUFGCTRL_X0Y1        BUFG (Prop_bufg_I_O)         0.026    -1.542 r  datapath_uut/video_uut/mmcm_adv_inst_display_clocks/inst/clkout1_buf/O
                         net (fo=271, routed)         0.638    -0.905    datapath_uut/video_uut/inst_dvid/clk_out1
    SLICE_X162Y127       FDRE                                         r  datapath_uut/video_uut/inst_dvid/latched_blue_reg[2]/C
  -------------------------------------------------------------------    -------------------
    SLICE_X162Y127       FDRE (Prop_fdre_C_Q)         0.164    -0.741 r  datapath_uut/video_uut/inst_dvid/latched_blue_reg[2]/Q
                         net (fo=1, routed)           0.637    -0.104    datapath_uut/video_uut/inst_dvid/latched_blue[2]
    SLICE_X162Y129       LUT3 (Prop_lut3_I2_O)        0.045    -0.059 r  datapath_uut/video_uut/inst_dvid/shift_blue[2]_i_1/O
                         net (fo=1, routed)           0.000    -0.059    datapath_uut/video_uut/inst_dvid/shift_blue_0[2]
    SLICE_X162Y129       FDRE                                         r  datapath_uut/video_uut/inst_dvid/shift_blue_reg[2]/D
  -------------------------------------------------------------------    -------------------

                         (clock clk_out2_clk_wiz_0 rise edge)
                                                      0.000     0.000 r  
    R4                   IBUF                         0.000     0.000 r  clk_IBUF_inst/O
                         net (fo=27, routed)          0.480     0.480    datapath_uut/video_uut/mmcm_adv_inst_display_clocks/inst/clk_in1
    MMCME2_ADV_X1Y2      MMCME2_ADV (Prop_mmcme2_adv_CLKIN1_CLKOUT1)
                                                     -3.332    -2.852 r  datapath_uut/video_uut/mmcm_adv_inst_display_clocks/inst/mmcm_adv_inst/CLKOUT1
                         net (fo=1, routed)           0.579    -2.274    datapath_uut/video_uut/mmcm_adv_inst_display_clocks/inst/clk_out2_clk_wiz_0
    BUFGCTRL_X0Y0        BUFG (Prop_bufg_I_O)         0.029    -2.245 r  datapath_uut/video_uut/mmcm_adv_inst_display_clocks/inst/clkout2_buf/O
                         net (fo=44, routed)          0.910    -1.335    datapath_uut/video_uut/inst_dvid/clk_out2
    SLICE_X162Y129       FDRE                                         r  datapath_uut/video_uut/inst_dvid/shift_blue_reg[2]/C
                         clock pessimism              0.753    -0.582    
                         clock uncertainty            0.215    -0.368    
    SLICE_X162Y129       FDRE (Hold_fdre_C_D)         0.121    -0.247    datapath_uut/video_uut/inst_dvid/shift_blue_reg[2]
  -------------------------------------------------------------------
                         required time                          0.247    
                         arrival time                          -0.059    
  -------------------------------------------------------------------
                         slack                                  0.188    

Slack (MET) :             0.196ns  (arrival time - required time)
  Source:                 datapath_uut/video_uut/inst_dvid/latched_red_reg[1]/C
                            (rising edge-triggered cell FDRE clocked by clk_out1_clk_wiz_0  {rise@0.000ns fall@20.000ns period=40.000ns})
  Destination:            datapath_uut/video_uut/inst_dvid/shift_red_reg[1]/D
                            (rising edge-triggered cell FDRE clocked by clk_out2_clk_wiz_0  {rise@0.000ns fall@4.000ns period=8.000ns})
  Path Group:             clk_out2_clk_wiz_0
  Path Type:              Hold (Min at Fast Process Corner)
  Requirement:            0.000ns  (clk_out2_clk_wiz_0 rise@0.000ns - clk_out1_clk_wiz_0 rise@0.000ns)
  Data Path Delay:        0.864ns  (logic 0.184ns (21.287%)  route 0.680ns (78.713%))
  Logic Levels:           1  (LUT3=1)
  Clock Path Skew:        0.323ns (DCD - SCD - CPR)
    Destination Clock Delay (DCD):    -1.328ns
    Source Clock Delay      (SCD):    -0.898ns
    Clock Pessimism Removal (CPR):    -0.753ns
  Clock Uncertainty:      0.215ns  ((TSJ^2 + DJ^2)^1/2) / 2 + PE
    Total System Jitter     (TSJ):    0.071ns
    Discrete Jitter          (DJ):    0.175ns
    Phase Error              (PE):    0.120ns

    Location             Delay type                Incr(ns)  Path(ns)    Netlist Resource(s)
  -------------------------------------------------------------------    -------------------
                         (clock clk_out1_clk_wiz_0 rise edge)
                                                      0.000     0.000 r  
    R4                   IBUF                         0.000     0.000 r  clk_IBUF_inst/O
                         net (fo=27, routed)          0.440     0.440    datapath_uut/video_uut/mmcm_adv_inst_display_clocks/inst/clk_in1
    MMCME2_ADV_X1Y2      MMCME2_ADV (Prop_mmcme2_adv_CLKIN1_CLKOUT0)
                                                     -2.540    -2.099 r  datapath_uut/video_uut/mmcm_adv_inst_display_clocks/inst/mmcm_adv_inst/CLKOUT0
                         net (fo=1, routed)           0.531    -1.568    datapath_uut/video_uut/mmcm_adv_inst_display_clocks/inst/clk_out1_clk_wiz_0
    BUFGCTRL_X0Y1        BUFG (Prop_bufg_I_O)         0.026    -1.542 r  datapath_uut/video_uut/mmcm_adv_inst_display_clocks/inst/clkout1_buf/O
                         net (fo=271, routed)         0.645    -0.898    datapath_uut/video_uut/inst_dvid/clk_out1
    SLICE_X161Y137       FDRE                                         r  datapath_uut/video_uut/inst_dvid/latched_red_reg[1]/C
  -------------------------------------------------------------------    -------------------
    SLICE_X161Y137       FDRE (Prop_fdre_C_Q)         0.141    -0.757 r  datapath_uut/video_uut/inst_dvid/latched_red_reg[1]/Q
                         net (fo=1, routed)           0.680    -0.076    datapath_uut/video_uut/inst_dvid/latched_red[1]
    SLICE_X162Y137       LUT3 (Prop_lut3_I2_O)        0.043    -0.033 r  datapath_uut/video_uut/inst_dvid/shift_red[1]_i_1/O
                         net (fo=1, routed)           0.000    -0.033    datapath_uut/video_uut/inst_dvid/shift_red[1]
    SLICE_X162Y137       FDRE                                         r  datapath_uut/video_uut/inst_dvid/shift_red_reg[1]/D
  -------------------------------------------------------------------    -------------------

                         (clock clk_out2_clk_wiz_0 rise edge)
                                                      0.000     0.000 r  
    R4                   IBUF                         0.000     0.000 r  clk_IBUF_inst/O
                         net (fo=27, routed)          0.480     0.480    datapath_uut/video_uut/mmcm_adv_inst_display_clocks/inst/clk_in1
    MMCME2_ADV_X1Y2      MMCME2_ADV (Prop_mmcme2_adv_CLKIN1_CLKOUT1)
                                                     -3.332    -2.852 r  datapath_uut/video_uut/mmcm_adv_inst_display_clocks/inst/mmcm_adv_inst/CLKOUT1
                         net (fo=1, routed)           0.579    -2.274    datapath_uut/video_uut/mmcm_adv_inst_display_clocks/inst/clk_out2_clk_wiz_0
    BUFGCTRL_X0Y0        BUFG (Prop_bufg_I_O)         0.029    -2.245 r  datapath_uut/video_uut/mmcm_adv_inst_display_clocks/inst/clkout2_buf/O
                         net (fo=44, routed)          0.917    -1.328    datapath_uut/video_uut/inst_dvid/clk_out2
    SLICE_X162Y137       FDRE                                         r  datapath_uut/video_uut/inst_dvid/shift_red_reg[1]/C
                         clock pessimism              0.753    -0.575    
                         clock uncertainty            0.215    -0.361    
    SLICE_X162Y137       FDRE (Hold_fdre_C_D)         0.131    -0.230    datapath_uut/video_uut/inst_dvid/shift_red_reg[1]
  -------------------------------------------------------------------
                         required time                          0.230    
                         arrival time                          -0.033    
  -------------------------------------------------------------------
                         slack                                  0.196    

Slack (MET) :             0.210ns  (arrival time - required time)
  Source:                 datapath_uut/video_uut/inst_dvid/latched_green_reg[2]/C
                            (rising edge-triggered cell FDRE clocked by clk_out1_clk_wiz_0  {rise@0.000ns fall@20.000ns period=40.000ns})
  Destination:            datapath_uut/video_uut/inst_dvid/shift_green_reg[2]/D
                            (rising edge-triggered cell FDRE clocked by clk_out2_clk_wiz_0  {rise@0.000ns fall@4.000ns period=8.000ns})
  Path Group:             clk_out2_clk_wiz_0
  Path Type:              Hold (Min at Fast Process Corner)
  Requirement:            0.000ns  (clk_out2_clk_wiz_0 rise@0.000ns - clk_out1_clk_wiz_0 rise@0.000ns)
  Data Path Delay:        0.868ns  (logic 0.186ns (21.435%)  route 0.682ns (78.565%))
  Logic Levels:           1  (LUT3=1)
  Clock Path Skew:        0.322ns (DCD - SCD - CPR)
    Destination Clock Delay (DCD):    -1.356ns
    Source Clock Delay      (SCD):    -0.925ns
    Clock Pessimism Removal (CPR):    -0.753ns
  Clock Uncertainty:      0.215ns  ((TSJ^2 + DJ^2)^1/2) / 2 + PE
    Total System Jitter     (TSJ):    0.071ns
    Discrete Jitter          (DJ):    0.175ns
    Phase Error              (PE):    0.120ns

    Location             Delay type                Incr(ns)  Path(ns)    Netlist Resource(s)
  -------------------------------------------------------------------    -------------------
                         (clock clk_out1_clk_wiz_0 rise edge)
                                                      0.000     0.000 r  
    R4                   IBUF                         0.000     0.000 r  clk_IBUF_inst/O
                         net (fo=27, routed)          0.440     0.440    datapath_uut/video_uut/mmcm_adv_inst_display_clocks/inst/clk_in1
    MMCME2_ADV_X1Y2      MMCME2_ADV (Prop_mmcme2_adv_CLKIN1_CLKOUT0)
                                                     -2.540    -2.099 r  datapath_uut/video_uut/mmcm_adv_inst_display_clocks/inst/mmcm_adv_inst/CLKOUT0
                         net (fo=1, routed)           0.531    -1.568    datapath_uut/video_uut/mmcm_adv_inst_display_clocks/inst/clk_out1_clk_wiz_0
    BUFGCTRL_X0Y1        BUFG (Prop_bufg_I_O)         0.026    -1.542 r  datapath_uut/video_uut/mmcm_adv_inst_display_clocks/inst/clkout1_buf/O
                         net (fo=271, routed)         0.618    -0.925    datapath_uut/video_uut/inst_dvid/clk_out1
    SLICE_X153Y137       FDRE                                         r  datapath_uut/video_uut/inst_dvid/latched_green_reg[2]/C
  -------------------------------------------------------------------    -------------------
    SLICE_X153Y137       FDRE (Prop_fdre_C_Q)         0.141    -0.784 r  datapath_uut/video_uut/inst_dvid/latched_green_reg[2]/Q
                         net (fo=1, routed)           0.682    -0.102    datapath_uut/video_uut/inst_dvid/latched_green[2]
    SLICE_X154Y137       LUT3 (Prop_lut3_I2_O)        0.045    -0.057 r  datapath_uut/video_uut/inst_dvid/shift_green[2]_i_1/O
                         net (fo=1, routed)           0.000    -0.057    datapath_uut/video_uut/inst_dvid/shift_green_1[2]
    SLICE_X154Y137       FDRE                                         r  datapath_uut/video_uut/inst_dvid/shift_green_reg[2]/D
  -------------------------------------------------------------------    -------------------

                         (clock clk_out2_clk_wiz_0 rise edge)
                                                      0.000     0.000 r  
    R4                   IBUF                         0.000     0.000 r  clk_IBUF_inst/O
                         net (fo=27, routed)          0.480     0.480    datapath_uut/video_uut/mmcm_adv_inst_display_clocks/inst/clk_in1
    MMCME2_ADV_X1Y2      MMCME2_ADV (Prop_mmcme2_adv_CLKIN1_CLKOUT1)
                                                     -3.332    -2.852 r  datapath_uut/video_uut/mmcm_adv_inst_display_clocks/inst/mmcm_adv_inst/CLKOUT1
                         net (fo=1, routed)           0.579    -2.274    datapath_uut/video_uut/mmcm_adv_inst_display_clocks/inst/clk_out2_clk_wiz_0
    BUFGCTRL_X0Y0        BUFG (Prop_bufg_I_O)         0.029    -2.245 r  datapath_uut/video_uut/mmcm_adv_inst_display_clocks/inst/clkout2_buf/O
                         net (fo=44, routed)          0.889    -1.356    datapath_uut/video_uut/inst_dvid/clk_out2
    SLICE_X154Y137       FDRE                                         r  datapath_uut/video_uut/inst_dvid/shift_green_reg[2]/C
                         clock pessimism              0.753    -0.603    
                         clock uncertainty            0.215    -0.389    
    SLICE_X154Y137       FDRE (Hold_fdre_C_D)         0.121    -0.268    datapath_uut/video_uut/inst_dvid/shift_green_reg[2]
  -------------------------------------------------------------------
                         required time                          0.268    
                         arrival time                          -0.057    
  -------------------------------------------------------------------
                         slack                                  0.210    





--------------------------------------------------------------------------------------
Path Group:  (none)
From Clock:  
  To Clock:  

Max Delay            80 Endpoints
Min Delay            80 Endpoints
--------------------------------------------------------------------------------------


Max Delay Paths
--------------------------------------------------------------------------------------
Slack:                    inf
  Source:                 datapath_uut/NES_uut/FSM_onehot_state_reg[4]/C
                            (rising edge-triggered cell FDSE)
  Destination:            latch
                            (output port)
  Path Group:             (none)
  Path Type:              Max at Slow Process Corner
  Data Path Delay:        13.274ns  (logic 4.453ns (33.543%)  route 8.822ns (66.457%))
  Logic Levels:           3  (FDSE=1 LUT2=1 OBUF=1)

    Location             Delay type                Incr(ns)  Path(ns)    Netlist Resource(s)
  -------------------------------------------------------------------    -------------------
    SLICE_X146Y116       FDSE                         0.000     0.000 r  datapath_uut/NES_uut/FSM_onehot_state_reg[4]/C
    SLICE_X146Y116       FDSE (Prop_fdse_C_Q)         0.518     0.518 r  datapath_uut/NES_uut/FSM_onehot_state_reg[4]/Q
                         net (fo=3, routed)           0.801     1.319    datapath_uut/NES_uut/FSM_onehot_state_reg_n_0_[4]
    SLICE_X145Y117       LUT2 (Prop_lut2_I0_O)        0.149     1.468 r  datapath_uut/NES_uut/latch_OBUF_inst_i_1/O
                         net (fo=1, routed)           8.020     9.489    latch_OBUF
    AB22                 OBUF (Prop_obuf_I_O)         3.786    13.274 r  latch_OBUF_inst/O
                         net (fo=0)                   0.000    13.274    latch
    AB22                                                              r  latch (OUT)
  -------------------------------------------------------------------    -------------------

Slack:                    inf
  Source:                 datapath_uut/NES_uut/FSM_onehot_state_reg[8]/C
                            (rising edge-triggered cell FDRE)
  Destination:            clk_pulse
                            (output port)
  Path Group:             (none)
  Path Type:              Max at Slow Process Corner
  Data Path Delay:        10.375ns  (logic 4.213ns (40.613%)  route 6.161ns (59.387%))
  Logic Levels:           3  (FDRE=1 LUT2=1 OBUF=1)

    Location             Delay type                Incr(ns)  Path(ns)    Netlist Resource(s)
  -------------------------------------------------------------------    -------------------
    SLICE_X146Y119       FDRE                         0.000     0.000 r  datapath_uut/NES_uut/FSM_onehot_state_reg[8]/C
    SLICE_X146Y119       FDRE (Prop_fdre_C_Q)         0.518     0.518 r  datapath_uut/NES_uut/FSM_onehot_state_reg[8]/Q
                         net (fo=3, routed)           0.749     1.267    datapath_uut/NES_uut/p_2_in
    SLICE_X145Y117       LUT2 (Prop_lut2_I1_O)        0.124     1.391 r  datapath_uut/NES_uut/clk_pulse_OBUF_inst_i_1/O
                         net (fo=1, routed)           5.413     6.803    clk_pulse_OBUF
    AB21                 OBUF (Prop_obuf_I_O)         3.571    10.375 r  clk_pulse_OBUF_inst/O
                         net (fo=0)                   0.000    10.375    clk_pulse
    AB21                                                              r  clk_pulse (OUT)
  -------------------------------------------------------------------    -------------------

Slack:                    inf
  Source:                 reset_n
                            (input port)
  Destination:            datapath_uut/NES_uut/FSM_onehot_state_reg[0]/R
  Path Group:             (none)
  Path Type:              Max at Slow Process Corner
  Data Path Delay:        6.609ns  (logic 1.186ns (17.943%)  route 5.423ns (82.057%))
  Logic Levels:           2  (IBUF=1 LUT1=1)

    Location             Delay type                Incr(ns)  Path(ns)    Netlist Resource(s)
  -------------------------------------------------------------------    -------------------
    G4                                                0.000     0.000 f  reset_n (IN)
                         net (fo=0)                   0.000     0.000    reset_n
    G4                   IBUF (Prop_ibuf_I_O)         1.062     1.062 f  reset_n_IBUF_inst/O
                         net (fo=7, routed)           3.164     4.226    datapath_uut/video_uut/Inst_vga/vga_signal_generator_inst/vertical_counter/reset_n_IBUF
    SLICE_X157Y116       LUT1 (Prop_lut1_I0_O)        0.124     4.350 r  datapath_uut/video_uut/Inst_vga/vga_signal_generator_inst/vertical_counter/FSM_onehot_state[11]_i_1/O
                         net (fo=32, routed)          2.258     6.609    datapath_uut/NES_uut/SR[0]
    SLICE_X145Y118       FDRE                                         r  datapath_uut/NES_uut/FSM_onehot_state_reg[0]/R
  -------------------------------------------------------------------    -------------------

Slack:                    inf
  Source:                 reset_n
                            (input port)
  Destination:            datapath_uut/NES_uut/FSM_onehot_state_reg[10]/R
  Path Group:             (none)
  Path Type:              Max at Slow Process Corner
  Data Path Delay:        6.609ns  (logic 1.186ns (17.943%)  route 5.423ns (82.057%))
  Logic Levels:           2  (IBUF=1 LUT1=1)

    Location             Delay type                Incr(ns)  Path(ns)    Netlist Resource(s)
  -------------------------------------------------------------------    -------------------
    G4                                                0.000     0.000 f  reset_n (IN)
                         net (fo=0)                   0.000     0.000    reset_n
    G4                   IBUF (Prop_ibuf_I_O)         1.062     1.062 f  reset_n_IBUF_inst/O
                         net (fo=7, routed)           3.164     4.226    datapath_uut/video_uut/Inst_vga/vga_signal_generator_inst/vertical_counter/reset_n_IBUF
    SLICE_X157Y116       LUT1 (Prop_lut1_I0_O)        0.124     4.350 r  datapath_uut/video_uut/Inst_vga/vga_signal_generator_inst/vertical_counter/FSM_onehot_state[11]_i_1/O
                         net (fo=32, routed)          2.258     6.609    datapath_uut/NES_uut/SR[0]
    SLICE_X145Y118       FDRE                                         r  datapath_uut/NES_uut/FSM_onehot_state_reg[10]/R
  -------------------------------------------------------------------    -------------------

Slack:                    inf
  Source:                 reset_n
                            (input port)
  Destination:            datapath_uut/NES_uut/FSM_onehot_state_reg[3]/R
  Path Group:             (none)
  Path Type:              Max at Slow Process Corner
  Data Path Delay:        6.609ns  (logic 1.186ns (17.943%)  route 5.423ns (82.057%))
  Logic Levels:           2  (IBUF=1 LUT1=1)

    Location             Delay type                Incr(ns)  Path(ns)    Netlist Resource(s)
  -------------------------------------------------------------------    -------------------
    G4                                                0.000     0.000 f  reset_n (IN)
                         net (fo=0)                   0.000     0.000    reset_n
    G4                   IBUF (Prop_ibuf_I_O)         1.062     1.062 f  reset_n_IBUF_inst/O
                         net (fo=7, routed)           3.164     4.226    datapath_uut/video_uut/Inst_vga/vga_signal_generator_inst/vertical_counter/reset_n_IBUF
    SLICE_X157Y116       LUT1 (Prop_lut1_I0_O)        0.124     4.350 r  datapath_uut/video_uut/Inst_vga/vga_signal_generator_inst/vertical_counter/FSM_onehot_state[11]_i_1/O
                         net (fo=32, routed)          2.258     6.609    datapath_uut/NES_uut/SR[0]
    SLICE_X145Y118       FDRE                                         r  datapath_uut/NES_uut/FSM_onehot_state_reg[3]/R
  -------------------------------------------------------------------    -------------------

Slack:                    inf
  Source:                 reset_n
                            (input port)
  Destination:            datapath_uut/NES_uut/FSM_onehot_state_reg[7]/R
  Path Group:             (none)
  Path Type:              Max at Slow Process Corner
  Data Path Delay:        6.609ns  (logic 1.186ns (17.943%)  route 5.423ns (82.057%))
  Logic Levels:           2  (IBUF=1 LUT1=1)

    Location             Delay type                Incr(ns)  Path(ns)    Netlist Resource(s)
  -------------------------------------------------------------------    -------------------
    G4                                                0.000     0.000 f  reset_n (IN)
                         net (fo=0)                   0.000     0.000    reset_n
    G4                   IBUF (Prop_ibuf_I_O)         1.062     1.062 f  reset_n_IBUF_inst/O
                         net (fo=7, routed)           3.164     4.226    datapath_uut/video_uut/Inst_vga/vga_signal_generator_inst/vertical_counter/reset_n_IBUF
    SLICE_X157Y116       LUT1 (Prop_lut1_I0_O)        0.124     4.350 r  datapath_uut/video_uut/Inst_vga/vga_signal_generator_inst/vertical_counter/FSM_onehot_state[11]_i_1/O
                         net (fo=32, routed)          2.258     6.609    datapath_uut/NES_uut/SR[0]
    SLICE_X145Y118       FDRE                                         r  datapath_uut/NES_uut/FSM_onehot_state_reg[7]/R
  -------------------------------------------------------------------    -------------------

Slack:                    inf
  Source:                 reset_n
                            (input port)
  Destination:            datapath_uut/NES_uut/FSM_onehot_state_reg[11]/R
  Path Group:             (none)
  Path Type:              Max at Slow Process Corner
  Data Path Delay:        6.582ns  (logic 1.186ns (18.015%)  route 5.396ns (81.985%))
  Logic Levels:           2  (IBUF=1 LUT1=1)

    Location             Delay type                Incr(ns)  Path(ns)    Netlist Resource(s)
  -------------------------------------------------------------------    -------------------
    G4                                                0.000     0.000 f  reset_n (IN)
                         net (fo=0)                   0.000     0.000    reset_n
    G4                   IBUF (Prop_ibuf_I_O)         1.062     1.062 f  reset_n_IBUF_inst/O
                         net (fo=7, routed)           3.164     4.226    datapath_uut/video_uut/Inst_vga/vga_signal_generator_inst/vertical_counter/reset_n_IBUF
    SLICE_X157Y116       LUT1 (Prop_lut1_I0_O)        0.124     4.350 r  datapath_uut/video_uut/Inst_vga/vga_signal_generator_inst/vertical_counter/FSM_onehot_state[11]_i_1/O
                         net (fo=32, routed)          2.232     6.582    datapath_uut/NES_uut/SR[0]
    SLICE_X147Y116       FDRE                                         r  datapath_uut/NES_uut/FSM_onehot_state_reg[11]/R
  -------------------------------------------------------------------    -------------------

Slack:                    inf
  Source:                 reset_n
                            (input port)
  Destination:            datapath_uut/NES_uut/FSM_onehot_state_reg[1]/R
  Path Group:             (none)
  Path Type:              Max at Slow Process Corner
  Data Path Delay:        6.582ns  (logic 1.186ns (18.015%)  route 5.396ns (81.985%))
  Logic Levels:           2  (IBUF=1 LUT1=1)

    Location             Delay type                Incr(ns)  Path(ns)    Netlist Resource(s)
  -------------------------------------------------------------------    -------------------
    G4                                                0.000     0.000 f  reset_n (IN)
                         net (fo=0)                   0.000     0.000    reset_n
    G4                   IBUF (Prop_ibuf_I_O)         1.062     1.062 f  reset_n_IBUF_inst/O
                         net (fo=7, routed)           3.164     4.226    datapath_uut/video_uut/Inst_vga/vga_signal_generator_inst/vertical_counter/reset_n_IBUF
    SLICE_X157Y116       LUT1 (Prop_lut1_I0_O)        0.124     4.350 r  datapath_uut/video_uut/Inst_vga/vga_signal_generator_inst/vertical_counter/FSM_onehot_state[11]_i_1/O
                         net (fo=32, routed)          2.232     6.582    datapath_uut/NES_uut/SR[0]
    SLICE_X147Y116       FDRE                                         r  datapath_uut/NES_uut/FSM_onehot_state_reg[1]/R
  -------------------------------------------------------------------    -------------------

Slack:                    inf
  Source:                 reset_n
                            (input port)
  Destination:            datapath_uut/NES_uut/FSM_onehot_state_reg[2]/R
  Path Group:             (none)
  Path Type:              Max at Slow Process Corner
  Data Path Delay:        6.582ns  (logic 1.186ns (18.015%)  route 5.396ns (81.985%))
  Logic Levels:           2  (IBUF=1 LUT1=1)

    Location             Delay type                Incr(ns)  Path(ns)    Netlist Resource(s)
  -------------------------------------------------------------------    -------------------
    G4                                                0.000     0.000 f  reset_n (IN)
                         net (fo=0)                   0.000     0.000    reset_n
    G4                   IBUF (Prop_ibuf_I_O)         1.062     1.062 f  reset_n_IBUF_inst/O
                         net (fo=7, routed)           3.164     4.226    datapath_uut/video_uut/Inst_vga/vga_signal_generator_inst/vertical_counter/reset_n_IBUF
    SLICE_X157Y116       LUT1 (Prop_lut1_I0_O)        0.124     4.350 r  datapath_uut/video_uut/Inst_vga/vga_signal_generator_inst/vertical_counter/FSM_onehot_state[11]_i_1/O
                         net (fo=32, routed)          2.232     6.582    datapath_uut/NES_uut/SR[0]
    SLICE_X146Y116       FDRE                                         r  datapath_uut/NES_uut/FSM_onehot_state_reg[2]/R
  -------------------------------------------------------------------    -------------------

Slack:                    inf
  Source:                 reset_n
                            (input port)
  Destination:            datapath_uut/NES_uut/FSM_onehot_state_reg[4]/S
  Path Group:             (none)
  Path Type:              Max at Slow Process Corner
  Data Path Delay:        6.582ns  (logic 1.186ns (18.015%)  route 5.396ns (81.985%))
  Logic Levels:           2  (IBUF=1 LUT1=1)

    Location             Delay type                Incr(ns)  Path(ns)    Netlist Resource(s)
  -------------------------------------------------------------------    -------------------
    G4                                                0.000     0.000 f  reset_n (IN)
                         net (fo=0)                   0.000     0.000    reset_n
    G4                   IBUF (Prop_ibuf_I_O)         1.062     1.062 f  reset_n_IBUF_inst/O
                         net (fo=7, routed)           3.164     4.226    datapath_uut/video_uut/Inst_vga/vga_signal_generator_inst/vertical_counter/reset_n_IBUF
    SLICE_X157Y116       LUT1 (Prop_lut1_I0_O)        0.124     4.350 r  datapath_uut/video_uut/Inst_vga/vga_signal_generator_inst/vertical_counter/FSM_onehot_state[11]_i_1/O
                         net (fo=32, routed)          2.232     6.582    datapath_uut/NES_uut/SR[0]
    SLICE_X146Y116       FDSE                                         r  datapath_uut/NES_uut/FSM_onehot_state_reg[4]/S
  -------------------------------------------------------------------    -------------------





Min Delay Paths
--------------------------------------------------------------------------------------
Slack:                    inf
  Source:                 datapath_uut/NES_uut/FSM_onehot_state_reg[3]/C
                            (rising edge-triggered cell FDRE)
  Destination:            datapath_uut/NES_uut/FSM_onehot_state_reg[0]/D
  Path Group:             (none)
  Path Type:              Min at Fast Process Corner
  Data Path Delay:        0.269ns  (logic 0.141ns (52.358%)  route 0.128ns (47.642%))
  Logic Levels:           1  (FDRE=1)

    Location             Delay type                Incr(ns)  Path(ns)    Netlist Resource(s)
  -------------------------------------------------------------------    -------------------
    SLICE_X145Y118       FDRE                         0.000     0.000 r  datapath_uut/NES_uut/FSM_onehot_state_reg[3]/C
    SLICE_X145Y118       FDRE (Prop_fdre_C_Q)         0.141     0.141 r  datapath_uut/NES_uut/FSM_onehot_state_reg[3]/Q
                         net (fo=2, routed)           0.128     0.269    datapath_uut/NES_uut/p_1_in2_in
    SLICE_X145Y118       FDRE                                         r  datapath_uut/NES_uut/FSM_onehot_state_reg[0]/D
  -------------------------------------------------------------------    -------------------

Slack:                    inf
  Source:                 datapath_uut/NES_uut/counter_6us/processQ_reg[8]/C
                            (rising edge-triggered cell FDRE)
  Destination:            datapath_uut/NES_uut/counter_6us/processQ_reg[9]/D
  Path Group:             (none)
  Path Type:              Min at Fast Process Corner
  Data Path Delay:        0.310ns  (logic 0.227ns (73.136%)  route 0.083ns (26.864%))
  Logic Levels:           2  (FDRE=1 LUT6=1)

    Location             Delay type                Incr(ns)  Path(ns)    Netlist Resource(s)
  -------------------------------------------------------------------    -------------------
    SLICE_X145Y117       FDRE                         0.000     0.000 r  datapath_uut/NES_uut/counter_6us/processQ_reg[8]/C
    SLICE_X145Y117       FDRE (Prop_fdre_C_Q)         0.128     0.128 r  datapath_uut/NES_uut/counter_6us/processQ_reg[8]/Q
                         net (fo=4, routed)           0.083     0.211    datapath_uut/NES_uut/counter_6us/Q[8]
    SLICE_X145Y117       LUT6 (Prop_lut6_I5_O)        0.099     0.310 r  datapath_uut/NES_uut/counter_6us/processQ[9]_i_3/O
                         net (fo=1, routed)           0.000     0.310    datapath_uut/NES_uut/counter_6us/processQ[9]_i_3_n_0
    SLICE_X145Y117       FDRE                                         r  datapath_uut/NES_uut/counter_6us/processQ_reg[9]/D
  -------------------------------------------------------------------    -------------------

Slack:                    inf
  Source:                 datapath_uut/NES_uut/FSM_onehot_state_reg[9]/C
                            (rising edge-triggered cell FDRE)
  Destination:            datapath_uut/NES_uut/FSM_onehot_state_reg[10]/D
  Path Group:             (none)
  Path Type:              Min at Fast Process Corner
  Data Path Delay:        0.334ns  (logic 0.164ns (49.163%)  route 0.170ns (50.837%))
  Logic Levels:           1  (FDRE=1)

    Location             Delay type                Incr(ns)  Path(ns)    Netlist Resource(s)
  -------------------------------------------------------------------    -------------------
    SLICE_X146Y119       FDRE                         0.000     0.000 r  datapath_uut/NES_uut/FSM_onehot_state_reg[9]/C
    SLICE_X146Y119       FDRE (Prop_fdre_C_Q)         0.164     0.164 r  datapath_uut/NES_uut/FSM_onehot_state_reg[9]/Q
                         net (fo=2, routed)           0.170     0.334    datapath_uut/NES_uut/FSM_onehot_state_reg_n_0_[9]
    SLICE_X145Y118       FDRE                                         r  datapath_uut/NES_uut/FSM_onehot_state_reg[10]/D
  -------------------------------------------------------------------    -------------------

Slack:                    inf
  Source:                 datapath_uut/NES_uut/FSM_onehot_state_reg[2]/C
                            (rising edge-triggered cell FDRE)
  Destination:            datapath_uut/NES_uut/counter_7/processQ_reg[0]/CE
  Path Group:             (none)
  Path Type:              Min at Fast Process Corner
  Data Path Delay:        0.339ns  (logic 0.164ns (48.409%)  route 0.175ns (51.591%))
  Logic Levels:           1  (FDRE=1)

    Location             Delay type                Incr(ns)  Path(ns)    Netlist Resource(s)
  -------------------------------------------------------------------    -------------------
    SLICE_X146Y116       FDRE                         0.000     0.000 r  datapath_uut/NES_uut/FSM_onehot_state_reg[2]/C
    SLICE_X146Y116       FDRE (Prop_fdre_C_Q)         0.164     0.164 r  datapath_uut/NES_uut/FSM_onehot_state_reg[2]/Q
                         net (fo=6, routed)           0.175     0.339    datapath_uut/NES_uut/counter_7/Q[1]
    SLICE_X146Y117       FDRE                                         r  datapath_uut/NES_uut/counter_7/processQ_reg[0]/CE
  -------------------------------------------------------------------    -------------------

Slack:                    inf
  Source:                 datapath_uut/NES_uut/FSM_onehot_state_reg[2]/C
                            (rising edge-triggered cell FDRE)
  Destination:            datapath_uut/NES_uut/counter_7/processQ_reg[1]/CE
  Path Group:             (none)
  Path Type:              Min at Fast Process Corner
  Data Path Delay:        0.339ns  (logic 0.164ns (48.409%)  route 0.175ns (51.591%))
  Logic Levels:           1  (FDRE=1)

    Location             Delay type                Incr(ns)  Path(ns)    Netlist Resource(s)
  -------------------------------------------------------------------    -------------------
    SLICE_X146Y116       FDRE                         0.000     0.000 r  datapath_uut/NES_uut/FSM_onehot_state_reg[2]/C
    SLICE_X146Y116       FDRE (Prop_fdre_C_Q)         0.164     0.164 r  datapath_uut/NES_uut/FSM_onehot_state_reg[2]/Q
                         net (fo=6, routed)           0.175     0.339    datapath_uut/NES_uut/counter_7/Q[1]
    SLICE_X146Y117       FDRE                                         r  datapath_uut/NES_uut/counter_7/processQ_reg[1]/CE
  -------------------------------------------------------------------    -------------------

Slack:                    inf
  Source:                 datapath_uut/NES_uut/FSM_onehot_state_reg[2]/C
                            (rising edge-triggered cell FDRE)
  Destination:            datapath_uut/NES_uut/counter_7/processQ_reg[2]/CE
  Path Group:             (none)
  Path Type:              Min at Fast Process Corner
  Data Path Delay:        0.339ns  (logic 0.164ns (48.409%)  route 0.175ns (51.591%))
  Logic Levels:           1  (FDRE=1)

    Location             Delay type                Incr(ns)  Path(ns)    Netlist Resource(s)
  -------------------------------------------------------------------    -------------------
    SLICE_X146Y116       FDRE                         0.000     0.000 r  datapath_uut/NES_uut/FSM_onehot_state_reg[2]/C
    SLICE_X146Y116       FDRE (Prop_fdre_C_Q)         0.164     0.164 r  datapath_uut/NES_uut/FSM_onehot_state_reg[2]/Q
                         net (fo=6, routed)           0.175     0.339    datapath_uut/NES_uut/counter_7/Q[1]
    SLICE_X146Y117       FDRE                                         r  datapath_uut/NES_uut/counter_7/processQ_reg[2]/CE
  -------------------------------------------------------------------    -------------------

Slack:                    inf
  Source:                 datapath_uut/NES_uut/FSM_onehot_state_reg[2]/C
                            (rising edge-triggered cell FDRE)
  Destination:            datapath_uut/NES_uut/counter_7/processQ_reg[3]/CE
  Path Group:             (none)
  Path Type:              Min at Fast Process Corner
  Data Path Delay:        0.339ns  (logic 0.164ns (48.409%)  route 0.175ns (51.591%))
  Logic Levels:           1  (FDRE=1)

    Location             Delay type                Incr(ns)  Path(ns)    Netlist Resource(s)
  -------------------------------------------------------------------    -------------------
    SLICE_X146Y116       FDRE                         0.000     0.000 r  datapath_uut/NES_uut/FSM_onehot_state_reg[2]/C
    SLICE_X146Y116       FDRE (Prop_fdre_C_Q)         0.164     0.164 r  datapath_uut/NES_uut/FSM_onehot_state_reg[2]/Q
                         net (fo=6, routed)           0.175     0.339    datapath_uut/NES_uut/counter_7/Q[1]
    SLICE_X146Y117       FDRE                                         r  datapath_uut/NES_uut/counter_7/processQ_reg[3]/CE
  -------------------------------------------------------------------    -------------------

Slack:                    inf
  Source:                 datapath_uut/NES_uut/FSM_onehot_state_reg[5]/C
                            (rising edge-triggered cell FDRE)
  Destination:            datapath_uut/NES_uut/FSM_onehot_state_reg[4]/D
  Path Group:             (none)
  Path Type:              Min at Fast Process Corner
  Data Path Delay:        0.342ns  (logic 0.148ns (43.302%)  route 0.194ns (56.698%))
  Logic Levels:           1  (FDRE=1)

    Location             Delay type                Incr(ns)  Path(ns)    Netlist Resource(s)
  -------------------------------------------------------------------    -------------------
    SLICE_X146Y116       FDRE                         0.000     0.000 r  datapath_uut/NES_uut/FSM_onehot_state_reg[5]/C
    SLICE_X146Y116       FDRE (Prop_fdre_C_Q)         0.148     0.148 r  datapath_uut/NES_uut/FSM_onehot_state_reg[5]/Q
                         net (fo=2, routed)           0.194     0.342    datapath_uut/NES_uut/FSM_onehot_state_reg_n_0_[5]
    SLICE_X146Y116       FDSE                                         r  datapath_uut/NES_uut/FSM_onehot_state_reg[4]/D
  -------------------------------------------------------------------    -------------------

Slack:                    inf
  Source:                 datapath_uut/NES_uut/FSM_onehot_state_reg[8]/C
                            (rising edge-triggered cell FDRE)
  Destination:            datapath_uut/NES_uut/FSM_onehot_state_reg[9]/D
  Path Group:             (none)
  Path Type:              Min at Fast Process Corner
  Data Path Delay:        0.346ns  (logic 0.164ns (47.343%)  route 0.182ns (52.657%))
  Logic Levels:           1  (FDRE=1)

    Location             Delay type                Incr(ns)  Path(ns)    Netlist Resource(s)
  -------------------------------------------------------------------    -------------------
    SLICE_X146Y119       FDRE                         0.000     0.000 r  datapath_uut/NES_uut/FSM_onehot_state_reg[8]/C
    SLICE_X146Y119       FDRE (Prop_fdre_C_Q)         0.164     0.164 r  datapath_uut/NES_uut/FSM_onehot_state_reg[8]/Q
                         net (fo=3, routed)           0.182     0.346    datapath_uut/NES_uut/p_2_in
    SLICE_X146Y119       FDRE                                         r  datapath_uut/NES_uut/FSM_onehot_state_reg[9]/D
  -------------------------------------------------------------------    -------------------

Slack:                    inf
  Source:                 datapath_uut/NES_uut/FSM_onehot_state_reg[1]/C
                            (rising edge-triggered cell FDRE)
  Destination:            datapath_uut/NES_uut/FSM_onehot_state_reg[2]/D
  Path Group:             (none)
  Path Type:              Min at Fast Process Corner
  Data Path Delay:        0.349ns  (logic 0.186ns (53.243%)  route 0.163ns (46.757%))
  Logic Levels:           2  (FDRE=1 LUT3=1)

    Location             Delay type                Incr(ns)  Path(ns)    Netlist Resource(s)
  -------------------------------------------------------------------    -------------------
    SLICE_X147Y116       FDRE                         0.000     0.000 r  datapath_uut/NES_uut/FSM_onehot_state_reg[1]/C
    SLICE_X147Y116       FDRE (Prop_fdre_C_Q)         0.141     0.141 r  datapath_uut/NES_uut/FSM_onehot_state_reg[1]/Q
                         net (fo=6, routed)           0.163     0.304    datapath_uut/NES_uut/counter_7/Q[0]
    SLICE_X146Y116       LUT3 (Prop_lut3_I2_O)        0.045     0.349 r  datapath_uut/NES_uut/counter_7/FSM_onehot_state[2]_i_1/O
                         net (fo=1, routed)           0.000     0.349    datapath_uut/NES_uut/counter_7_n_1
    SLICE_X146Y116       FDRE                                         r  datapath_uut/NES_uut/FSM_onehot_state_reg[2]/D
  -------------------------------------------------------------------    -------------------





--------------------------------------------------------------------------------------
Path Group:  (none)
From Clock:  clk_out1_clk_wiz_0
  To Clock:  

Max Delay            24 Endpoints
Min Delay            24 Endpoints
--------------------------------------------------------------------------------------


Max Delay Paths
--------------------------------------------------------------------------------------
Slack:                    inf
  Source:                 datapath_uut/video_uut/Inst_vga/color_mapper_inst/button_pressed_reg[1]/C
                            (rising edge-triggered cell FDRE clocked by clk_out1_clk_wiz_0  {rise@0.000ns fall@20.000ns period=40.000ns})
  Destination:            datapath_uut/video_uut/Inst_vga/color_mapper_inst/chicken_index_reg[2]/D
  Path Group:             (none)
  Path Type:              Max at Slow Process Corner
  Data Path Delay:        4.557ns  (logic 0.992ns (21.771%)  route 3.565ns (78.229%))
  Logic Levels:           2  (LUT4=1 LUT5=1)
  Clock Uncertainty:      0.190ns  ((TSJ^2 + DJ^2)^1/2) / 2 + PE
    Total System Jitter     (TSJ):    0.050ns
    Discrete Jitter          (DJ):    0.175ns
    Phase Error              (PE):    0.099ns

    Location             Delay type                Incr(ns)  Path(ns)    Netlist Resource(s)
  -------------------------------------------------------------------    -------------------
                         (clock clk_out1_clk_wiz_0 rise edge)
                                                      0.000     0.000 r  
    R4                   IBUF                         0.000     0.000 r  clk_IBUF_inst/O
                         net (fo=27, routed)          1.233     1.233    datapath_uut/video_uut/mmcm_adv_inst_display_clocks/inst/clk_in1
    MMCME2_ADV_X1Y2      MMCME2_ADV (Prop_mmcme2_adv_CLKIN1_CLKOUT0)
                                                     -7.432    -6.199 r  datapath_uut/video_uut/mmcm_adv_inst_display_clocks/inst/mmcm_adv_inst/CLKOUT0
                         net (fo=1, routed)           1.808    -4.390    datapath_uut/video_uut/mmcm_adv_inst_display_clocks/inst/clk_out1_clk_wiz_0
    BUFGCTRL_X0Y1        BUFG (Prop_bufg_I_O)         0.096    -4.294 r  datapath_uut/video_uut/mmcm_adv_inst_display_clocks/inst/clkout1_buf/O
                         net (fo=271, routed)         1.748    -2.546    datapath_uut/video_uut/Inst_vga/color_mapper_inst/clk_out1
    SLICE_X148Y116       FDRE                                         r  datapath_uut/video_uut/Inst_vga/color_mapper_inst/button_pressed_reg[1]/C
  -------------------------------------------------------------------    -------------------
    SLICE_X148Y116       FDRE (Prop_fdre_C_Q)         0.518    -2.028 f  datapath_uut/video_uut/Inst_vga/color_mapper_inst/button_pressed_reg[1]/Q
                         net (fo=12, routed)          1.460    -0.568    datapath_uut/video_uut/Inst_vga/color_mapper_inst/button_pressed[1]
    SLICE_X154Y113       LUT4 (Prop_lut4_I3_O)        0.146    -0.422 r  datapath_uut/video_uut/Inst_vga/color_mapper_inst/chicken_index_reg[7]_i_4/O
                         net (fo=8, routed)           1.317     0.895    datapath_uut/video_uut/Inst_vga/color_mapper_inst/chicken_backward/rgb_reg_0
    SLICE_X148Y113       LUT5 (Prop_lut5_I3_O)        0.328     1.223 r  datapath_uut/video_uut/Inst_vga/color_mapper_inst/chicken_backward/chicken_index_reg[2]_i_1/O
                         net (fo=1, routed)           0.787     2.011    datapath_uut/video_uut/Inst_vga/color_mapper_inst/chicken_backward_n_5
    SLICE_X154Y115       LDCE                                         r  datapath_uut/video_uut/Inst_vga/color_mapper_inst/chicken_index_reg[2]/D
  -------------------------------------------------------------------    -------------------

Slack:                    inf
  Source:                 datapath_uut/video_uut/Inst_vga/color_mapper_inst/button_pressed_reg[0]/C
                            (rising edge-triggered cell FDRE clocked by clk_out1_clk_wiz_0  {rise@0.000ns fall@20.000ns period=40.000ns})
  Destination:            datapath_uut/video_uut/Inst_vga/color_mapper_inst/chicken_index_reg[5]/D
  Path Group:             (none)
  Path Type:              Max at Slow Process Corner
  Data Path Delay:        4.259ns  (logic 0.766ns (17.986%)  route 3.493ns (82.014%))
  Logic Levels:           2  (LUT5=1 LUT6=1)
  Clock Uncertainty:      0.190ns  ((TSJ^2 + DJ^2)^1/2) / 2 + PE
    Total System Jitter     (TSJ):    0.050ns
    Discrete Jitter          (DJ):    0.175ns
    Phase Error              (PE):    0.099ns

    Location             Delay type                Incr(ns)  Path(ns)    Netlist Resource(s)
  -------------------------------------------------------------------    -------------------
                         (clock clk_out1_clk_wiz_0 rise edge)
                                                      0.000     0.000 r  
    R4                   IBUF                         0.000     0.000 r  clk_IBUF_inst/O
                         net (fo=27, routed)          1.233     1.233    datapath_uut/video_uut/mmcm_adv_inst_display_clocks/inst/clk_in1
    MMCME2_ADV_X1Y2      MMCME2_ADV (Prop_mmcme2_adv_CLKIN1_CLKOUT0)
                                                     -7.432    -6.199 r  datapath_uut/video_uut/mmcm_adv_inst_display_clocks/inst/mmcm_adv_inst/CLKOUT0
                         net (fo=1, routed)           1.808    -4.390    datapath_uut/video_uut/mmcm_adv_inst_display_clocks/inst/clk_out1_clk_wiz_0
    BUFGCTRL_X0Y1        BUFG (Prop_bufg_I_O)         0.096    -4.294 r  datapath_uut/video_uut/mmcm_adv_inst_display_clocks/inst/clkout1_buf/O
                         net (fo=271, routed)         1.748    -2.546    datapath_uut/video_uut/Inst_vga/color_mapper_inst/clk_out1
    SLICE_X148Y116       FDRE                                         r  datapath_uut/video_uut/Inst_vga/color_mapper_inst/button_pressed_reg[0]/C
  -------------------------------------------------------------------    -------------------
    SLICE_X148Y116       FDRE (Prop_fdre_C_Q)         0.518    -2.028 r  datapath_uut/video_uut/Inst_vga/color_mapper_inst/button_pressed_reg[0]/Q
                         net (fo=12, routed)          1.969    -0.059    datapath_uut/video_uut/Inst_vga/color_mapper_inst/chicken_right/button_pressed[0]
    SLICE_X154Y109       LUT6 (Prop_lut6_I2_O)        0.124     0.065 r  datapath_uut/video_uut/Inst_vga/color_mapper_inst/chicken_right/chicken_index_reg[5]_i_2/O
                         net (fo=1, routed)           0.430     0.495    datapath_uut/video_uut/Inst_vga/color_mapper_inst/chicken_backward/rgb_reg_3
    SLICE_X155Y111       LUT5 (Prop_lut5_I4_O)        0.124     0.619 r  datapath_uut/video_uut/Inst_vga/color_mapper_inst/chicken_backward/chicken_index_reg[5]_i_1/O
                         net (fo=1, routed)           1.094     1.713    datapath_uut/video_uut/Inst_vga/color_mapper_inst/chicken_backward_n_2
    SLICE_X154Y115       LDCE                                         r  datapath_uut/video_uut/Inst_vga/color_mapper_inst/chicken_index_reg[5]/D
  -------------------------------------------------------------------    -------------------

Slack:                    inf
  Source:                 datapath_uut/video_uut/Inst_vga/color_mapper_inst/button_pressed_reg[1]/C
                            (rising edge-triggered cell FDRE clocked by clk_out1_clk_wiz_0  {rise@0.000ns fall@20.000ns period=40.000ns})
  Destination:            datapath_uut/video_uut/Inst_vga/color_mapper_inst/chicken_index_reg[1]/D
  Path Group:             (none)
  Path Type:              Max at Slow Process Corner
  Data Path Delay:        4.247ns  (logic 0.992ns (23.355%)  route 3.255ns (76.645%))
  Logic Levels:           2  (LUT4=1 LUT5=1)
  Clock Uncertainty:      0.190ns  ((TSJ^2 + DJ^2)^1/2) / 2 + PE
    Total System Jitter     (TSJ):    0.050ns
    Discrete Jitter          (DJ):    0.175ns
    Phase Error              (PE):    0.099ns

    Location             Delay type                Incr(ns)  Path(ns)    Netlist Resource(s)
  -------------------------------------------------------------------    -------------------
                         (clock clk_out1_clk_wiz_0 rise edge)
                                                      0.000     0.000 r  
    R4                   IBUF                         0.000     0.000 r  clk_IBUF_inst/O
                         net (fo=27, routed)          1.233     1.233    datapath_uut/video_uut/mmcm_adv_inst_display_clocks/inst/clk_in1
    MMCME2_ADV_X1Y2      MMCME2_ADV (Prop_mmcme2_adv_CLKIN1_CLKOUT0)
                                                     -7.432    -6.199 r  datapath_uut/video_uut/mmcm_adv_inst_display_clocks/inst/mmcm_adv_inst/CLKOUT0
                         net (fo=1, routed)           1.808    -4.390    datapath_uut/video_uut/mmcm_adv_inst_display_clocks/inst/clk_out1_clk_wiz_0
    BUFGCTRL_X0Y1        BUFG (Prop_bufg_I_O)         0.096    -4.294 r  datapath_uut/video_uut/mmcm_adv_inst_display_clocks/inst/clkout1_buf/O
                         net (fo=271, routed)         1.748    -2.546    datapath_uut/video_uut/Inst_vga/color_mapper_inst/clk_out1
    SLICE_X148Y116       FDRE                                         r  datapath_uut/video_uut/Inst_vga/color_mapper_inst/button_pressed_reg[1]/C
  -------------------------------------------------------------------    -------------------
    SLICE_X148Y116       FDRE (Prop_fdre_C_Q)         0.518    -2.028 f  datapath_uut/video_uut/Inst_vga/color_mapper_inst/button_pressed_reg[1]/Q
                         net (fo=12, routed)          1.460    -0.568    datapath_uut/video_uut/Inst_vga/color_mapper_inst/button_pressed[1]
    SLICE_X154Y113       LUT4 (Prop_lut4_I3_O)        0.146    -0.422 r  datapath_uut/video_uut/Inst_vga/color_mapper_inst/chicken_index_reg[7]_i_4/O
                         net (fo=8, routed)           0.799     0.377    datapath_uut/video_uut/Inst_vga/color_mapper_inst/chicken_backward/rgb_reg_0
    SLICE_X148Y113       LUT5 (Prop_lut5_I3_O)        0.328     0.705 r  datapath_uut/video_uut/Inst_vga/color_mapper_inst/chicken_backward/chicken_index_reg[1]_i_1/O
                         net (fo=1, routed)           0.997     1.702    datapath_uut/video_uut/Inst_vga/color_mapper_inst/chicken_backward_n_6
    SLICE_X154Y115       LDCE                                         r  datapath_uut/video_uut/Inst_vga/color_mapper_inst/chicken_index_reg[1]/D
  -------------------------------------------------------------------    -------------------

Slack:                    inf
  Source:                 datapath_uut/video_uut/Inst_vga/color_mapper_inst/button_pressed_reg[0]/C
                            (rising edge-triggered cell FDRE clocked by clk_out1_clk_wiz_0  {rise@0.000ns fall@20.000ns period=40.000ns})
  Destination:            datapath_uut/video_uut/Inst_vga/color_mapper_inst/chicken_index_reg[0]/D
  Path Group:             (none)
  Path Type:              Max at Slow Process Corner
  Data Path Delay:        3.989ns  (logic 0.766ns (19.204%)  route 3.223ns (80.796%))
  Logic Levels:           2  (LUT5=1 LUT6=1)
  Clock Uncertainty:      0.190ns  ((TSJ^2 + DJ^2)^1/2) / 2 + PE
    Total System Jitter     (TSJ):    0.050ns
    Discrete Jitter          (DJ):    0.175ns
    Phase Error              (PE):    0.099ns

    Location             Delay type                Incr(ns)  Path(ns)    Netlist Resource(s)
  -------------------------------------------------------------------    -------------------
                         (clock clk_out1_clk_wiz_0 rise edge)
                                                      0.000     0.000 r  
    R4                   IBUF                         0.000     0.000 r  clk_IBUF_inst/O
                         net (fo=27, routed)          1.233     1.233    datapath_uut/video_uut/mmcm_adv_inst_display_clocks/inst/clk_in1
    MMCME2_ADV_X1Y2      MMCME2_ADV (Prop_mmcme2_adv_CLKIN1_CLKOUT0)
                                                     -7.432    -6.199 r  datapath_uut/video_uut/mmcm_adv_inst_display_clocks/inst/mmcm_adv_inst/CLKOUT0
                         net (fo=1, routed)           1.808    -4.390    datapath_uut/video_uut/mmcm_adv_inst_display_clocks/inst/clk_out1_clk_wiz_0
    BUFGCTRL_X0Y1        BUFG (Prop_bufg_I_O)         0.096    -4.294 r  datapath_uut/video_uut/mmcm_adv_inst_display_clocks/inst/clkout1_buf/O
                         net (fo=271, routed)         1.748    -2.546    datapath_uut/video_uut/Inst_vga/color_mapper_inst/clk_out1
    SLICE_X148Y116       FDRE                                         r  datapath_uut/video_uut/Inst_vga/color_mapper_inst/button_pressed_reg[0]/C
  -------------------------------------------------------------------    -------------------
    SLICE_X148Y116       FDRE (Prop_fdre_C_Q)         0.518    -2.028 r  datapath_uut/video_uut/Inst_vga/color_mapper_inst/button_pressed_reg[0]/Q
                         net (fo=12, routed)          1.769    -0.259    datapath_uut/video_uut/Inst_vga/color_mapper_inst/chicken_right/button_pressed[0]
    SLICE_X147Y110       LUT6 (Prop_lut6_I2_O)        0.124    -0.135 r  datapath_uut/video_uut/Inst_vga/color_mapper_inst/chicken_right/chicken_index_reg[0]_i_2/O
                         net (fo=1, routed)           0.988     0.853    datapath_uut/video_uut/Inst_vga/color_mapper_inst/chicken_backward/rgb_reg_8
    SLICE_X148Y112       LUT5 (Prop_lut5_I4_O)        0.124     0.977 r  datapath_uut/video_uut/Inst_vga/color_mapper_inst/chicken_backward/chicken_index_reg[0]_i_1/O
                         net (fo=1, routed)           0.466     1.443    datapath_uut/video_uut/Inst_vga/color_mapper_inst/chicken_backward_n_7
    SLICE_X151Y114       LDCE                                         r  datapath_uut/video_uut/Inst_vga/color_mapper_inst/chicken_index_reg[0]/D
  -------------------------------------------------------------------    -------------------

Slack:                    inf
  Source:                 datapath_uut/video_uut/Inst_vga/color_mapper_inst/button_pressed_reg[1]/C
                            (rising edge-triggered cell FDRE clocked by clk_out1_clk_wiz_0  {rise@0.000ns fall@20.000ns period=40.000ns})
  Destination:            datapath_uut/video_uut/Inst_vga/color_mapper_inst/chicken_index_reg[7]/D
  Path Group:             (none)
  Path Type:              Max at Slow Process Corner
  Data Path Delay:        3.980ns  (logic 0.992ns (24.926%)  route 2.988ns (75.074%))
  Logic Levels:           2  (LUT4=1 LUT5=1)
  Clock Uncertainty:      0.190ns  ((TSJ^2 + DJ^2)^1/2) / 2 + PE
    Total System Jitter     (TSJ):    0.050ns
    Discrete Jitter          (DJ):    0.175ns
    Phase Error              (PE):    0.099ns

    Location             Delay type                Incr(ns)  Path(ns)    Netlist Resource(s)
  -------------------------------------------------------------------    -------------------
                         (clock clk_out1_clk_wiz_0 rise edge)
                                                      0.000     0.000 r  
    R4                   IBUF                         0.000     0.000 r  clk_IBUF_inst/O
                         net (fo=27, routed)          1.233     1.233    datapath_uut/video_uut/mmcm_adv_inst_display_clocks/inst/clk_in1
    MMCME2_ADV_X1Y2      MMCME2_ADV (Prop_mmcme2_adv_CLKIN1_CLKOUT0)
                                                     -7.432    -6.199 r  datapath_uut/video_uut/mmcm_adv_inst_display_clocks/inst/mmcm_adv_inst/CLKOUT0
                         net (fo=1, routed)           1.808    -4.390    datapath_uut/video_uut/mmcm_adv_inst_display_clocks/inst/clk_out1_clk_wiz_0
    BUFGCTRL_X0Y1        BUFG (Prop_bufg_I_O)         0.096    -4.294 r  datapath_uut/video_uut/mmcm_adv_inst_display_clocks/inst/clkout1_buf/O
                         net (fo=271, routed)         1.748    -2.546    datapath_uut/video_uut/Inst_vga/color_mapper_inst/clk_out1
    SLICE_X148Y116       FDRE                                         r  datapath_uut/video_uut/Inst_vga/color_mapper_inst/button_pressed_reg[1]/C
  -------------------------------------------------------------------    -------------------
    SLICE_X148Y116       FDRE (Prop_fdre_C_Q)         0.518    -2.028 f  datapath_uut/video_uut/Inst_vga/color_mapper_inst/button_pressed_reg[1]/Q
                         net (fo=12, routed)          1.460    -0.568    datapath_uut/video_uut/Inst_vga/color_mapper_inst/button_pressed[1]
    SLICE_X154Y113       LUT4 (Prop_lut4_I3_O)        0.146    -0.422 r  datapath_uut/video_uut/Inst_vga/color_mapper_inst/chicken_index_reg[7]_i_4/O
                         net (fo=8, routed)           1.030     0.608    datapath_uut/video_uut/Inst_vga/color_mapper_inst/chicken_backward/rgb_reg_0
    SLICE_X150Y112       LUT5 (Prop_lut5_I3_O)        0.328     0.936 r  datapath_uut/video_uut/Inst_vga/color_mapper_inst/chicken_backward/chicken_index_reg[7]_i_1/O
                         net (fo=1, routed)           0.498     1.434    datapath_uut/video_uut/Inst_vga/color_mapper_inst/chicken_backward_n_0
    SLICE_X154Y113       LDCE                                         r  datapath_uut/video_uut/Inst_vga/color_mapper_inst/chicken_index_reg[7]/D
  -------------------------------------------------------------------    -------------------

Slack:                    inf
  Source:                 datapath_uut/video_uut/Inst_vga/color_mapper_inst/button_pressed_reg[1]/C
                            (rising edge-triggered cell FDRE clocked by clk_out1_clk_wiz_0  {rise@0.000ns fall@20.000ns period=40.000ns})
  Destination:            datapath_uut/video_uut/Inst_vga/color_mapper_inst/chicken_index_reg[3]/D
  Path Group:             (none)
  Path Type:              Max at Slow Process Corner
  Data Path Delay:        3.901ns  (logic 0.992ns (25.432%)  route 2.909ns (74.568%))
  Logic Levels:           2  (LUT4=1 LUT5=1)
  Clock Uncertainty:      0.190ns  ((TSJ^2 + DJ^2)^1/2) / 2 + PE
    Total System Jitter     (TSJ):    0.050ns
    Discrete Jitter          (DJ):    0.175ns
    Phase Error              (PE):    0.099ns

    Location             Delay type                Incr(ns)  Path(ns)    Netlist Resource(s)
  -------------------------------------------------------------------    -------------------
                         (clock clk_out1_clk_wiz_0 rise edge)
                                                      0.000     0.000 r  
    R4                   IBUF                         0.000     0.000 r  clk_IBUF_inst/O
                         net (fo=27, routed)          1.233     1.233    datapath_uut/video_uut/mmcm_adv_inst_display_clocks/inst/clk_in1
    MMCME2_ADV_X1Y2      MMCME2_ADV (Prop_mmcme2_adv_CLKIN1_CLKOUT0)
                                                     -7.432    -6.199 r  datapath_uut/video_uut/mmcm_adv_inst_display_clocks/inst/mmcm_adv_inst/CLKOUT0
                         net (fo=1, routed)           1.808    -4.390    datapath_uut/video_uut/mmcm_adv_inst_display_clocks/inst/clk_out1_clk_wiz_0
    BUFGCTRL_X0Y1        BUFG (Prop_bufg_I_O)         0.096    -4.294 r  datapath_uut/video_uut/mmcm_adv_inst_display_clocks/inst/clkout1_buf/O
                         net (fo=271, routed)         1.748    -2.546    datapath_uut/video_uut/Inst_vga/color_mapper_inst/clk_out1
    SLICE_X148Y116       FDRE                                         r  datapath_uut/video_uut/Inst_vga/color_mapper_inst/button_pressed_reg[1]/C
  -------------------------------------------------------------------    -------------------
    SLICE_X148Y116       FDRE (Prop_fdre_C_Q)         0.518    -2.028 f  datapath_uut/video_uut/Inst_vga/color_mapper_inst/button_pressed_reg[1]/Q
                         net (fo=12, routed)          1.460    -0.568    datapath_uut/video_uut/Inst_vga/color_mapper_inst/button_pressed[1]
    SLICE_X154Y113       LUT4 (Prop_lut4_I3_O)        0.146    -0.422 r  datapath_uut/video_uut/Inst_vga/color_mapper_inst/chicken_index_reg[7]_i_4/O
                         net (fo=8, routed)           0.645     0.223    datapath_uut/video_uut/Inst_vga/color_mapper_inst/chicken_backward/rgb_reg_0
    SLICE_X154Y111       LUT5 (Prop_lut5_I3_O)        0.328     0.551 r  datapath_uut/video_uut/Inst_vga/color_mapper_inst/chicken_backward/chicken_index_reg[3]_i_1/O
                         net (fo=1, routed)           0.803     1.355    datapath_uut/video_uut/Inst_vga/color_mapper_inst/chicken_backward_n_4
    SLICE_X154Y115       LDCE                                         r  datapath_uut/video_uut/Inst_vga/color_mapper_inst/chicken_index_reg[3]/D
  -------------------------------------------------------------------    -------------------

Slack:                    inf
  Source:                 datapath_uut/video_uut/Inst_vga/color_mapper_inst/button_pressed_reg[1]/C
                            (rising edge-triggered cell FDRE clocked by clk_out1_clk_wiz_0  {rise@0.000ns fall@20.000ns period=40.000ns})
  Destination:            datapath_uut/video_uut/Inst_vga/color_mapper_inst/chicken_index_reg[6]/D
  Path Group:             (none)
  Path Type:              Max at Slow Process Corner
  Data Path Delay:        3.840ns  (logic 0.992ns (25.835%)  route 2.848ns (74.165%))
  Logic Levels:           2  (LUT4=1 LUT5=1)
  Clock Uncertainty:      0.190ns  ((TSJ^2 + DJ^2)^1/2) / 2 + PE
    Total System Jitter     (TSJ):    0.050ns
    Discrete Jitter          (DJ):    0.175ns
    Phase Error              (PE):    0.099ns

    Location             Delay type                Incr(ns)  Path(ns)    Netlist Resource(s)
  -------------------------------------------------------------------    -------------------
                         (clock clk_out1_clk_wiz_0 rise edge)
                                                      0.000     0.000 r  
    R4                   IBUF                         0.000     0.000 r  clk_IBUF_inst/O
                         net (fo=27, routed)          1.233     1.233    datapath_uut/video_uut/mmcm_adv_inst_display_clocks/inst/clk_in1
    MMCME2_ADV_X1Y2      MMCME2_ADV (Prop_mmcme2_adv_CLKIN1_CLKOUT0)
                                                     -7.432    -6.199 r  datapath_uut/video_uut/mmcm_adv_inst_display_clocks/inst/mmcm_adv_inst/CLKOUT0
                         net (fo=1, routed)           1.808    -4.390    datapath_uut/video_uut/mmcm_adv_inst_display_clocks/inst/clk_out1_clk_wiz_0
    BUFGCTRL_X0Y1        BUFG (Prop_bufg_I_O)         0.096    -4.294 r  datapath_uut/video_uut/mmcm_adv_inst_display_clocks/inst/clkout1_buf/O
                         net (fo=271, routed)         1.748    -2.546    datapath_uut/video_uut/Inst_vga/color_mapper_inst/clk_out1
    SLICE_X148Y116       FDRE                                         r  datapath_uut/video_uut/Inst_vga/color_mapper_inst/button_pressed_reg[1]/C
  -------------------------------------------------------------------    -------------------
    SLICE_X148Y116       FDRE (Prop_fdre_C_Q)         0.518    -2.028 f  datapath_uut/video_uut/Inst_vga/color_mapper_inst/button_pressed_reg[1]/Q
                         net (fo=12, routed)          1.460    -0.568    datapath_uut/video_uut/Inst_vga/color_mapper_inst/button_pressed[1]
    SLICE_X154Y113       LUT4 (Prop_lut4_I3_O)        0.146    -0.422 r  datapath_uut/video_uut/Inst_vga/color_mapper_inst/chicken_index_reg[7]_i_4/O
                         net (fo=8, routed)           0.924     0.502    datapath_uut/video_uut/Inst_vga/color_mapper_inst/chicken_backward/rgb_reg_0
    SLICE_X149Y113       LUT5 (Prop_lut5_I3_O)        0.328     0.830 r  datapath_uut/video_uut/Inst_vga/color_mapper_inst/chicken_backward/chicken_index_reg[6]_i_1/O
                         net (fo=1, routed)           0.464     1.294    datapath_uut/video_uut/Inst_vga/color_mapper_inst/chicken_backward_n_1
    SLICE_X151Y114       LDCE                                         r  datapath_uut/video_uut/Inst_vga/color_mapper_inst/chicken_index_reg[6]/D
  -------------------------------------------------------------------    -------------------

Slack:                    inf
  Source:                 datapath_uut/video_uut/Inst_vga/color_mapper_inst/button_pressed_reg[1]/C
                            (rising edge-triggered cell FDRE clocked by clk_out1_clk_wiz_0  {rise@0.000ns fall@20.000ns period=40.000ns})
  Destination:            datapath_uut/video_uut/Inst_vga/color_mapper_inst/chicken_index_reg[4]/D
  Path Group:             (none)
  Path Type:              Max at Slow Process Corner
  Data Path Delay:        3.770ns  (logic 0.992ns (26.314%)  route 2.778ns (73.686%))
  Logic Levels:           2  (LUT4=1 LUT5=1)
  Clock Uncertainty:      0.190ns  ((TSJ^2 + DJ^2)^1/2) / 2 + PE
    Total System Jitter     (TSJ):    0.050ns
    Discrete Jitter          (DJ):    0.175ns
    Phase Error              (PE):    0.099ns

    Location             Delay type                Incr(ns)  Path(ns)    Netlist Resource(s)
  -------------------------------------------------------------------    -------------------
                         (clock clk_out1_clk_wiz_0 rise edge)
                                                      0.000     0.000 r  
    R4                   IBUF                         0.000     0.000 r  clk_IBUF_inst/O
                         net (fo=27, routed)          1.233     1.233    datapath_uut/video_uut/mmcm_adv_inst_display_clocks/inst/clk_in1
    MMCME2_ADV_X1Y2      MMCME2_ADV (Prop_mmcme2_adv_CLKIN1_CLKOUT0)
                                                     -7.432    -6.199 r  datapath_uut/video_uut/mmcm_adv_inst_display_clocks/inst/mmcm_adv_inst/CLKOUT0
                         net (fo=1, routed)           1.808    -4.390    datapath_uut/video_uut/mmcm_adv_inst_display_clocks/inst/clk_out1_clk_wiz_0
    BUFGCTRL_X0Y1        BUFG (Prop_bufg_I_O)         0.096    -4.294 r  datapath_uut/video_uut/mmcm_adv_inst_display_clocks/inst/clkout1_buf/O
                         net (fo=271, routed)         1.748    -2.546    datapath_uut/video_uut/Inst_vga/color_mapper_inst/clk_out1
    SLICE_X148Y116       FDRE                                         r  datapath_uut/video_uut/Inst_vga/color_mapper_inst/button_pressed_reg[1]/C
  -------------------------------------------------------------------    -------------------
    SLICE_X148Y116       FDRE (Prop_fdre_C_Q)         0.518    -2.028 f  datapath_uut/video_uut/Inst_vga/color_mapper_inst/button_pressed_reg[1]/Q
                         net (fo=12, routed)          1.460    -0.568    datapath_uut/video_uut/Inst_vga/color_mapper_inst/button_pressed[1]
    SLICE_X154Y113       LUT4 (Prop_lut4_I3_O)        0.146    -0.422 r  datapath_uut/video_uut/Inst_vga/color_mapper_inst/chicken_index_reg[7]_i_4/O
                         net (fo=8, routed)           0.846     0.424    datapath_uut/video_uut/Inst_vga/color_mapper_inst/chicken_backward/rgb_reg_0
    SLICE_X155Y111       LUT5 (Prop_lut5_I3_O)        0.328     0.752 r  datapath_uut/video_uut/Inst_vga/color_mapper_inst/chicken_backward/chicken_index_reg[4]_i_1/O
                         net (fo=1, routed)           0.472     1.224    datapath_uut/video_uut/Inst_vga/color_mapper_inst/chicken_backward_n_3
    SLICE_X155Y113       LDCE                                         r  datapath_uut/video_uut/Inst_vga/color_mapper_inst/chicken_index_reg[4]/D
  -------------------------------------------------------------------    -------------------

Slack:                    inf
  Source:                 datapath_uut/video_uut/Inst_vga/color_mapper_inst/numeric_stepper_row/debouncer_down/FSM_sequential_state_reg[2]/C
                            (rising edge-triggered cell FDRE clocked by clk_out1_clk_wiz_0  {rise@0.000ns fall@20.000ns period=40.000ns})
  Destination:            datapath_uut/video_uut/Inst_vga/color_mapper_inst/numeric_stepper_row/debouncer_down/cw_reg[1]/D
  Path Group:             (none)
  Path Type:              Max at Slow Process Corner
  Data Path Delay:        2.752ns  (logic 0.718ns (26.088%)  route 2.034ns (73.912%))
  Logic Levels:           1  (LUT3=1)
  Clock Uncertainty:      0.190ns  ((TSJ^2 + DJ^2)^1/2) / 2 + PE
    Total System Jitter     (TSJ):    0.050ns
    Discrete Jitter          (DJ):    0.175ns
    Phase Error              (PE):    0.099ns

    Location             Delay type                Incr(ns)  Path(ns)    Netlist Resource(s)
  -------------------------------------------------------------------    -------------------
                         (clock clk_out1_clk_wiz_0 rise edge)
                                                      0.000     0.000 r  
    R4                   IBUF                         0.000     0.000 r  clk_IBUF_inst/O
                         net (fo=27, routed)          1.233     1.233    datapath_uut/video_uut/mmcm_adv_inst_display_clocks/inst/clk_in1
    MMCME2_ADV_X1Y2      MMCME2_ADV (Prop_mmcme2_adv_CLKIN1_CLKOUT0)
                                                     -7.432    -6.199 r  datapath_uut/video_uut/mmcm_adv_inst_display_clocks/inst/mmcm_adv_inst/CLKOUT0
                         net (fo=1, routed)           1.808    -4.390    datapath_uut/video_uut/mmcm_adv_inst_display_clocks/inst/clk_out1_clk_wiz_0
    BUFGCTRL_X0Y1        BUFG (Prop_bufg_I_O)         0.096    -4.294 r  datapath_uut/video_uut/mmcm_adv_inst_display_clocks/inst/clkout1_buf/O
                         net (fo=271, routed)         1.749    -2.545    datapath_uut/video_uut/Inst_vga/color_mapper_inst/numeric_stepper_row/debouncer_down/clk_out1
    SLICE_X155Y116       FDRE                                         r  datapath_uut/video_uut/Inst_vga/color_mapper_inst/numeric_stepper_row/debouncer_down/FSM_sequential_state_reg[2]/C
  -------------------------------------------------------------------    -------------------
    SLICE_X155Y116       FDRE (Prop_fdre_C_Q)         0.419    -2.126 r  datapath_uut/video_uut/Inst_vga/color_mapper_inst/numeric_stepper_row/debouncer_down/FSM_sequential_state_reg[2]/Q
                         net (fo=11, routed)          1.232    -0.894    datapath_uut/video_uut/Inst_vga/color_mapper_inst/numeric_stepper_row/debouncer_down/state[2]
    SLICE_X157Y114       LUT3 (Prop_lut3_I0_O)        0.299    -0.595 r  datapath_uut/video_uut/Inst_vga/color_mapper_inst/numeric_stepper_row/debouncer_down/cw_reg[1]_i_1__0/O
                         net (fo=1, routed)           0.802     0.207    datapath_uut/video_uut/Inst_vga/color_mapper_inst/numeric_stepper_row/debouncer_down/cw_reg[1]_i_1__0_n_0
    SLICE_X157Y114       LDPE                                         r  datapath_uut/video_uut/Inst_vga/color_mapper_inst/numeric_stepper_row/debouncer_down/cw_reg[1]/D
  -------------------------------------------------------------------    -------------------

Slack:                    inf
  Source:                 datapath_uut/video_uut/Inst_vga/color_mapper_inst/numeric_stepper_col/debouncer_down/FSM_sequential_state_reg[2]/C
                            (rising edge-triggered cell FDRE clocked by clk_out1_clk_wiz_0  {rise@0.000ns fall@20.000ns period=40.000ns})
  Destination:            datapath_uut/video_uut/Inst_vga/color_mapper_inst/numeric_stepper_col/debouncer_down/cw_reg[0]/PRE
  Path Group:             (none)
  Path Type:              Max at Slow Process Corner
  Data Path Delay:        2.632ns  (logic 0.718ns (27.283%)  route 1.914ns (72.717%))
  Logic Levels:           1  (LUT3=1)
  Clock Uncertainty:      0.190ns  ((TSJ^2 + DJ^2)^1/2) / 2 + PE
    Total System Jitter     (TSJ):    0.050ns
    Discrete Jitter          (DJ):    0.175ns
    Phase Error              (PE):    0.099ns

    Location             Delay type                Incr(ns)  Path(ns)    Netlist Resource(s)
  -------------------------------------------------------------------    -------------------
                         (clock clk_out1_clk_wiz_0 rise edge)
                                                      0.000     0.000 r  
    R4                   IBUF                         0.000     0.000 r  clk_IBUF_inst/O
                         net (fo=27, routed)          1.233     1.233    datapath_uut/video_uut/mmcm_adv_inst_display_clocks/inst/clk_in1
    MMCME2_ADV_X1Y2      MMCME2_ADV (Prop_mmcme2_adv_CLKIN1_CLKOUT0)
                                                     -7.432    -6.199 r  datapath_uut/video_uut/mmcm_adv_inst_display_clocks/inst/mmcm_adv_inst/CLKOUT0
                         net (fo=1, routed)           1.808    -4.390    datapath_uut/video_uut/mmcm_adv_inst_display_clocks/inst/clk_out1_clk_wiz_0
    BUFGCTRL_X0Y1        BUFG (Prop_bufg_I_O)         0.096    -4.294 r  datapath_uut/video_uut/mmcm_adv_inst_display_clocks/inst/clkout1_buf/O
                         net (fo=271, routed)         1.823    -2.471    datapath_uut/video_uut/Inst_vga/color_mapper_inst/numeric_stepper_col/debouncer_down/clk_out1
    SLICE_X161Y117       FDRE                                         r  datapath_uut/video_uut/Inst_vga/color_mapper_inst/numeric_stepper_col/debouncer_down/FSM_sequential_state_reg[2]/C
  -------------------------------------------------------------------    -------------------
    SLICE_X161Y117       FDRE (Prop_fdre_C_Q)         0.419    -2.052 r  datapath_uut/video_uut/Inst_vga/color_mapper_inst/numeric_stepper_col/debouncer_down/FSM_sequential_state_reg[2]/Q
                         net (fo=11, routed)          1.071    -0.981    datapath_uut/video_uut/Inst_vga/color_mapper_inst/numeric_stepper_col/debouncer_down/state[2]
    SLICE_X160Y118       LUT3 (Prop_lut3_I1_O)        0.299    -0.682 f  datapath_uut/video_uut/Inst_vga/color_mapper_inst/numeric_stepper_col/debouncer_down/cw_reg[1]_i_3__2/O
                         net (fo=2, routed)           0.843     0.161    datapath_uut/video_uut/Inst_vga/color_mapper_inst/numeric_stepper_col/debouncer_down/cw__0
    SLICE_X160Y118       LDPE                                         f  datapath_uut/video_uut/Inst_vga/color_mapper_inst/numeric_stepper_col/debouncer_down/cw_reg[0]/PRE
  -------------------------------------------------------------------    -------------------





Min Delay Paths
--------------------------------------------------------------------------------------
Slack:                    inf
  Source:                 datapath_uut/video_uut/Inst_vga/color_mapper_inst/numeric_stepper_row/debouncer_up/FSM_sequential_state_reg[0]/C
                            (rising edge-triggered cell FDRE clocked by clk_out1_clk_wiz_0  {rise@0.000ns fall@20.000ns period=40.000ns})
  Destination:            datapath_uut/video_uut/Inst_vga/color_mapper_inst/numeric_stepper_row/debouncer_up/cw_reg[0]/D
  Path Group:             (none)
  Path Type:              Min at Slow Process Corner
  Data Path Delay:        1.018ns  (logic 0.467ns (45.863%)  route 0.551ns (54.137%))
  Logic Levels:           1  (LUT3=1)
  Clock Uncertainty:      0.190ns  ((TSJ^2 + DJ^2)^1/2) / 2 + PE
    Total System Jitter     (TSJ):    0.050ns
    Discrete Jitter          (DJ):    0.175ns
    Phase Error              (PE):    0.099ns

    Location             Delay type                Incr(ns)  Path(ns)    Netlist Resource(s)
  -------------------------------------------------------------------    -------------------
                         (clock clk_out1_clk_wiz_0 rise edge)
                                                      0.000     0.000 r  
    R4                   IBUF                         0.000     0.000 r  clk_IBUF_inst/O
                         net (fo=27, routed)          1.162     1.162    datapath_uut/video_uut/mmcm_adv_inst_display_clocks/inst/clk_in1
    MMCME2_ADV_X1Y2      MMCME2_ADV (Prop_mmcme2_adv_CLKIN1_CLKOUT0)
                                                     -7.674    -6.512 r  datapath_uut/video_uut/mmcm_adv_inst_display_clocks/inst/mmcm_adv_inst/CLKOUT0
                         net (fo=1, routed)           1.723    -4.788    datapath_uut/video_uut/mmcm_adv_inst_display_clocks/inst/clk_out1_clk_wiz_0
    BUFGCTRL_X0Y1        BUFG (Prop_bufg_I_O)         0.091    -4.697 r  datapath_uut/video_uut/mmcm_adv_inst_display_clocks/inst/clkout1_buf/O
                         net (fo=271, routed)         1.704    -2.993    datapath_uut/video_uut/Inst_vga/color_mapper_inst/numeric_stepper_row/debouncer_up/clk_out1
    SLICE_X159Y116       FDRE                                         r  datapath_uut/video_uut/Inst_vga/color_mapper_inst/numeric_stepper_row/debouncer_up/FSM_sequential_state_reg[0]/C
  -------------------------------------------------------------------    -------------------
    SLICE_X159Y116       FDRE (Prop_fdre_C_Q)         0.367    -2.626 f  datapath_uut/video_uut/Inst_vga/color_mapper_inst/numeric_stepper_row/debouncer_up/FSM_sequential_state_reg[0]/Q
                         net (fo=23, routed)          0.551    -2.075    datapath_uut/video_uut/Inst_vga/color_mapper_inst/numeric_stepper_row/debouncer_up/state[0]
    SLICE_X159Y115       LUT3 (Prop_lut3_I0_O)        0.100    -1.975 r  datapath_uut/video_uut/Inst_vga/color_mapper_inst/numeric_stepper_row/debouncer_up/cw_reg[0]_i_1/O
                         net (fo=1, routed)           0.000    -1.975    datapath_uut/video_uut/Inst_vga/color_mapper_inst/numeric_stepper_row/debouncer_up/cw_reg[0]_i_1_n_0
    SLICE_X159Y115       LDPE                                         r  datapath_uut/video_uut/Inst_vga/color_mapper_inst/numeric_stepper_row/debouncer_up/cw_reg[0]/D
  -------------------------------------------------------------------    -------------------

Slack:                    inf
  Source:                 datapath_uut/video_uut/Inst_vga/color_mapper_inst/chicken_forward/color_index_reg[0]/C
                            (rising edge-triggered cell FDRE clocked by clk_out1_clk_wiz_0  {rise@0.000ns fall@20.000ns period=40.000ns})
  Destination:            datapath_uut/video_uut/Inst_vga/color_mapper_inst/chicken_index_reg[0]/D
  Path Group:             (none)
  Path Type:              Min at Slow Process Corner
  Data Path Delay:        1.239ns  (logic 0.467ns (37.693%)  route 0.772ns (62.307%))
  Logic Levels:           1  (LUT5=1)
  Clock Uncertainty:      0.190ns  ((TSJ^2 + DJ^2)^1/2) / 2 + PE
    Total System Jitter     (TSJ):    0.050ns
    Discrete Jitter          (DJ):    0.175ns
    Phase Error              (PE):    0.099ns

    Location             Delay type                Incr(ns)  Path(ns)    Netlist Resource(s)
  -------------------------------------------------------------------    -------------------
                         (clock clk_out1_clk_wiz_0 rise edge)
                                                      0.000     0.000 r  
    R4                   IBUF                         0.000     0.000 r  clk_IBUF_inst/O
                         net (fo=27, routed)          1.162     1.162    datapath_uut/video_uut/mmcm_adv_inst_display_clocks/inst/clk_in1
    MMCME2_ADV_X1Y2      MMCME2_ADV (Prop_mmcme2_adv_CLKIN1_CLKOUT0)
                                                     -7.674    -6.512 r  datapath_uut/video_uut/mmcm_adv_inst_display_clocks/inst/mmcm_adv_inst/CLKOUT0
                         net (fo=1, routed)           1.723    -4.788    datapath_uut/video_uut/mmcm_adv_inst_display_clocks/inst/clk_out1_clk_wiz_0
    BUFGCTRL_X0Y1        BUFG (Prop_bufg_I_O)         0.091    -4.697 r  datapath_uut/video_uut/mmcm_adv_inst_display_clocks/inst/clkout1_buf/O
                         net (fo=271, routed)         1.630    -3.067    datapath_uut/video_uut/Inst_vga/color_mapper_inst/chicken_forward/clk_out1
    SLICE_X147Y114       FDRE                                         r  datapath_uut/video_uut/Inst_vga/color_mapper_inst/chicken_forward/color_index_reg[0]/C
  -------------------------------------------------------------------    -------------------
    SLICE_X147Y114       FDRE (Prop_fdre_C_Q)         0.367    -2.700 r  datapath_uut/video_uut/Inst_vga/color_mapper_inst/chicken_forward/color_index_reg[0]/Q
                         net (fo=1, routed)           0.381    -2.319    datapath_uut/video_uut/Inst_vga/color_mapper_inst/chicken_backward/Q[0]
    SLICE_X148Y112       LUT5 (Prop_lut5_I2_O)        0.100    -2.219 r  datapath_uut/video_uut/Inst_vga/color_mapper_inst/chicken_backward/chicken_index_reg[0]_i_1/O
                         net (fo=1, routed)           0.391    -1.828    datapath_uut/video_uut/Inst_vga/color_mapper_inst/chicken_backward_n_7
    SLICE_X151Y114       LDCE                                         r  datapath_uut/video_uut/Inst_vga/color_mapper_inst/chicken_index_reg[0]/D
  -------------------------------------------------------------------    -------------------

Slack:                    inf
  Source:                 datapath_uut/video_uut/Inst_vga/color_mapper_inst/numeric_stepper_row/debouncer_down/FSM_sequential_state_reg[0]/C
                            (rising edge-triggered cell FDRE clocked by clk_out1_clk_wiz_0  {rise@0.000ns fall@20.000ns period=40.000ns})
  Destination:            datapath_uut/video_uut/Inst_vga/color_mapper_inst/numeric_stepper_row/debouncer_down/cw_reg[0]/PRE
  Path Group:             (none)
  Path Type:              Min at Slow Process Corner
  Data Path Delay:        1.189ns  (logic 0.467ns (39.292%)  route 0.722ns (60.708%))
  Logic Levels:           1  (LUT3=1)
  Clock Uncertainty:      0.190ns  ((TSJ^2 + DJ^2)^1/2) / 2 + PE
    Total System Jitter     (TSJ):    0.050ns
    Discrete Jitter          (DJ):    0.175ns
    Phase Error              (PE):    0.099ns

    Location             Delay type                Incr(ns)  Path(ns)    Netlist Resource(s)
  -------------------------------------------------------------------    -------------------
                         (clock clk_out1_clk_wiz_0 rise edge)
                                                      0.000     0.000 r  
    R4                   IBUF                         0.000     0.000 r  clk_IBUF_inst/O
                         net (fo=27, routed)          1.162     1.162    datapath_uut/video_uut/mmcm_adv_inst_display_clocks/inst/clk_in1
    MMCME2_ADV_X1Y2      MMCME2_ADV (Prop_mmcme2_adv_CLKIN1_CLKOUT0)
                                                     -7.674    -6.512 r  datapath_uut/video_uut/mmcm_adv_inst_display_clocks/inst/mmcm_adv_inst/CLKOUT0
                         net (fo=1, routed)           1.723    -4.788    datapath_uut/video_uut/mmcm_adv_inst_display_clocks/inst/clk_out1_clk_wiz_0
    BUFGCTRL_X0Y1        BUFG (Prop_bufg_I_O)         0.091    -4.697 r  datapath_uut/video_uut/mmcm_adv_inst_display_clocks/inst/clkout1_buf/O
                         net (fo=271, routed)         1.704    -2.993    datapath_uut/video_uut/Inst_vga/color_mapper_inst/numeric_stepper_row/debouncer_down/clk_out1
    SLICE_X157Y116       FDRE                                         r  datapath_uut/video_uut/Inst_vga/color_mapper_inst/numeric_stepper_row/debouncer_down/FSM_sequential_state_reg[0]/C
  -------------------------------------------------------------------    -------------------
    SLICE_X157Y116       FDRE (Prop_fdre_C_Q)         0.367    -2.626 r  datapath_uut/video_uut/Inst_vga/color_mapper_inst/numeric_stepper_row/debouncer_down/FSM_sequential_state_reg[0]/Q
                         net (fo=10, routed)          0.398    -2.228    datapath_uut/video_uut/Inst_vga/color_mapper_inst/numeric_stepper_row/debouncer_down/state[0]
    SLICE_X157Y114       LUT3 (Prop_lut3_I2_O)        0.100    -2.128 f  datapath_uut/video_uut/Inst_vga/color_mapper_inst/numeric_stepper_row/debouncer_down/cw_reg[1]_i_3__0/O
                         net (fo=2, routed)           0.323    -1.805    datapath_uut/video_uut/Inst_vga/color_mapper_inst/numeric_stepper_row/debouncer_down/cw__0
    SLICE_X157Y114       LDPE                                         f  datapath_uut/video_uut/Inst_vga/color_mapper_inst/numeric_stepper_row/debouncer_down/cw_reg[0]/PRE
  -------------------------------------------------------------------    -------------------

Slack:                    inf
  Source:                 datapath_uut/video_uut/Inst_vga/color_mapper_inst/numeric_stepper_row/debouncer_down/FSM_sequential_state_reg[0]/C
                            (rising edge-triggered cell FDRE clocked by clk_out1_clk_wiz_0  {rise@0.000ns fall@20.000ns period=40.000ns})
  Destination:            datapath_uut/video_uut/Inst_vga/color_mapper_inst/numeric_stepper_row/debouncer_down/cw_reg[1]/PRE
  Path Group:             (none)
  Path Type:              Min at Slow Process Corner
  Data Path Delay:        1.189ns  (logic 0.467ns (39.292%)  route 0.722ns (60.708%))
  Logic Levels:           1  (LUT3=1)
  Clock Uncertainty:      0.190ns  ((TSJ^2 + DJ^2)^1/2) / 2 + PE
    Total System Jitter     (TSJ):    0.050ns
    Discrete Jitter          (DJ):    0.175ns
    Phase Error              (PE):    0.099ns

    Location             Delay type                Incr(ns)  Path(ns)    Netlist Resource(s)
  -------------------------------------------------------------------    -------------------
                         (clock clk_out1_clk_wiz_0 rise edge)
                                                      0.000     0.000 r  
    R4                   IBUF                         0.000     0.000 r  clk_IBUF_inst/O
                         net (fo=27, routed)          1.162     1.162    datapath_uut/video_uut/mmcm_adv_inst_display_clocks/inst/clk_in1
    MMCME2_ADV_X1Y2      MMCME2_ADV (Prop_mmcme2_adv_CLKIN1_CLKOUT0)
                                                     -7.674    -6.512 r  datapath_uut/video_uut/mmcm_adv_inst_display_clocks/inst/mmcm_adv_inst/CLKOUT0
                         net (fo=1, routed)           1.723    -4.788    datapath_uut/video_uut/mmcm_adv_inst_display_clocks/inst/clk_out1_clk_wiz_0
    BUFGCTRL_X0Y1        BUFG (Prop_bufg_I_O)         0.091    -4.697 r  datapath_uut/video_uut/mmcm_adv_inst_display_clocks/inst/clkout1_buf/O
                         net (fo=271, routed)         1.704    -2.993    datapath_uut/video_uut/Inst_vga/color_mapper_inst/numeric_stepper_row/debouncer_down/clk_out1
    SLICE_X157Y116       FDRE                                         r  datapath_uut/video_uut/Inst_vga/color_mapper_inst/numeric_stepper_row/debouncer_down/FSM_sequential_state_reg[0]/C
  -------------------------------------------------------------------    -------------------
    SLICE_X157Y116       FDRE (Prop_fdre_C_Q)         0.367    -2.626 r  datapath_uut/video_uut/Inst_vga/color_mapper_inst/numeric_stepper_row/debouncer_down/FSM_sequential_state_reg[0]/Q
                         net (fo=10, routed)          0.398    -2.228    datapath_uut/video_uut/Inst_vga/color_mapper_inst/numeric_stepper_row/debouncer_down/state[0]
    SLICE_X157Y114       LUT3 (Prop_lut3_I2_O)        0.100    -2.128 f  datapath_uut/video_uut/Inst_vga/color_mapper_inst/numeric_stepper_row/debouncer_down/cw_reg[1]_i_3__0/O
                         net (fo=2, routed)           0.323    -1.805    datapath_uut/video_uut/Inst_vga/color_mapper_inst/numeric_stepper_row/debouncer_down/cw__0
    SLICE_X157Y114       LDPE                                         f  datapath_uut/video_uut/Inst_vga/color_mapper_inst/numeric_stepper_row/debouncer_down/cw_reg[1]/PRE
  -------------------------------------------------------------------    -------------------

Slack:                    inf
  Source:                 datapath_uut/video_uut/Inst_vga/color_mapper_inst/numeric_stepper_col/debouncer_down/FSM_sequential_state_reg[1]/C
                            (rising edge-triggered cell FDRE clocked by clk_out1_clk_wiz_0  {rise@0.000ns fall@20.000ns period=40.000ns})
  Destination:            datapath_uut/video_uut/Inst_vga/color_mapper_inst/numeric_stepper_col/debouncer_down/cw_reg[0]/D
  Path Group:             (none)
  Path Type:              Min at Slow Process Corner
  Data Path Delay:        1.188ns  (logic 0.464ns (39.068%)  route 0.724ns (60.932%))
  Logic Levels:           1  (LUT3=1)
  Clock Uncertainty:      0.190ns  ((TSJ^2 + DJ^2)^1/2) / 2 + PE
    Total System Jitter     (TSJ):    0.050ns
    Discrete Jitter          (DJ):    0.175ns
    Phase Error              (PE):    0.099ns

    Location             Delay type                Incr(ns)  Path(ns)    Netlist Resource(s)
  -------------------------------------------------------------------    -------------------
                         (clock clk_out1_clk_wiz_0 rise edge)
                                                      0.000     0.000 r  
    R4                   IBUF                         0.000     0.000 r  clk_IBUF_inst/O
                         net (fo=27, routed)          1.162     1.162    datapath_uut/video_uut/mmcm_adv_inst_display_clocks/inst/clk_in1
    MMCME2_ADV_X1Y2      MMCME2_ADV (Prop_mmcme2_adv_CLKIN1_CLKOUT0)
                                                     -7.674    -6.512 r  datapath_uut/video_uut/mmcm_adv_inst_display_clocks/inst/mmcm_adv_inst/CLKOUT0
                         net (fo=1, routed)           1.723    -4.788    datapath_uut/video_uut/mmcm_adv_inst_display_clocks/inst/clk_out1_clk_wiz_0
    BUFGCTRL_X0Y1        BUFG (Prop_bufg_I_O)         0.091    -4.697 r  datapath_uut/video_uut/mmcm_adv_inst_display_clocks/inst/clkout1_buf/O
                         net (fo=271, routed)         1.705    -2.992    datapath_uut/video_uut/Inst_vga/color_mapper_inst/numeric_stepper_col/debouncer_down/clk_out1
    SLICE_X161Y117       FDRE                                         r  datapath_uut/video_uut/Inst_vga/color_mapper_inst/numeric_stepper_col/debouncer_down/FSM_sequential_state_reg[1]/C
  -------------------------------------------------------------------    -------------------
    SLICE_X161Y117       FDRE (Prop_fdre_C_Q)         0.367    -2.625 r  datapath_uut/video_uut/Inst_vga/color_mapper_inst/numeric_stepper_col/debouncer_down/FSM_sequential_state_reg[1]/Q
                         net (fo=11, routed)          0.398    -2.227    datapath_uut/video_uut/Inst_vga/color_mapper_inst/numeric_stepper_col/debouncer_down/state[1]
    SLICE_X160Y118       LUT3 (Prop_lut3_I1_O)        0.097    -2.130 r  datapath_uut/video_uut/Inst_vga/color_mapper_inst/numeric_stepper_col/debouncer_down/cw_reg[0]_i_1__2/O
                         net (fo=1, routed)           0.326    -1.804    datapath_uut/video_uut/Inst_vga/color_mapper_inst/numeric_stepper_col/debouncer_down/cw_reg[0]_i_1__2_n_0
    SLICE_X160Y118       LDPE                                         r  datapath_uut/video_uut/Inst_vga/color_mapper_inst/numeric_stepper_col/debouncer_down/cw_reg[0]/D
  -------------------------------------------------------------------    -------------------

Slack:                    inf
  Source:                 datapath_uut/video_uut/Inst_vga/color_mapper_inst/chicken_forward/color_index_reg[4]/C
                            (rising edge-triggered cell FDRE clocked by clk_out1_clk_wiz_0  {rise@0.000ns fall@20.000ns period=40.000ns})
  Destination:            datapath_uut/video_uut/Inst_vga/color_mapper_inst/chicken_index_reg[4]/D
  Path Group:             (none)
  Path Type:              Min at Slow Process Corner
  Data Path Delay:        1.343ns  (logic 0.467ns (34.781%)  route 0.876ns (65.219%))
  Logic Levels:           1  (LUT5=1)
  Clock Uncertainty:      0.190ns  ((TSJ^2 + DJ^2)^1/2) / 2 + PE
    Total System Jitter     (TSJ):    0.050ns
    Discrete Jitter          (DJ):    0.175ns
    Phase Error              (PE):    0.099ns

    Location             Delay type                Incr(ns)  Path(ns)    Netlist Resource(s)
  -------------------------------------------------------------------    -------------------
                         (clock clk_out1_clk_wiz_0 rise edge)
                                                      0.000     0.000 r  
    R4                   IBUF                         0.000     0.000 r  clk_IBUF_inst/O
                         net (fo=27, routed)          1.162     1.162    datapath_uut/video_uut/mmcm_adv_inst_display_clocks/inst/clk_in1
    MMCME2_ADV_X1Y2      MMCME2_ADV (Prop_mmcme2_adv_CLKIN1_CLKOUT0)
                                                     -7.674    -6.512 r  datapath_uut/video_uut/mmcm_adv_inst_display_clocks/inst/mmcm_adv_inst/CLKOUT0
                         net (fo=1, routed)           1.723    -4.788    datapath_uut/video_uut/mmcm_adv_inst_display_clocks/inst/clk_out1_clk_wiz_0
    BUFGCTRL_X0Y1        BUFG (Prop_bufg_I_O)         0.091    -4.697 r  datapath_uut/video_uut/mmcm_adv_inst_display_clocks/inst/clkout1_buf/O
                         net (fo=271, routed)         1.633    -3.064    datapath_uut/video_uut/Inst_vga/color_mapper_inst/chicken_forward/clk_out1
    SLICE_X153Y111       FDRE                                         r  datapath_uut/video_uut/Inst_vga/color_mapper_inst/chicken_forward/color_index_reg[4]/C
  -------------------------------------------------------------------    -------------------
    SLICE_X153Y111       FDRE (Prop_fdre_C_Q)         0.367    -2.697 r  datapath_uut/video_uut/Inst_vga/color_mapper_inst/chicken_forward/color_index_reg[4]/Q
                         net (fo=1, routed)           0.481    -2.216    datapath_uut/video_uut/Inst_vga/color_mapper_inst/chicken_backward/Q[4]
    SLICE_X155Y111       LUT5 (Prop_lut5_I2_O)        0.100    -2.116 r  datapath_uut/video_uut/Inst_vga/color_mapper_inst/chicken_backward/chicken_index_reg[4]_i_1/O
                         net (fo=1, routed)           0.395    -1.721    datapath_uut/video_uut/Inst_vga/color_mapper_inst/chicken_backward_n_3
    SLICE_X155Y113       LDCE                                         r  datapath_uut/video_uut/Inst_vga/color_mapper_inst/chicken_index_reg[4]/D
  -------------------------------------------------------------------    -------------------

Slack:                    inf
  Source:                 datapath_uut/video_uut/Inst_vga/color_mapper_inst/chicken_backward/color_index_reg[6]/C
                            (rising edge-triggered cell FDRE clocked by clk_out1_clk_wiz_0  {rise@0.000ns fall@20.000ns period=40.000ns})
  Destination:            datapath_uut/video_uut/Inst_vga/color_mapper_inst/chicken_index_reg[6]/D
  Path Group:             (none)
  Path Type:              Min at Slow Process Corner
  Data Path Delay:        1.391ns  (logic 0.467ns (33.577%)  route 0.924ns (66.423%))
  Logic Levels:           1  (LUT5=1)
  Clock Uncertainty:      0.190ns  ((TSJ^2 + DJ^2)^1/2) / 2 + PE
    Total System Jitter     (TSJ):    0.050ns
    Discrete Jitter          (DJ):    0.175ns
    Phase Error              (PE):    0.099ns

    Location             Delay type                Incr(ns)  Path(ns)    Netlist Resource(s)
  -------------------------------------------------------------------    -------------------
                         (clock clk_out1_clk_wiz_0 rise edge)
                                                      0.000     0.000 r  
    R4                   IBUF                         0.000     0.000 r  clk_IBUF_inst/O
                         net (fo=27, routed)          1.162     1.162    datapath_uut/video_uut/mmcm_adv_inst_display_clocks/inst/clk_in1
    MMCME2_ADV_X1Y2      MMCME2_ADV (Prop_mmcme2_adv_CLKIN1_CLKOUT0)
                                                     -7.674    -6.512 r  datapath_uut/video_uut/mmcm_adv_inst_display_clocks/inst/mmcm_adv_inst/CLKOUT0
                         net (fo=1, routed)           1.723    -4.788    datapath_uut/video_uut/mmcm_adv_inst_display_clocks/inst/clk_out1_clk_wiz_0
    BUFGCTRL_X0Y1        BUFG (Prop_bufg_I_O)         0.091    -4.697 r  datapath_uut/video_uut/mmcm_adv_inst_display_clocks/inst/clkout1_buf/O
                         net (fo=271, routed)         1.631    -3.066    datapath_uut/video_uut/Inst_vga/color_mapper_inst/chicken_backward/clk_out1
    SLICE_X149Y113       FDRE                                         r  datapath_uut/video_uut/Inst_vga/color_mapper_inst/chicken_backward/color_index_reg[6]/C
  -------------------------------------------------------------------    -------------------
    SLICE_X149Y113       FDRE (Prop_fdre_C_Q)         0.367    -2.699 r  datapath_uut/video_uut/Inst_vga/color_mapper_inst/chicken_backward/color_index_reg[6]/Q
                         net (fo=1, routed)           0.535    -2.164    datapath_uut/video_uut/Inst_vga/color_mapper_inst/chicken_backward/chicken_backward_out[6]
    SLICE_X149Y113       LUT5 (Prop_lut5_I0_O)        0.100    -2.064 r  datapath_uut/video_uut/Inst_vga/color_mapper_inst/chicken_backward/chicken_index_reg[6]_i_1/O
                         net (fo=1, routed)           0.389    -1.675    datapath_uut/video_uut/Inst_vga/color_mapper_inst/chicken_backward_n_1
    SLICE_X151Y114       LDCE                                         r  datapath_uut/video_uut/Inst_vga/color_mapper_inst/chicken_index_reg[6]/D
  -------------------------------------------------------------------    -------------------

Slack:                    inf
  Source:                 datapath_uut/video_uut/Inst_vga/color_mapper_inst/chicken_forward/color_index_reg[7]/C
                            (rising edge-triggered cell FDRE clocked by clk_out1_clk_wiz_0  {rise@0.000ns fall@20.000ns period=40.000ns})
  Destination:            datapath_uut/video_uut/Inst_vga/color_mapper_inst/chicken_index_reg[7]/D
  Path Group:             (none)
  Path Type:              Min at Slow Process Corner
  Data Path Delay:        1.392ns  (logic 0.518ns (37.215%)  route 0.874ns (62.785%))
  Logic Levels:           1  (LUT5=1)
  Clock Uncertainty:      0.190ns  ((TSJ^2 + DJ^2)^1/2) / 2 + PE
    Total System Jitter     (TSJ):    0.050ns
    Discrete Jitter          (DJ):    0.175ns
    Phase Error              (PE):    0.099ns

    Location             Delay type                Incr(ns)  Path(ns)    Netlist Resource(s)
  -------------------------------------------------------------------    -------------------
                         (clock clk_out1_clk_wiz_0 rise edge)
                                                      0.000     0.000 r  
    R4                   IBUF                         0.000     0.000 r  clk_IBUF_inst/O
                         net (fo=27, routed)          1.162     1.162    datapath_uut/video_uut/mmcm_adv_inst_display_clocks/inst/clk_in1
    MMCME2_ADV_X1Y2      MMCME2_ADV (Prop_mmcme2_adv_CLKIN1_CLKOUT0)
                                                     -7.674    -6.512 r  datapath_uut/video_uut/mmcm_adv_inst_display_clocks/inst/mmcm_adv_inst/CLKOUT0
                         net (fo=1, routed)           1.723    -4.788    datapath_uut/video_uut/mmcm_adv_inst_display_clocks/inst/clk_out1_clk_wiz_0
    BUFGCTRL_X0Y1        BUFG (Prop_bufg_I_O)         0.091    -4.697 r  datapath_uut/video_uut/mmcm_adv_inst_display_clocks/inst/clkout1_buf/O
                         net (fo=271, routed)         1.632    -3.065    datapath_uut/video_uut/Inst_vga/color_mapper_inst/chicken_forward/clk_out1
    SLICE_X150Y112       FDRE                                         r  datapath_uut/video_uut/Inst_vga/color_mapper_inst/chicken_forward/color_index_reg[7]/C
  -------------------------------------------------------------------    -------------------
    SLICE_X150Y112       FDRE (Prop_fdre_C_Q)         0.418    -2.647 r  datapath_uut/video_uut/Inst_vga/color_mapper_inst/chicken_forward/color_index_reg[7]/Q
                         net (fo=1, routed)           0.452    -2.195    datapath_uut/video_uut/Inst_vga/color_mapper_inst/chicken_backward/Q[7]
    SLICE_X150Y112       LUT5 (Prop_lut5_I2_O)        0.100    -2.095 r  datapath_uut/video_uut/Inst_vga/color_mapper_inst/chicken_backward/chicken_index_reg[7]_i_1/O
                         net (fo=1, routed)           0.422    -1.673    datapath_uut/video_uut/Inst_vga/color_mapper_inst/chicken_backward_n_0
    SLICE_X154Y113       LDCE                                         r  datapath_uut/video_uut/Inst_vga/color_mapper_inst/chicken_index_reg[7]/D
  -------------------------------------------------------------------    -------------------

Slack:                    inf
  Source:                 datapath_uut/video_uut/Inst_vga/color_mapper_inst/numeric_stepper_row/debouncer_up/FSM_sequential_state_reg[0]/C
                            (rising edge-triggered cell FDRE clocked by clk_out1_clk_wiz_0  {rise@0.000ns fall@20.000ns period=40.000ns})
  Destination:            datapath_uut/video_uut/Inst_vga/color_mapper_inst/numeric_stepper_row/debouncer_up/cw_reg[0]/PRE
  Path Group:             (none)
  Path Type:              Min at Slow Process Corner
  Data Path Delay:        1.383ns  (logic 0.467ns (33.776%)  route 0.916ns (66.224%))
  Logic Levels:           1  (LUT3=1)
  Clock Uncertainty:      0.190ns  ((TSJ^2 + DJ^2)^1/2) / 2 + PE
    Total System Jitter     (TSJ):    0.050ns
    Discrete Jitter          (DJ):    0.175ns
    Phase Error              (PE):    0.099ns

    Location             Delay type                Incr(ns)  Path(ns)    Netlist Resource(s)
  -------------------------------------------------------------------    -------------------
                         (clock clk_out1_clk_wiz_0 rise edge)
                                                      0.000     0.000 r  
    R4                   IBUF                         0.000     0.000 r  clk_IBUF_inst/O
                         net (fo=27, routed)          1.162     1.162    datapath_uut/video_uut/mmcm_adv_inst_display_clocks/inst/clk_in1
    MMCME2_ADV_X1Y2      MMCME2_ADV (Prop_mmcme2_adv_CLKIN1_CLKOUT0)
                                                     -7.674    -6.512 r  datapath_uut/video_uut/mmcm_adv_inst_display_clocks/inst/mmcm_adv_inst/CLKOUT0
                         net (fo=1, routed)           1.723    -4.788    datapath_uut/video_uut/mmcm_adv_inst_display_clocks/inst/clk_out1_clk_wiz_0
    BUFGCTRL_X0Y1        BUFG (Prop_bufg_I_O)         0.091    -4.697 r  datapath_uut/video_uut/mmcm_adv_inst_display_clocks/inst/clkout1_buf/O
                         net (fo=271, routed)         1.704    -2.993    datapath_uut/video_uut/Inst_vga/color_mapper_inst/numeric_stepper_row/debouncer_up/clk_out1
    SLICE_X159Y116       FDRE                                         r  datapath_uut/video_uut/Inst_vga/color_mapper_inst/numeric_stepper_row/debouncer_up/FSM_sequential_state_reg[0]/C
  -------------------------------------------------------------------    -------------------
    SLICE_X159Y116       FDRE (Prop_fdre_C_Q)         0.367    -2.626 r  datapath_uut/video_uut/Inst_vga/color_mapper_inst/numeric_stepper_row/debouncer_up/FSM_sequential_state_reg[0]/Q
                         net (fo=23, routed)          0.366    -2.260    datapath_uut/video_uut/Inst_vga/color_mapper_inst/numeric_stepper_row/debouncer_up/state[0]
    SLICE_X159Y115       LUT3 (Prop_lut3_I2_O)        0.100    -2.160 f  datapath_uut/video_uut/Inst_vga/color_mapper_inst/numeric_stepper_row/debouncer_up/cw_reg[1]_i_3/O
                         net (fo=2, routed)           0.549    -1.610    datapath_uut/video_uut/Inst_vga/color_mapper_inst/numeric_stepper_row/debouncer_up/cw__0
    SLICE_X159Y115       LDPE                                         f  datapath_uut/video_uut/Inst_vga/color_mapper_inst/numeric_stepper_row/debouncer_up/cw_reg[0]/PRE
  -------------------------------------------------------------------    -------------------

Slack:                    inf
  Source:                 datapath_uut/video_uut/Inst_vga/color_mapper_inst/numeric_stepper_row/debouncer_up/FSM_sequential_state_reg[0]/C
                            (rising edge-triggered cell FDRE clocked by clk_out1_clk_wiz_0  {rise@0.000ns fall@20.000ns period=40.000ns})
  Destination:            datapath_uut/video_uut/Inst_vga/color_mapper_inst/numeric_stepper_row/debouncer_up/cw_reg[1]/PRE
  Path Group:             (none)
  Path Type:              Min at Slow Process Corner
  Data Path Delay:        1.383ns  (logic 0.467ns (33.776%)  route 0.916ns (66.224%))
  Logic Levels:           1  (LUT3=1)
  Clock Uncertainty:      0.190ns  ((TSJ^2 + DJ^2)^1/2) / 2 + PE
    Total System Jitter     (TSJ):    0.050ns
    Discrete Jitter          (DJ):    0.175ns
    Phase Error              (PE):    0.099ns

    Location             Delay type                Incr(ns)  Path(ns)    Netlist Resource(s)
  -------------------------------------------------------------------    -------------------
                         (clock clk_out1_clk_wiz_0 rise edge)
                                                      0.000     0.000 r  
    R4                   IBUF                         0.000     0.000 r  clk_IBUF_inst/O
                         net (fo=27, routed)          1.162     1.162    datapath_uut/video_uut/mmcm_adv_inst_display_clocks/inst/clk_in1
    MMCME2_ADV_X1Y2      MMCME2_ADV (Prop_mmcme2_adv_CLKIN1_CLKOUT0)
                                                     -7.674    -6.512 r  datapath_uut/video_uut/mmcm_adv_inst_display_clocks/inst/mmcm_adv_inst/CLKOUT0
                         net (fo=1, routed)           1.723    -4.788    datapath_uut/video_uut/mmcm_adv_inst_display_clocks/inst/clk_out1_clk_wiz_0
    BUFGCTRL_X0Y1        BUFG (Prop_bufg_I_O)         0.091    -4.697 r  datapath_uut/video_uut/mmcm_adv_inst_display_clocks/inst/clkout1_buf/O
                         net (fo=271, routed)         1.704    -2.993    datapath_uut/video_uut/Inst_vga/color_mapper_inst/numeric_stepper_row/debouncer_up/clk_out1
    SLICE_X159Y116       FDRE                                         r  datapath_uut/video_uut/Inst_vga/color_mapper_inst/numeric_stepper_row/debouncer_up/FSM_sequential_state_reg[0]/C
  -------------------------------------------------------------------    -------------------
    SLICE_X159Y116       FDRE (Prop_fdre_C_Q)         0.367    -2.626 r  datapath_uut/video_uut/Inst_vga/color_mapper_inst/numeric_stepper_row/debouncer_up/FSM_sequential_state_reg[0]/Q
                         net (fo=23, routed)          0.366    -2.260    datapath_uut/video_uut/Inst_vga/color_mapper_inst/numeric_stepper_row/debouncer_up/state[0]
    SLICE_X159Y115       LUT3 (Prop_lut3_I2_O)        0.100    -2.160 f  datapath_uut/video_uut/Inst_vga/color_mapper_inst/numeric_stepper_row/debouncer_up/cw_reg[1]_i_3/O
                         net (fo=2, routed)           0.549    -1.610    datapath_uut/video_uut/Inst_vga/color_mapper_inst/numeric_stepper_row/debouncer_up/cw__0
    SLICE_X159Y115       LDPE                                         f  datapath_uut/video_uut/Inst_vga/color_mapper_inst/numeric_stepper_row/debouncer_up/cw_reg[1]/PRE
  -------------------------------------------------------------------    -------------------





--------------------------------------------------------------------------------------
Path Group:  (none)
From Clock:  clk_out2_clk_wiz_0
  To Clock:  

Max Delay             8 Endpoints
Min Delay             8 Endpoints
--------------------------------------------------------------------------------------


Max Delay Paths
--------------------------------------------------------------------------------------
Slack:                    inf
  Source:                 datapath_uut/video_uut/inst_dvid/ODDR2_red/C
                            (falling edge-triggered cell ODDR clocked by clk_out2_clk_wiz_0  {rise@0.000ns fall@4.000ns period=8.000ns})
  Destination:            tmdsb[2]
                            (output port)
  Path Group:             (none)
  Path Type:              Max at Slow Process Corner
  Data Path Delay:        2.370ns  (logic 2.369ns (99.958%)  route 0.001ns (0.042%))
  Logic Levels:           1  (OBUFDS=1)
  Clock Uncertainty:      0.166ns  ((TSJ^2 + DJ^2)^1/2) / 2 + PE
    Total System Jitter     (TSJ):    0.050ns
    Discrete Jitter          (DJ):    0.125ns
    Phase Error              (PE):    0.099ns

    Location             Delay type                Incr(ns)  Path(ns)    Netlist Resource(s)
  -------------------------------------------------------------------    -------------------
                         (clock clk_out2_clk_wiz_0 fall edge)
                                                      4.000     4.000 f  
    R4                   IBUF                         0.000     4.000 f  clk_IBUF_inst/O
                         net (fo=27, routed)          1.233     5.233    datapath_uut/video_uut/mmcm_adv_inst_display_clocks/inst/clk_in1
    MMCME2_ADV_X1Y2      MMCME2_ADV (Prop_mmcme2_adv_CLKIN1_CLKOUT1)
                                                     -7.432    -2.199 f  datapath_uut/video_uut/mmcm_adv_inst_display_clocks/inst/mmcm_adv_inst/CLKOUT1
                         net (fo=1, routed)           1.808    -0.390    datapath_uut/video_uut/mmcm_adv_inst_display_clocks/inst/clk_out2_clk_wiz_0
    BUFGCTRL_X0Y0        BUFG (Prop_bufg_I_O)         0.096    -0.294 f  datapath_uut/video_uut/mmcm_adv_inst_display_clocks/inst/clkout2_buf/O
                         net (fo=44, routed)          1.831     1.537    datapath_uut/video_uut/inst_dvid/clk_out2
    OLOGIC_X1Y134        ODDR                                         f  datapath_uut/video_uut/inst_dvid/ODDR2_red/C
  -------------------------------------------------------------------    -------------------
    OLOGIC_X1Y134        ODDR (Prop_oddr_C_Q)         0.472     2.009 r  datapath_uut/video_uut/inst_dvid/ODDR2_red/Q
                         net (fo=1, routed)           0.001     2.010    datapath_uut/video_uut/red_s
    AB3                  OBUFDS (Prop_obufds_I_OB)    1.897     3.907 r  datapath_uut/video_uut/OBUFDS_green/OB
                         net (fo=0)                   0.000     3.907    tmdsb[2]
    AB2                                                               r  tmdsb[2] (OUT)
  -------------------------------------------------------------------    -------------------

Slack:                    inf
  Source:                 datapath_uut/video_uut/inst_dvid/ODDR2_green/C
                            (falling edge-triggered cell ODDR clocked by clk_out2_clk_wiz_0  {rise@0.000ns fall@4.000ns period=8.000ns})
  Destination:            tmdsb[1]
                            (output port)
  Path Group:             (none)
  Path Type:              Max at Slow Process Corner
  Data Path Delay:        2.369ns  (logic 2.368ns (99.958%)  route 0.001ns (0.042%))
  Logic Levels:           1  (OBUFDS=1)
  Clock Uncertainty:      0.166ns  ((TSJ^2 + DJ^2)^1/2) / 2 + PE
    Total System Jitter     (TSJ):    0.050ns
    Discrete Jitter          (DJ):    0.125ns
    Phase Error              (PE):    0.099ns

    Location             Delay type                Incr(ns)  Path(ns)    Netlist Resource(s)
  -------------------------------------------------------------------    -------------------
                         (clock clk_out2_clk_wiz_0 fall edge)
                                                      4.000     4.000 f  
    R4                   IBUF                         0.000     4.000 f  clk_IBUF_inst/O
                         net (fo=27, routed)          1.233     5.233    datapath_uut/video_uut/mmcm_adv_inst_display_clocks/inst/clk_in1
    MMCME2_ADV_X1Y2      MMCME2_ADV (Prop_mmcme2_adv_CLKIN1_CLKOUT1)
                                                     -7.432    -2.199 f  datapath_uut/video_uut/mmcm_adv_inst_display_clocks/inst/mmcm_adv_inst/CLKOUT1
                         net (fo=1, routed)           1.808    -0.390    datapath_uut/video_uut/mmcm_adv_inst_display_clocks/inst/clk_out2_clk_wiz_0
    BUFGCTRL_X0Y0        BUFG (Prop_bufg_I_O)         0.096    -0.294 f  datapath_uut/video_uut/mmcm_adv_inst_display_clocks/inst/clkout2_buf/O
                         net (fo=44, routed)          1.832     1.538    datapath_uut/video_uut/inst_dvid/clk_out2
    OLOGIC_X1Y136        ODDR                                         f  datapath_uut/video_uut/inst_dvid/ODDR2_green/C
  -------------------------------------------------------------------    -------------------
    OLOGIC_X1Y136        ODDR (Prop_oddr_C_Q)         0.472     2.010 r  datapath_uut/video_uut/inst_dvid/ODDR2_green/Q
                         net (fo=1, routed)           0.001     2.011    datapath_uut/video_uut/green_s
    AA1                  OBUFDS (Prop_obufds_I_OB)    1.896     3.906 r  datapath_uut/video_uut/OBUFDS_red/OB
                         net (fo=0)                   0.000     3.906    tmdsb[1]
    AB1                                                               r  tmdsb[1] (OUT)
  -------------------------------------------------------------------    -------------------

Slack:                    inf
  Source:                 datapath_uut/video_uut/inst_dvid/ODDR2_red/C
                            (falling edge-triggered cell ODDR clocked by clk_out2_clk_wiz_0  {rise@0.000ns fall@4.000ns period=8.000ns})
  Destination:            tmds[2]
                            (output port)
  Path Group:             (none)
  Path Type:              Max at Slow Process Corner
  Data Path Delay:        2.369ns  (logic 2.368ns (99.958%)  route 0.001ns (0.042%))
  Logic Levels:           1  (OBUFDS=1)
  Clock Uncertainty:      0.166ns  ((TSJ^2 + DJ^2)^1/2) / 2 + PE
    Total System Jitter     (TSJ):    0.050ns
    Discrete Jitter          (DJ):    0.125ns
    Phase Error              (PE):    0.099ns

    Location             Delay type                Incr(ns)  Path(ns)    Netlist Resource(s)
  -------------------------------------------------------------------    -------------------
                         (clock clk_out2_clk_wiz_0 fall edge)
                                                      4.000     4.000 f  
    R4                   IBUF                         0.000     4.000 f  clk_IBUF_inst/O
                         net (fo=27, routed)          1.233     5.233    datapath_uut/video_uut/mmcm_adv_inst_display_clocks/inst/clk_in1
    MMCME2_ADV_X1Y2      MMCME2_ADV (Prop_mmcme2_adv_CLKIN1_CLKOUT1)
                                                     -7.432    -2.199 f  datapath_uut/video_uut/mmcm_adv_inst_display_clocks/inst/mmcm_adv_inst/CLKOUT1
                         net (fo=1, routed)           1.808    -0.390    datapath_uut/video_uut/mmcm_adv_inst_display_clocks/inst/clk_out2_clk_wiz_0
    BUFGCTRL_X0Y0        BUFG (Prop_bufg_I_O)         0.096    -0.294 f  datapath_uut/video_uut/mmcm_adv_inst_display_clocks/inst/clkout2_buf/O
                         net (fo=44, routed)          1.831     1.537    datapath_uut/video_uut/inst_dvid/clk_out2
    OLOGIC_X1Y134        ODDR                                         f  datapath_uut/video_uut/inst_dvid/ODDR2_red/C
  -------------------------------------------------------------------    -------------------
    OLOGIC_X1Y134        ODDR (Prop_oddr_C_Q)         0.472     2.009 r  datapath_uut/video_uut/inst_dvid/ODDR2_red/Q
                         net (fo=1, routed)           0.001     2.010    datapath_uut/video_uut/red_s
    AB3                  OBUFDS (Prop_obufds_I_O)     1.896     3.906 r  datapath_uut/video_uut/OBUFDS_green/O
                         net (fo=0)                   0.000     3.906    tmds[2]
    AB3                                                               r  tmds[2] (OUT)
  -------------------------------------------------------------------    -------------------

Slack:                    inf
  Source:                 datapath_uut/video_uut/inst_dvid/ODDR2_green/C
                            (falling edge-triggered cell ODDR clocked by clk_out2_clk_wiz_0  {rise@0.000ns fall@4.000ns period=8.000ns})
  Destination:            tmds[1]
                            (output port)
  Path Group:             (none)
  Path Type:              Max at Slow Process Corner
  Data Path Delay:        2.368ns  (logic 2.367ns (99.958%)  route 0.001ns (0.042%))
  Logic Levels:           1  (OBUFDS=1)
  Clock Uncertainty:      0.166ns  ((TSJ^2 + DJ^2)^1/2) / 2 + PE
    Total System Jitter     (TSJ):    0.050ns
    Discrete Jitter          (DJ):    0.125ns
    Phase Error              (PE):    0.099ns

    Location             Delay type                Incr(ns)  Path(ns)    Netlist Resource(s)
  -------------------------------------------------------------------    -------------------
                         (clock clk_out2_clk_wiz_0 fall edge)
                                                      4.000     4.000 f  
    R4                   IBUF                         0.000     4.000 f  clk_IBUF_inst/O
                         net (fo=27, routed)          1.233     5.233    datapath_uut/video_uut/mmcm_adv_inst_display_clocks/inst/clk_in1
    MMCME2_ADV_X1Y2      MMCME2_ADV (Prop_mmcme2_adv_CLKIN1_CLKOUT1)
                                                     -7.432    -2.199 f  datapath_uut/video_uut/mmcm_adv_inst_display_clocks/inst/mmcm_adv_inst/CLKOUT1
                         net (fo=1, routed)           1.808    -0.390    datapath_uut/video_uut/mmcm_adv_inst_display_clocks/inst/clk_out2_clk_wiz_0
    BUFGCTRL_X0Y0        BUFG (Prop_bufg_I_O)         0.096    -0.294 f  datapath_uut/video_uut/mmcm_adv_inst_display_clocks/inst/clkout2_buf/O
                         net (fo=44, routed)          1.832     1.538    datapath_uut/video_uut/inst_dvid/clk_out2
    OLOGIC_X1Y136        ODDR                                         f  datapath_uut/video_uut/inst_dvid/ODDR2_green/C
  -------------------------------------------------------------------    -------------------
    OLOGIC_X1Y136        ODDR (Prop_oddr_C_Q)         0.472     2.010 r  datapath_uut/video_uut/inst_dvid/ODDR2_green/Q
                         net (fo=1, routed)           0.001     2.011    datapath_uut/video_uut/green_s
    AA1                  OBUFDS (Prop_obufds_I_O)     1.895     3.905 r  datapath_uut/video_uut/OBUFDS_red/O
                         net (fo=0)                   0.000     3.905    tmds[1]
    AA1                                                               r  tmds[1] (OUT)
  -------------------------------------------------------------------    -------------------

Slack:                    inf
  Source:                 datapath_uut/video_uut/inst_dvid/ODDR2_blue/C
                            (falling edge-triggered cell ODDR clocked by clk_out2_clk_wiz_0  {rise@0.000ns fall@4.000ns period=8.000ns})
  Destination:            tmdsb[0]
                            (output port)
  Path Group:             (none)
  Path Type:              Max at Slow Process Corner
  Data Path Delay:        2.358ns  (logic 2.357ns (99.958%)  route 0.001ns (0.042%))
  Logic Levels:           1  (OBUFDS=1)
  Clock Uncertainty:      0.166ns  ((TSJ^2 + DJ^2)^1/2) / 2 + PE
    Total System Jitter     (TSJ):    0.050ns
    Discrete Jitter          (DJ):    0.125ns
    Phase Error              (PE):    0.099ns

    Location             Delay type                Incr(ns)  Path(ns)    Netlist Resource(s)
  -------------------------------------------------------------------    -------------------
                         (clock clk_out2_clk_wiz_0 fall edge)
                                                      4.000     4.000 f  
    R4                   IBUF                         0.000     4.000 f  clk_IBUF_inst/O
                         net (fo=27, routed)          1.233     5.233    datapath_uut/video_uut/mmcm_adv_inst_display_clocks/inst/clk_in1
    MMCME2_ADV_X1Y2      MMCME2_ADV (Prop_mmcme2_adv_CLKIN1_CLKOUT1)
                                                     -7.432    -2.199 f  datapath_uut/video_uut/mmcm_adv_inst_display_clocks/inst/mmcm_adv_inst/CLKOUT1
                         net (fo=1, routed)           1.808    -0.390    datapath_uut/video_uut/mmcm_adv_inst_display_clocks/inst/clk_out2_clk_wiz_0
    BUFGCTRL_X0Y0        BUFG (Prop_bufg_I_O)         0.096    -0.294 f  datapath_uut/video_uut/mmcm_adv_inst_display_clocks/inst/clkout2_buf/O
                         net (fo=44, routed)          1.835     1.541    datapath_uut/video_uut/inst_dvid/clk_out2
    OLOGIC_X1Y140        ODDR                                         f  datapath_uut/video_uut/inst_dvid/ODDR2_blue/C
  -------------------------------------------------------------------    -------------------
    OLOGIC_X1Y140        ODDR (Prop_oddr_C_Q)         0.472     2.013 r  datapath_uut/video_uut/inst_dvid/ODDR2_blue/Q
                         net (fo=1, routed)           0.001     2.014    datapath_uut/video_uut/blue_s
    W1                   OBUFDS (Prop_obufds_I_OB)    1.885     3.898 r  datapath_uut/video_uut/OBUFDS_blue/OB
                         net (fo=0)                   0.000     3.898    tmdsb[0]
    Y1                                                                r  tmdsb[0] (OUT)
  -------------------------------------------------------------------    -------------------

Slack:                    inf
  Source:                 datapath_uut/video_uut/inst_dvid/ODDR2_blue/C
                            (falling edge-triggered cell ODDR clocked by clk_out2_clk_wiz_0  {rise@0.000ns fall@4.000ns period=8.000ns})
  Destination:            tmds[0]
                            (output port)
  Path Group:             (none)
  Path Type:              Max at Slow Process Corner
  Data Path Delay:        2.357ns  (logic 2.356ns (99.958%)  route 0.001ns (0.042%))
  Logic Levels:           1  (OBUFDS=1)
  Clock Uncertainty:      0.166ns  ((TSJ^2 + DJ^2)^1/2) / 2 + PE
    Total System Jitter     (TSJ):    0.050ns
    Discrete Jitter          (DJ):    0.125ns
    Phase Error              (PE):    0.099ns

    Location             Delay type                Incr(ns)  Path(ns)    Netlist Resource(s)
  -------------------------------------------------------------------    -------------------
                         (clock clk_out2_clk_wiz_0 fall edge)
                                                      4.000     4.000 f  
    R4                   IBUF                         0.000     4.000 f  clk_IBUF_inst/O
                         net (fo=27, routed)          1.233     5.233    datapath_uut/video_uut/mmcm_adv_inst_display_clocks/inst/clk_in1
    MMCME2_ADV_X1Y2      MMCME2_ADV (Prop_mmcme2_adv_CLKIN1_CLKOUT1)
                                                     -7.432    -2.199 f  datapath_uut/video_uut/mmcm_adv_inst_display_clocks/inst/mmcm_adv_inst/CLKOUT1
                         net (fo=1, routed)           1.808    -0.390    datapath_uut/video_uut/mmcm_adv_inst_display_clocks/inst/clk_out2_clk_wiz_0
    BUFGCTRL_X0Y0        BUFG (Prop_bufg_I_O)         0.096    -0.294 f  datapath_uut/video_uut/mmcm_adv_inst_display_clocks/inst/clkout2_buf/O
                         net (fo=44, routed)          1.835     1.541    datapath_uut/video_uut/inst_dvid/clk_out2
    OLOGIC_X1Y140        ODDR                                         f  datapath_uut/video_uut/inst_dvid/ODDR2_blue/C
  -------------------------------------------------------------------    -------------------
    OLOGIC_X1Y140        ODDR (Prop_oddr_C_Q)         0.472     2.013 r  datapath_uut/video_uut/inst_dvid/ODDR2_blue/Q
                         net (fo=1, routed)           0.001     2.014    datapath_uut/video_uut/blue_s
    W1                   OBUFDS (Prop_obufds_I_O)     1.884     3.897 r  datapath_uut/video_uut/OBUFDS_blue/O
                         net (fo=0)                   0.000     3.897    tmds[0]
    W1                                                                r  tmds[0] (OUT)
  -------------------------------------------------------------------    -------------------

Slack:                    inf
  Source:                 datapath_uut/video_uut/inst_dvid/ODDR2_clock/C
                            (falling edge-triggered cell ODDR clocked by clk_out2_clk_wiz_0  {rise@0.000ns fall@4.000ns period=8.000ns})
  Destination:            tmdsb[3]
                            (output port)
  Path Group:             (none)
  Path Type:              Max at Slow Process Corner
  Data Path Delay:        2.341ns  (logic 2.340ns (99.957%)  route 0.001ns (0.043%))
  Logic Levels:           1  (OBUFDS=1)
  Clock Uncertainty:      0.166ns  ((TSJ^2 + DJ^2)^1/2) / 2 + PE
    Total System Jitter     (TSJ):    0.050ns
    Discrete Jitter          (DJ):    0.125ns
    Phase Error              (PE):    0.099ns

    Location             Delay type                Incr(ns)  Path(ns)    Netlist Resource(s)
  -------------------------------------------------------------------    -------------------
                         (clock clk_out2_clk_wiz_0 fall edge)
                                                      4.000     4.000 f  
    R4                   IBUF                         0.000     4.000 f  clk_IBUF_inst/O
                         net (fo=27, routed)          1.233     5.233    datapath_uut/video_uut/mmcm_adv_inst_display_clocks/inst/clk_in1
    MMCME2_ADV_X1Y2      MMCME2_ADV (Prop_mmcme2_adv_CLKIN1_CLKOUT1)
                                                     -7.432    -2.199 f  datapath_uut/video_uut/mmcm_adv_inst_display_clocks/inst/mmcm_adv_inst/CLKOUT1
                         net (fo=1, routed)           1.808    -0.390    datapath_uut/video_uut/mmcm_adv_inst_display_clocks/inst/clk_out2_clk_wiz_0
    BUFGCTRL_X0Y0        BUFG (Prop_bufg_I_O)         0.096    -0.294 f  datapath_uut/video_uut/mmcm_adv_inst_display_clocks/inst/clkout2_buf/O
                         net (fo=44, routed)          1.838     1.544    datapath_uut/video_uut/inst_dvid/clk_out2
    OLOGIC_X1Y148        ODDR                                         f  datapath_uut/video_uut/inst_dvid/ODDR2_clock/C
  -------------------------------------------------------------------    -------------------
    OLOGIC_X1Y148        ODDR (Prop_oddr_C_Q)         0.472     2.016 r  datapath_uut/video_uut/inst_dvid/ODDR2_clock/Q
                         net (fo=1, routed)           0.001     2.016    datapath_uut/video_uut/clock_s
    T1                   OBUFDS (Prop_obufds_I_OB)    1.868     3.885 r  datapath_uut/video_uut/OBUFDS_clock/OB
                         net (fo=0)                   0.000     3.885    tmdsb[3]
    U1                                                                r  tmdsb[3] (OUT)
  -------------------------------------------------------------------    -------------------

Slack:                    inf
  Source:                 datapath_uut/video_uut/inst_dvid/ODDR2_clock/C
                            (falling edge-triggered cell ODDR clocked by clk_out2_clk_wiz_0  {rise@0.000ns fall@4.000ns period=8.000ns})
  Destination:            tmds[3]
                            (output port)
  Path Group:             (none)
  Path Type:              Max at Slow Process Corner
  Data Path Delay:        2.340ns  (logic 2.339ns (99.957%)  route 0.001ns (0.043%))
  Logic Levels:           1  (OBUFDS=1)
  Clock Uncertainty:      0.166ns  ((TSJ^2 + DJ^2)^1/2) / 2 + PE
    Total System Jitter     (TSJ):    0.050ns
    Discrete Jitter          (DJ):    0.125ns
    Phase Error              (PE):    0.099ns

    Location             Delay type                Incr(ns)  Path(ns)    Netlist Resource(s)
  -------------------------------------------------------------------    -------------------
                         (clock clk_out2_clk_wiz_0 fall edge)
                                                      4.000     4.000 f  
    R4                   IBUF                         0.000     4.000 f  clk_IBUF_inst/O
                         net (fo=27, routed)          1.233     5.233    datapath_uut/video_uut/mmcm_adv_inst_display_clocks/inst/clk_in1
    MMCME2_ADV_X1Y2      MMCME2_ADV (Prop_mmcme2_adv_CLKIN1_CLKOUT1)
                                                     -7.432    -2.199 f  datapath_uut/video_uut/mmcm_adv_inst_display_clocks/inst/mmcm_adv_inst/CLKOUT1
                         net (fo=1, routed)           1.808    -0.390    datapath_uut/video_uut/mmcm_adv_inst_display_clocks/inst/clk_out2_clk_wiz_0
    BUFGCTRL_X0Y0        BUFG (Prop_bufg_I_O)         0.096    -0.294 f  datapath_uut/video_uut/mmcm_adv_inst_display_clocks/inst/clkout2_buf/O
                         net (fo=44, routed)          1.838     1.544    datapath_uut/video_uut/inst_dvid/clk_out2
    OLOGIC_X1Y148        ODDR                                         f  datapath_uut/video_uut/inst_dvid/ODDR2_clock/C
  -------------------------------------------------------------------    -------------------
    OLOGIC_X1Y148        ODDR (Prop_oddr_C_Q)         0.472     2.016 r  datapath_uut/video_uut/inst_dvid/ODDR2_clock/Q
                         net (fo=1, routed)           0.001     2.016    datapath_uut/video_uut/clock_s
    T1                   OBUFDS (Prop_obufds_I_O)     1.867     3.884 r  datapath_uut/video_uut/OBUFDS_clock/O
                         net (fo=0)                   0.000     3.884    tmds[3]
    T1                                                                r  tmds[3] (OUT)
  -------------------------------------------------------------------    -------------------





Min Delay Paths
--------------------------------------------------------------------------------------
Slack:                    inf
  Source:                 datapath_uut/video_uut/inst_dvid/ODDR2_clock/C
                            (rising edge-triggered cell ODDR clocked by clk_out2_clk_wiz_0  {rise@0.000ns fall@4.000ns period=8.000ns})
  Destination:            tmds[3]
                            (output port)
  Path Group:             (none)
  Path Type:              Min at Slow Process Corner
  Data Path Delay:        2.161ns  (logic 2.160ns (99.954%)  route 0.001ns (0.046%))
  Logic Levels:           1  (OBUFDS=1)
  Clock Uncertainty:      0.166ns  ((TSJ^2 + DJ^2)^1/2) / 2 + PE
    Total System Jitter     (TSJ):    0.050ns
    Discrete Jitter          (DJ):    0.125ns
    Phase Error              (PE):    0.099ns

    Location             Delay type                Incr(ns)  Path(ns)    Netlist Resource(s)
  -------------------------------------------------------------------    -------------------
                         (clock clk_out2_clk_wiz_0 rise edge)
                                                      0.000     0.000 r  
    R4                   IBUF                         0.000     0.000 r  clk_IBUF_inst/O
                         net (fo=27, routed)          1.162     1.162    datapath_uut/video_uut/mmcm_adv_inst_display_clocks/inst/clk_in1
    MMCME2_ADV_X1Y2      MMCME2_ADV (Prop_mmcme2_adv_CLKIN1_CLKOUT1)
                                                     -7.674    -6.512 r  datapath_uut/video_uut/mmcm_adv_inst_display_clocks/inst/mmcm_adv_inst/CLKOUT1
                         net (fo=1, routed)           1.723    -4.788    datapath_uut/video_uut/mmcm_adv_inst_display_clocks/inst/clk_out2_clk_wiz_0
    BUFGCTRL_X0Y0        BUFG (Prop_bufg_I_O)         0.091    -4.697 r  datapath_uut/video_uut/mmcm_adv_inst_display_clocks/inst/clkout2_buf/O
                         net (fo=44, routed)          1.693    -3.005    datapath_uut/video_uut/inst_dvid/clk_out2
    OLOGIC_X1Y148        ODDR                                         r  datapath_uut/video_uut/inst_dvid/ODDR2_clock/C
  -------------------------------------------------------------------    -------------------
    OLOGIC_X1Y148        ODDR (Prop_oddr_C_Q)         0.411    -2.594 r  datapath_uut/video_uut/inst_dvid/ODDR2_clock/Q
                         net (fo=1, routed)           0.001    -2.593    datapath_uut/video_uut/clock_s
    T1                   OBUFDS (Prop_obufds_I_O)     1.749    -0.844 r  datapath_uut/video_uut/OBUFDS_clock/O
                         net (fo=0)                   0.000    -0.844    tmds[3]
    T1                                                                r  tmds[3] (OUT)
  -------------------------------------------------------------------    -------------------

Slack:                    inf
  Source:                 datapath_uut/video_uut/inst_dvid/ODDR2_clock/C
                            (rising edge-triggered cell ODDR clocked by clk_out2_clk_wiz_0  {rise@0.000ns fall@4.000ns period=8.000ns})
  Destination:            tmdsb[3]
                            (output port)
  Path Group:             (none)
  Path Type:              Min at Slow Process Corner
  Data Path Delay:        2.162ns  (logic 2.161ns (99.954%)  route 0.001ns (0.046%))
  Logic Levels:           1  (OBUFDS=1)
  Clock Uncertainty:      0.166ns  ((TSJ^2 + DJ^2)^1/2) / 2 + PE
    Total System Jitter     (TSJ):    0.050ns
    Discrete Jitter          (DJ):    0.125ns
    Phase Error              (PE):    0.099ns

    Location             Delay type                Incr(ns)  Path(ns)    Netlist Resource(s)
  -------------------------------------------------------------------    -------------------
                         (clock clk_out2_clk_wiz_0 rise edge)
                                                      0.000     0.000 r  
    R4                   IBUF                         0.000     0.000 r  clk_IBUF_inst/O
                         net (fo=27, routed)          1.162     1.162    datapath_uut/video_uut/mmcm_adv_inst_display_clocks/inst/clk_in1
    MMCME2_ADV_X1Y2      MMCME2_ADV (Prop_mmcme2_adv_CLKIN1_CLKOUT1)
                                                     -7.674    -6.512 r  datapath_uut/video_uut/mmcm_adv_inst_display_clocks/inst/mmcm_adv_inst/CLKOUT1
                         net (fo=1, routed)           1.723    -4.788    datapath_uut/video_uut/mmcm_adv_inst_display_clocks/inst/clk_out2_clk_wiz_0
    BUFGCTRL_X0Y0        BUFG (Prop_bufg_I_O)         0.091    -4.697 r  datapath_uut/video_uut/mmcm_adv_inst_display_clocks/inst/clkout2_buf/O
                         net (fo=44, routed)          1.693    -3.005    datapath_uut/video_uut/inst_dvid/clk_out2
    OLOGIC_X1Y148        ODDR                                         r  datapath_uut/video_uut/inst_dvid/ODDR2_clock/C
  -------------------------------------------------------------------    -------------------
    OLOGIC_X1Y148        ODDR (Prop_oddr_C_Q)         0.411    -2.594 r  datapath_uut/video_uut/inst_dvid/ODDR2_clock/Q
                         net (fo=1, routed)           0.001    -2.593    datapath_uut/video_uut/clock_s
    T1                   OBUFDS (Prop_obufds_I_OB)    1.750    -0.843 r  datapath_uut/video_uut/OBUFDS_clock/OB
                         net (fo=0)                   0.000    -0.843    tmdsb[3]
    U1                                                                r  tmdsb[3] (OUT)
  -------------------------------------------------------------------    -------------------

Slack:                    inf
  Source:                 datapath_uut/video_uut/inst_dvid/ODDR2_blue/C
                            (rising edge-triggered cell ODDR clocked by clk_out2_clk_wiz_0  {rise@0.000ns fall@4.000ns period=8.000ns})
  Destination:            tmds[0]
                            (output port)
  Path Group:             (none)
  Path Type:              Min at Slow Process Corner
  Data Path Delay:        2.177ns  (logic 2.176ns (99.954%)  route 0.001ns (0.046%))
  Logic Levels:           1  (OBUFDS=1)
  Clock Uncertainty:      0.166ns  ((TSJ^2 + DJ^2)^1/2) / 2 + PE
    Total System Jitter     (TSJ):    0.050ns
    Discrete Jitter          (DJ):    0.125ns
    Phase Error              (PE):    0.099ns

    Location             Delay type                Incr(ns)  Path(ns)    Netlist Resource(s)
  -------------------------------------------------------------------    -------------------
                         (clock clk_out2_clk_wiz_0 rise edge)
                                                      0.000     0.000 r  
    R4                   IBUF                         0.000     0.000 r  clk_IBUF_inst/O
                         net (fo=27, routed)          1.162     1.162    datapath_uut/video_uut/mmcm_adv_inst_display_clocks/inst/clk_in1
    MMCME2_ADV_X1Y2      MMCME2_ADV (Prop_mmcme2_adv_CLKIN1_CLKOUT1)
                                                     -7.674    -6.512 r  datapath_uut/video_uut/mmcm_adv_inst_display_clocks/inst/mmcm_adv_inst/CLKOUT1
                         net (fo=1, routed)           1.723    -4.788    datapath_uut/video_uut/mmcm_adv_inst_display_clocks/inst/clk_out2_clk_wiz_0
    BUFGCTRL_X0Y0        BUFG (Prop_bufg_I_O)         0.091    -4.697 r  datapath_uut/video_uut/mmcm_adv_inst_display_clocks/inst/clkout2_buf/O
                         net (fo=44, routed)          1.691    -3.007    datapath_uut/video_uut/inst_dvid/clk_out2
    OLOGIC_X1Y140        ODDR                                         r  datapath_uut/video_uut/inst_dvid/ODDR2_blue/C
  -------------------------------------------------------------------    -------------------
    OLOGIC_X1Y140        ODDR (Prop_oddr_C_Q)         0.411    -2.596 r  datapath_uut/video_uut/inst_dvid/ODDR2_blue/Q
                         net (fo=1, routed)           0.001    -2.595    datapath_uut/video_uut/blue_s
    W1                   OBUFDS (Prop_obufds_I_O)     1.765    -0.829 r  datapath_uut/video_uut/OBUFDS_blue/O
                         net (fo=0)                   0.000    -0.829    tmds[0]
    W1                                                                r  tmds[0] (OUT)
  -------------------------------------------------------------------    -------------------

Slack:                    inf
  Source:                 datapath_uut/video_uut/inst_dvid/ODDR2_blue/C
                            (rising edge-triggered cell ODDR clocked by clk_out2_clk_wiz_0  {rise@0.000ns fall@4.000ns period=8.000ns})
  Destination:            tmdsb[0]
                            (output port)
  Path Group:             (none)
  Path Type:              Min at Slow Process Corner
  Data Path Delay:        2.178ns  (logic 2.177ns (99.954%)  route 0.001ns (0.046%))
  Logic Levels:           1  (OBUFDS=1)
  Clock Uncertainty:      0.166ns  ((TSJ^2 + DJ^2)^1/2) / 2 + PE
    Total System Jitter     (TSJ):    0.050ns
    Discrete Jitter          (DJ):    0.125ns
    Phase Error              (PE):    0.099ns

    Location             Delay type                Incr(ns)  Path(ns)    Netlist Resource(s)
  -------------------------------------------------------------------    -------------------
                         (clock clk_out2_clk_wiz_0 rise edge)
                                                      0.000     0.000 r  
    R4                   IBUF                         0.000     0.000 r  clk_IBUF_inst/O
                         net (fo=27, routed)          1.162     1.162    datapath_uut/video_uut/mmcm_adv_inst_display_clocks/inst/clk_in1
    MMCME2_ADV_X1Y2      MMCME2_ADV (Prop_mmcme2_adv_CLKIN1_CLKOUT1)
                                                     -7.674    -6.512 r  datapath_uut/video_uut/mmcm_adv_inst_display_clocks/inst/mmcm_adv_inst/CLKOUT1
                         net (fo=1, routed)           1.723    -4.788    datapath_uut/video_uut/mmcm_adv_inst_display_clocks/inst/clk_out2_clk_wiz_0
    BUFGCTRL_X0Y0        BUFG (Prop_bufg_I_O)         0.091    -4.697 r  datapath_uut/video_uut/mmcm_adv_inst_display_clocks/inst/clkout2_buf/O
                         net (fo=44, routed)          1.691    -3.007    datapath_uut/video_uut/inst_dvid/clk_out2
    OLOGIC_X1Y140        ODDR                                         r  datapath_uut/video_uut/inst_dvid/ODDR2_blue/C
  -------------------------------------------------------------------    -------------------
    OLOGIC_X1Y140        ODDR (Prop_oddr_C_Q)         0.411    -2.596 r  datapath_uut/video_uut/inst_dvid/ODDR2_blue/Q
                         net (fo=1, routed)           0.001    -2.595    datapath_uut/video_uut/blue_s
    W1                   OBUFDS (Prop_obufds_I_OB)    1.766    -0.828 r  datapath_uut/video_uut/OBUFDS_blue/OB
                         net (fo=0)                   0.000    -0.828    tmdsb[0]
    Y1                                                                r  tmdsb[0] (OUT)
  -------------------------------------------------------------------    -------------------

Slack:                    inf
  Source:                 datapath_uut/video_uut/inst_dvid/ODDR2_green/C
                            (rising edge-triggered cell ODDR clocked by clk_out2_clk_wiz_0  {rise@0.000ns fall@4.000ns period=8.000ns})
  Destination:            tmds[1]
                            (output port)
  Path Group:             (none)
  Path Type:              Min at Slow Process Corner
  Data Path Delay:        2.188ns  (logic 2.187ns (99.954%)  route 0.001ns (0.046%))
  Logic Levels:           1  (OBUFDS=1)
  Clock Uncertainty:      0.166ns  ((TSJ^2 + DJ^2)^1/2) / 2 + PE
    Total System Jitter     (TSJ):    0.050ns
    Discrete Jitter          (DJ):    0.125ns
    Phase Error              (PE):    0.099ns

    Location             Delay type                Incr(ns)  Path(ns)    Netlist Resource(s)
  -------------------------------------------------------------------    -------------------
                         (clock clk_out2_clk_wiz_0 rise edge)
                                                      0.000     0.000 r  
    R4                   IBUF                         0.000     0.000 r  clk_IBUF_inst/O
                         net (fo=27, routed)          1.162     1.162    datapath_uut/video_uut/mmcm_adv_inst_display_clocks/inst/clk_in1
    MMCME2_ADV_X1Y2      MMCME2_ADV (Prop_mmcme2_adv_CLKIN1_CLKOUT1)
                                                     -7.674    -6.512 r  datapath_uut/video_uut/mmcm_adv_inst_display_clocks/inst/mmcm_adv_inst/CLKOUT1
                         net (fo=1, routed)           1.723    -4.788    datapath_uut/video_uut/mmcm_adv_inst_display_clocks/inst/clk_out2_clk_wiz_0
    BUFGCTRL_X0Y0        BUFG (Prop_bufg_I_O)         0.091    -4.697 r  datapath_uut/video_uut/mmcm_adv_inst_display_clocks/inst/clkout2_buf/O
                         net (fo=44, routed)          1.688    -3.010    datapath_uut/video_uut/inst_dvid/clk_out2
    OLOGIC_X1Y136        ODDR                                         r  datapath_uut/video_uut/inst_dvid/ODDR2_green/C
  -------------------------------------------------------------------    -------------------
    OLOGIC_X1Y136        ODDR (Prop_oddr_C_Q)         0.411    -2.599 r  datapath_uut/video_uut/inst_dvid/ODDR2_green/Q
                         net (fo=1, routed)           0.001    -2.598    datapath_uut/video_uut/green_s
    AA1                  OBUFDS (Prop_obufds_I_O)     1.776    -0.821 r  datapath_uut/video_uut/OBUFDS_red/O
                         net (fo=0)                   0.000    -0.821    tmds[1]
    AA1                                                               r  tmds[1] (OUT)
  -------------------------------------------------------------------    -------------------

Slack:                    inf
  Source:                 datapath_uut/video_uut/inst_dvid/ODDR2_red/C
                            (rising edge-triggered cell ODDR clocked by clk_out2_clk_wiz_0  {rise@0.000ns fall@4.000ns period=8.000ns})
  Destination:            tmds[2]
                            (output port)
  Path Group:             (none)
  Path Type:              Min at Slow Process Corner
  Data Path Delay:        2.190ns  (logic 2.189ns (99.954%)  route 0.001ns (0.046%))
  Logic Levels:           1  (OBUFDS=1)
  Clock Uncertainty:      0.166ns  ((TSJ^2 + DJ^2)^1/2) / 2 + PE
    Total System Jitter     (TSJ):    0.050ns
    Discrete Jitter          (DJ):    0.125ns
    Phase Error              (PE):    0.099ns

    Location             Delay type                Incr(ns)  Path(ns)    Netlist Resource(s)
  -------------------------------------------------------------------    -------------------
                         (clock clk_out2_clk_wiz_0 rise edge)
                                                      0.000     0.000 r  
    R4                   IBUF                         0.000     0.000 r  clk_IBUF_inst/O
                         net (fo=27, routed)          1.162     1.162    datapath_uut/video_uut/mmcm_adv_inst_display_clocks/inst/clk_in1
    MMCME2_ADV_X1Y2      MMCME2_ADV (Prop_mmcme2_adv_CLKIN1_CLKOUT1)
                                                     -7.674    -6.512 r  datapath_uut/video_uut/mmcm_adv_inst_display_clocks/inst/mmcm_adv_inst/CLKOUT1
                         net (fo=1, routed)           1.723    -4.788    datapath_uut/video_uut/mmcm_adv_inst_display_clocks/inst/clk_out2_clk_wiz_0
    BUFGCTRL_X0Y0        BUFG (Prop_bufg_I_O)         0.091    -4.697 r  datapath_uut/video_uut/mmcm_adv_inst_display_clocks/inst/clkout2_buf/O
                         net (fo=44, routed)          1.687    -3.011    datapath_uut/video_uut/inst_dvid/clk_out2
    OLOGIC_X1Y134        ODDR                                         r  datapath_uut/video_uut/inst_dvid/ODDR2_red/C
  -------------------------------------------------------------------    -------------------
    OLOGIC_X1Y134        ODDR (Prop_oddr_C_Q)         0.411    -2.600 r  datapath_uut/video_uut/inst_dvid/ODDR2_red/Q
                         net (fo=1, routed)           0.001    -2.599    datapath_uut/video_uut/red_s
    AB3                  OBUFDS (Prop_obufds_I_O)     1.778    -0.821 r  datapath_uut/video_uut/OBUFDS_green/O
                         net (fo=0)                   0.000    -0.821    tmds[2]
    AB3                                                               r  tmds[2] (OUT)
  -------------------------------------------------------------------    -------------------

Slack:                    inf
  Source:                 datapath_uut/video_uut/inst_dvid/ODDR2_green/C
                            (rising edge-triggered cell ODDR clocked by clk_out2_clk_wiz_0  {rise@0.000ns fall@4.000ns period=8.000ns})
  Destination:            tmdsb[1]
                            (output port)
  Path Group:             (none)
  Path Type:              Min at Slow Process Corner
  Data Path Delay:        2.189ns  (logic 2.188ns (99.954%)  route 0.001ns (0.046%))
  Logic Levels:           1  (OBUFDS=1)
  Clock Uncertainty:      0.166ns  ((TSJ^2 + DJ^2)^1/2) / 2 + PE
    Total System Jitter     (TSJ):    0.050ns
    Discrete Jitter          (DJ):    0.125ns
    Phase Error              (PE):    0.099ns

    Location             Delay type                Incr(ns)  Path(ns)    Netlist Resource(s)
  -------------------------------------------------------------------    -------------------
                         (clock clk_out2_clk_wiz_0 rise edge)
                                                      0.000     0.000 r  
    R4                   IBUF                         0.000     0.000 r  clk_IBUF_inst/O
                         net (fo=27, routed)          1.162     1.162    datapath_uut/video_uut/mmcm_adv_inst_display_clocks/inst/clk_in1
    MMCME2_ADV_X1Y2      MMCME2_ADV (Prop_mmcme2_adv_CLKIN1_CLKOUT1)
                                                     -7.674    -6.512 r  datapath_uut/video_uut/mmcm_adv_inst_display_clocks/inst/mmcm_adv_inst/CLKOUT1
                         net (fo=1, routed)           1.723    -4.788    datapath_uut/video_uut/mmcm_adv_inst_display_clocks/inst/clk_out2_clk_wiz_0
    BUFGCTRL_X0Y0        BUFG (Prop_bufg_I_O)         0.091    -4.697 r  datapath_uut/video_uut/mmcm_adv_inst_display_clocks/inst/clkout2_buf/O
                         net (fo=44, routed)          1.688    -3.010    datapath_uut/video_uut/inst_dvid/clk_out2
    OLOGIC_X1Y136        ODDR                                         r  datapath_uut/video_uut/inst_dvid/ODDR2_green/C
  -------------------------------------------------------------------    -------------------
    OLOGIC_X1Y136        ODDR (Prop_oddr_C_Q)         0.411    -2.599 r  datapath_uut/video_uut/inst_dvid/ODDR2_green/Q
                         net (fo=1, routed)           0.001    -2.598    datapath_uut/video_uut/green_s
    AA1                  OBUFDS (Prop_obufds_I_OB)    1.777    -0.820 r  datapath_uut/video_uut/OBUFDS_red/OB
                         net (fo=0)                   0.000    -0.820    tmdsb[1]
    AB1                                                               r  tmdsb[1] (OUT)
  -------------------------------------------------------------------    -------------------

Slack:                    inf
  Source:                 datapath_uut/video_uut/inst_dvid/ODDR2_red/C
                            (rising edge-triggered cell ODDR clocked by clk_out2_clk_wiz_0  {rise@0.000ns fall@4.000ns period=8.000ns})
  Destination:            tmdsb[2]
                            (output port)
  Path Group:             (none)
  Path Type:              Min at Slow Process Corner
  Data Path Delay:        2.191ns  (logic 2.190ns (99.954%)  route 0.001ns (0.046%))
  Logic Levels:           1  (OBUFDS=1)
  Clock Uncertainty:      0.166ns  ((TSJ^2 + DJ^2)^1/2) / 2 + PE
    Total System Jitter     (TSJ):    0.050ns
    Discrete Jitter          (DJ):    0.125ns
    Phase Error              (PE):    0.099ns

    Location             Delay type                Incr(ns)  Path(ns)    Netlist Resource(s)
  -------------------------------------------------------------------    -------------------
                         (clock clk_out2_clk_wiz_0 rise edge)
                                                      0.000     0.000 r  
    R4                   IBUF                         0.000     0.000 r  clk_IBUF_inst/O
                         net (fo=27, routed)          1.162     1.162    datapath_uut/video_uut/mmcm_adv_inst_display_clocks/inst/clk_in1
    MMCME2_ADV_X1Y2      MMCME2_ADV (Prop_mmcme2_adv_CLKIN1_CLKOUT1)
                                                     -7.674    -6.512 r  datapath_uut/video_uut/mmcm_adv_inst_display_clocks/inst/mmcm_adv_inst/CLKOUT1
                         net (fo=1, routed)           1.723    -4.788    datapath_uut/video_uut/mmcm_adv_inst_display_clocks/inst/clk_out2_clk_wiz_0
    BUFGCTRL_X0Y0        BUFG (Prop_bufg_I_O)         0.091    -4.697 r  datapath_uut/video_uut/mmcm_adv_inst_display_clocks/inst/clkout2_buf/O
                         net (fo=44, routed)          1.687    -3.011    datapath_uut/video_uut/inst_dvid/clk_out2
    OLOGIC_X1Y134        ODDR                                         r  datapath_uut/video_uut/inst_dvid/ODDR2_red/C
  -------------------------------------------------------------------    -------------------
    OLOGIC_X1Y134        ODDR (Prop_oddr_C_Q)         0.411    -2.600 r  datapath_uut/video_uut/inst_dvid/ODDR2_red/Q
                         net (fo=1, routed)           0.001    -2.599    datapath_uut/video_uut/red_s
    AB3                  OBUFDS (Prop_obufds_I_OB)    1.779    -0.820 r  datapath_uut/video_uut/OBUFDS_green/OB
                         net (fo=0)                   0.000    -0.820    tmdsb[2]
    AB2                                                               r  tmdsb[2] (OUT)
  -------------------------------------------------------------------    -------------------





--------------------------------------------------------------------------------------
Path Group:  (none)
From Clock:  clkfbout_clk_wiz_0
  To Clock:  

Max Delay             1 Endpoint
Min Delay             1 Endpoint
--------------------------------------------------------------------------------------


Max Delay Paths
--------------------------------------------------------------------------------------
Slack:                    inf
  Source:                 datapath_uut/video_uut/mmcm_adv_inst_display_clocks/inst/mmcm_adv_inst/CLKFBOUT
                            (clock source 'clkfbout_clk_wiz_0'  {rise@0.000ns fall@5.000ns period=10.000ns})
  Destination:            datapath_uut/video_uut/mmcm_adv_inst_display_clocks/inst/mmcm_adv_inst/CLKFBIN
  Path Group:             (none)
  Path Type:              Max at Fast Process Corner
  Data Path Delay:        1.479ns  (logic 0.029ns (1.961%)  route 1.450ns (98.039%))
  Logic Levels:           1  (BUFG=1)
  Clock Uncertainty:      0.148ns  ((TSJ^2 + DJ^2)^1/2) / 2 + PE
    Total System Jitter     (TSJ):    0.050ns
    Discrete Jitter          (DJ):    0.086ns
    Phase Error              (PE):    0.099ns

    Location             Delay type                Incr(ns)  Path(ns)    Netlist Resource(s)
  -------------------------------------------------------------------    -------------------
                         (clock clkfbout_clk_wiz_0 fall edge)
                                                      5.000     5.000 f  
    R4                   IBUF                         0.000     5.000 f  clk_IBUF_inst/O
                         net (fo=27, routed)          0.480     5.480    datapath_uut/video_uut/mmcm_adv_inst_display_clocks/inst/clk_in1
  -------------------------------------------------------------------    -------------------
    MMCME2_ADV_X1Y2      MMCME2_ADV (Prop_mmcme2_adv_CLKIN1_CLKFBOUT)
                                                     -3.332     2.148 f  datapath_uut/video_uut/mmcm_adv_inst_display_clocks/inst/mmcm_adv_inst/CLKFBOUT
                         net (fo=1, routed)           0.579     2.727    datapath_uut/video_uut/mmcm_adv_inst_display_clocks/inst/clkfbout_clk_wiz_0
    BUFGCTRL_X0Y2        BUFG (Prop_bufg_I_O)         0.029     2.756 f  datapath_uut/video_uut/mmcm_adv_inst_display_clocks/inst/clkf_buf/O
                         net (fo=1, routed)           0.872     3.627    datapath_uut/video_uut/mmcm_adv_inst_display_clocks/inst/clkfbout_buf_clk_wiz_0
    MMCME2_ADV_X1Y2      MMCME2_ADV                                   f  datapath_uut/video_uut/mmcm_adv_inst_display_clocks/inst/mmcm_adv_inst/CLKFBIN
  -------------------------------------------------------------------    -------------------





Min Delay Paths
--------------------------------------------------------------------------------------
Slack:                    inf
  Source:                 datapath_uut/video_uut/mmcm_adv_inst_display_clocks/inst/mmcm_adv_inst/CLKFBOUT
                            (clock source 'clkfbout_clk_wiz_0'  {rise@0.000ns fall@5.000ns period=10.000ns})
  Destination:            datapath_uut/video_uut/mmcm_adv_inst_display_clocks/inst/mmcm_adv_inst/CLKFBIN
  Path Group:             (none)
  Path Type:              Min at Slow Process Corner
  Data Path Delay:        3.438ns  (logic 0.091ns (2.647%)  route 3.348ns (97.354%))
  Logic Levels:           1  (BUFG=1)
  Clock Uncertainty:      0.148ns  ((TSJ^2 + DJ^2)^1/2) / 2 + PE
    Total System Jitter     (TSJ):    0.050ns
    Discrete Jitter          (DJ):    0.086ns
    Phase Error              (PE):    0.099ns

    Location             Delay type                Incr(ns)  Path(ns)    Netlist Resource(s)
  -------------------------------------------------------------------    -------------------
                         (clock clkfbout_clk_wiz_0 rise edge)
                                                      0.000     0.000 r  
    R4                   IBUF                         0.000     0.000 r  clk_IBUF_inst/O
                         net (fo=27, routed)          1.162     1.162    datapath_uut/video_uut/mmcm_adv_inst_display_clocks/inst/clk_in1
  -------------------------------------------------------------------    -------------------
    MMCME2_ADV_X1Y2      MMCME2_ADV (Prop_mmcme2_adv_CLKIN1_CLKFBOUT)
                                                     -7.674    -6.512 r  datapath_uut/video_uut/mmcm_adv_inst_display_clocks/inst/mmcm_adv_inst/CLKFBOUT
                         net (fo=1, routed)           1.723    -4.788    datapath_uut/video_uut/mmcm_adv_inst_display_clocks/inst/clkfbout_clk_wiz_0
    BUFGCTRL_X0Y2        BUFG (Prop_bufg_I_O)         0.091    -4.697 r  datapath_uut/video_uut/mmcm_adv_inst_display_clocks/inst/clkf_buf/O
                         net (fo=1, routed)           1.624    -3.073    datapath_uut/video_uut/mmcm_adv_inst_display_clocks/inst/clkfbout_buf_clk_wiz_0
    MMCME2_ADV_X1Y2      MMCME2_ADV                                   r  datapath_uut/video_uut/mmcm_adv_inst_display_clocks/inst/mmcm_adv_inst/CLKFBIN
  -------------------------------------------------------------------    -------------------





--------------------------------------------------------------------------------------
Path Group:  (none)
From Clock:  
  To Clock:  clk_out1_clk_wiz_0

Max Delay           259 Endpoints
Min Delay           259 Endpoints
--------------------------------------------------------------------------------------


Max Delay Paths
--------------------------------------------------------------------------------------
Slack:                    inf
  Source:                 btn[3]
                            (input port)
  Destination:            datapath_uut/video_uut/Inst_vga/color_mapper_inst/numeric_stepper_col/debouncer_up/FSM_sequential_state_reg[2]/D
                            (rising edge-triggered cell FDRE clocked by clk_out1_clk_wiz_0  {rise@0.000ns fall@20.000ns period=40.000ns})
  Path Group:             (none)
  Path Type:              Setup (Max at Slow Process Corner)
  Data Path Delay:        11.321ns  (logic 1.209ns (10.675%)  route 10.113ns (89.325%))
  Logic Levels:           2  (IBUF=1 LUT4=1)
  Clock Path Skew:        -2.995ns (DCD - SCD + CPR)
    Destination Clock Delay (DCD):    -2.995ns
    Source Clock Delay      (SCD):    0.000ns
    Clock Pessimism Removal (CPR):    0.000ns
  Clock Uncertainty:      0.190ns  ((TSJ^2 + DJ^2)^1/2) / 2 + PE
    Total System Jitter     (TSJ):    0.050ns
    Discrete Jitter          (DJ):    0.175ns
    Phase Error              (PE):    0.099ns

    Location             Delay type                Incr(ns)  Path(ns)    Netlist Resource(s)
  -------------------------------------------------------------------    -------------------
    D14                                               0.000     0.000 f  btn[3] (IN)
                         net (fo=0)                   0.000     0.000    btn[3]
    D14                  IBUF (Prop_ibuf_I_O)         1.085     1.085 f  btn_IBUF[3]_inst/O
                         net (fo=7, routed)          10.113    11.197    datapath_uut/video_uut/Inst_vga/color_mapper_inst/numeric_stepper_col/debouncer_up/btn_IBUF[0]
    SLICE_X162Y120       LUT4 (Prop_lut4_I3_O)        0.124    11.321 r  datapath_uut/video_uut/Inst_vga/color_mapper_inst/numeric_stepper_col/debouncer_up/FSM_sequential_state[2]_i_1__1/O
                         net (fo=1, routed)           0.000    11.321    datapath_uut/video_uut/Inst_vga/color_mapper_inst/numeric_stepper_col/debouncer_up/FSM_sequential_state[2]_i_1__1_n_0
    SLICE_X162Y120       FDRE                                         r  datapath_uut/video_uut/Inst_vga/color_mapper_inst/numeric_stepper_col/debouncer_up/FSM_sequential_state_reg[2]/D
  -------------------------------------------------------------------    -------------------

                         (clock clk_out1_clk_wiz_0 rise edge)
                                                      0.000     0.000 r  
    R4                   IBUF                         0.000     0.000 r  clk_IBUF_inst/O
                         net (fo=27, routed)          1.162     1.162    datapath_uut/video_uut/mmcm_adv_inst_display_clocks/inst/clk_in1
    MMCME2_ADV_X1Y2      MMCME2_ADV (Prop_mmcme2_adv_CLKIN1_CLKOUT0)
                                                     -7.674    -6.512 r  datapath_uut/video_uut/mmcm_adv_inst_display_clocks/inst/mmcm_adv_inst/CLKOUT0
                         net (fo=1, routed)           1.723    -4.788    datapath_uut/video_uut/mmcm_adv_inst_display_clocks/inst/clk_out1_clk_wiz_0
    BUFGCTRL_X0Y1        BUFG (Prop_bufg_I_O)         0.091    -4.697 r  datapath_uut/video_uut/mmcm_adv_inst_display_clocks/inst/clkout1_buf/O
                         net (fo=271, routed)         1.702    -2.995    datapath_uut/video_uut/Inst_vga/color_mapper_inst/numeric_stepper_col/debouncer_up/clk_out1
    SLICE_X162Y120       FDRE                                         r  datapath_uut/video_uut/Inst_vga/color_mapper_inst/numeric_stepper_col/debouncer_up/FSM_sequential_state_reg[2]/C

Slack:                    inf
  Source:                 btn[3]
                            (input port)
  Destination:            datapath_uut/video_uut/Inst_vga/color_mapper_inst/numeric_stepper_col/debouncer_up/FSM_sequential_state_reg[1]/D
                            (rising edge-triggered cell FDRE clocked by clk_out1_clk_wiz_0  {rise@0.000ns fall@20.000ns period=40.000ns})
  Path Group:             (none)
  Path Type:              Setup (Max at Slow Process Corner)
  Data Path Delay:        11.179ns  (logic 1.209ns (10.811%)  route 9.971ns (89.189%))
  Logic Levels:           2  (IBUF=1 LUT4=1)
  Clock Path Skew:        -2.994ns (DCD - SCD + CPR)
    Destination Clock Delay (DCD):    -2.994ns
    Source Clock Delay      (SCD):    0.000ns
    Clock Pessimism Removal (CPR):    0.000ns
  Clock Uncertainty:      0.190ns  ((TSJ^2 + DJ^2)^1/2) / 2 + PE
    Total System Jitter     (TSJ):    0.050ns
    Discrete Jitter          (DJ):    0.175ns
    Phase Error              (PE):    0.099ns

    Location             Delay type                Incr(ns)  Path(ns)    Netlist Resource(s)
  -------------------------------------------------------------------    -------------------
    D14                                               0.000     0.000 r  btn[3] (IN)
                         net (fo=0)                   0.000     0.000    btn[3]
    D14                  IBUF (Prop_ibuf_I_O)         1.085     1.085 r  btn_IBUF[3]_inst/O
                         net (fo=7, routed)           9.971    11.055    datapath_uut/video_uut/Inst_vga/color_mapper_inst/numeric_stepper_col/debouncer_up/btn_IBUF[0]
    SLICE_X162Y118       LUT4 (Prop_lut4_I3_O)        0.124    11.179 r  datapath_uut/video_uut/Inst_vga/color_mapper_inst/numeric_stepper_col/debouncer_up/FSM_sequential_state[1]_i_1__1/O
                         net (fo=1, routed)           0.000    11.179    datapath_uut/video_uut/Inst_vga/color_mapper_inst/numeric_stepper_col/debouncer_up/FSM_sequential_state[1]_i_1__1_n_0
    SLICE_X162Y118       FDRE                                         r  datapath_uut/video_uut/Inst_vga/color_mapper_inst/numeric_stepper_col/debouncer_up/FSM_sequential_state_reg[1]/D
  -------------------------------------------------------------------    -------------------

                         (clock clk_out1_clk_wiz_0 rise edge)
                                                      0.000     0.000 r  
    R4                   IBUF                         0.000     0.000 r  clk_IBUF_inst/O
                         net (fo=27, routed)          1.162     1.162    datapath_uut/video_uut/mmcm_adv_inst_display_clocks/inst/clk_in1
    MMCME2_ADV_X1Y2      MMCME2_ADV (Prop_mmcme2_adv_CLKIN1_CLKOUT0)
                                                     -7.674    -6.512 r  datapath_uut/video_uut/mmcm_adv_inst_display_clocks/inst/mmcm_adv_inst/CLKOUT0
                         net (fo=1, routed)           1.723    -4.788    datapath_uut/video_uut/mmcm_adv_inst_display_clocks/inst/clk_out1_clk_wiz_0
    BUFGCTRL_X0Y1        BUFG (Prop_bufg_I_O)         0.091    -4.697 r  datapath_uut/video_uut/mmcm_adv_inst_display_clocks/inst/clkout1_buf/O
                         net (fo=271, routed)         1.703    -2.994    datapath_uut/video_uut/Inst_vga/color_mapper_inst/numeric_stepper_col/debouncer_up/clk_out1
    SLICE_X162Y118       FDRE                                         r  datapath_uut/video_uut/Inst_vga/color_mapper_inst/numeric_stepper_col/debouncer_up/FSM_sequential_state_reg[1]/C

Slack:                    inf
  Source:                 btn[3]
                            (input port)
  Destination:            datapath_uut/video_uut/Inst_vga/color_mapper_inst/numeric_stepper_col/debouncer_up/FSM_sequential_state_reg[0]/D
                            (rising edge-triggered cell FDRE clocked by clk_out1_clk_wiz_0  {rise@0.000ns fall@20.000ns period=40.000ns})
  Path Group:             (none)
  Path Type:              Setup (Max at Slow Process Corner)
  Data Path Delay:        11.008ns  (logic 1.209ns (10.979%)  route 9.799ns (89.021%))
  Logic Levels:           2  (IBUF=1 LUT6=1)
  Clock Path Skew:        -2.992ns (DCD - SCD + CPR)
    Destination Clock Delay (DCD):    -2.992ns
    Source Clock Delay      (SCD):    0.000ns
    Clock Pessimism Removal (CPR):    0.000ns
  Clock Uncertainty:      0.190ns  ((TSJ^2 + DJ^2)^1/2) / 2 + PE
    Total System Jitter     (TSJ):    0.050ns
    Discrete Jitter          (DJ):    0.175ns
    Phase Error              (PE):    0.099ns

    Location             Delay type                Incr(ns)  Path(ns)    Netlist Resource(s)
  -------------------------------------------------------------------    -------------------
    D14                                               0.000     0.000 r  btn[3] (IN)
                         net (fo=0)                   0.000     0.000    btn[3]
    D14                  IBUF (Prop_ibuf_I_O)         1.085     1.085 r  btn_IBUF[3]_inst/O
                         net (fo=7, routed)           9.799    10.884    datapath_uut/video_uut/Inst_vga/color_mapper_inst/numeric_stepper_col/debouncer_up/delay_counter/btn_IBUF[0]
    SLICE_X161Y117       LUT6 (Prop_lut6_I5_O)        0.124    11.008 r  datapath_uut/video_uut/Inst_vga/color_mapper_inst/numeric_stepper_col/debouncer_up/delay_counter/FSM_sequential_state[0]_i_1__1/O
                         net (fo=1, routed)           0.000    11.008    datapath_uut/video_uut/Inst_vga/color_mapper_inst/numeric_stepper_col/debouncer_up/delay_counter_n_0
    SLICE_X161Y117       FDRE                                         r  datapath_uut/video_uut/Inst_vga/color_mapper_inst/numeric_stepper_col/debouncer_up/FSM_sequential_state_reg[0]/D
  -------------------------------------------------------------------    -------------------

                         (clock clk_out1_clk_wiz_0 rise edge)
                                                      0.000     0.000 r  
    R4                   IBUF                         0.000     0.000 r  clk_IBUF_inst/O
                         net (fo=27, routed)          1.162     1.162    datapath_uut/video_uut/mmcm_adv_inst_display_clocks/inst/clk_in1
    MMCME2_ADV_X1Y2      MMCME2_ADV (Prop_mmcme2_adv_CLKIN1_CLKOUT0)
                                                     -7.674    -6.512 r  datapath_uut/video_uut/mmcm_adv_inst_display_clocks/inst/mmcm_adv_inst/CLKOUT0
                         net (fo=1, routed)           1.723    -4.788    datapath_uut/video_uut/mmcm_adv_inst_display_clocks/inst/clk_out1_clk_wiz_0
    BUFGCTRL_X0Y1        BUFG (Prop_bufg_I_O)         0.091    -4.697 r  datapath_uut/video_uut/mmcm_adv_inst_display_clocks/inst/clkout1_buf/O
                         net (fo=271, routed)         1.705    -2.992    datapath_uut/video_uut/Inst_vga/color_mapper_inst/numeric_stepper_col/debouncer_up/clk_out1
    SLICE_X161Y117       FDRE                                         r  datapath_uut/video_uut/Inst_vga/color_mapper_inst/numeric_stepper_col/debouncer_up/FSM_sequential_state_reg[0]/C

Slack:                    inf
  Source:                 btn[3]
                            (input port)
  Destination:            datapath_uut/video_uut/Inst_vga/color_mapper_inst/button_pressed_reg[3]/CE
                            (rising edge-triggered cell FDRE clocked by clk_out1_clk_wiz_0  {rise@0.000ns fall@20.000ns period=40.000ns})
  Path Group:             (none)
  Path Type:              Setup (Max at Slow Process Corner)
  Data Path Delay:        10.980ns  (logic 1.209ns (11.007%)  route 9.771ns (88.992%))
  Logic Levels:           2  (IBUF=1 LUT4=1)
  Clock Path Skew:        -3.068ns (DCD - SCD + CPR)
    Destination Clock Delay (DCD):    -3.068ns
    Source Clock Delay      (SCD):    0.000ns
    Clock Pessimism Removal (CPR):    0.000ns
  Clock Uncertainty:      0.190ns  ((TSJ^2 + DJ^2)^1/2) / 2 + PE
    Total System Jitter     (TSJ):    0.050ns
    Discrete Jitter          (DJ):    0.175ns
    Phase Error              (PE):    0.099ns

    Location             Delay type                Incr(ns)  Path(ns)    Netlist Resource(s)
  -------------------------------------------------------------------    -------------------
    D14                                               0.000     0.000 r  btn[3] (IN)
                         net (fo=0)                   0.000     0.000    btn[3]
    D14                  IBUF (Prop_ibuf_I_O)         1.085     1.085 r  btn_IBUF[3]_inst/O
                         net (fo=7, routed)           9.393    10.477    datapath_uut/video_uut/Inst_vga/btn_IBUF[3]
    SLICE_X149Y116       LUT4 (Prop_lut4_I1_O)        0.124    10.601 r  datapath_uut/video_uut/Inst_vga/button_pressed[3]_i_1/O
                         net (fo=1, routed)           0.378    10.980    datapath_uut/video_uut/Inst_vga/color_mapper_inst/E[0]
    SLICE_X149Y116       FDRE                                         r  datapath_uut/video_uut/Inst_vga/color_mapper_inst/button_pressed_reg[3]/CE
  -------------------------------------------------------------------    -------------------

                         (clock clk_out1_clk_wiz_0 rise edge)
                                                      0.000     0.000 r  
    R4                   IBUF                         0.000     0.000 r  clk_IBUF_inst/O
                         net (fo=27, routed)          1.162     1.162    datapath_uut/video_uut/mmcm_adv_inst_display_clocks/inst/clk_in1
    MMCME2_ADV_X1Y2      MMCME2_ADV (Prop_mmcme2_adv_CLKIN1_CLKOUT0)
                                                     -7.674    -6.512 r  datapath_uut/video_uut/mmcm_adv_inst_display_clocks/inst/mmcm_adv_inst/CLKOUT0
                         net (fo=1, routed)           1.723    -4.788    datapath_uut/video_uut/mmcm_adv_inst_display_clocks/inst/clk_out1_clk_wiz_0
    BUFGCTRL_X0Y1        BUFG (Prop_bufg_I_O)         0.091    -4.697 r  datapath_uut/video_uut/mmcm_adv_inst_display_clocks/inst/clkout1_buf/O
                         net (fo=271, routed)         1.629    -3.068    datapath_uut/video_uut/Inst_vga/color_mapper_inst/clk_out1
    SLICE_X149Y116       FDRE                                         r  datapath_uut/video_uut/Inst_vga/color_mapper_inst/button_pressed_reg[3]/C

Slack:                    inf
  Source:                 btn[3]
                            (input port)
  Destination:            datapath_uut/video_uut/Inst_vga/color_mapper_inst/button_pressed_reg[1]/D
                            (rising edge-triggered cell FDRE clocked by clk_out1_clk_wiz_0  {rise@0.000ns fall@20.000ns period=40.000ns})
  Path Group:             (none)
  Path Type:              Setup (Max at Slow Process Corner)
  Data Path Delay:        10.616ns  (logic 1.209ns (11.384%)  route 9.408ns (88.616%))
  Logic Levels:           2  (IBUF=1 LUT5=1)
  Clock Path Skew:        -3.068ns (DCD - SCD + CPR)
    Destination Clock Delay (DCD):    -3.068ns
    Source Clock Delay      (SCD):    0.000ns
    Clock Pessimism Removal (CPR):    0.000ns
  Clock Uncertainty:      0.190ns  ((TSJ^2 + DJ^2)^1/2) / 2 + PE
    Total System Jitter     (TSJ):    0.050ns
    Discrete Jitter          (DJ):    0.175ns
    Phase Error              (PE):    0.099ns

    Location             Delay type                Incr(ns)  Path(ns)    Netlist Resource(s)
  -------------------------------------------------------------------    -------------------
    D14                                               0.000     0.000 r  btn[3] (IN)
                         net (fo=0)                   0.000     0.000    btn[3]
    D14                  IBUF (Prop_ibuf_I_O)         1.085     1.085 r  btn_IBUF[3]_inst/O
                         net (fo=7, routed)           9.408    10.492    datapath_uut/video_uut/Inst_vga/color_mapper_inst/btn_IBUF[3]
    SLICE_X148Y116       LUT5 (Prop_lut5_I1_O)        0.124    10.616 r  datapath_uut/video_uut/Inst_vga/color_mapper_inst/button_pressed[1]_i_1/O
                         net (fo=1, routed)           0.000    10.616    datapath_uut/video_uut/Inst_vga/color_mapper_inst/button_pressed[1]_i_1_n_0
    SLICE_X148Y116       FDRE                                         r  datapath_uut/video_uut/Inst_vga/color_mapper_inst/button_pressed_reg[1]/D
  -------------------------------------------------------------------    -------------------

                         (clock clk_out1_clk_wiz_0 rise edge)
                                                      0.000     0.000 r  
    R4                   IBUF                         0.000     0.000 r  clk_IBUF_inst/O
                         net (fo=27, routed)          1.162     1.162    datapath_uut/video_uut/mmcm_adv_inst_display_clocks/inst/clk_in1
    MMCME2_ADV_X1Y2      MMCME2_ADV (Prop_mmcme2_adv_CLKIN1_CLKOUT0)
                                                     -7.674    -6.512 r  datapath_uut/video_uut/mmcm_adv_inst_display_clocks/inst/mmcm_adv_inst/CLKOUT0
                         net (fo=1, routed)           1.723    -4.788    datapath_uut/video_uut/mmcm_adv_inst_display_clocks/inst/clk_out1_clk_wiz_0
    BUFGCTRL_X0Y1        BUFG (Prop_bufg_I_O)         0.091    -4.697 r  datapath_uut/video_uut/mmcm_adv_inst_display_clocks/inst/clkout1_buf/O
                         net (fo=271, routed)         1.629    -3.068    datapath_uut/video_uut/Inst_vga/color_mapper_inst/clk_out1
    SLICE_X148Y116       FDRE                                         r  datapath_uut/video_uut/Inst_vga/color_mapper_inst/button_pressed_reg[1]/C

Slack:                    inf
  Source:                 btn[3]
                            (input port)
  Destination:            datapath_uut/video_uut/Inst_vga/color_mapper_inst/button_pressed_reg[2]/D
                            (rising edge-triggered cell FDRE clocked by clk_out1_clk_wiz_0  {rise@0.000ns fall@20.000ns period=40.000ns})
  Path Group:             (none)
  Path Type:              Setup (Max at Slow Process Corner)
  Data Path Delay:        10.606ns  (logic 1.209ns (11.395%)  route 9.398ns (88.605%))
  Logic Levels:           2  (IBUF=1 LUT5=1)
  Clock Path Skew:        -3.068ns (DCD - SCD + CPR)
    Destination Clock Delay (DCD):    -3.068ns
    Source Clock Delay      (SCD):    0.000ns
    Clock Pessimism Removal (CPR):    0.000ns
  Clock Uncertainty:      0.190ns  ((TSJ^2 + DJ^2)^1/2) / 2 + PE
    Total System Jitter     (TSJ):    0.050ns
    Discrete Jitter          (DJ):    0.175ns
    Phase Error              (PE):    0.099ns

    Location             Delay type                Incr(ns)  Path(ns)    Netlist Resource(s)
  -------------------------------------------------------------------    -------------------
    D14                                               0.000     0.000 f  btn[3] (IN)
                         net (fo=0)                   0.000     0.000    btn[3]
    D14                  IBUF (Prop_ibuf_I_O)         1.085     1.085 f  btn_IBUF[3]_inst/O
                         net (fo=7, routed)           9.398    10.482    datapath_uut/video_uut/Inst_vga/color_mapper_inst/btn_IBUF[3]
    SLICE_X148Y116       LUT5 (Prop_lut5_I1_O)        0.124    10.606 r  datapath_uut/video_uut/Inst_vga/color_mapper_inst/button_pressed[2]_i_1/O
                         net (fo=1, routed)           0.000    10.606    datapath_uut/video_uut/Inst_vga/color_mapper_inst/button_pressed[2]_i_1_n_0
    SLICE_X148Y116       FDRE                                         r  datapath_uut/video_uut/Inst_vga/color_mapper_inst/button_pressed_reg[2]/D
  -------------------------------------------------------------------    -------------------

                         (clock clk_out1_clk_wiz_0 rise edge)
                                                      0.000     0.000 r  
    R4                   IBUF                         0.000     0.000 r  clk_IBUF_inst/O
                         net (fo=27, routed)          1.162     1.162    datapath_uut/video_uut/mmcm_adv_inst_display_clocks/inst/clk_in1
    MMCME2_ADV_X1Y2      MMCME2_ADV (Prop_mmcme2_adv_CLKIN1_CLKOUT0)
                                                     -7.674    -6.512 r  datapath_uut/video_uut/mmcm_adv_inst_display_clocks/inst/mmcm_adv_inst/CLKOUT0
                         net (fo=1, routed)           1.723    -4.788    datapath_uut/video_uut/mmcm_adv_inst_display_clocks/inst/clk_out1_clk_wiz_0
    BUFGCTRL_X0Y1        BUFG (Prop_bufg_I_O)         0.091    -4.697 r  datapath_uut/video_uut/mmcm_adv_inst_display_clocks/inst/clkout1_buf/O
                         net (fo=271, routed)         1.629    -3.068    datapath_uut/video_uut/Inst_vga/color_mapper_inst/clk_out1
    SLICE_X148Y116       FDRE                                         r  datapath_uut/video_uut/Inst_vga/color_mapper_inst/button_pressed_reg[2]/C

Slack:                    inf
  Source:                 btn[3]
                            (input port)
  Destination:            datapath_uut/video_uut/Inst_vga/color_mapper_inst/button_pressed_reg[0]/D
                            (rising edge-triggered cell FDRE clocked by clk_out1_clk_wiz_0  {rise@0.000ns fall@20.000ns period=40.000ns})
  Path Group:             (none)
  Path Type:              Setup (Max at Slow Process Corner)
  Data Path Delay:        10.453ns  (logic 1.209ns (11.562%)  route 9.245ns (88.438%))
  Logic Levels:           2  (IBUF=1 LUT5=1)
  Clock Path Skew:        -3.068ns (DCD - SCD + CPR)
    Destination Clock Delay (DCD):    -3.068ns
    Source Clock Delay      (SCD):    0.000ns
    Clock Pessimism Removal (CPR):    0.000ns
  Clock Uncertainty:      0.190ns  ((TSJ^2 + DJ^2)^1/2) / 2 + PE
    Total System Jitter     (TSJ):    0.050ns
    Discrete Jitter          (DJ):    0.175ns
    Phase Error              (PE):    0.099ns

    Location             Delay type                Incr(ns)  Path(ns)    Netlist Resource(s)
  -------------------------------------------------------------------    -------------------
    D14                                               0.000     0.000 f  btn[3] (IN)
                         net (fo=0)                   0.000     0.000    btn[3]
    D14                  IBUF (Prop_ibuf_I_O)         1.085     1.085 f  btn_IBUF[3]_inst/O
                         net (fo=7, routed)           9.245    10.329    datapath_uut/video_uut/Inst_vga/color_mapper_inst/btn_IBUF[3]
    SLICE_X148Y116       LUT5 (Prop_lut5_I1_O)        0.124    10.453 r  datapath_uut/video_uut/Inst_vga/color_mapper_inst/button_pressed[0]_i_1/O
                         net (fo=1, routed)           0.000    10.453    datapath_uut/video_uut/Inst_vga/color_mapper_inst/button_pressed[0]_i_1_n_0
    SLICE_X148Y116       FDRE                                         r  datapath_uut/video_uut/Inst_vga/color_mapper_inst/button_pressed_reg[0]/D
  -------------------------------------------------------------------    -------------------

                         (clock clk_out1_clk_wiz_0 rise edge)
                                                      0.000     0.000 r  
    R4                   IBUF                         0.000     0.000 r  clk_IBUF_inst/O
                         net (fo=27, routed)          1.162     1.162    datapath_uut/video_uut/mmcm_adv_inst_display_clocks/inst/clk_in1
    MMCME2_ADV_X1Y2      MMCME2_ADV (Prop_mmcme2_adv_CLKIN1_CLKOUT0)
                                                     -7.674    -6.512 r  datapath_uut/video_uut/mmcm_adv_inst_display_clocks/inst/mmcm_adv_inst/CLKOUT0
                         net (fo=1, routed)           1.723    -4.788    datapath_uut/video_uut/mmcm_adv_inst_display_clocks/inst/clk_out1_clk_wiz_0
    BUFGCTRL_X0Y1        BUFG (Prop_bufg_I_O)         0.091    -4.697 r  datapath_uut/video_uut/mmcm_adv_inst_display_clocks/inst/clkout1_buf/O
                         net (fo=271, routed)         1.629    -3.068    datapath_uut/video_uut/Inst_vga/color_mapper_inst/clk_out1
    SLICE_X148Y116       FDRE                                         r  datapath_uut/video_uut/Inst_vga/color_mapper_inst/button_pressed_reg[0]/C

Slack:                    inf
  Source:                 btn[1]
                            (input port)
  Destination:            datapath_uut/video_uut/Inst_vga/color_mapper_inst/numeric_stepper_col/debouncer_down/FSM_sequential_state_reg[0]/D
                            (rising edge-triggered cell FDRE clocked by clk_out1_clk_wiz_0  {rise@0.000ns fall@20.000ns period=40.000ns})
  Path Group:             (none)
  Path Type:              Setup (Max at Slow Process Corner)
  Data Path Delay:        10.223ns  (logic 1.214ns (11.876%)  route 9.009ns (88.124%))
  Logic Levels:           2  (IBUF=1 LUT6=1)
  Clock Path Skew:        -2.991ns (DCD - SCD + CPR)
    Destination Clock Delay (DCD):    -2.991ns
    Source Clock Delay      (SCD):    0.000ns
    Clock Pessimism Removal (CPR):    0.000ns
  Clock Uncertainty:      0.190ns  ((TSJ^2 + DJ^2)^1/2) / 2 + PE
    Total System Jitter     (TSJ):    0.050ns
    Discrete Jitter          (DJ):    0.175ns
    Phase Error              (PE):    0.099ns

    Location             Delay type                Incr(ns)  Path(ns)    Netlist Resource(s)
  -------------------------------------------------------------------    -------------------
    C22                                               0.000     0.000 r  btn[1] (IN)
                         net (fo=0)                   0.000     0.000    btn[1]
    C22                  IBUF (Prop_ibuf_I_O)         1.090     1.090 r  btn_IBUF[1]_inst/O
                         net (fo=7, routed)           9.009    10.099    datapath_uut/video_uut/Inst_vga/color_mapper_inst/numeric_stepper_col/debouncer_down/delay_counter/btn_IBUF[0]
    SLICE_X161Y116       LUT6 (Prop_lut6_I5_O)        0.124    10.223 r  datapath_uut/video_uut/Inst_vga/color_mapper_inst/numeric_stepper_col/debouncer_down/delay_counter/FSM_sequential_state[0]_i_1__2/O
                         net (fo=1, routed)           0.000    10.223    datapath_uut/video_uut/Inst_vga/color_mapper_inst/numeric_stepper_col/debouncer_down/delay_counter_n_0
    SLICE_X161Y116       FDRE                                         r  datapath_uut/video_uut/Inst_vga/color_mapper_inst/numeric_stepper_col/debouncer_down/FSM_sequential_state_reg[0]/D
  -------------------------------------------------------------------    -------------------

                         (clock clk_out1_clk_wiz_0 rise edge)
                                                      0.000     0.000 r  
    R4                   IBUF                         0.000     0.000 r  clk_IBUF_inst/O
                         net (fo=27, routed)          1.162     1.162    datapath_uut/video_uut/mmcm_adv_inst_display_clocks/inst/clk_in1
    MMCME2_ADV_X1Y2      MMCME2_ADV (Prop_mmcme2_adv_CLKIN1_CLKOUT0)
                                                     -7.674    -6.512 r  datapath_uut/video_uut/mmcm_adv_inst_display_clocks/inst/mmcm_adv_inst/CLKOUT0
                         net (fo=1, routed)           1.723    -4.788    datapath_uut/video_uut/mmcm_adv_inst_display_clocks/inst/clk_out1_clk_wiz_0
    BUFGCTRL_X0Y1        BUFG (Prop_bufg_I_O)         0.091    -4.697 r  datapath_uut/video_uut/mmcm_adv_inst_display_clocks/inst/clkout1_buf/O
                         net (fo=271, routed)         1.706    -2.991    datapath_uut/video_uut/Inst_vga/color_mapper_inst/numeric_stepper_col/debouncer_down/clk_out1
    SLICE_X161Y116       FDRE                                         r  datapath_uut/video_uut/Inst_vga/color_mapper_inst/numeric_stepper_col/debouncer_down/FSM_sequential_state_reg[0]/C

Slack:                    inf
  Source:                 btn[1]
                            (input port)
  Destination:            datapath_uut/video_uut/Inst_vga/color_mapper_inst/numeric_stepper_col/debouncer_down/FSM_sequential_state_reg[1]/D
                            (rising edge-triggered cell FDRE clocked by clk_out1_clk_wiz_0  {rise@0.000ns fall@20.000ns period=40.000ns})
  Path Group:             (none)
  Path Type:              Setup (Max at Slow Process Corner)
  Data Path Delay:        10.132ns  (logic 1.214ns (11.983%)  route 8.918ns (88.017%))
  Logic Levels:           2  (IBUF=1 LUT4=1)
  Clock Path Skew:        -2.992ns (DCD - SCD + CPR)
    Destination Clock Delay (DCD):    -2.992ns
    Source Clock Delay      (SCD):    0.000ns
    Clock Pessimism Removal (CPR):    0.000ns
  Clock Uncertainty:      0.190ns  ((TSJ^2 + DJ^2)^1/2) / 2 + PE
    Total System Jitter     (TSJ):    0.050ns
    Discrete Jitter          (DJ):    0.175ns
    Phase Error              (PE):    0.099ns

    Location             Delay type                Incr(ns)  Path(ns)    Netlist Resource(s)
  -------------------------------------------------------------------    -------------------
    C22                                               0.000     0.000 r  btn[1] (IN)
                         net (fo=0)                   0.000     0.000    btn[1]
    C22                  IBUF (Prop_ibuf_I_O)         1.090     1.090 r  btn_IBUF[1]_inst/O
                         net (fo=7, routed)           8.918    10.008    datapath_uut/video_uut/Inst_vga/color_mapper_inst/numeric_stepper_col/debouncer_down/btn_IBUF[0]
    SLICE_X161Y117       LUT4 (Prop_lut4_I3_O)        0.124    10.132 r  datapath_uut/video_uut/Inst_vga/color_mapper_inst/numeric_stepper_col/debouncer_down/FSM_sequential_state[1]_i_1__2/O
                         net (fo=1, routed)           0.000    10.132    datapath_uut/video_uut/Inst_vga/color_mapper_inst/numeric_stepper_col/debouncer_down/FSM_sequential_state[1]_i_1__2_n_0
    SLICE_X161Y117       FDRE                                         r  datapath_uut/video_uut/Inst_vga/color_mapper_inst/numeric_stepper_col/debouncer_down/FSM_sequential_state_reg[1]/D
  -------------------------------------------------------------------    -------------------

                         (clock clk_out1_clk_wiz_0 rise edge)
                                                      0.000     0.000 r  
    R4                   IBUF                         0.000     0.000 r  clk_IBUF_inst/O
                         net (fo=27, routed)          1.162     1.162    datapath_uut/video_uut/mmcm_adv_inst_display_clocks/inst/clk_in1
    MMCME2_ADV_X1Y2      MMCME2_ADV (Prop_mmcme2_adv_CLKIN1_CLKOUT0)
                                                     -7.674    -6.512 r  datapath_uut/video_uut/mmcm_adv_inst_display_clocks/inst/mmcm_adv_inst/CLKOUT0
                         net (fo=1, routed)           1.723    -4.788    datapath_uut/video_uut/mmcm_adv_inst_display_clocks/inst/clk_out1_clk_wiz_0
    BUFGCTRL_X0Y1        BUFG (Prop_bufg_I_O)         0.091    -4.697 r  datapath_uut/video_uut/mmcm_adv_inst_display_clocks/inst/clkout1_buf/O
                         net (fo=271, routed)         1.705    -2.992    datapath_uut/video_uut/Inst_vga/color_mapper_inst/numeric_stepper_col/debouncer_down/clk_out1
    SLICE_X161Y117       FDRE                                         r  datapath_uut/video_uut/Inst_vga/color_mapper_inst/numeric_stepper_col/debouncer_down/FSM_sequential_state_reg[1]/C

Slack:                    inf
  Source:                 btn[2]
                            (input port)
  Destination:            datapath_uut/video_uut/Inst_vga/color_mapper_inst/numeric_stepper_row/debouncer_up/FSM_sequential_state_reg[0]/D
                            (rising edge-triggered cell FDRE clocked by clk_out1_clk_wiz_0  {rise@0.000ns fall@20.000ns period=40.000ns})
  Path Group:             (none)
  Path Type:              Setup (Max at Slow Process Corner)
  Data Path Delay:        10.127ns  (logic 1.206ns (11.906%)  route 8.922ns (88.094%))
  Logic Levels:           2  (IBUF=1 LUT6=1)
  Clock Path Skew:        -2.993ns (DCD - SCD + CPR)
    Destination Clock Delay (DCD):    -2.993ns
    Source Clock Delay      (SCD):    0.000ns
    Clock Pessimism Removal (CPR):    0.000ns
  Clock Uncertainty:      0.190ns  ((TSJ^2 + DJ^2)^1/2) / 2 + PE
    Total System Jitter     (TSJ):    0.050ns
    Discrete Jitter          (DJ):    0.175ns
    Phase Error              (PE):    0.099ns

    Location             Delay type                Incr(ns)  Path(ns)    Netlist Resource(s)
  -------------------------------------------------------------------    -------------------
    D22                                               0.000     0.000 r  btn[2] (IN)
                         net (fo=0)                   0.000     0.000    btn[2]
    D22                  IBUF (Prop_ibuf_I_O)         1.082     1.082 r  btn_IBUF[2]_inst/O
                         net (fo=7, routed)           8.922    10.003    datapath_uut/video_uut/Inst_vga/color_mapper_inst/numeric_stepper_row/debouncer_up/delay_counter/btn_IBUF[0]
    SLICE_X159Y116       LUT6 (Prop_lut6_I5_O)        0.124    10.127 r  datapath_uut/video_uut/Inst_vga/color_mapper_inst/numeric_stepper_row/debouncer_up/delay_counter/FSM_sequential_state[0]_i_1/O
                         net (fo=1, routed)           0.000    10.127    datapath_uut/video_uut/Inst_vga/color_mapper_inst/numeric_stepper_row/debouncer_up/delay_counter_n_0
    SLICE_X159Y116       FDRE                                         r  datapath_uut/video_uut/Inst_vga/color_mapper_inst/numeric_stepper_row/debouncer_up/FSM_sequential_state_reg[0]/D
  -------------------------------------------------------------------    -------------------

                         (clock clk_out1_clk_wiz_0 rise edge)
                                                      0.000     0.000 r  
    R4                   IBUF                         0.000     0.000 r  clk_IBUF_inst/O
                         net (fo=27, routed)          1.162     1.162    datapath_uut/video_uut/mmcm_adv_inst_display_clocks/inst/clk_in1
    MMCME2_ADV_X1Y2      MMCME2_ADV (Prop_mmcme2_adv_CLKIN1_CLKOUT0)
                                                     -7.674    -6.512 r  datapath_uut/video_uut/mmcm_adv_inst_display_clocks/inst/mmcm_adv_inst/CLKOUT0
                         net (fo=1, routed)           1.723    -4.788    datapath_uut/video_uut/mmcm_adv_inst_display_clocks/inst/clk_out1_clk_wiz_0
    BUFGCTRL_X0Y1        BUFG (Prop_bufg_I_O)         0.091    -4.697 r  datapath_uut/video_uut/mmcm_adv_inst_display_clocks/inst/clkout1_buf/O
                         net (fo=271, routed)         1.704    -2.993    datapath_uut/video_uut/Inst_vga/color_mapper_inst/numeric_stepper_row/debouncer_up/clk_out1
    SLICE_X159Y116       FDRE                                         r  datapath_uut/video_uut/Inst_vga/color_mapper_inst/numeric_stepper_row/debouncer_up/FSM_sequential_state_reg[0]/C





Min Delay Paths
--------------------------------------------------------------------------------------
Slack:                    inf
  Source:                 datapath_uut/video_uut/Inst_vga/color_mapper_inst/numeric_stepper_row/debouncer_up/cw_reg[0]/G
                            (positive level-sensitive latch)
  Destination:            datapath_uut/video_uut/Inst_vga/color_mapper_inst/numeric_stepper_row/debouncer_up/delay_counter/processQ_reg[10]/CE
                            (rising edge-triggered cell FDRE clocked by clk_out1_clk_wiz_0  {rise@0.000ns fall@20.000ns period=40.000ns})
  Path Group:             (none)
  Path Type:              Hold (Min at Fast Process Corner)
  Data Path Delay:        0.359ns  (logic 0.225ns (62.651%)  route 0.134ns (37.349%))
  Logic Levels:           1  (LDPE=1)
  Clock Uncertainty:      0.190ns  ((TSJ^2 + DJ^2)^1/2) / 2 + PE
    Total System Jitter     (TSJ):    0.050ns
    Discrete Jitter          (DJ):    0.175ns
    Phase Error              (PE):    0.099ns

    Location             Delay type                Incr(ns)  Path(ns)    Netlist Resource(s)
  -------------------------------------------------------------------    -------------------
    SLICE_X159Y115       LDPE                         0.000     0.000 r  datapath_uut/video_uut/Inst_vga/color_mapper_inst/numeric_stepper_row/debouncer_up/cw_reg[0]/G
    SLICE_X159Y115       LDPE (EnToQ_ldpe_G_Q)        0.225     0.225 r  datapath_uut/video_uut/Inst_vga/color_mapper_inst/numeric_stepper_row/debouncer_up/cw_reg[0]/Q
                         net (fo=25, routed)          0.134     0.359    datapath_uut/video_uut/Inst_vga/color_mapper_inst/numeric_stepper_row/debouncer_up/delay_counter/Q[0]
    SLICE_X158Y114       FDRE                                         r  datapath_uut/video_uut/Inst_vga/color_mapper_inst/numeric_stepper_row/debouncer_up/delay_counter/processQ_reg[10]/CE
  -------------------------------------------------------------------    -------------------

                         (clock clk_out1_clk_wiz_0 rise edge)
                                                      0.000     0.000 r  
    R4                   IBUF                         0.000     0.000 r  clk_IBUF_inst/O
                         net (fo=27, routed)          0.480     0.480    datapath_uut/video_uut/mmcm_adv_inst_display_clocks/inst/clk_in1
    MMCME2_ADV_X1Y2      MMCME2_ADV (Prop_mmcme2_adv_CLKIN1_CLKOUT0)
                                                     -3.332    -2.852 r  datapath_uut/video_uut/mmcm_adv_inst_display_clocks/inst/mmcm_adv_inst/CLKOUT0
                         net (fo=1, routed)           0.579    -2.274    datapath_uut/video_uut/mmcm_adv_inst_display_clocks/inst/clk_out1_clk_wiz_0
    BUFGCTRL_X0Y1        BUFG (Prop_bufg_I_O)         0.029    -2.245 r  datapath_uut/video_uut/mmcm_adv_inst_display_clocks/inst/clkout1_buf/O
                         net (fo=271, routed)         0.915    -1.330    datapath_uut/video_uut/Inst_vga/color_mapper_inst/numeric_stepper_row/debouncer_up/delay_counter/clk_out1
    SLICE_X158Y114       FDRE                                         r  datapath_uut/video_uut/Inst_vga/color_mapper_inst/numeric_stepper_row/debouncer_up/delay_counter/processQ_reg[10]/C

Slack:                    inf
  Source:                 datapath_uut/video_uut/Inst_vga/color_mapper_inst/numeric_stepper_row/debouncer_up/cw_reg[0]/G
                            (positive level-sensitive latch)
  Destination:            datapath_uut/video_uut/Inst_vga/color_mapper_inst/numeric_stepper_row/debouncer_up/delay_counter/processQ_reg[11]/CE
                            (rising edge-triggered cell FDRE clocked by clk_out1_clk_wiz_0  {rise@0.000ns fall@20.000ns period=40.000ns})
  Path Group:             (none)
  Path Type:              Hold (Min at Fast Process Corner)
  Data Path Delay:        0.359ns  (logic 0.225ns (62.651%)  route 0.134ns (37.349%))
  Logic Levels:           1  (LDPE=1)
  Clock Uncertainty:      0.190ns  ((TSJ^2 + DJ^2)^1/2) / 2 + PE
    Total System Jitter     (TSJ):    0.050ns
    Discrete Jitter          (DJ):    0.175ns
    Phase Error              (PE):    0.099ns

    Location             Delay type                Incr(ns)  Path(ns)    Netlist Resource(s)
  -------------------------------------------------------------------    -------------------
    SLICE_X159Y115       LDPE                         0.000     0.000 r  datapath_uut/video_uut/Inst_vga/color_mapper_inst/numeric_stepper_row/debouncer_up/cw_reg[0]/G
    SLICE_X159Y115       LDPE (EnToQ_ldpe_G_Q)        0.225     0.225 r  datapath_uut/video_uut/Inst_vga/color_mapper_inst/numeric_stepper_row/debouncer_up/cw_reg[0]/Q
                         net (fo=25, routed)          0.134     0.359    datapath_uut/video_uut/Inst_vga/color_mapper_inst/numeric_stepper_row/debouncer_up/delay_counter/Q[0]
    SLICE_X158Y114       FDRE                                         r  datapath_uut/video_uut/Inst_vga/color_mapper_inst/numeric_stepper_row/debouncer_up/delay_counter/processQ_reg[11]/CE
  -------------------------------------------------------------------    -------------------

                         (clock clk_out1_clk_wiz_0 rise edge)
                                                      0.000     0.000 r  
    R4                   IBUF                         0.000     0.000 r  clk_IBUF_inst/O
                         net (fo=27, routed)          0.480     0.480    datapath_uut/video_uut/mmcm_adv_inst_display_clocks/inst/clk_in1
    MMCME2_ADV_X1Y2      MMCME2_ADV (Prop_mmcme2_adv_CLKIN1_CLKOUT0)
                                                     -3.332    -2.852 r  datapath_uut/video_uut/mmcm_adv_inst_display_clocks/inst/mmcm_adv_inst/CLKOUT0
                         net (fo=1, routed)           0.579    -2.274    datapath_uut/video_uut/mmcm_adv_inst_display_clocks/inst/clk_out1_clk_wiz_0
    BUFGCTRL_X0Y1        BUFG (Prop_bufg_I_O)         0.029    -2.245 r  datapath_uut/video_uut/mmcm_adv_inst_display_clocks/inst/clkout1_buf/O
                         net (fo=271, routed)         0.915    -1.330    datapath_uut/video_uut/Inst_vga/color_mapper_inst/numeric_stepper_row/debouncer_up/delay_counter/clk_out1
    SLICE_X158Y114       FDRE                                         r  datapath_uut/video_uut/Inst_vga/color_mapper_inst/numeric_stepper_row/debouncer_up/delay_counter/processQ_reg[11]/C

Slack:                    inf
  Source:                 datapath_uut/video_uut/Inst_vga/color_mapper_inst/numeric_stepper_row/debouncer_up/cw_reg[0]/G
                            (positive level-sensitive latch)
  Destination:            datapath_uut/video_uut/Inst_vga/color_mapper_inst/numeric_stepper_row/debouncer_up/delay_counter/processQ_reg[12]/CE
                            (rising edge-triggered cell FDRE clocked by clk_out1_clk_wiz_0  {rise@0.000ns fall@20.000ns period=40.000ns})
  Path Group:             (none)
  Path Type:              Hold (Min at Fast Process Corner)
  Data Path Delay:        0.359ns  (logic 0.225ns (62.651%)  route 0.134ns (37.349%))
  Logic Levels:           1  (LDPE=1)
  Clock Uncertainty:      0.190ns  ((TSJ^2 + DJ^2)^1/2) / 2 + PE
    Total System Jitter     (TSJ):    0.050ns
    Discrete Jitter          (DJ):    0.175ns
    Phase Error              (PE):    0.099ns

    Location             Delay type                Incr(ns)  Path(ns)    Netlist Resource(s)
  -------------------------------------------------------------------    -------------------
    SLICE_X159Y115       LDPE                         0.000     0.000 r  datapath_uut/video_uut/Inst_vga/color_mapper_inst/numeric_stepper_row/debouncer_up/cw_reg[0]/G
    SLICE_X159Y115       LDPE (EnToQ_ldpe_G_Q)        0.225     0.225 r  datapath_uut/video_uut/Inst_vga/color_mapper_inst/numeric_stepper_row/debouncer_up/cw_reg[0]/Q
                         net (fo=25, routed)          0.134     0.359    datapath_uut/video_uut/Inst_vga/color_mapper_inst/numeric_stepper_row/debouncer_up/delay_counter/Q[0]
    SLICE_X158Y114       FDRE                                         r  datapath_uut/video_uut/Inst_vga/color_mapper_inst/numeric_stepper_row/debouncer_up/delay_counter/processQ_reg[12]/CE
  -------------------------------------------------------------------    -------------------

                         (clock clk_out1_clk_wiz_0 rise edge)
                                                      0.000     0.000 r  
    R4                   IBUF                         0.000     0.000 r  clk_IBUF_inst/O
                         net (fo=27, routed)          0.480     0.480    datapath_uut/video_uut/mmcm_adv_inst_display_clocks/inst/clk_in1
    MMCME2_ADV_X1Y2      MMCME2_ADV (Prop_mmcme2_adv_CLKIN1_CLKOUT0)
                                                     -3.332    -2.852 r  datapath_uut/video_uut/mmcm_adv_inst_display_clocks/inst/mmcm_adv_inst/CLKOUT0
                         net (fo=1, routed)           0.579    -2.274    datapath_uut/video_uut/mmcm_adv_inst_display_clocks/inst/clk_out1_clk_wiz_0
    BUFGCTRL_X0Y1        BUFG (Prop_bufg_I_O)         0.029    -2.245 r  datapath_uut/video_uut/mmcm_adv_inst_display_clocks/inst/clkout1_buf/O
                         net (fo=271, routed)         0.915    -1.330    datapath_uut/video_uut/Inst_vga/color_mapper_inst/numeric_stepper_row/debouncer_up/delay_counter/clk_out1
    SLICE_X158Y114       FDRE                                         r  datapath_uut/video_uut/Inst_vga/color_mapper_inst/numeric_stepper_row/debouncer_up/delay_counter/processQ_reg[12]/C

Slack:                    inf
  Source:                 datapath_uut/video_uut/Inst_vga/color_mapper_inst/numeric_stepper_row/debouncer_up/cw_reg[0]/G
                            (positive level-sensitive latch)
  Destination:            datapath_uut/video_uut/Inst_vga/color_mapper_inst/numeric_stepper_row/debouncer_up/delay_counter/processQ_reg[9]/CE
                            (rising edge-triggered cell FDRE clocked by clk_out1_clk_wiz_0  {rise@0.000ns fall@20.000ns period=40.000ns})
  Path Group:             (none)
  Path Type:              Hold (Min at Fast Process Corner)
  Data Path Delay:        0.359ns  (logic 0.225ns (62.651%)  route 0.134ns (37.349%))
  Logic Levels:           1  (LDPE=1)
  Clock Uncertainty:      0.190ns  ((TSJ^2 + DJ^2)^1/2) / 2 + PE
    Total System Jitter     (TSJ):    0.050ns
    Discrete Jitter          (DJ):    0.175ns
    Phase Error              (PE):    0.099ns

    Location             Delay type                Incr(ns)  Path(ns)    Netlist Resource(s)
  -------------------------------------------------------------------    -------------------
    SLICE_X159Y115       LDPE                         0.000     0.000 r  datapath_uut/video_uut/Inst_vga/color_mapper_inst/numeric_stepper_row/debouncer_up/cw_reg[0]/G
    SLICE_X159Y115       LDPE (EnToQ_ldpe_G_Q)        0.225     0.225 r  datapath_uut/video_uut/Inst_vga/color_mapper_inst/numeric_stepper_row/debouncer_up/cw_reg[0]/Q
                         net (fo=25, routed)          0.134     0.359    datapath_uut/video_uut/Inst_vga/color_mapper_inst/numeric_stepper_row/debouncer_up/delay_counter/Q[0]
    SLICE_X158Y114       FDRE                                         r  datapath_uut/video_uut/Inst_vga/color_mapper_inst/numeric_stepper_row/debouncer_up/delay_counter/processQ_reg[9]/CE
  -------------------------------------------------------------------    -------------------

                         (clock clk_out1_clk_wiz_0 rise edge)
                                                      0.000     0.000 r  
    R4                   IBUF                         0.000     0.000 r  clk_IBUF_inst/O
                         net (fo=27, routed)          0.480     0.480    datapath_uut/video_uut/mmcm_adv_inst_display_clocks/inst/clk_in1
    MMCME2_ADV_X1Y2      MMCME2_ADV (Prop_mmcme2_adv_CLKIN1_CLKOUT0)
                                                     -3.332    -2.852 r  datapath_uut/video_uut/mmcm_adv_inst_display_clocks/inst/mmcm_adv_inst/CLKOUT0
                         net (fo=1, routed)           0.579    -2.274    datapath_uut/video_uut/mmcm_adv_inst_display_clocks/inst/clk_out1_clk_wiz_0
    BUFGCTRL_X0Y1        BUFG (Prop_bufg_I_O)         0.029    -2.245 r  datapath_uut/video_uut/mmcm_adv_inst_display_clocks/inst/clkout1_buf/O
                         net (fo=271, routed)         0.915    -1.330    datapath_uut/video_uut/Inst_vga/color_mapper_inst/numeric_stepper_row/debouncer_up/delay_counter/clk_out1
    SLICE_X158Y114       FDRE                                         r  datapath_uut/video_uut/Inst_vga/color_mapper_inst/numeric_stepper_row/debouncer_up/delay_counter/processQ_reg[9]/C

Slack:                    inf
  Source:                 datapath_uut/video_uut/Inst_vga/color_mapper_inst/numeric_stepper_row/debouncer_up/cw_reg[1]/G
                            (positive level-sensitive latch)
  Destination:            datapath_uut/video_uut/Inst_vga/color_mapper_inst/numeric_stepper_row/debouncer_up/delay_counter/processQ_reg[10]/R
                            (rising edge-triggered cell FDRE clocked by clk_out1_clk_wiz_0  {rise@0.000ns fall@20.000ns period=40.000ns})
  Path Group:             (none)
  Path Type:              Hold (Min at Fast Process Corner)
  Data Path Delay:        0.366ns  (logic 0.225ns (61.496%)  route 0.141ns (38.504%))
  Logic Levels:           1  (LDPE=1)
  Clock Uncertainty:      0.190ns  ((TSJ^2 + DJ^2)^1/2) / 2 + PE
    Total System Jitter     (TSJ):    0.050ns
    Discrete Jitter          (DJ):    0.175ns
    Phase Error              (PE):    0.099ns

    Location             Delay type                Incr(ns)  Path(ns)    Netlist Resource(s)
  -------------------------------------------------------------------    -------------------
    SLICE_X159Y115       LDPE                         0.000     0.000 r  datapath_uut/video_uut/Inst_vga/color_mapper_inst/numeric_stepper_row/debouncer_up/cw_reg[1]/G
    SLICE_X159Y115       LDPE (EnToQ_ldpe_G_Q)        0.225     0.225 r  datapath_uut/video_uut/Inst_vga/color_mapper_inst/numeric_stepper_row/debouncer_up/cw_reg[1]/Q
                         net (fo=25, routed)          0.141     0.366    datapath_uut/video_uut/Inst_vga/color_mapper_inst/numeric_stepper_row/debouncer_up/delay_counter/Q[1]
    SLICE_X158Y114       FDRE                                         r  datapath_uut/video_uut/Inst_vga/color_mapper_inst/numeric_stepper_row/debouncer_up/delay_counter/processQ_reg[10]/R
  -------------------------------------------------------------------    -------------------

                         (clock clk_out1_clk_wiz_0 rise edge)
                                                      0.000     0.000 r  
    R4                   IBUF                         0.000     0.000 r  clk_IBUF_inst/O
                         net (fo=27, routed)          0.480     0.480    datapath_uut/video_uut/mmcm_adv_inst_display_clocks/inst/clk_in1
    MMCME2_ADV_X1Y2      MMCME2_ADV (Prop_mmcme2_adv_CLKIN1_CLKOUT0)
                                                     -3.332    -2.852 r  datapath_uut/video_uut/mmcm_adv_inst_display_clocks/inst/mmcm_adv_inst/CLKOUT0
                         net (fo=1, routed)           0.579    -2.274    datapath_uut/video_uut/mmcm_adv_inst_display_clocks/inst/clk_out1_clk_wiz_0
    BUFGCTRL_X0Y1        BUFG (Prop_bufg_I_O)         0.029    -2.245 r  datapath_uut/video_uut/mmcm_adv_inst_display_clocks/inst/clkout1_buf/O
                         net (fo=271, routed)         0.915    -1.330    datapath_uut/video_uut/Inst_vga/color_mapper_inst/numeric_stepper_row/debouncer_up/delay_counter/clk_out1
    SLICE_X158Y114       FDRE                                         r  datapath_uut/video_uut/Inst_vga/color_mapper_inst/numeric_stepper_row/debouncer_up/delay_counter/processQ_reg[10]/C

Slack:                    inf
  Source:                 datapath_uut/video_uut/Inst_vga/color_mapper_inst/numeric_stepper_row/debouncer_up/cw_reg[1]/G
                            (positive level-sensitive latch)
  Destination:            datapath_uut/video_uut/Inst_vga/color_mapper_inst/numeric_stepper_row/debouncer_up/delay_counter/processQ_reg[11]/R
                            (rising edge-triggered cell FDRE clocked by clk_out1_clk_wiz_0  {rise@0.000ns fall@20.000ns period=40.000ns})
  Path Group:             (none)
  Path Type:              Hold (Min at Fast Process Corner)
  Data Path Delay:        0.366ns  (logic 0.225ns (61.496%)  route 0.141ns (38.504%))
  Logic Levels:           1  (LDPE=1)
  Clock Uncertainty:      0.190ns  ((TSJ^2 + DJ^2)^1/2) / 2 + PE
    Total System Jitter     (TSJ):    0.050ns
    Discrete Jitter          (DJ):    0.175ns
    Phase Error              (PE):    0.099ns

    Location             Delay type                Incr(ns)  Path(ns)    Netlist Resource(s)
  -------------------------------------------------------------------    -------------------
    SLICE_X159Y115       LDPE                         0.000     0.000 r  datapath_uut/video_uut/Inst_vga/color_mapper_inst/numeric_stepper_row/debouncer_up/cw_reg[1]/G
    SLICE_X159Y115       LDPE (EnToQ_ldpe_G_Q)        0.225     0.225 r  datapath_uut/video_uut/Inst_vga/color_mapper_inst/numeric_stepper_row/debouncer_up/cw_reg[1]/Q
                         net (fo=25, routed)          0.141     0.366    datapath_uut/video_uut/Inst_vga/color_mapper_inst/numeric_stepper_row/debouncer_up/delay_counter/Q[1]
    SLICE_X158Y114       FDRE                                         r  datapath_uut/video_uut/Inst_vga/color_mapper_inst/numeric_stepper_row/debouncer_up/delay_counter/processQ_reg[11]/R
  -------------------------------------------------------------------    -------------------

                         (clock clk_out1_clk_wiz_0 rise edge)
                                                      0.000     0.000 r  
    R4                   IBUF                         0.000     0.000 r  clk_IBUF_inst/O
                         net (fo=27, routed)          0.480     0.480    datapath_uut/video_uut/mmcm_adv_inst_display_clocks/inst/clk_in1
    MMCME2_ADV_X1Y2      MMCME2_ADV (Prop_mmcme2_adv_CLKIN1_CLKOUT0)
                                                     -3.332    -2.852 r  datapath_uut/video_uut/mmcm_adv_inst_display_clocks/inst/mmcm_adv_inst/CLKOUT0
                         net (fo=1, routed)           0.579    -2.274    datapath_uut/video_uut/mmcm_adv_inst_display_clocks/inst/clk_out1_clk_wiz_0
    BUFGCTRL_X0Y1        BUFG (Prop_bufg_I_O)         0.029    -2.245 r  datapath_uut/video_uut/mmcm_adv_inst_display_clocks/inst/clkout1_buf/O
                         net (fo=271, routed)         0.915    -1.330    datapath_uut/video_uut/Inst_vga/color_mapper_inst/numeric_stepper_row/debouncer_up/delay_counter/clk_out1
    SLICE_X158Y114       FDRE                                         r  datapath_uut/video_uut/Inst_vga/color_mapper_inst/numeric_stepper_row/debouncer_up/delay_counter/processQ_reg[11]/C

Slack:                    inf
  Source:                 datapath_uut/video_uut/Inst_vga/color_mapper_inst/numeric_stepper_row/debouncer_up/cw_reg[1]/G
                            (positive level-sensitive latch)
  Destination:            datapath_uut/video_uut/Inst_vga/color_mapper_inst/numeric_stepper_row/debouncer_up/delay_counter/processQ_reg[12]/R
                            (rising edge-triggered cell FDRE clocked by clk_out1_clk_wiz_0  {rise@0.000ns fall@20.000ns period=40.000ns})
  Path Group:             (none)
  Path Type:              Hold (Min at Fast Process Corner)
  Data Path Delay:        0.366ns  (logic 0.225ns (61.496%)  route 0.141ns (38.504%))
  Logic Levels:           1  (LDPE=1)
  Clock Uncertainty:      0.190ns  ((TSJ^2 + DJ^2)^1/2) / 2 + PE
    Total System Jitter     (TSJ):    0.050ns
    Discrete Jitter          (DJ):    0.175ns
    Phase Error              (PE):    0.099ns

    Location             Delay type                Incr(ns)  Path(ns)    Netlist Resource(s)
  -------------------------------------------------------------------    -------------------
    SLICE_X159Y115       LDPE                         0.000     0.000 r  datapath_uut/video_uut/Inst_vga/color_mapper_inst/numeric_stepper_row/debouncer_up/cw_reg[1]/G
    SLICE_X159Y115       LDPE (EnToQ_ldpe_G_Q)        0.225     0.225 r  datapath_uut/video_uut/Inst_vga/color_mapper_inst/numeric_stepper_row/debouncer_up/cw_reg[1]/Q
                         net (fo=25, routed)          0.141     0.366    datapath_uut/video_uut/Inst_vga/color_mapper_inst/numeric_stepper_row/debouncer_up/delay_counter/Q[1]
    SLICE_X158Y114       FDRE                                         r  datapath_uut/video_uut/Inst_vga/color_mapper_inst/numeric_stepper_row/debouncer_up/delay_counter/processQ_reg[12]/R
  -------------------------------------------------------------------    -------------------

                         (clock clk_out1_clk_wiz_0 rise edge)
                                                      0.000     0.000 r  
    R4                   IBUF                         0.000     0.000 r  clk_IBUF_inst/O
                         net (fo=27, routed)          0.480     0.480    datapath_uut/video_uut/mmcm_adv_inst_display_clocks/inst/clk_in1
    MMCME2_ADV_X1Y2      MMCME2_ADV (Prop_mmcme2_adv_CLKIN1_CLKOUT0)
                                                     -3.332    -2.852 r  datapath_uut/video_uut/mmcm_adv_inst_display_clocks/inst/mmcm_adv_inst/CLKOUT0
                         net (fo=1, routed)           0.579    -2.274    datapath_uut/video_uut/mmcm_adv_inst_display_clocks/inst/clk_out1_clk_wiz_0
    BUFGCTRL_X0Y1        BUFG (Prop_bufg_I_O)         0.029    -2.245 r  datapath_uut/video_uut/mmcm_adv_inst_display_clocks/inst/clkout1_buf/O
                         net (fo=271, routed)         0.915    -1.330    datapath_uut/video_uut/Inst_vga/color_mapper_inst/numeric_stepper_row/debouncer_up/delay_counter/clk_out1
    SLICE_X158Y114       FDRE                                         r  datapath_uut/video_uut/Inst_vga/color_mapper_inst/numeric_stepper_row/debouncer_up/delay_counter/processQ_reg[12]/C

Slack:                    inf
  Source:                 datapath_uut/video_uut/Inst_vga/color_mapper_inst/numeric_stepper_row/debouncer_up/cw_reg[1]/G
                            (positive level-sensitive latch)
  Destination:            datapath_uut/video_uut/Inst_vga/color_mapper_inst/numeric_stepper_row/debouncer_up/delay_counter/processQ_reg[9]/R
                            (rising edge-triggered cell FDRE clocked by clk_out1_clk_wiz_0  {rise@0.000ns fall@20.000ns period=40.000ns})
  Path Group:             (none)
  Path Type:              Hold (Min at Fast Process Corner)
  Data Path Delay:        0.366ns  (logic 0.225ns (61.496%)  route 0.141ns (38.504%))
  Logic Levels:           1  (LDPE=1)
  Clock Uncertainty:      0.190ns  ((TSJ^2 + DJ^2)^1/2) / 2 + PE
    Total System Jitter     (TSJ):    0.050ns
    Discrete Jitter          (DJ):    0.175ns
    Phase Error              (PE):    0.099ns

    Location             Delay type                Incr(ns)  Path(ns)    Netlist Resource(s)
  -------------------------------------------------------------------    -------------------
    SLICE_X159Y115       LDPE                         0.000     0.000 r  datapath_uut/video_uut/Inst_vga/color_mapper_inst/numeric_stepper_row/debouncer_up/cw_reg[1]/G
    SLICE_X159Y115       LDPE (EnToQ_ldpe_G_Q)        0.225     0.225 r  datapath_uut/video_uut/Inst_vga/color_mapper_inst/numeric_stepper_row/debouncer_up/cw_reg[1]/Q
                         net (fo=25, routed)          0.141     0.366    datapath_uut/video_uut/Inst_vga/color_mapper_inst/numeric_stepper_row/debouncer_up/delay_counter/Q[1]
    SLICE_X158Y114       FDRE                                         r  datapath_uut/video_uut/Inst_vga/color_mapper_inst/numeric_stepper_row/debouncer_up/delay_counter/processQ_reg[9]/R
  -------------------------------------------------------------------    -------------------

                         (clock clk_out1_clk_wiz_0 rise edge)
                                                      0.000     0.000 r  
    R4                   IBUF                         0.000     0.000 r  clk_IBUF_inst/O
                         net (fo=27, routed)          0.480     0.480    datapath_uut/video_uut/mmcm_adv_inst_display_clocks/inst/clk_in1
    MMCME2_ADV_X1Y2      MMCME2_ADV (Prop_mmcme2_adv_CLKIN1_CLKOUT0)
                                                     -3.332    -2.852 r  datapath_uut/video_uut/mmcm_adv_inst_display_clocks/inst/mmcm_adv_inst/CLKOUT0
                         net (fo=1, routed)           0.579    -2.274    datapath_uut/video_uut/mmcm_adv_inst_display_clocks/inst/clk_out1_clk_wiz_0
    BUFGCTRL_X0Y1        BUFG (Prop_bufg_I_O)         0.029    -2.245 r  datapath_uut/video_uut/mmcm_adv_inst_display_clocks/inst/clkout1_buf/O
                         net (fo=271, routed)         0.915    -1.330    datapath_uut/video_uut/Inst_vga/color_mapper_inst/numeric_stepper_row/debouncer_up/delay_counter/clk_out1
    SLICE_X158Y114       FDRE                                         r  datapath_uut/video_uut/Inst_vga/color_mapper_inst/numeric_stepper_row/debouncer_up/delay_counter/processQ_reg[9]/C

Slack:                    inf
  Source:                 datapath_uut/video_uut/Inst_vga/color_mapper_inst/numeric_stepper_row/debouncer_down/cw_reg[0]/G
                            (positive level-sensitive latch)
  Destination:            datapath_uut/video_uut/Inst_vga/color_mapper_inst/numeric_stepper_row/debouncer_down/delay_counter/processQ_reg[5]/CE
                            (rising edge-triggered cell FDRE clocked by clk_out1_clk_wiz_0  {rise@0.000ns fall@20.000ns period=40.000ns})
  Path Group:             (none)
  Path Type:              Hold (Min at Fast Process Corner)
  Data Path Delay:        0.366ns  (logic 0.220ns (60.085%)  route 0.146ns (39.915%))
  Logic Levels:           1  (LDPE=1)
  Clock Uncertainty:      0.190ns  ((TSJ^2 + DJ^2)^1/2) / 2 + PE
    Total System Jitter     (TSJ):    0.050ns
    Discrete Jitter          (DJ):    0.175ns
    Phase Error              (PE):    0.099ns

    Location             Delay type                Incr(ns)  Path(ns)    Netlist Resource(s)
  -------------------------------------------------------------------    -------------------
    SLICE_X157Y114       LDPE                         0.000     0.000 r  datapath_uut/video_uut/Inst_vga/color_mapper_inst/numeric_stepper_row/debouncer_down/cw_reg[0]/G
    SLICE_X157Y114       LDPE (EnToQ_ldpe_G_Q)        0.220     0.220 r  datapath_uut/video_uut/Inst_vga/color_mapper_inst/numeric_stepper_row/debouncer_down/cw_reg[0]/Q
                         net (fo=25, routed)          0.146     0.366    datapath_uut/video_uut/Inst_vga/color_mapper_inst/numeric_stepper_row/debouncer_down/delay_counter/Q[0]
    SLICE_X156Y113       FDRE                                         r  datapath_uut/video_uut/Inst_vga/color_mapper_inst/numeric_stepper_row/debouncer_down/delay_counter/processQ_reg[5]/CE
  -------------------------------------------------------------------    -------------------

                         (clock clk_out1_clk_wiz_0 rise edge)
                                                      0.000     0.000 r  
    R4                   IBUF                         0.000     0.000 r  clk_IBUF_inst/O
                         net (fo=27, routed)          0.480     0.480    datapath_uut/video_uut/mmcm_adv_inst_display_clocks/inst/clk_in1
    MMCME2_ADV_X1Y2      MMCME2_ADV (Prop_mmcme2_adv_CLKIN1_CLKOUT0)
                                                     -3.332    -2.852 r  datapath_uut/video_uut/mmcm_adv_inst_display_clocks/inst/mmcm_adv_inst/CLKOUT0
                         net (fo=1, routed)           0.579    -2.274    datapath_uut/video_uut/mmcm_adv_inst_display_clocks/inst/clk_out1_clk_wiz_0
    BUFGCTRL_X0Y1        BUFG (Prop_bufg_I_O)         0.029    -2.245 r  datapath_uut/video_uut/mmcm_adv_inst_display_clocks/inst/clkout1_buf/O
                         net (fo=271, routed)         0.915    -1.330    datapath_uut/video_uut/Inst_vga/color_mapper_inst/numeric_stepper_row/debouncer_down/delay_counter/clk_out1
    SLICE_X156Y113       FDRE                                         r  datapath_uut/video_uut/Inst_vga/color_mapper_inst/numeric_stepper_row/debouncer_down/delay_counter/processQ_reg[5]/C

Slack:                    inf
  Source:                 datapath_uut/video_uut/Inst_vga/color_mapper_inst/numeric_stepper_row/debouncer_down/cw_reg[0]/G
                            (positive level-sensitive latch)
  Destination:            datapath_uut/video_uut/Inst_vga/color_mapper_inst/numeric_stepper_row/debouncer_down/delay_counter/processQ_reg[6]/CE
                            (rising edge-triggered cell FDRE clocked by clk_out1_clk_wiz_0  {rise@0.000ns fall@20.000ns period=40.000ns})
  Path Group:             (none)
  Path Type:              Hold (Min at Fast Process Corner)
  Data Path Delay:        0.366ns  (logic 0.220ns (60.085%)  route 0.146ns (39.915%))
  Logic Levels:           1  (LDPE=1)
  Clock Uncertainty:      0.190ns  ((TSJ^2 + DJ^2)^1/2) / 2 + PE
    Total System Jitter     (TSJ):    0.050ns
    Discrete Jitter          (DJ):    0.175ns
    Phase Error              (PE):    0.099ns

    Location             Delay type                Incr(ns)  Path(ns)    Netlist Resource(s)
  -------------------------------------------------------------------    -------------------
    SLICE_X157Y114       LDPE                         0.000     0.000 r  datapath_uut/video_uut/Inst_vga/color_mapper_inst/numeric_stepper_row/debouncer_down/cw_reg[0]/G
    SLICE_X157Y114       LDPE (EnToQ_ldpe_G_Q)        0.220     0.220 r  datapath_uut/video_uut/Inst_vga/color_mapper_inst/numeric_stepper_row/debouncer_down/cw_reg[0]/Q
                         net (fo=25, routed)          0.146     0.366    datapath_uut/video_uut/Inst_vga/color_mapper_inst/numeric_stepper_row/debouncer_down/delay_counter/Q[0]
    SLICE_X156Y113       FDRE                                         r  datapath_uut/video_uut/Inst_vga/color_mapper_inst/numeric_stepper_row/debouncer_down/delay_counter/processQ_reg[6]/CE
  -------------------------------------------------------------------    -------------------

                         (clock clk_out1_clk_wiz_0 rise edge)
                                                      0.000     0.000 r  
    R4                   IBUF                         0.000     0.000 r  clk_IBUF_inst/O
                         net (fo=27, routed)          0.480     0.480    datapath_uut/video_uut/mmcm_adv_inst_display_clocks/inst/clk_in1
    MMCME2_ADV_X1Y2      MMCME2_ADV (Prop_mmcme2_adv_CLKIN1_CLKOUT0)
                                                     -3.332    -2.852 r  datapath_uut/video_uut/mmcm_adv_inst_display_clocks/inst/mmcm_adv_inst/CLKOUT0
                         net (fo=1, routed)           0.579    -2.274    datapath_uut/video_uut/mmcm_adv_inst_display_clocks/inst/clk_out1_clk_wiz_0
    BUFGCTRL_X0Y1        BUFG (Prop_bufg_I_O)         0.029    -2.245 r  datapath_uut/video_uut/mmcm_adv_inst_display_clocks/inst/clkout1_buf/O
                         net (fo=271, routed)         0.915    -1.330    datapath_uut/video_uut/Inst_vga/color_mapper_inst/numeric_stepper_row/debouncer_down/delay_counter/clk_out1
    SLICE_X156Y113       FDRE                                         r  datapath_uut/video_uut/Inst_vga/color_mapper_inst/numeric_stepper_row/debouncer_down/delay_counter/processQ_reg[6]/C





