#-----------------------------------------------------------
# Vivado v2024.2 (64-bit)
# SW Build 5239630 on Fri Nov 08 22:35:27 MST 2024
# IP Build 5239520 on Sun Nov 10 16:12:51 MST 2024
# SharedData Build 5239561 on Fri Nov 08 14:39:27 MST 2024
# Start of session at: Fri Apr  3 08:05:16 2026
# Process ID         : 46396
# Current directory  : C:/Users/C28Asher.Speicher/Documents/ece383_code/lab4
# Command line       : vivado.exe -gui_launcher_event rodinguilauncherevent33768 C:\Users\C28Asher.Speicher\Documents\ece383_code\lab4\Lab4.xpr
# Log file           : C:/Users/C28Asher.Speicher/Documents/ece383_code/lab4/vivado.log
# Journal file       : C:/Users/C28Asher.Speicher/Documents/ece383_code/lab4\vivado.jou
# Running On         : C28-2TK4150H12
# Platform           : Windows Server 2016 or Windows 10
# Operating System   : 22631
# Processor Detail   : AMD Ryzen 7 PRO 7840U w/ Radeon 780M Graphics  
# CPU Frequency      : 3294 MHz
# CPU Physical cores : 8
# CPU Logical cores  : 16
# Host memory        : 33585 MB
# Swap memory        : 5413 MB
# Total Virtual      : 38998 MB
# Available Virtual  : 14765 MB
#-----------------------------------------------------------
start_gui
open_project C:/Users/C28Asher.Speicher/Documents/ece383_code/lab4/Lab4.xpr
INFO: [Project 1-313] Project file moved from 'C:/383/ece383-lab4' since last save.
WARNING: [filemgmt 56-2] Board Part Repository Path: Could not find the directory 'C:/Users/C28Asher.Speicher/Documents/Users/jimmi/AppData/Roaming/Xilinx/Vivado/2024.2/xhub/board_store/xilinx_board_store', nor could it be found using path 'C:/Users/jimmi/AppData/Roaming/Xilinx/Vivado/2024.2/xhub/board_store/xilinx_board_store'.
Scanning sources...
Finished scanning sources
INFO: [IP_Flow 19-234] Refreshing IP repositories
INFO: [IP_Flow 19-1704] No user IP repositories specified
INFO: [IP_Flow 19-2313] Loaded Vivado IP repository 'C:/Xilinx/Vivado/2024.2/data/ip'.
open_project: Time (s): cpu = 00:00:05 ; elapsed = 00:00:09 . Memory (MB): peak = 1136.332 ; gain = 89.254
WARNING: [filemgmt 56-199] Attempt to get parsing info during refresh. "On-the-fly" syntax checking information may be incorrect. [C:\Users\C28Asher.Speicher\Documents\ece383_code\lab4\Lab4.srcs\sources_1\imports\ece383-lab4\Lab4_dp.vhd:]
WARNING: [filemgmt 56-199] Attempt to get parsing info during refresh. "On-the-fly" syntax checking information may be incorrect. [C:\Users\C28Asher.Speicher\Documents\ece383_code\lab4\Lab4.srcs\sources_1\imports\ece383-lab4\Lab4_cu.vhd:]
WARNING: [filemgmt 56-199] Attempt to get parsing info during refresh. "On-the-fly" syntax checking information may be incorrect. [C:\Users\C28Asher.Speicher\Documents\ece383_code\lab4\Lab4.srcs\sources_1\imports\ece383-lab4\Interpolate.vhd:]
WARNING: [filemgmt 56-199] Attempt to get parsing info during refresh. "On-the-fly" syntax checking information may be incorrect. [C:\Users\C28Asher.Speicher\Documents\ece383_code\lab4\Lab4.srcs\sources_1\imports\ece383-lab4\IndexOffsetReg.vhd:]
WARNING: [filemgmt 56-199] Attempt to get parsing info during refresh. "On-the-fly" syntax checking information may be incorrect. [C:\Users\C28Asher.Speicher\Documents\ece383_code\lab4\Lab4.srcs\sources_1\imports\ece383-lab4\LookupTable.vhd:]
WARNING: [filemgmt 56-199] Attempt to get parsing info during refresh. "On-the-fly" syntax checking information may be incorrect. [C:\Users\C28Asher.Speicher\Documents\ece383_code\lab4\Lab4.srcs\sources_1\imports\ece383-lab4\Lab4.vhd:]
WARNING: [filemgmt 56-199] Attempt to get parsing info during refresh. "On-the-fly" syntax checking information may be incorrect. [C:\Users\C28Asher.Speicher\Documents\ece383_code\lab4\Lab4.srcs\sources_1\imports\ece383-lab4\Lab4_dp.vhd:]
WARNING: [filemgmt 56-199] Attempt to get parsing info during refresh. "On-the-fly" syntax checking information may be incorrect. [C:\Users\C28Asher.Speicher\Documents\ece383_code\lab4\Lab4.srcs\sources_1\imports\ece383-lab4\Lab4_dp.vhd:]
WARNING: [filemgmt 56-199] Attempt to get parsing info during refresh. "On-the-fly" syntax checking information may be incorrect. [C:\Users\C28Asher.Speicher\Documents\ece383_code\lab4\Lab4.srcs\sources_1\imports\ece383-lab4\Lab4_dp.vhd:]
WARNING: [filemgmt 56-199] Attempt to get parsing info during refresh. "On-the-fly" syntax checking information may be incorrect. [C:\Users\C28Asher.Speicher\Documents\ece383_code\lab4\Lab4.srcs\sources_1\imports\ece383-lab4\Lab4_cu.vhd:]
WARNING: [filemgmt 56-199] Attempt to get parsing info during refresh. "On-the-fly" syntax checking information may be incorrect. [C:\Users\C28Asher.Speicher\Documents\ece383_code\lab4\Lab4.srcs\sources_1\imports\ece383-lab4\Interpolate.vhd:]
WARNING: [filemgmt 56-199] Attempt to get parsing info during refresh. "On-the-fly" syntax checking information may be incorrect. [C:\Users\C28Asher.Speicher\Documents\ece383_code\lab4\Lab4.srcs\sources_1\imports\ece383-lab4\IndexOffsetReg.vhd:]
WARNING: [filemgmt 56-199] Attempt to get parsing info during refresh. "On-the-fly" syntax checking information may be incorrect. [C:\Users\C28Asher.Speicher\Documents\ece383_code\lab4\Lab4.srcs\sources_1\imports\ece383-lab4\LookupTable.vhd:]
WARNING: [filemgmt 56-199] Attempt to get parsing info during refresh. "On-the-fly" syntax checking information may be incorrect. [C:\Users\C28Asher.Speicher\Documents\ece383_code\lab4\Lab4.srcs\sources_1\imports\ece383-lab4\Lab4.vhd:]
WARNING: [filemgmt 56-199] Attempt to get parsing info during refresh. "On-the-fly" syntax checking information may be incorrect. [C:\Users\C28Asher.Speicher\Documents\ece383_code\lab4\Lab4.srcs\sources_1\imports\ece383-lab4\Lab4_cu.vhd:]
WARNING: [filemgmt 56-199] Attempt to get parsing info during refresh. "On-the-fly" syntax checking information may be incorrect. [C:\Users\C28Asher.Speicher\Documents\ece383_code\lab4\Lab4.srcs\sources_1\imports\ece383-lab4\Lab4_cu.vhd:]
WARNING: [filemgmt 56-199] Attempt to get parsing info during refresh. "On-the-fly" syntax checking information may be incorrect. [C:\Users\C28Asher.Speicher\Documents\ece383_code\lab4\Lab4.srcs\sources_1\imports\ece383-lab4\Lab4_dp.vhd:]
WARNING: [filemgmt 56-199] Attempt to get parsing info during refresh. "On-the-fly" syntax checking information may be incorrect. [C:\Users\C28Asher.Speicher\Documents\ece383_code\lab4\Lab4.srcs\sources_1\imports\ece383-lab4\Lab4_cu.vhd:]
WARNING: [filemgmt 56-199] Attempt to get parsing info during refresh. "On-the-fly" syntax checking information may be incorrect. [C:\Users\C28Asher.Speicher\Documents\ece383_code\lab4\Lab4.srcs\sources_1\imports\ece383-lab4\Interpolate.vhd:]
WARNING: [filemgmt 56-199] Attempt to get parsing info during refresh. "On-the-fly" syntax checking information may be incorrect. [C:\Users\C28Asher.Speicher\Documents\ece383_code\lab4\Lab4.srcs\sources_1\imports\ece383-lab4\IndexOffsetReg.vhd:]
WARNING: [filemgmt 56-199] Attempt to get parsing info during refresh. "On-the-fly" syntax checking information may be incorrect. [C:\Users\C28Asher.Speicher\Documents\ece383_code\lab4\Lab4.srcs\sources_1\imports\ece383-lab4\LookupTable.vhd:]
WARNING: [filemgmt 56-199] Attempt to get parsing info during refresh. "On-the-fly" syntax checking information may be incorrect. [C:\Users\C28Asher.Speicher\Documents\ece383_code\lab4\Lab4.srcs\sources_1\imports\ece383-lab4\Lab4.vhd:]
WARNING: [filemgmt 56-199] Attempt to get parsing info during refresh. "On-the-fly" syntax checking information may be incorrect. [C:\Users\C28Asher.Speicher\Documents\ece383_code\lab4\Lab4.srcs\sources_1\imports\ece383-lab4\Lab4.vhd:]
WARNING: [filemgmt 56-199] Attempt to get parsing info during refresh. "On-the-fly" syntax checking information may be incorrect. [C:\Users\C28Asher.Speicher\Documents\ece383_code\lab4\Lab4.srcs\sources_1\imports\ece383-lab4\Lab4.vhd:]
ERROR: [Common 17-180] Spawn failed: No error
WARNING: [filemgmt 56-199] Attempt to get parsing info during refresh. "On-the-fly" syntax checking information may be incorrect. [C:\Users\C28Asher.Speicher\Documents\ece383_code\lab4\Lab4.srcs\sources_1\imports\ece383-lab4\Lab4_dp.vhd:]
WARNING: [filemgmt 56-199] Attempt to get parsing info during refresh. "On-the-fly" syntax checking information may be incorrect. [C:\Users\C28Asher.Speicher\Documents\ece383_code\lab4\Lab4.srcs\sources_1\imports\ece383-lab4\Lab4_cu.vhd:]
WARNING: [filemgmt 56-199] Attempt to get parsing info during refresh. "On-the-fly" syntax checking information may be incorrect. [C:\Users\C28Asher.Speicher\Documents\ece383_code\lab4\Lab4.srcs\sources_1\imports\ece383-lab4\Interpolate.vhd:]
WARNING: [filemgmt 56-199] Attempt to get parsing info during refresh. "On-the-fly" syntax checking information may be incorrect. [C:\Users\C28Asher.Speicher\Documents\ece383_code\lab4\Lab4.srcs\sources_1\imports\ece383-lab4\IndexOffsetReg.vhd:]
WARNING: [filemgmt 56-199] Attempt to get parsing info during refresh. "On-the-fly" syntax checking information may be incorrect. [C:\Users\C28Asher.Speicher\Documents\ece383_code\lab4\Lab4.srcs\sources_1\imports\ece383-lab4\LookupTable.vhd:]
WARNING: [filemgmt 56-199] Attempt to get parsing info during refresh. "On-the-fly" syntax checking information may be incorrect. [C:\Users\C28Asher.Speicher\Documents\ece383_code\lab4\Lab4.srcs\sources_1\imports\ece383-lab4\Lab4.vhd:]
WARNING: [filemgmt 56-199] Attempt to get parsing info during refresh. "On-the-fly" syntax checking information may be incorrect. [C:\Users\C28Asher.Speicher\Documents\ece383_code\lab4\Lab4.srcs\sources_1\imports\ece383-lab4\Interpolate.vhd:]
WARNING: [filemgmt 56-199] Attempt to get parsing info during refresh. "On-the-fly" syntax checking information may be incorrect. [C:\Users\C28Asher.Speicher\Documents\ece383_code\lab4\Lab4.srcs\sources_1\imports\ece383-lab4\Interpolate.vhd:]
ERROR: [Common 17-180] Spawn failed: No error
WARNING: [filemgmt 56-199] Attempt to get parsing info during refresh. "On-the-fly" syntax checking information may be incorrect. [C:\Users\C28Asher.Speicher\Documents\ece383_code\lab4\Lab4.srcs\sources_1\imports\ece383-lab4\Lab4_dp.vhd:]
WARNING: [filemgmt 56-199] Attempt to get parsing info during refresh. "On-the-fly" syntax checking information may be incorrect. [C:\Users\C28Asher.Speicher\Documents\ece383_code\lab4\Lab4.srcs\sources_1\imports\ece383-lab4\Lab4_cu.vhd:]
WARNING: [filemgmt 56-199] Attempt to get parsing info during refresh. "On-the-fly" syntax checking information may be incorrect. [C:\Users\C28Asher.Speicher\Documents\ece383_code\lab4\Lab4.srcs\sources_1\imports\ece383-lab4\Interpolate.vhd:]
WARNING: [filemgmt 56-199] Attempt to get parsing info during refresh. "On-the-fly" syntax checking information may be incorrect. [C:\Users\C28Asher.Speicher\Documents\ece383_code\lab4\Lab4.srcs\sources_1\imports\ece383-lab4\IndexOffsetReg.vhd:]
WARNING: [filemgmt 56-199] Attempt to get parsing info during refresh. "On-the-fly" syntax checking information may be incorrect. [C:\Users\C28Asher.Speicher\Documents\ece383_code\lab4\Lab4.srcs\sources_1\imports\ece383-lab4\LookupTable.vhd:]
WARNING: [filemgmt 56-199] Attempt to get parsing info during refresh. "On-the-fly" syntax checking information may be incorrect. [C:\Users\C28Asher.Speicher\Documents\ece383_code\lab4\Lab4.srcs\sources_1\imports\ece383-lab4\Lab4.vhd:]
WARNING: [filemgmt 56-199] Attempt to get parsing info during refresh. "On-the-fly" syntax checking information may be incorrect. [C:\Users\C28Asher.Speicher\Documents\ece383_code\lab4\Lab4.srcs\sources_1\imports\ece383-lab4\LookupTable.vhd:]
WARNING: [filemgmt 56-199] Attempt to get parsing info during refresh. "On-the-fly" syntax checking information may be incorrect. [C:\Users\C28Asher.Speicher\Documents\ece383_code\lab4\Lab4.srcs\sources_1\imports\ece383-lab4\LookupTable.vhd:]
ERROR: [Common 17-180] Spawn failed: No error
WARNING: [filemgmt 56-199] Attempt to get parsing info during refresh. "On-the-fly" syntax checking information may be incorrect. [C:\Users\C28Asher.Speicher\Documents\ece383_code\lab4\Lab4.srcs\sources_1\imports\ece383-lab4\Lab4_dp.vhd:]
WARNING: [filemgmt 56-199] Attempt to get parsing info during refresh. "On-the-fly" syntax checking information may be incorrect. [C:\Users\C28Asher.Speicher\Documents\ece383_code\lab4\Lab4.srcs\sources_1\imports\ece383-lab4\Lab4_cu.vhd:]
WARNING: [filemgmt 56-199] Attempt to get parsing info during refresh. "On-the-fly" syntax checking information may be incorrect. [C:\Users\C28Asher.Speicher\Documents\ece383_code\lab4\Lab4.srcs\sources_1\imports\ece383-lab4\Interpolate.vhd:]
WARNING: [filemgmt 56-199] Attempt to get parsing info during refresh. "On-the-fly" syntax checking information may be incorrect. [C:\Users\C28Asher.Speicher\Documents\ece383_code\lab4\Lab4.srcs\sources_1\imports\ece383-lab4\IndexOffsetReg.vhd:]
WARNING: [filemgmt 56-199] Attempt to get parsing info during refresh. "On-the-fly" syntax checking information may be incorrect. [C:\Users\C28Asher.Speicher\Documents\ece383_code\lab4\Lab4.srcs\sources_1\imports\ece383-lab4\LookupTable.vhd:]
WARNING: [filemgmt 56-199] Attempt to get parsing info during refresh. "On-the-fly" syntax checking information may be incorrect. [C:\Users\C28Asher.Speicher\Documents\ece383_code\lab4\Lab4.srcs\sources_1\imports\ece383-lab4\Lab4.vhd:]
WARNING: [filemgmt 56-199] Attempt to get parsing info during refresh. "On-the-fly" syntax checking information may be incorrect. [C:\Users\C28Asher.Speicher\Documents\ece383_code\lab4\Lab4.srcs\sources_1\imports\ece383-lab4\Lab4_dp.vhd:]
WARNING: [filemgmt 56-199] Attempt to get parsing info during refresh. "On-the-fly" syntax checking information may be incorrect. [C:\Users\C28Asher.Speicher\Documents\ece383_code\lab4\Lab4.srcs\sources_1\imports\ece383-lab4\Lab4_dp.vhd:]
WARNING: [filemgmt 56-199] Attempt to get parsing info during refresh. "On-the-fly" syntax checking information may be incorrect. [C:\Users\C28Asher.Speicher\Documents\ece383_code\lab4\Lab4.srcs\sources_1\imports\ece383-lab4\Lab4_dp.vhd:]
WARNING: [filemgmt 56-199] Attempt to get parsing info during refresh. "On-the-fly" syntax checking information may be incorrect. [C:\Users\C28Asher.Speicher\Documents\ece383_code\lab4\Lab4.srcs\sources_1\imports\ece383-lab4\Lab4_cu.vhd:]
WARNING: [filemgmt 56-199] Attempt to get parsing info during refresh. "On-the-fly" syntax checking information may be incorrect. [C:\Users\C28Asher.Speicher\Documents\ece383_code\lab4\Lab4.srcs\sources_1\imports\ece383-lab4\Interpolate.vhd:]
WARNING: [filemgmt 56-199] Attempt to get parsing info during refresh. "On-the-fly" syntax checking information may be incorrect. [C:\Users\C28Asher.Speicher\Documents\ece383_code\lab4\Lab4.srcs\sources_1\imports\ece383-lab4\IndexOffsetReg.vhd:]
WARNING: [filemgmt 56-199] Attempt to get parsing info during refresh. "On-the-fly" syntax checking information may be incorrect. [C:\Users\C28Asher.Speicher\Documents\ece383_code\lab4\Lab4.srcs\sources_1\imports\ece383-lab4\LookupTable.vhd:]
WARNING: [filemgmt 56-199] Attempt to get parsing info during refresh. "On-the-fly" syntax checking information may be incorrect. [C:\Users\C28Asher.Speicher\Documents\ece383_code\lab4\Lab4.srcs\sources_1\imports\ece383-lab4\Lab4.vhd:]
WARNING: [filemgmt 56-199] Attempt to get parsing info during refresh. "On-the-fly" syntax checking information may be incorrect. [C:\Users\C28Asher.Speicher\Documents\ece383_code\lab4\Lab4.srcs\sources_1\imports\ece383-lab4\Lab4_cu.vhd:]
WARNING: [filemgmt 56-199] Attempt to get parsing info during refresh. "On-the-fly" syntax checking information may be incorrect. [C:\Users\C28Asher.Speicher\Documents\ece383_code\lab4\Lab4.srcs\sources_1\imports\ece383-lab4\Lab4_cu.vhd:]
WARNING: [filemgmt 56-199] Attempt to get parsing info during refresh. "On-the-fly" syntax checking information may be incorrect. [C:\Users\C28Asher.Speicher\Documents\ece383_code\lab4\Lab4.srcs\sources_1\imports\ece383-lab4\Lab4_dp.vhd:]
WARNING: [filemgmt 56-199] Attempt to get parsing info during refresh. "On-the-fly" syntax checking information may be incorrect. [C:\Users\C28Asher.Speicher\Documents\ece383_code\lab4\Lab4.srcs\sources_1\imports\ece383-lab4\Lab4_cu.vhd:]
WARNING: [filemgmt 56-199] Attempt to get parsing info during refresh. "On-the-fly" syntax checking information may be incorrect. [C:\Users\C28Asher.Speicher\Documents\ece383_code\lab4\Lab4.srcs\sources_1\imports\ece383-lab4\Interpolate.vhd:]
WARNING: [filemgmt 56-199] Attempt to get parsing info during refresh. "On-the-fly" syntax checking information may be incorrect. [C:\Users\C28Asher.Speicher\Documents\ece383_code\lab4\Lab4.srcs\sources_1\imports\ece383-lab4\IndexOffsetReg.vhd:]
WARNING: [filemgmt 56-199] Attempt to get parsing info during refresh. "On-the-fly" syntax checking information may be incorrect. [C:\Users\C28Asher.Speicher\Documents\ece383_code\lab4\Lab4.srcs\sources_1\imports\ece383-lab4\LookupTable.vhd:]
WARNING: [filemgmt 56-199] Attempt to get parsing info during refresh. "On-the-fly" syntax checking information may be incorrect. [C:\Users\C28Asher.Speicher\Documents\ece383_code\lab4\Lab4.srcs\sources_1\imports\ece383-lab4\Lab4.vhd:]
WARNING: [filemgmt 56-199] Attempt to get parsing info during refresh. "On-the-fly" syntax checking information may be incorrect. [C:\Users\C28Asher.Speicher\Documents\ece383_code\lab4\Lab4.srcs\sources_1\imports\ece383-lab4\Lab4.vhd:]
WARNING: [filemgmt 56-199] Attempt to get parsing info during refresh. "On-the-fly" syntax checking information may be incorrect. [C:\Users\C28Asher.Speicher\Documents\ece383_code\lab4\Lab4.srcs\sources_1\imports\ece383-lab4\Lab4.vhd:]
ERROR: [Common 17-180] Spawn failed: No error
WARNING: [filemgmt 56-199] Attempt to get parsing info during refresh. "On-the-fly" syntax checking information may be incorrect. [C:\Users\C28Asher.Speicher\Documents\ece383_code\lab4\Lab4.srcs\sources_1\imports\ece383-lab4\Lab4_dp.vhd:]
WARNING: [filemgmt 56-199] Attempt to get parsing info during refresh. "On-the-fly" syntax checking information may be incorrect. [C:\Users\C28Asher.Speicher\Documents\ece383_code\lab4\Lab4.srcs\sources_1\imports\ece383-lab4\Lab4_cu.vhd:]
WARNING: [filemgmt 56-199] Attempt to get parsing info during refresh. "On-the-fly" syntax checking information may be incorrect. [C:\Users\C28Asher.Speicher\Documents\ece383_code\lab4\Lab4.srcs\sources_1\imports\ece383-lab4\Interpolate.vhd:]
WARNING: [filemgmt 56-199] Attempt to get parsing info during refresh. "On-the-fly" syntax checking information may be incorrect. [C:\Users\C28Asher.Speicher\Documents\ece383_code\lab4\Lab4.srcs\sources_1\imports\ece383-lab4\IndexOffsetReg.vhd:]
WARNING: [filemgmt 56-199] Attempt to get parsing info during refresh. "On-the-fly" syntax checking information may be incorrect. [C:\Users\C28Asher.Speicher\Documents\ece383_code\lab4\Lab4.srcs\sources_1\imports\ece383-lab4\LookupTable.vhd:]
WARNING: [filemgmt 56-199] Attempt to get parsing info during refresh. "On-the-fly" syntax checking information may be incorrect. [C:\Users\C28Asher.Speicher\Documents\ece383_code\lab4\Lab4.srcs\sources_1\imports\ece383-lab4\Lab4.vhd:]
WARNING: [filemgmt 56-199] Attempt to get parsing info during refresh. "On-the-fly" syntax checking information may be incorrect. [C:\Users\C28Asher.Speicher\Documents\ece383_code\lab4\Lab4.srcs\sources_1\imports\ece383-lab4\LookupTable.vhd:]
WARNING: [filemgmt 56-199] Attempt to get parsing info during refresh. "On-the-fly" syntax checking information may be incorrect. [C:\Users\C28Asher.Speicher\Documents\ece383_code\lab4\Lab4.srcs\sources_1\imports\ece383-lab4\LookupTable.vhd:]
ERROR: [Common 17-180] Spawn failed: No error
WARNING: [filemgmt 56-199] Attempt to get parsing info during refresh. "On-the-fly" syntax checking information may be incorrect. [C:\Users\C28Asher.Speicher\Documents\ece383_code\lab4\Lab4.srcs\sources_1\imports\ece383-lab4\Lab4_dp.vhd:]
WARNING: [filemgmt 56-199] Attempt to get parsing info during refresh. "On-the-fly" syntax checking information may be incorrect. [C:\Users\C28Asher.Speicher\Documents\ece383_code\lab4\Lab4.srcs\sources_1\imports\ece383-lab4\Lab4_cu.vhd:]
WARNING: [filemgmt 56-199] Attempt to get parsing info during refresh. "On-the-fly" syntax checking information may be incorrect. [C:\Users\C28Asher.Speicher\Documents\ece383_code\lab4\Lab4.srcs\sources_1\imports\ece383-lab4\Interpolate.vhd:]
WARNING: [filemgmt 56-199] Attempt to get parsing info during refresh. "On-the-fly" syntax checking information may be incorrect. [C:\Users\C28Asher.Speicher\Documents\ece383_code\lab4\Lab4.srcs\sources_1\imports\ece383-lab4\IndexOffsetReg.vhd:]
WARNING: [filemgmt 56-199] Attempt to get parsing info during refresh. "On-the-fly" syntax checking information may be incorrect. [C:\Users\C28Asher.Speicher\Documents\ece383_code\lab4\Lab4.srcs\sources_1\imports\ece383-lab4\LookupTable.vhd:]
WARNING: [filemgmt 56-199] Attempt to get parsing info during refresh. "On-the-fly" syntax checking information may be incorrect. [C:\Users\C28Asher.Speicher\Documents\ece383_code\lab4\Lab4.srcs\sources_1\imports\ece383-lab4\Lab4.vhd:]
WARNING: [filemgmt 56-199] Attempt to get parsing info during refresh. "On-the-fly" syntax checking information may be incorrect. [C:\Users\C28Asher.Speicher\Documents\ece383_code\lab4\Lab4.srcs\sources_1\imports\ece383-lab4\Interpolate.vhd:]
WARNING: [filemgmt 56-199] Attempt to get parsing info during refresh. "On-the-fly" syntax checking information may be incorrect. [C:\Users\C28Asher.Speicher\Documents\ece383_code\lab4\Lab4.srcs\sources_1\imports\ece383-lab4\Interpolate.vhd:]
ERROR: [Common 17-180] Spawn failed: No error
reset_run synth_1
INFO: [Project 1-1161] Replacing file C:/Users/C28Asher.Speicher/Documents/ece383_code/lab4/Lab4.srcs/utils_1/imports/synth_1/Lab4.dcp with file C:/Users/C28Asher.Speicher/Documents/ece383_code/lab4/Lab4.runs/synth_1/Lab4.dcp
WARNING: [filemgmt 56-199] Attempt to get parsing info during refresh. "On-the-fly" syntax checking information may be incorrect. [C:\Users\C28Asher.Speicher\Documents\ece383_code\lab4\Lab4.srcs\sources_1\imports\ece383-lab4\Lab4_dp.vhd:]
WARNING: [filemgmt 56-199] Attempt to get parsing info during refresh. "On-the-fly" syntax checking information may be incorrect. [C:\Users\C28Asher.Speicher\Documents\ece383_code\lab4\Lab4.srcs\sources_1\imports\ece383-lab4\Lab4_cu.vhd:]
WARNING: [filemgmt 56-199] Attempt to get parsing info during refresh. "On-the-fly" syntax checking information may be incorrect. [C:\Users\C28Asher.Speicher\Documents\ece383_code\lab4\Lab4.srcs\sources_1\imports\ece383-lab4\Interpolate.vhd:]
WARNING: [filemgmt 56-199] Attempt to get parsing info during refresh. "On-the-fly" syntax checking information may be incorrect. [C:\Users\C28Asher.Speicher\Documents\ece383_code\lab4\Lab4.srcs\sources_1\imports\ece383-lab4\IndexOffsetReg.vhd:]
WARNING: [filemgmt 56-199] Attempt to get parsing info during refresh. "On-the-fly" syntax checking information may be incorrect. [C:\Users\C28Asher.Speicher\Documents\ece383_code\lab4\Lab4.srcs\sources_1\imports\ece383-lab4\LookupTable.vhd:]
WARNING: [filemgmt 56-199] Attempt to get parsing info during refresh. "On-the-fly" syntax checking information may be incorrect. [C:\Users\C28Asher.Speicher\Documents\ece383_code\lab4\Lab4.srcs\sources_1\imports\ece383-lab4\Lab4.vhd:]
WARNING: [filemgmt 56-199] Attempt to get parsing info during refresh. "On-the-fly" syntax checking information may be incorrect. [C:\Users\C28Asher.Speicher\Documents\ece383_code\lab4\Lab4.srcs\sources_1\imports\ece383-lab4\Lab4_dp.vhd:]
WARNING: [filemgmt 56-199] Attempt to get parsing info during refresh. "On-the-fly" syntax checking information may be incorrect. [C:\Users\C28Asher.Speicher\Documents\ece383_code\lab4\Lab4.srcs\sources_1\imports\ece383-lab4\Lab4_dp.vhd:]
WARNING: [filemgmt 56-199] Attempt to get parsing info during refresh. "On-the-fly" syntax checking information may be incorrect. [C:\Users\C28Asher.Speicher\Documents\ece383_code\lab4\Lab4.srcs\sources_1\imports\ece383-lab4\Lab4_dp.vhd:]
WARNING: [filemgmt 56-199] Attempt to get parsing info during refresh. "On-the-fly" syntax checking information may be incorrect. [C:\Users\C28Asher.Speicher\Documents\ece383_code\lab4\Lab4.srcs\sources_1\imports\ece383-lab4\Lab4_cu.vhd:]
WARNING: [filemgmt 56-199] Attempt to get parsing info during refresh. "On-the-fly" syntax checking information may be incorrect. [C:\Users\C28Asher.Speicher\Documents\ece383_code\lab4\Lab4.srcs\sources_1\imports\ece383-lab4\Interpolate.vhd:]
WARNING: [filemgmt 56-199] Attempt to get parsing info during refresh. "On-the-fly" syntax checking information may be incorrect. [C:\Users\C28Asher.Speicher\Documents\ece383_code\lab4\Lab4.srcs\sources_1\imports\ece383-lab4\IndexOffsetReg.vhd:]
WARNING: [filemgmt 56-199] Attempt to get parsing info during refresh. "On-the-fly" syntax checking information may be incorrect. [C:\Users\C28Asher.Speicher\Documents\ece383_code\lab4\Lab4.srcs\sources_1\imports\ece383-lab4\LookupTable.vhd:]
WARNING: [filemgmt 56-199] Attempt to get parsing info during refresh. "On-the-fly" syntax checking information may be incorrect. [C:\Users\C28Asher.Speicher\Documents\ece383_code\lab4\Lab4.srcs\sources_1\imports\ece383-lab4\Lab4.vhd:]
WARNING: [filemgmt 56-199] Attempt to get parsing info during refresh. "On-the-fly" syntax checking information may be incorrect. [C:\Users\C28Asher.Speicher\Documents\ece383_code\lab4\Lab4.srcs\sources_1\imports\ece383-lab4\Lab4_cu.vhd:]
WARNING: [filemgmt 56-199] Attempt to get parsing info during refresh. "On-the-fly" syntax checking information may be incorrect. [C:\Users\C28Asher.Speicher\Documents\ece383_code\lab4\Lab4.srcs\sources_1\imports\ece383-lab4\Lab4_cu.vhd:]
WARNING: [filemgmt 56-199] Attempt to get parsing info during refresh. "On-the-fly" syntax checking information may be incorrect. [C:\Users\C28Asher.Speicher\Documents\ece383_code\lab4\Lab4.srcs\sources_1\imports\ece383-lab4\Lab4_dp.vhd:]
WARNING: [filemgmt 56-199] Attempt to get parsing info during refresh. "On-the-fly" syntax checking information may be incorrect. [C:\Users\C28Asher.Speicher\Documents\ece383_code\lab4\Lab4.srcs\sources_1\imports\ece383-lab4\Lab4_cu.vhd:]
WARNING: [filemgmt 56-199] Attempt to get parsing info during refresh. "On-the-fly" syntax checking information may be incorrect. [C:\Users\C28Asher.Speicher\Documents\ece383_code\lab4\Lab4.srcs\sources_1\imports\ece383-lab4\Interpolate.vhd:]
WARNING: [filemgmt 56-199] Attempt to get parsing info during refresh. "On-the-fly" syntax checking information may be incorrect. [C:\Users\C28Asher.Speicher\Documents\ece383_code\lab4\Lab4.srcs\sources_1\imports\ece383-lab4\IndexOffsetReg.vhd:]
WARNING: [filemgmt 56-199] Attempt to get parsing info during refresh. "On-the-fly" syntax checking information may be incorrect. [C:\Users\C28Asher.Speicher\Documents\ece383_code\lab4\Lab4.srcs\sources_1\imports\ece383-lab4\LookupTable.vhd:]
WARNING: [filemgmt 56-199] Attempt to get parsing info during refresh. "On-the-fly" syntax checking information may be incorrect. [C:\Users\C28Asher.Speicher\Documents\ece383_code\lab4\Lab4.srcs\sources_1\imports\ece383-lab4\Lab4.vhd:]
WARNING: [filemgmt 56-199] Attempt to get parsing info during refresh. "On-the-fly" syntax checking information may be incorrect. [C:\Users\C28Asher.Speicher\Documents\ece383_code\lab4\Lab4.srcs\sources_1\imports\ece383-lab4\LookupTable.vhd:]
WARNING: [filemgmt 56-199] Attempt to get parsing info during refresh. "On-the-fly" syntax checking information may be incorrect. [C:\Users\C28Asher.Speicher\Documents\ece383_code\lab4\Lab4.srcs\sources_1\imports\ece383-lab4\LookupTable.vhd:]
WARNING: [filemgmt 56-199] Attempt to get parsing info during refresh. "On-the-fly" syntax checking information may be incorrect. [C:\Users\C28Asher.Speicher\Documents\ece383_code\lab4\Lab4.srcs\sources_1\imports\ece383-lab4\Lab4_dp.vhd:]
WARNING: [filemgmt 56-199] Attempt to get parsing info during refresh. "On-the-fly" syntax checking information may be incorrect. [C:\Users\C28Asher.Speicher\Documents\ece383_code\lab4\Lab4.srcs\sources_1\imports\ece383-lab4\Lab4_cu.vhd:]
WARNING: [filemgmt 56-199] Attempt to get parsing info during refresh. "On-the-fly" syntax checking information may be incorrect. [C:\Users\C28Asher.Speicher\Documents\ece383_code\lab4\Lab4.srcs\sources_1\imports\ece383-lab4\Interpolate.vhd:]
WARNING: [filemgmt 56-199] Attempt to get parsing info during refresh. "On-the-fly" syntax checking information may be incorrect. [C:\Users\C28Asher.Speicher\Documents\ece383_code\lab4\Lab4.srcs\sources_1\imports\ece383-lab4\IndexOffsetReg.vhd:]
WARNING: [filemgmt 56-199] Attempt to get parsing info during refresh. "On-the-fly" syntax checking information may be incorrect. [C:\Users\C28Asher.Speicher\Documents\ece383_code\lab4\Lab4.srcs\sources_1\imports\ece383-lab4\LookupTable.vhd:]
WARNING: [filemgmt 56-199] Attempt to get parsing info during refresh. "On-the-fly" syntax checking information may be incorrect. [C:\Users\C28Asher.Speicher\Documents\ece383_code\lab4\Lab4.srcs\sources_1\imports\ece383-lab4\Lab4.vhd:]
WARNING: [filemgmt 56-199] Attempt to get parsing info during refresh. "On-the-fly" syntax checking information may be incorrect. [C:\Users\C28Asher.Speicher\Documents\ece383_code\lab4\Lab4.srcs\sources_1\imports\ece383-lab4\Lab4.vhd:]
WARNING: [filemgmt 56-199] Attempt to get parsing info during refresh. "On-the-fly" syntax checking information may be incorrect. [C:\Users\C28Asher.Speicher\Documents\ece383_code\lab4\Lab4.srcs\sources_1\imports\ece383-lab4\Lab4.vhd:]
WARNING: [filemgmt 56-199] Attempt to get parsing info during refresh. "On-the-fly" syntax checking information may be incorrect. [C:\Users\C28Asher.Speicher\Documents\ece383_code\lab4\Lab4.srcs\sources_1\imports\ece383-lab4\Lab4_dp.vhd:]
WARNING: [filemgmt 56-199] Attempt to get parsing info during refresh. "On-the-fly" syntax checking information may be incorrect. [C:\Users\C28Asher.Speicher\Documents\ece383_code\lab4\Lab4.srcs\sources_1\imports\ece383-lab4\Lab4_cu.vhd:]
WARNING: [filemgmt 56-199] Attempt to get parsing info during refresh. "On-the-fly" syntax checking information may be incorrect. [C:\Users\C28Asher.Speicher\Documents\ece383_code\lab4\Lab4.srcs\sources_1\imports\ece383-lab4\Interpolate.vhd:]
WARNING: [filemgmt 56-199] Attempt to get parsing info during refresh. "On-the-fly" syntax checking information may be incorrect. [C:\Users\C28Asher.Speicher\Documents\ece383_code\lab4\Lab4.srcs\sources_1\imports\ece383-lab4\IndexOffsetReg.vhd:]
WARNING: [filemgmt 56-199] Attempt to get parsing info during refresh. "On-the-fly" syntax checking information may be incorrect. [C:\Users\C28Asher.Speicher\Documents\ece383_code\lab4\Lab4.srcs\sources_1\imports\ece383-lab4\LookupTable.vhd:]
WARNING: [filemgmt 56-199] Attempt to get parsing info during refresh. "On-the-fly" syntax checking information may be incorrect. [C:\Users\C28Asher.Speicher\Documents\ece383_code\lab4\Lab4.srcs\sources_1\imports\ece383-lab4\Lab4.vhd:]
WARNING: [filemgmt 56-199] Attempt to get parsing info during refresh. "On-the-fly" syntax checking information may be incorrect. [C:\Users\C28Asher.Speicher\Documents\ece383_code\lab4\Lab4.srcs\sources_1\imports\ece383-lab4\Interpolate.vhd:]
WARNING: [filemgmt 56-199] Attempt to get parsing info during refresh. "On-the-fly" syntax checking information may be incorrect. [C:\Users\C28Asher.Speicher\Documents\ece383_code\lab4\Lab4.srcs\sources_1\imports\ece383-lab4\Interpolate.vhd:]
launch_runs impl_1 -to_step write_bitstream -jobs 16
[Fri Apr  3 09:03:11 2026] Launched synth_1...
Run output will be captured here: C:/Users/C28Asher.Speicher/Documents/ece383_code/lab4/Lab4.runs/synth_1/runme.log
[Fri Apr  3 09:03:11 2026] Launched impl_1...
Run output will be captured here: C:/Users/C28Asher.Speicher/Documents/ece383_code/lab4/Lab4.runs/impl_1/runme.log
WARNING: [filemgmt 56-199] Attempt to get parsing info during refresh. "On-the-fly" syntax checking information may be incorrect. [C:\Users\C28Asher.Speicher\Documents\ece383_code\lab4\Lab4.srcs\sources_1\imports\ece383-lab4\Lab4_dp.vhd:]
WARNING: [filemgmt 56-199] Attempt to get parsing info during refresh. "On-the-fly" syntax checking information may be incorrect. [C:\Users\C28Asher.Speicher\Documents\ece383_code\lab4\Lab4.srcs\sources_1\imports\ece383-lab4\Lab4_cu.vhd:]
WARNING: [filemgmt 56-199] Attempt to get parsing info during refresh. "On-the-fly" syntax checking information may be incorrect. [C:\Users\C28Asher.Speicher\Documents\ece383_code\lab4\Lab4.srcs\sources_1\imports\ece383-lab4\Interpolate.vhd:]
WARNING: [filemgmt 56-199] Attempt to get parsing info during refresh. "On-the-fly" syntax checking information may be incorrect. [C:\Users\C28Asher.Speicher\Documents\ece383_code\lab4\Lab4.srcs\sources_1\imports\ece383-lab4\IndexOffsetReg.vhd:]
WARNING: [filemgmt 56-199] Attempt to get parsing info during refresh. "On-the-fly" syntax checking information may be incorrect. [C:\Users\C28Asher.Speicher\Documents\ece383_code\lab4\Lab4.srcs\sources_1\imports\ece383-lab4\LookupTable.vhd:]
WARNING: [filemgmt 56-199] Attempt to get parsing info during refresh. "On-the-fly" syntax checking information may be incorrect. [C:\Users\C28Asher.Speicher\Documents\ece383_code\lab4\Lab4.srcs\sources_1\imports\ece383-lab4\Lab4.vhd:]
WARNING: [filemgmt 56-199] Attempt to get parsing info during refresh. "On-the-fly" syntax checking information may be incorrect. [C:\Users\C28Asher.Speicher\Documents\ece383_code\lab4\Lab4.srcs\sources_1\imports\ece383-lab4\Lab4_dp.vhd:]
WARNING: [filemgmt 56-199] Attempt to get parsing info during refresh. "On-the-fly" syntax checking information may be incorrect. [C:\Users\C28Asher.Speicher\Documents\ece383_code\lab4\Lab4.srcs\sources_1\imports\ece383-lab4\Lab4_dp.vhd:]
WARNING: [filemgmt 56-199] Attempt to get parsing info during refresh. "On-the-fly" syntax checking information may be incorrect. [C:\Users\C28Asher.Speicher\Documents\ece383_code\lab4\Lab4.srcs\sources_1\imports\ece383-lab4\Lab4_dp.vhd:]
WARNING: [filemgmt 56-199] Attempt to get parsing info during refresh. "On-the-fly" syntax checking information may be incorrect. [C:\Users\C28Asher.Speicher\Documents\ece383_code\lab4\Lab4.srcs\sources_1\imports\ece383-lab4\Lab4_cu.vhd:]
WARNING: [filemgmt 56-199] Attempt to get parsing info during refresh. "On-the-fly" syntax checking information may be incorrect. [C:\Users\C28Asher.Speicher\Documents\ece383_code\lab4\Lab4.srcs\sources_1\imports\ece383-lab4\Interpolate.vhd:]
WARNING: [filemgmt 56-199] Attempt to get parsing info during refresh. "On-the-fly" syntax checking information may be incorrect. [C:\Users\C28Asher.Speicher\Documents\ece383_code\lab4\Lab4.srcs\sources_1\imports\ece383-lab4\IndexOffsetReg.vhd:]
WARNING: [filemgmt 56-199] Attempt to get parsing info during refresh. "On-the-fly" syntax checking information may be incorrect. [C:\Users\C28Asher.Speicher\Documents\ece383_code\lab4\Lab4.srcs\sources_1\imports\ece383-lab4\LookupTable.vhd:]
WARNING: [filemgmt 56-199] Attempt to get parsing info during refresh. "On-the-fly" syntax checking information may be incorrect. [C:\Users\C28Asher.Speicher\Documents\ece383_code\lab4\Lab4.srcs\sources_1\imports\ece383-lab4\Lab4.vhd:]
WARNING: [filemgmt 56-199] Attempt to get parsing info during refresh. "On-the-fly" syntax checking information may be incorrect. [C:\Users\C28Asher.Speicher\Documents\ece383_code\lab4\Lab4.srcs\sources_1\imports\ece383-lab4\Lab4_cu.vhd:]
WARNING: [filemgmt 56-199] Attempt to get parsing info during refresh. "On-the-fly" syntax checking information may be incorrect. [C:\Users\C28Asher.Speicher\Documents\ece383_code\lab4\Lab4.srcs\sources_1\imports\ece383-lab4\Lab4_cu.vhd:]
WARNING: [filemgmt 56-199] Attempt to get parsing info during refresh. "On-the-fly" syntax checking information may be incorrect. [C:\Users\C28Asher.Speicher\Documents\ece383_code\lab4\Lab4.srcs\sources_1\imports\ece383-lab4\Lab4_dp.vhd:]
WARNING: [filemgmt 56-199] Attempt to get parsing info during refresh. "On-the-fly" syntax checking information may be incorrect. [C:\Users\C28Asher.Speicher\Documents\ece383_code\lab4\Lab4.srcs\sources_1\imports\ece383-lab4\Lab4_cu.vhd:]
WARNING: [filemgmt 56-199] Attempt to get parsing info during refresh. "On-the-fly" syntax checking information may be incorrect. [C:\Users\C28Asher.Speicher\Documents\ece383_code\lab4\Lab4.srcs\sources_1\imports\ece383-lab4\Interpolate.vhd:]
WARNING: [filemgmt 56-199] Attempt to get parsing info during refresh. "On-the-fly" syntax checking information may be incorrect. [C:\Users\C28Asher.Speicher\Documents\ece383_code\lab4\Lab4.srcs\sources_1\imports\ece383-lab4\IndexOffsetReg.vhd:]
WARNING: [filemgmt 56-199] Attempt to get parsing info during refresh. "On-the-fly" syntax checking information may be incorrect. [C:\Users\C28Asher.Speicher\Documents\ece383_code\lab4\Lab4.srcs\sources_1\imports\ece383-lab4\LookupTable.vhd:]
WARNING: [filemgmt 56-199] Attempt to get parsing info during refresh. "On-the-fly" syntax checking information may be incorrect. [C:\Users\C28Asher.Speicher\Documents\ece383_code\lab4\Lab4.srcs\sources_1\imports\ece383-lab4\Lab4.vhd:]
WARNING: [filemgmt 56-199] Attempt to get parsing info during refresh. "On-the-fly" syntax checking information may be incorrect. [C:\Users\C28Asher.Speicher\Documents\ece383_code\lab4\Lab4.srcs\sources_1\imports\ece383-lab4\Lab4.vhd:]
WARNING: [filemgmt 56-199] Attempt to get parsing info during refresh. "On-the-fly" syntax checking information may be incorrect. [C:\Users\C28Asher.Speicher\Documents\ece383_code\lab4\Lab4.srcs\sources_1\imports\ece383-lab4\Lab4.vhd:]
ERROR: [Common 17-180] Spawn failed: No error
ERROR: [Common 17-180] Spawn failed: No error
WARNING: [filemgmt 56-199] Attempt to get parsing info during refresh. "On-the-fly" syntax checking information may be incorrect. [C:\Users\C28Asher.Speicher\Documents\ece383_code\lab4\Lab4.srcs\sources_1\imports\ece383-lab4\Lab4_dp.vhd:]
WARNING: [filemgmt 56-199] Attempt to get parsing info during refresh. "On-the-fly" syntax checking information may be incorrect. [C:\Users\C28Asher.Speicher\Documents\ece383_code\lab4\Lab4.srcs\sources_1\imports\ece383-lab4\Lab4_cu.vhd:]
WARNING: [filemgmt 56-199] Attempt to get parsing info during refresh. "On-the-fly" syntax checking information may be incorrect. [C:\Users\C28Asher.Speicher\Documents\ece383_code\lab4\Lab4.srcs\sources_1\imports\ece383-lab4\Interpolate.vhd:]
WARNING: [filemgmt 56-199] Attempt to get parsing info during refresh. "On-the-fly" syntax checking information may be incorrect. [C:\Users\C28Asher.Speicher\Documents\ece383_code\lab4\Lab4.srcs\sources_1\imports\ece383-lab4\IndexOffsetReg.vhd:]
WARNING: [filemgmt 56-199] Attempt to get parsing info during refresh. "On-the-fly" syntax checking information may be incorrect. [C:\Users\C28Asher.Speicher\Documents\ece383_code\lab4\Lab4.srcs\sources_1\imports\ece383-lab4\LookupTable.vhd:]
WARNING: [filemgmt 56-199] Attempt to get parsing info during refresh. "On-the-fly" syntax checking information may be incorrect. [C:\Users\C28Asher.Speicher\Documents\ece383_code\lab4\Lab4.srcs\sources_1\imports\ece383-lab4\Lab4.vhd:]
WARNING: [filemgmt 56-199] Attempt to get parsing info during refresh. "On-the-fly" syntax checking information may be incorrect. [C:\Users\C28Asher.Speicher\Documents\ece383_code\lab4\Lab4.srcs\sources_1\imports\ece383-lab4\Interpolate.vhd:]
WARNING: [filemgmt 56-199] Attempt to get parsing info during refresh. "On-the-fly" syntax checking information may be incorrect. [C:\Users\C28Asher.Speicher\Documents\ece383_code\lab4\Lab4.srcs\sources_1\imports\ece383-lab4\Interpolate.vhd:]
WARNING: [filemgmt 56-199] Attempt to get parsing info during refresh. "On-the-fly" syntax checking information may be incorrect. [C:\Users\C28Asher.Speicher\Documents\ece383_code\lab4\Lab4.srcs\sources_1\imports\ece383-lab4\Lab4_dp.vhd:]
WARNING: [filemgmt 56-199] Attempt to get parsing info during refresh. "On-the-fly" syntax checking information may be incorrect. [C:\Users\C28Asher.Speicher\Documents\ece383_code\lab4\Lab4.srcs\sources_1\imports\ece383-lab4\Lab4_cu.vhd:]
WARNING: [filemgmt 56-199] Attempt to get parsing info during refresh. "On-the-fly" syntax checking information may be incorrect. [C:\Users\C28Asher.Speicher\Documents\ece383_code\lab4\Lab4.srcs\sources_1\imports\ece383-lab4\Interpolate.vhd:]
WARNING: [filemgmt 56-199] Attempt to get parsing info during refresh. "On-the-fly" syntax checking information may be incorrect. [C:\Users\C28Asher.Speicher\Documents\ece383_code\lab4\Lab4.srcs\sources_1\imports\ece383-lab4\IndexOffsetReg.vhd:]
WARNING: [filemgmt 56-199] Attempt to get parsing info during refresh. "On-the-fly" syntax checking information may be incorrect. [C:\Users\C28Asher.Speicher\Documents\ece383_code\lab4\Lab4.srcs\sources_1\imports\ece383-lab4\LookupTable.vhd:]
WARNING: [filemgmt 56-199] Attempt to get parsing info during refresh. "On-the-fly" syntax checking information may be incorrect. [C:\Users\C28Asher.Speicher\Documents\ece383_code\lab4\Lab4.srcs\sources_1\imports\ece383-lab4\Lab4.vhd:]
WARNING: [filemgmt 56-199] Attempt to get parsing info during refresh. "On-the-fly" syntax checking information may be incorrect. [C:\Users\C28Asher.Speicher\Documents\ece383_code\lab4\Lab4.srcs\sources_1\imports\ece383-lab4\LookupTable.vhd:]
WARNING: [filemgmt 56-199] Attempt to get parsing info during refresh. "On-the-fly" syntax checking information may be incorrect. [C:\Users\C28Asher.Speicher\Documents\ece383_code\lab4\Lab4.srcs\sources_1\imports\ece383-lab4\LookupTable.vhd:]
ERROR: [Common 17-180] Spawn failed: No error
reset_run synth_1
launch_runs synth_1 -jobs 16
[Fri Apr  3 10:09:36 2026] Launched synth_1...
Run output will be captured here: C:/Users/C28Asher.Speicher/Documents/ece383_code/lab4/Lab4.runs/synth_1/runme.log
launch_runs impl_1 -to_step write_bitstream -jobs 16
[Fri Apr  3 10:12:08 2026] Launched impl_1...
Run output will be captured here: C:/Users/C28Asher.Speicher/Documents/ece383_code/lab4/Lab4.runs/impl_1/runme.log
open_hw_manager
connect_hw_server -allow_non_jtag
INFO: [Labtools 27-2285] Connecting to hw_server url TCP:localhost:3121
INFO: [Labtools 27-2222] Launching hw_server...
INFO: [Labtools 27-2221] Launch Output:

****** Xilinx hw_server v2024.2
  **** Build date : Oct 29 2024 at 10:25:41
    ** Copyright 1986-2022 Xilinx, Inc. All Rights Reserved.


INFO: [Labtools 27-3415] Connecting to cs_server url TCP:localhost:0
INFO: [Labtools 27-3417] Launching cs_server...
INFO: [Labtools 27-2221] Launch Output:


******** Xilinx cs_server v2024.2.0
  ****** Build date   : Oct 30 2024-12:19:07
    **** Build number : 2024.2.1730312347
      ** Copyright 2017-2022 Xilinx, Inc. All Rights Reserved.
      ** Copyright 2022-2026 Advanced Micro Devices, Inc. All Rights Reserved.



connect_hw_server: Time (s): cpu = 00:00:01 ; elapsed = 00:00:14 . Memory (MB): peak = 1182.035 ; gain = 7.930
open_hw_target
INFO: [Labtoolstcl 44-466] Opening hw_target localhost:3121/xilinx_tcf/Digilent/210276B7D0EDB
set_property PROGRAM.FILE {C:/Users/C28Asher.Speicher/Documents/ece383_code/lab4/Lab4.runs/impl_1/Lab4.bit} [get_hw_devices xc7a200t_0]
current_hw_device [get_hw_devices xc7a200t_0]
refresh_hw_device -update_hw_probes false [lindex [get_hw_devices xc7a200t_0] 0]
INFO: [Labtools 27-1434] Device xc7a200t (JTAG device index = 0) is programmed with a design that has no supported debug core(s) in it.
set_property PROBES.FILE {} [get_hw_devices xc7a200t_0]
set_property FULL_PROBES.FILE {} [get_hw_devices xc7a200t_0]
set_property PROGRAM.FILE {C:/Users/C28Asher.Speicher/Documents/ece383_code/lab4/Lab4.runs/impl_1/Lab4.bit} [get_hw_devices xc7a200t_0]
program_hw_devices [get_hw_devices xc7a200t_0]
INFO: [Labtools 27-3164] End of startup status: HIGH
program_hw_devices: Time (s): cpu = 00:00:05 ; elapsed = 00:00:06 . Memory (MB): peak = 1244.406 ; gain = 0.000
refresh_hw_device [lindex [get_hw_devices xc7a200t_0] 0]
INFO: [Labtools 27-1434] Device xc7a200t (JTAG device index = 0) is programmed with a design that has no supported debug core(s) in it.
ERROR: [Labtoolstcl 44-513] HW Target shutdown. Closing target: localhost:3121/xilinx_tcf/Digilent/210276B7D0EDB
INFO: [Labtoolstcl 44-466] Opening hw_target localhost:3121/xilinx_tcf/Digilent/210276B7D0EDB
INFO: [Labtools 27-1434] Device xc7a200t (JTAG device index = 0) is programmed with a design that has no supported debug core(s) in it.
WARNING: [Labtoolstcl 44-129] No matching hw_ila_data was found.
set_property PROBES.FILE {} [get_hw_devices xc7a200t_0]
set_property FULL_PROBES.FILE {} [get_hw_devices xc7a200t_0]
set_property PROGRAM.FILE {C:/Users/C28Asher.Speicher/Documents/ece383_code/lab4/Lab4.runs/impl_1/Lab4.bit} [get_hw_devices xc7a200t_0]
program_hw_devices [get_hw_devices xc7a200t_0]
INFO: [Labtools 27-3164] End of startup status: HIGH
program_hw_devices: Time (s): cpu = 00:00:03 ; elapsed = 00:00:06 . Memory (MB): peak = 1356.773 ; gain = 0.000
refresh_hw_device [lindex [get_hw_devices xc7a200t_0] 0]
INFO: [Labtools 27-1434] Device xc7a200t (JTAG device index = 0) is programmed with a design that has no supported debug core(s) in it.
ERROR: [Labtoolstcl 44-513] HW Target shutdown. Closing target: localhost:3121/xilinx_tcf/Digilent/210276B7D0EDB
INFO: [Labtoolstcl 44-466] Opening hw_target localhost:3121/xilinx_tcf/Digilent/210276B7D0EDB
INFO: [Labtools 27-1434] Device xc7a200t (JTAG device index = 0) is programmed with a design that has no supported debug core(s) in it.
WARNING: [Labtoolstcl 44-129] No matching hw_ila_data was found.
set_property PROBES.FILE {} [get_hw_devices xc7a200t_0]
set_property FULL_PROBES.FILE {} [get_hw_devices xc7a200t_0]
set_property PROGRAM.FILE {C:/Users/C28Asher.Speicher/Documents/ece383_code/lab4/Lab4.runs/impl_1/Lab4.bit} [get_hw_devices xc7a200t_0]
program_hw_devices [get_hw_devices xc7a200t_0]
INFO: [Labtools 27-3164] End of startup status: HIGH
program_hw_devices: Time (s): cpu = 00:00:04 ; elapsed = 00:00:06 . Memory (MB): peak = 1356.773 ; gain = 0.000
refresh_hw_device [lindex [get_hw_devices xc7a200t_0] 0]
INFO: [Labtools 27-1434] Device xc7a200t (JTAG device index = 0) is programmed with a design that has no supported debug core(s) in it.
ERROR: [Labtoolstcl 44-513] HW Target shutdown. Closing target: localhost:3121/xilinx_tcf/Digilent/210276B7D0EDB
open_project C:/Users/C28Asher.Speicher/Documents/ece383_code/lab3/Lab3.xpr
Scanning sources...
Finished scanning sources
WARNING: [filemgmt 56-199] Attempt to get parsing info during refresh. "On-the-fly" syntax checking information may be incorrect. [C:\Users\C28Asher.Speicher\Documents\ece383_code\lab4\Lab4.srcs\sources_1\imports\lab2_code_for_cadets\Audio_Codec_Wrapper.vhd:]
WARNING: [filemgmt 56-199] Attempt to get parsing info during refresh. "On-the-fly" syntax checking information may be incorrect. [C:\Users\C28Asher.Speicher\Documents\ece383_code\lab4\Lab4.srcs\sources_1\imports\ece383-lab4\Lab4_dp.vhd:]
WARNING: [filemgmt 56-199] Attempt to get parsing info during refresh. "On-the-fly" syntax checking information may be incorrect. [C:\Users\C28Asher.Speicher\Documents\ece383_code\lab4\Lab4.srcs\sources_1\imports\ece383-lab4\Lab4_cu.vhd:]
WARNING: [filemgmt 56-199] Attempt to get parsing info during refresh. "On-the-fly" syntax checking information may be incorrect. [C:\Users\C28Asher.Speicher\Documents\ece383_code\lab4\Lab4.srcs\sources_1\imports\ece383-lab4\Interpolate.vhd:]
WARNING: [filemgmt 56-199] Attempt to get parsing info during refresh. "On-the-fly" syntax checking information may be incorrect. [C:\Users\C28Asher.Speicher\Documents\ece383_code\lab4\Lab4.srcs\sources_1\imports\ece383-lab4\IndexOffsetReg.vhd:]
WARNING: [filemgmt 56-199] Attempt to get parsing info during refresh. "On-the-fly" syntax checking information may be incorrect. [C:\Users\C28Asher.Speicher\Documents\ece383_code\lab4\Lab4.srcs\sources_1\imports\ece383-lab4\LookupTable.vhd:]
WARNING: [filemgmt 56-199] Attempt to get parsing info during refresh. "On-the-fly" syntax checking information may be incorrect. [C:\Users\C28Asher.Speicher\Documents\ece383_code\lab4\Lab4.srcs\sources_1\imports\ece383-lab4\Lab4.vhd:]
WARNING: [filemgmt 56-199] Attempt to get parsing info during refresh. "On-the-fly" syntax checking information may be incorrect. [C:\Users\C28Asher.Speicher\Documents\ece383_code\lab4\Lab4.srcs\sources_1\imports\ece383-lab4\Amplify.vhd:]
WARNING: [filemgmt 56-199] Attempt to get parsing info during refresh. "On-the-fly" syntax checking information may be incorrect. [C:\Users\C28Asher.Speicher\Documents\ece383_code\lab4\Lab4.srcs\sources_1\imports\ece383-lab4\Lab4_dp.vhd:]
WARNING: [filemgmt 56-199] Attempt to get parsing info during refresh. "On-the-fly" syntax checking information may be incorrect. [C:\Users\C28Asher.Speicher\Documents\ece383_code\lab4\Lab4.srcs\sources_1\imports\ece383-lab4\Lab4_dp.vhd:]
WARNING: [filemgmt 56-199] Attempt to get parsing info during refresh. "On-the-fly" syntax checking information may be incorrect. [C:\Users\C28Asher.Speicher\Documents\ece383_code\lab4\Lab4.srcs\sources_1\imports\lab2_code_for_cadets\Audio_Codec_Wrapper.vhd:]
WARNING: [filemgmt 56-199] Attempt to get parsing info during refresh. "On-the-fly" syntax checking information may be incorrect. [C:\Users\C28Asher.Speicher\Documents\ece383_code\lab4\Lab4.srcs\sources_1\imports\ece383-lab4\Lab4_dp.vhd:]
WARNING: [filemgmt 56-199] Attempt to get parsing info during refresh. "On-the-fly" syntax checking information may be incorrect. [C:\Users\C28Asher.Speicher\Documents\ece383_code\lab4\Lab4.srcs\sources_1\imports\ece383-lab4\Lab4_cu.vhd:]
WARNING: [filemgmt 56-199] Attempt to get parsing info during refresh. "On-the-fly" syntax checking information may be incorrect. [C:\Users\C28Asher.Speicher\Documents\ece383_code\lab4\Lab4.srcs\sources_1\imports\ece383-lab4\Interpolate.vhd:]
WARNING: [filemgmt 56-199] Attempt to get parsing info during refresh. "On-the-fly" syntax checking information may be incorrect. [C:\Users\C28Asher.Speicher\Documents\ece383_code\lab4\Lab4.srcs\sources_1\imports\ece383-lab4\IndexOffsetReg.vhd:]
WARNING: [filemgmt 56-199] Attempt to get parsing info during refresh. "On-the-fly" syntax checking information may be incorrect. [C:\Users\C28Asher.Speicher\Documents\ece383_code\lab4\Lab4.srcs\sources_1\imports\ece383-lab4\LookupTable.vhd:]
WARNING: [filemgmt 56-199] Attempt to get parsing info during refresh. "On-the-fly" syntax checking information may be incorrect. [C:\Users\C28Asher.Speicher\Documents\ece383_code\lab4\Lab4.srcs\sources_1\imports\ece383-lab4\Lab4.vhd:]
WARNING: [filemgmt 56-199] Attempt to get parsing info during refresh. "On-the-fly" syntax checking information may be incorrect. [C:\Users\C28Asher.Speicher\Documents\ece383_code\lab4\Lab4.srcs\sources_1\imports\ece383-lab4\Amplify.vhd:]
WARNING: [filemgmt 56-199] Attempt to get parsing info during refresh. "On-the-fly" syntax checking information may be incorrect. [C:\Users\C28Asher.Speicher\Documents\ece383_code\lab4\Lab4.srcs\sources_1\imports\ece383-lab4\Lab4_cu.vhd:]
WARNING: [filemgmt 56-199] Attempt to get parsing info during refresh. "On-the-fly" syntax checking information may be incorrect. [C:\Users\C28Asher.Speicher\Documents\ece383_code\lab4\Lab4.srcs\sources_1\imports\ece383-lab4\Lab4_cu.vhd:]
WARNING: [filemgmt 56-199] Attempt to get parsing info during refresh. "On-the-fly" syntax checking information may be incorrect. [C:\Users\C28Asher.Speicher\Documents\ece383_code\lab4\Lab4.srcs\sources_1\imports\lab2_code_for_cadets\Audio_Codec_Wrapper.vhd:]
WARNING: [filemgmt 56-199] Attempt to get parsing info during refresh. "On-the-fly" syntax checking information may be incorrect. [C:\Users\C28Asher.Speicher\Documents\ece383_code\lab4\Lab4.srcs\sources_1\imports\ece383-lab4\Lab4_dp.vhd:]
WARNING: [filemgmt 56-199] Attempt to get parsing info during refresh. "On-the-fly" syntax checking information may be incorrect. [C:\Users\C28Asher.Speicher\Documents\ece383_code\lab4\Lab4.srcs\sources_1\imports\ece383-lab4\Lab4_cu.vhd:]
WARNING: [filemgmt 56-199] Attempt to get parsing info during refresh. "On-the-fly" syntax checking information may be incorrect. [C:\Users\C28Asher.Speicher\Documents\ece383_code\lab4\Lab4.srcs\sources_1\imports\ece383-lab4\Interpolate.vhd:]
WARNING: [filemgmt 56-199] Attempt to get parsing info during refresh. "On-the-fly" syntax checking information may be incorrect. [C:\Users\C28Asher.Speicher\Documents\ece383_code\lab4\Lab4.srcs\sources_1\imports\ece383-lab4\IndexOffsetReg.vhd:]
WARNING: [filemgmt 56-199] Attempt to get parsing info during refresh. "On-the-fly" syntax checking information may be incorrect. [C:\Users\C28Asher.Speicher\Documents\ece383_code\lab4\Lab4.srcs\sources_1\imports\ece383-lab4\LookupTable.vhd:]
WARNING: [filemgmt 56-199] Attempt to get parsing info during refresh. "On-the-fly" syntax checking information may be incorrect. [C:\Users\C28Asher.Speicher\Documents\ece383_code\lab4\Lab4.srcs\sources_1\imports\ece383-lab4\Lab4.vhd:]
WARNING: [filemgmt 56-199] Attempt to get parsing info during refresh. "On-the-fly" syntax checking information may be incorrect. [C:\Users\C28Asher.Speicher\Documents\ece383_code\lab4\Lab4.srcs\sources_1\imports\ece383-lab4\Amplify.vhd:]
WARNING: [filemgmt 56-199] Attempt to get parsing info during refresh. "On-the-fly" syntax checking information may be incorrect. [C:\Users\C28Asher.Speicher\Documents\ece383_code\lab4\Lab4.srcs\sources_1\imports\ece383-lab4\Lab4.vhd:]
WARNING: [filemgmt 56-199] Attempt to get parsing info during refresh. "On-the-fly" syntax checking information may be incorrect. [C:\Users\C28Asher.Speicher\Documents\ece383_code\lab4\Lab4.srcs\sources_1\imports\ece383-lab4\Lab4.vhd:]
WARNING: [filemgmt 56-199] Attempt to get parsing info during refresh. "On-the-fly" syntax checking information may be incorrect. [C:\Users\C28Asher.Speicher\Documents\ece383_code\lab4\Lab4.srcs\sources_1\imports\lab2_code_for_cadets\Audio_Codec_Wrapper.vhd:]
WARNING: [filemgmt 56-199] Attempt to get parsing info during refresh. "On-the-fly" syntax checking information may be incorrect. [C:\Users\C28Asher.Speicher\Documents\ece383_code\lab4\Lab4.srcs\sources_1\imports\ece383-lab4\Lab4_dp.vhd:]
WARNING: [filemgmt 56-199] Attempt to get parsing info during refresh. "On-the-fly" syntax checking information may be incorrect. [C:\Users\C28Asher.Speicher\Documents\ece383_code\lab4\Lab4.srcs\sources_1\imports\ece383-lab4\Lab4_cu.vhd:]
WARNING: [filemgmt 56-199] Attempt to get parsing info during refresh. "On-the-fly" syntax checking information may be incorrect. [C:\Users\C28Asher.Speicher\Documents\ece383_code\lab4\Lab4.srcs\sources_1\imports\ece383-lab4\Interpolate.vhd:]
WARNING: [filemgmt 56-199] Attempt to get parsing info during refresh. "On-the-fly" syntax checking information may be incorrect. [C:\Users\C28Asher.Speicher\Documents\ece383_code\lab4\Lab4.srcs\sources_1\imports\ece383-lab4\IndexOffsetReg.vhd:]
WARNING: [filemgmt 56-199] Attempt to get parsing info during refresh. "On-the-fly" syntax checking information may be incorrect. [C:\Users\C28Asher.Speicher\Documents\ece383_code\lab4\Lab4.srcs\sources_1\imports\ece383-lab4\LookupTable.vhd:]
WARNING: [filemgmt 56-199] Attempt to get parsing info during refresh. "On-the-fly" syntax checking information may be incorrect. [C:\Users\C28Asher.Speicher\Documents\ece383_code\lab4\Lab4.srcs\sources_1\imports\ece383-lab4\Lab4.vhd:]
WARNING: [filemgmt 56-199] Attempt to get parsing info during refresh. "On-the-fly" syntax checking information may be incorrect. [C:\Users\C28Asher.Speicher\Documents\ece383_code\lab4\Lab4.srcs\sources_1\imports\ece383-lab4\Amplify.vhd:]
WARNING: [filemgmt 56-199] Attempt to get parsing info during refresh. "On-the-fly" syntax checking information may be incorrect. [C:\Users\C28Asher.Speicher\Documents\ece383_code\lab4\Lab4.srcs\sources_1\imports\lab2_code_for_cadets\Audio_Codec_Wrapper.vhd:]
WARNING: [filemgmt 56-199] Attempt to get parsing info during refresh. "On-the-fly" syntax checking information may be incorrect. [C:\Users\C28Asher.Speicher\Documents\ece383_code\lab4\Lab4.srcs\sources_1\imports\lab2_code_for_cadets\Audio_Codec_Wrapper.vhd:]
INFO: [IP_Flow 19-234] Refreshing IP repositories
INFO: [IP_Flow 19-1700] Loaded user IP repository 'c:/Users/C28Asher.Speicher/Documents/ece383_code/ip_repo/My_Lab3_1_0'.
INFO: [IP_Flow 19-1700] Loaded user IP repository 'c:/Users/C28Asher.Speicher/Documents/ece383_code/ip_repo/My_Counter_IP_1_0'.
WARNING: [IP_Flow 19-2207] Repository 'c:/Users/C28Asher.Speicher/Documents/ece383_code/ip_repo/My_Counter_IP_1_0' already exists; ignoring attempt to add it again.
INFO: [IP_Flow 19-1700] Loaded user IP repository 'c:/Users/C28Asher.Speicher/Documents/ece383_code/ip_repo/My_Counter_IP_1_0'.
INFO: [IP_Flow 19-2313] Loaded Vivado IP repository 'C:/Xilinx/Vivado/2024.2/data/ip'.
ERROR: [Common 17-180] Spawn failed: No error
WARNING: [filemgmt 56-199] Attempt to get parsing info during refresh. "On-the-fly" syntax checking information may be incorrect. [C:\Users\C28Asher.Speicher\Documents\ece383_code\lab4\Lab4.srcs\sources_1\imports\lab2_code_for_cadets\Audio_Codec_Wrapper.vhd:]
WARNING: [filemgmt 56-199] Attempt to get parsing info during refresh. "On-the-fly" syntax checking information may be incorrect. [C:\Users\C28Asher.Speicher\Documents\ece383_code\lab4\Lab4.srcs\sources_1\imports\ece383-lab4\Lab4_dp.vhd:]
WARNING: [filemgmt 56-199] Attempt to get parsing info during refresh. "On-the-fly" syntax checking information may be incorrect. [C:\Users\C28Asher.Speicher\Documents\ece383_code\lab4\Lab4.srcs\sources_1\imports\ece383-lab4\Lab4_cu.vhd:]
WARNING: [filemgmt 56-199] Attempt to get parsing info during refresh. "On-the-fly" syntax checking information may be incorrect. [C:\Users\C28Asher.Speicher\Documents\ece383_code\lab4\Lab4.srcs\sources_1\imports\ece383-lab4\Interpolate.vhd:]
WARNING: [filemgmt 56-199] Attempt to get parsing info during refresh. "On-the-fly" syntax checking information may be incorrect. [C:\Users\C28Asher.Speicher\Documents\ece383_code\lab4\Lab4.srcs\sources_1\imports\ece383-lab4\IndexOffsetReg.vhd:]
WARNING: [filemgmt 56-199] Attempt to get parsing info during refresh. "On-the-fly" syntax checking information may be incorrect. [C:\Users\C28Asher.Speicher\Documents\ece383_code\lab4\Lab4.srcs\sources_1\imports\ece383-lab4\LookupTable.vhd:]
WARNING: [filemgmt 56-199] Attempt to get parsing info during refresh. "On-the-fly" syntax checking information may be incorrect. [C:\Users\C28Asher.Speicher\Documents\ece383_code\lab4\Lab4.srcs\sources_1\imports\ece383-lab4\Lab4.vhd:]
WARNING: [filemgmt 56-199] Attempt to get parsing info during refresh. "On-the-fly" syntax checking information may be incorrect. [C:\Users\C28Asher.Speicher\Documents\ece383_code\lab4\Lab4.srcs\sources_1\imports\ece383-lab4\Amplify.vhd:]
WARNING: [filemgmt 56-199] Attempt to get parsing info during refresh. "On-the-fly" syntax checking information may be incorrect. [C:\Users\C28Asher.Speicher\Documents\ece383_code\lab4\Lab4.srcs\sources_1\imports\ece383-lab4\Interpolate.vhd:]
WARNING: [filemgmt 56-199] Attempt to get parsing info during refresh. "On-the-fly" syntax checking information may be incorrect. [C:\Users\C28Asher.Speicher\Documents\ece383_code\lab4\Lab4.srcs\sources_1\imports\ece383-lab4\Interpolate.vhd:]
ERROR: [Common 17-180] Spawn failed: No error
ERROR: [Common 17-180] Spawn failed: No error
ERROR: [Common 17-180] Spawn failed: No error
INFO: [Project 1-5579] Found utility IPs instantiated in one or more block designs which have equivalent inline hdl with improved performance and reduced diskspace. It is recommended to migrate these utility IPs to inline hdl using the command upgrade_project -migrate_to_inline_hdl. The utility IPs may be deprecated in future releases. More information on inline hdl is available in UG994.
open_project: Time (s): cpu = 00:00:05 ; elapsed = 00:00:23 . Memory (MB): peak = 1393.488 ; gain = 15.238
ERROR: [Common 17-39] 'open_project' failed due to earlier errors.
current_project Lab4
current_project Lab3
open_bd_design {C:/Users/C28Asher.Speicher/Documents/ece383_code/lab3/Lab3.srcs/sources_1/bd/design_1/design_1.bd}
Reading block design file <C:/Users/C28Asher.Speicher/Documents/ece383_code/lab3/Lab3.srcs/sources_1/bd/design_1/design_1.bd>...
Adding component instance block -- xilinx.com:ip:microblaze:11.0 - microblaze_0
Adding component instance block -- xilinx.com:ip:lmb_v10:3.0 - dlmb_v10
Adding component instance block -- xilinx.com:ip:lmb_v10:3.0 - ilmb_v10
Adding component instance block -- xilinx.com:ip:lmb_bram_if_cntlr:4.0 - dlmb_bram_if_cntlr
Adding component instance block -- xilinx.com:ip:lmb_bram_if_cntlr:4.0 - ilmb_bram_if_cntlr
Adding component instance block -- xilinx.com:ip:blk_mem_gen:8.4 - lmb_bram
Adding component instance block -- xilinx.com:ip:mdm:3.2 - mdm_1
Adding component instance block -- xilinx.com:ip:clk_wiz:6.0 - clk_wiz_1
Adding component instance block -- xilinx.com:ip:proc_sys_reset:5.0 - rst_clk_wiz_1_100M
Adding component instance block -- xilinx.com:ip:mig_7series:4.2 - mig_7series_0
Adding component instance block -- xilinx.com:ip:axi_uartlite:2.0 - axi_uartlite_0
Adding component instance block -- xilinx.com:ip:smartconnect:1.0 - axi_smc
Adding component instance block -- xilinx.com:ip:util_ds_buf:2.2 - util_ds_buf_0
Adding component instance block -- xilinx.com:ip:smartconnect:1.0 - axi_smc_1
Adding component instance block -- xilinx.com:ip:proc_sys_reset:5.0 - rst_mig_7series_0_100M
Adding component instance block -- xilinx.com:user:My_Lab3:1.0 - My_Lab3_0
Successfully read diagram <design_1> from block design file <C:/Users/C28Asher.Speicher/Documents/ece383_code/lab3/Lab3.srcs/sources_1/bd/design_1/design_1.bd>
open_bd_design: Time (s): cpu = 00:00:03 ; elapsed = 00:00:12 . Memory (MB): peak = 1557.082 ; gain = 157.469
save_project_as Final_Project C:/Users/C28Asher.Speicher/Documents/ece383_code/Final_Project -force
WARNING: [filemgmt 56-199] Attempt to get parsing info during refresh. "On-the-fly" syntax checking information may be incorrect. [C:\Users\C28Asher.Speicher\Documents\ece383_code\lab4\Lab4.srcs\sources_1\imports\lab2_code_for_cadets\Audio_Codec_Wrapper.vhd:]
WARNING: [filemgmt 56-199] Attempt to get parsing info during refresh. "On-the-fly" syntax checking information may be incorrect. [C:\Users\C28Asher.Speicher\Documents\ece383_code\lab4\Lab4.srcs\sources_1\imports\ece383-lab4\Lab4_dp.vhd:]
WARNING: [filemgmt 56-199] Attempt to get parsing info during refresh. "On-the-fly" syntax checking information may be incorrect. [C:\Users\C28Asher.Speicher\Documents\ece383_code\lab4\Lab4.srcs\sources_1\imports\ece383-lab4\Lab4_cu.vhd:]
WARNING: [filemgmt 56-199] Attempt to get parsing info during refresh. "On-the-fly" syntax checking information may be incorrect. [C:\Users\C28Asher.Speicher\Documents\ece383_code\lab4\Lab4.srcs\sources_1\imports\ece383-lab4\Interpolate.vhd:]
WARNING: [filemgmt 56-199] Attempt to get parsing info during refresh. "On-the-fly" syntax checking information may be incorrect. [C:\Users\C28Asher.Speicher\Documents\ece383_code\lab4\Lab4.srcs\sources_1\imports\ece383-lab4\IndexOffsetReg.vhd:]
WARNING: [filemgmt 56-199] Attempt to get parsing info during refresh. "On-the-fly" syntax checking information may be incorrect. [C:\Users\C28Asher.Speicher\Documents\ece383_code\lab4\Lab4.srcs\sources_1\imports\ece383-lab4\LookupTable.vhd:]
WARNING: [filemgmt 56-199] Attempt to get parsing info during refresh. "On-the-fly" syntax checking information may be incorrect. [C:\Users\C28Asher.Speicher\Documents\ece383_code\lab4\Lab4.srcs\sources_1\imports\ece383-lab4\Lab4.vhd:]
WARNING: [filemgmt 56-199] Attempt to get parsing info during refresh. "On-the-fly" syntax checking information may be incorrect. [C:\Users\C28Asher.Speicher\Documents\ece383_code\lab4\Lab4.srcs\sources_1\imports\ece383-lab4\Amplify.vhd:]
WARNING: [filemgmt 56-199] Attempt to get parsing info during refresh. "On-the-fly" syntax checking information may be incorrect. [C:\Users\C28Asher.Speicher\Documents\ece383_code\lab4\Lab4.srcs\sources_1\imports\ece383-lab4\LookupTable.vhd:]
WARNING: [filemgmt 56-199] Attempt to get parsing info during refresh. "On-the-fly" syntax checking information may be incorrect. [C:\Users\C28Asher.Speicher\Documents\ece383_code\lab4\Lab4.srcs\sources_1\imports\ece383-lab4\LookupTable.vhd:]
WARNING: [filemgmt 56-199] Attempt to get parsing info during refresh. "On-the-fly" syntax checking information may be incorrect. [C:\Users\C28Asher.Speicher\Documents\ece383_code\lab4\Lab4.srcs\sources_1\imports\lab2_code_for_cadets\Audio_Codec_Wrapper.vhd:]
WARNING: [filemgmt 56-199] Attempt to get parsing info during refresh. "On-the-fly" syntax checking information may be incorrect. [C:\Users\C28Asher.Speicher\Documents\ece383_code\lab4\Lab4.srcs\sources_1\imports\ece383-lab4\Lab4_dp.vhd:]
WARNING: [filemgmt 56-199] Attempt to get parsing info during refresh. "On-the-fly" syntax checking information may be incorrect. [C:\Users\C28Asher.Speicher\Documents\ece383_code\lab4\Lab4.srcs\sources_1\imports\ece383-lab4\Lab4_cu.vhd:]
WARNING: [filemgmt 56-199] Attempt to get parsing info during refresh. "On-the-fly" syntax checking information may be incorrect. [C:\Users\C28Asher.Speicher\Documents\ece383_code\lab4\Lab4.srcs\sources_1\imports\ece383-lab4\Interpolate.vhd:]
WARNING: [filemgmt 56-199] Attempt to get parsing info during refresh. "On-the-fly" syntax checking information may be incorrect. [C:\Users\C28Asher.Speicher\Documents\ece383_code\lab4\Lab4.srcs\sources_1\imports\ece383-lab4\IndexOffsetReg.vhd:]
WARNING: [filemgmt 56-199] Attempt to get parsing info during refresh. "On-the-fly" syntax checking information may be incorrect. [C:\Users\C28Asher.Speicher\Documents\ece383_code\lab4\Lab4.srcs\sources_1\imports\ece383-lab4\LookupTable.vhd:]
WARNING: [filemgmt 56-199] Attempt to get parsing info during refresh. "On-the-fly" syntax checking information may be incorrect. [C:\Users\C28Asher.Speicher\Documents\ece383_code\lab4\Lab4.srcs\sources_1\imports\ece383-lab4\Lab4.vhd:]
WARNING: [filemgmt 56-199] Attempt to get parsing info during refresh. "On-the-fly" syntax checking information may be incorrect. [C:\Users\C28Asher.Speicher\Documents\ece383_code\lab4\Lab4.srcs\sources_1\imports\ece383-lab4\Amplify.vhd:]
WARNING: [filemgmt 56-199] Attempt to get parsing info during refresh. "On-the-fly" syntax checking information may be incorrect. [C:\Users\C28Asher.Speicher\Documents\ece383_code\lab4\Lab4.srcs\sources_1\imports\ece383-lab4\Lab4_dp.vhd:]
WARNING: [filemgmt 56-199] Attempt to get parsing info during refresh. "On-the-fly" syntax checking information may be incorrect. [C:\Users\C28Asher.Speicher\Documents\ece383_code\lab4\Lab4.srcs\sources_1\imports\ece383-lab4\Lab4_dp.vhd:]
WARNING: [filemgmt 56-199] Attempt to get parsing info during refresh. "On-the-fly" syntax checking information may be incorrect. [C:\Users\C28Asher.Speicher\Documents\ece383_code\lab4\Lab4.srcs\sources_1\imports\lab2_code_for_cadets\Audio_Codec_Wrapper.vhd:]
WARNING: [filemgmt 56-199] Attempt to get parsing info during refresh. "On-the-fly" syntax checking information may be incorrect. [C:\Users\C28Asher.Speicher\Documents\ece383_code\lab4\Lab4.srcs\sources_1\imports\ece383-lab4\Lab4_dp.vhd:]
WARNING: [filemgmt 56-199] Attempt to get parsing info during refresh. "On-the-fly" syntax checking information may be incorrect. [C:\Users\C28Asher.Speicher\Documents\ece383_code\lab4\Lab4.srcs\sources_1\imports\ece383-lab4\Lab4_cu.vhd:]
WARNING: [filemgmt 56-199] Attempt to get parsing info during refresh. "On-the-fly" syntax checking information may be incorrect. [C:\Users\C28Asher.Speicher\Documents\ece383_code\lab4\Lab4.srcs\sources_1\imports\ece383-lab4\Interpolate.vhd:]
WARNING: [filemgmt 56-199] Attempt to get parsing info during refresh. "On-the-fly" syntax checking information may be incorrect. [C:\Users\C28Asher.Speicher\Documents\ece383_code\lab4\Lab4.srcs\sources_1\imports\ece383-lab4\IndexOffsetReg.vhd:]
WARNING: [filemgmt 56-199] Attempt to get parsing info during refresh. "On-the-fly" syntax checking information may be incorrect. [C:\Users\C28Asher.Speicher\Documents\ece383_code\lab4\Lab4.srcs\sources_1\imports\ece383-lab4\LookupTable.vhd:]
WARNING: [filemgmt 56-199] Attempt to get parsing info during refresh. "On-the-fly" syntax checking information may be incorrect. [C:\Users\C28Asher.Speicher\Documents\ece383_code\lab4\Lab4.srcs\sources_1\imports\ece383-lab4\Lab4.vhd:]
WARNING: [filemgmt 56-199] Attempt to get parsing info during refresh. "On-the-fly" syntax checking information may be incorrect. [C:\Users\C28Asher.Speicher\Documents\ece383_code\lab4\Lab4.srcs\sources_1\imports\ece383-lab4\Amplify.vhd:]
WARNING: [filemgmt 56-199] Attempt to get parsing info during refresh. "On-the-fly" syntax checking information may be incorrect. [C:\Users\C28Asher.Speicher\Documents\ece383_code\lab4\Lab4.srcs\sources_1\imports\ece383-lab4\Lab4_cu.vhd:]
WARNING: [filemgmt 56-199] Attempt to get parsing info during refresh. "On-the-fly" syntax checking information may be incorrect. [C:\Users\C28Asher.Speicher\Documents\ece383_code\lab4\Lab4.srcs\sources_1\imports\ece383-lab4\Lab4_cu.vhd:]
WARNING: [filemgmt 56-199] Attempt to get parsing info during refresh. "On-the-fly" syntax checking information may be incorrect. [C:\Users\C28Asher.Speicher\Documents\ece383_code\lab4\Lab4.srcs\sources_1\imports\lab2_code_for_cadets\Audio_Codec_Wrapper.vhd:]
WARNING: [filemgmt 56-199] Attempt to get parsing info during refresh. "On-the-fly" syntax checking information may be incorrect. [C:\Users\C28Asher.Speicher\Documents\ece383_code\lab4\Lab4.srcs\sources_1\imports\ece383-lab4\Lab4_dp.vhd:]
WARNING: [filemgmt 56-199] Attempt to get parsing info during refresh. "On-the-fly" syntax checking information may be incorrect. [C:\Users\C28Asher.Speicher\Documents\ece383_code\lab4\Lab4.srcs\sources_1\imports\ece383-lab4\Lab4_cu.vhd:]
WARNING: [filemgmt 56-199] Attempt to get parsing info during refresh. "On-the-fly" syntax checking information may be incorrect. [C:\Users\C28Asher.Speicher\Documents\ece383_code\lab4\Lab4.srcs\sources_1\imports\ece383-lab4\Interpolate.vhd:]
WARNING: [filemgmt 56-199] Attempt to get parsing info during refresh. "On-the-fly" syntax checking information may be incorrect. [C:\Users\C28Asher.Speicher\Documents\ece383_code\lab4\Lab4.srcs\sources_1\imports\ece383-lab4\IndexOffsetReg.vhd:]
WARNING: [filemgmt 56-199] Attempt to get parsing info during refresh. "On-the-fly" syntax checking information may be incorrect. [C:\Users\C28Asher.Speicher\Documents\ece383_code\lab4\Lab4.srcs\sources_1\imports\ece383-lab4\LookupTable.vhd:]
WARNING: [filemgmt 56-199] Attempt to get parsing info during refresh. "On-the-fly" syntax checking information may be incorrect. [C:\Users\C28Asher.Speicher\Documents\ece383_code\lab4\Lab4.srcs\sources_1\imports\ece383-lab4\Lab4.vhd:]
WARNING: [filemgmt 56-199] Attempt to get parsing info during refresh. "On-the-fly" syntax checking information may be incorrect. [C:\Users\C28Asher.Speicher\Documents\ece383_code\lab4\Lab4.srcs\sources_1\imports\ece383-lab4\Amplify.vhd:]
WARNING: [filemgmt 56-199] Attempt to get parsing info during refresh. "On-the-fly" syntax checking information may be incorrect. [C:\Users\C28Asher.Speicher\Documents\ece383_code\lab4\Lab4.srcs\sources_1\imports\ece383-lab4\Lab4.vhd:]
WARNING: [filemgmt 56-199] Attempt to get parsing info during refresh. "On-the-fly" syntax checking information may be incorrect. [C:\Users\C28Asher.Speicher\Documents\ece383_code\lab4\Lab4.srcs\sources_1\imports\ece383-lab4\Lab4.vhd:]
WARNING: [filemgmt 56-199] Attempt to get parsing info during refresh. "On-the-fly" syntax checking information may be incorrect. [C:\Users\C28Asher.Speicher\Documents\ece383_code\lab4\Lab4.srcs\sources_1\imports\lab2_code_for_cadets\Audio_Codec_Wrapper.vhd:]
WARNING: [filemgmt 56-199] Attempt to get parsing info during refresh. "On-the-fly" syntax checking information may be incorrect. [C:\Users\C28Asher.Speicher\Documents\ece383_code\lab4\Lab4.srcs\sources_1\imports\ece383-lab4\Lab4_dp.vhd:]
WARNING: [filemgmt 56-199] Attempt to get parsing info during refresh. "On-the-fly" syntax checking information may be incorrect. [C:\Users\C28Asher.Speicher\Documents\ece383_code\lab4\Lab4.srcs\sources_1\imports\ece383-lab4\Lab4_cu.vhd:]
WARNING: [filemgmt 56-199] Attempt to get parsing info during refresh. "On-the-fly" syntax checking information may be incorrect. [C:\Users\C28Asher.Speicher\Documents\ece383_code\lab4\Lab4.srcs\sources_1\imports\ece383-lab4\Interpolate.vhd:]
WARNING: [filemgmt 56-199] Attempt to get parsing info during refresh. "On-the-fly" syntax checking information may be incorrect. [C:\Users\C28Asher.Speicher\Documents\ece383_code\lab4\Lab4.srcs\sources_1\imports\ece383-lab4\IndexOffsetReg.vhd:]
WARNING: [filemgmt 56-199] Attempt to get parsing info during refresh. "On-the-fly" syntax checking information may be incorrect. [C:\Users\C28Asher.Speicher\Documents\ece383_code\lab4\Lab4.srcs\sources_1\imports\ece383-lab4\LookupTable.vhd:]
WARNING: [filemgmt 56-199] Attempt to get parsing info during refresh. "On-the-fly" syntax checking information may be incorrect. [C:\Users\C28Asher.Speicher\Documents\ece383_code\lab4\Lab4.srcs\sources_1\imports\ece383-lab4\Lab4.vhd:]
WARNING: [filemgmt 56-199] Attempt to get parsing info during refresh. "On-the-fly" syntax checking information may be incorrect. [C:\Users\C28Asher.Speicher\Documents\ece383_code\lab4\Lab4.srcs\sources_1\imports\ece383-lab4\Amplify.vhd:]
WARNING: [filemgmt 56-199] Attempt to get parsing info during refresh. "On-the-fly" syntax checking information may be incorrect. [C:\Users\C28Asher.Speicher\Documents\ece383_code\lab4\Lab4.srcs\sources_1\imports\ece383-lab4\IndexOffsetReg.vhd:]
WARNING: [filemgmt 56-199] Attempt to get parsing info during refresh. "On-the-fly" syntax checking information may be incorrect. [C:\Users\C28Asher.Speicher\Documents\ece383_code\lab4\Lab4.srcs\sources_1\imports\ece383-lab4\IndexOffsetReg.vhd:]
WARNING: [filemgmt 56-199] Attempt to get parsing info during refresh. "On-the-fly" syntax checking information may be incorrect. [C:\Users\C28Asher.Speicher\Documents\ece383_code\lab4\Lab4.srcs\sources_1\imports\lab2_code_for_cadets\Audio_Codec_Wrapper.vhd:]
WARNING: [filemgmt 56-199] Attempt to get parsing info during refresh. "On-the-fly" syntax checking information may be incorrect. [C:\Users\C28Asher.Speicher\Documents\ece383_code\lab4\Lab4.srcs\sources_1\imports\ece383-lab4\Lab4_dp.vhd:]
WARNING: [filemgmt 56-199] Attempt to get parsing info during refresh. "On-the-fly" syntax checking information may be incorrect. [C:\Users\C28Asher.Speicher\Documents\ece383_code\lab4\Lab4.srcs\sources_1\imports\ece383-lab4\Lab4_cu.vhd:]
WARNING: [filemgmt 56-199] Attempt to get parsing info during refresh. "On-the-fly" syntax checking information may be incorrect. [C:\Users\C28Asher.Speicher\Documents\ece383_code\lab4\Lab4.srcs\sources_1\imports\ece383-lab4\Interpolate.vhd:]
WARNING: [filemgmt 56-199] Attempt to get parsing info during refresh. "On-the-fly" syntax checking information may be incorrect. [C:\Users\C28Asher.Speicher\Documents\ece383_code\lab4\Lab4.srcs\sources_1\imports\ece383-lab4\IndexOffsetReg.vhd:]
WARNING: [filemgmt 56-199] Attempt to get parsing info during refresh. "On-the-fly" syntax checking information may be incorrect. [C:\Users\C28Asher.Speicher\Documents\ece383_code\lab4\Lab4.srcs\sources_1\imports\ece383-lab4\LookupTable.vhd:]
WARNING: [filemgmt 56-199] Attempt to get parsing info during refresh. "On-the-fly" syntax checking information may be incorrect. [C:\Users\C28Asher.Speicher\Documents\ece383_code\lab4\Lab4.srcs\sources_1\imports\ece383-lab4\Lab4.vhd:]
WARNING: [filemgmt 56-199] Attempt to get parsing info during refresh. "On-the-fly" syntax checking information may be incorrect. [C:\Users\C28Asher.Speicher\Documents\ece383_code\lab4\Lab4.srcs\sources_1\imports\ece383-lab4\Amplify.vhd:]
WARNING: [filemgmt 56-199] Attempt to get parsing info during refresh. "On-the-fly" syntax checking information may be incorrect. [C:\Users\C28Asher.Speicher\Documents\ece383_code\lab4\Lab4.srcs\sources_1\imports\lab2_code_for_cadets\Audio_Codec_Wrapper.vhd:]
WARNING: [filemgmt 56-199] Attempt to get parsing info during refresh. "On-the-fly" syntax checking information may be incorrect. [C:\Users\C28Asher.Speicher\Documents\ece383_code\lab4\Lab4.srcs\sources_1\imports\lab2_code_for_cadets\Audio_Codec_Wrapper.vhd:]
ERROR: [Common 17-180] Spawn failed: No error
WARNING: [filemgmt 56-199] Attempt to get parsing info during refresh. "On-the-fly" syntax checking information may be incorrect. [C:\Users\C28Asher.Speicher\Documents\ece383_code\lab4\Lab4.srcs\sources_1\imports\lab2_code_for_cadets\Audio_Codec_Wrapper.vhd:]
WARNING: [filemgmt 56-199] Attempt to get parsing info during refresh. "On-the-fly" syntax checking information may be incorrect. [C:\Users\C28Asher.Speicher\Documents\ece383_code\lab4\Lab4.srcs\sources_1\imports\ece383-lab4\Lab4_dp.vhd:]
WARNING: [filemgmt 56-199] Attempt to get parsing info during refresh. "On-the-fly" syntax checking information may be incorrect. [C:\Users\C28Asher.Speicher\Documents\ece383_code\lab4\Lab4.srcs\sources_1\imports\ece383-lab4\Lab4_cu.vhd:]
WARNING: [filemgmt 56-199] Attempt to get parsing info during refresh. "On-the-fly" syntax checking information may be incorrect. [C:\Users\C28Asher.Speicher\Documents\ece383_code\lab4\Lab4.srcs\sources_1\imports\ece383-lab4\Interpolate.vhd:]
WARNING: [filemgmt 56-199] Attempt to get parsing info during refresh. "On-the-fly" syntax checking information may be incorrect. [C:\Users\C28Asher.Speicher\Documents\ece383_code\lab4\Lab4.srcs\sources_1\imports\ece383-lab4\IndexOffsetReg.vhd:]
WARNING: [filemgmt 56-199] Attempt to get parsing info during refresh. "On-the-fly" syntax checking information may be incorrect. [C:\Users\C28Asher.Speicher\Documents\ece383_code\lab4\Lab4.srcs\sources_1\imports\ece383-lab4\LookupTable.vhd:]
WARNING: [filemgmt 56-199] Attempt to get parsing info during refresh. "On-the-fly" syntax checking information may be incorrect. [C:\Users\C28Asher.Speicher\Documents\ece383_code\lab4\Lab4.srcs\sources_1\imports\ece383-lab4\Lab4.vhd:]
WARNING: [filemgmt 56-199] Attempt to get parsing info during refresh. "On-the-fly" syntax checking information may be incorrect. [C:\Users\C28Asher.Speicher\Documents\ece383_code\lab4\Lab4.srcs\sources_1\imports\ece383-lab4\Amplify.vhd:]
WARNING: [filemgmt 56-199] Attempt to get parsing info during refresh. "On-the-fly" syntax checking information may be incorrect. [C:\Users\C28Asher.Speicher\Documents\ece383_code\lab4\Lab4.srcs\sources_1\imports\ece383-lab4\Amplify.vhd:]
WARNING: [filemgmt 56-199] Attempt to get parsing info during refresh. "On-the-fly" syntax checking information may be incorrect. [C:\Users\C28Asher.Speicher\Documents\ece383_code\lab4\Lab4.srcs\sources_1\imports\ece383-lab4\Amplify.vhd:]
ERROR: [Common 17-180] Spawn failed: No error
Wrote  : <C:/Users/C28Asher.Speicher/Documents/ece383_code/Final_Project/Final_Project.srcs/sources_1/bd/design_1/ui/bd_1f5defd0.ui> 
WARNING: [filemgmt 56-199] Attempt to get parsing info during refresh. "On-the-fly" syntax checking information may be incorrect. [C:\Users\C28Asher.Speicher\Documents\ece383_code\lab4\Lab4.srcs\sources_1\imports\lab2_code_for_cadets\Audio_Codec_Wrapper.vhd:]
WARNING: [filemgmt 56-199] Attempt to get parsing info during refresh. "On-the-fly" syntax checking information may be incorrect. [C:\Users\C28Asher.Speicher\Documents\ece383_code\lab4\Lab4.srcs\sources_1\imports\ece383-lab4\Lab4_dp.vhd:]
WARNING: [filemgmt 56-199] Attempt to get parsing info during refresh. "On-the-fly" syntax checking information may be incorrect. [C:\Users\C28Asher.Speicher\Documents\ece383_code\lab4\Lab4.srcs\sources_1\imports\ece383-lab4\Lab4_cu.vhd:]
WARNING: [filemgmt 56-199] Attempt to get parsing info during refresh. "On-the-fly" syntax checking information may be incorrect. [C:\Users\C28Asher.Speicher\Documents\ece383_code\lab4\Lab4.srcs\sources_1\imports\ece383-lab4\Interpolate.vhd:]
WARNING: [filemgmt 56-199] Attempt to get parsing info during refresh. "On-the-fly" syntax checking information may be incorrect. [C:\Users\C28Asher.Speicher\Documents\ece383_code\lab4\Lab4.srcs\sources_1\imports\ece383-lab4\IndexOffsetReg.vhd:]
WARNING: [filemgmt 56-199] Attempt to get parsing info during refresh. "On-the-fly" syntax checking information may be incorrect. [C:\Users\C28Asher.Speicher\Documents\ece383_code\lab4\Lab4.srcs\sources_1\imports\ece383-lab4\LookupTable.vhd:]
WARNING: [filemgmt 56-199] Attempt to get parsing info during refresh. "On-the-fly" syntax checking information may be incorrect. [C:\Users\C28Asher.Speicher\Documents\ece383_code\lab4\Lab4.srcs\sources_1\imports\ece383-lab4\Lab4.vhd:]
WARNING: [filemgmt 56-199] Attempt to get parsing info during refresh. "On-the-fly" syntax checking information may be incorrect. [C:\Users\C28Asher.Speicher\Documents\ece383_code\lab4\Lab4.srcs\sources_1\imports\ece383-lab4\Amplify.vhd:]
WARNING: [filemgmt 56-199] Attempt to get parsing info during refresh. "On-the-fly" syntax checking information may be incorrect. [C:\Users\C28Asher.Speicher\Documents\ece383_code\lab4\Lab4.srcs\sources_1\imports\ece383-lab4\Lab4_cu.vhd:]
WARNING: [filemgmt 56-199] Attempt to get parsing info during refresh. "On-the-fly" syntax checking information may be incorrect. [C:\Users\C28Asher.Speicher\Documents\ece383_code\lab4\Lab4.srcs\sources_1\imports\ece383-lab4\Lab4_cu.vhd:]
WARNING: [filemgmt 56-199] Attempt to get parsing info during refresh. "On-the-fly" syntax checking information may be incorrect. [C:\Users\C28Asher.Speicher\Documents\ece383_code\lab4\Lab4.srcs\sources_1\imports\lab2_code_for_cadets\Audio_Codec_Wrapper.vhd:]
WARNING: [filemgmt 56-199] Attempt to get parsing info during refresh. "On-the-fly" syntax checking information may be incorrect. [C:\Users\C28Asher.Speicher\Documents\ece383_code\lab4\Lab4.srcs\sources_1\imports\ece383-lab4\Lab4_dp.vhd:]
WARNING: [filemgmt 56-199] Attempt to get parsing info during refresh. "On-the-fly" syntax checking information may be incorrect. [C:\Users\C28Asher.Speicher\Documents\ece383_code\lab4\Lab4.srcs\sources_1\imports\ece383-lab4\Lab4_cu.vhd:]
WARNING: [filemgmt 56-199] Attempt to get parsing info during refresh. "On-the-fly" syntax checking information may be incorrect. [C:\Users\C28Asher.Speicher\Documents\ece383_code\lab4\Lab4.srcs\sources_1\imports\ece383-lab4\Interpolate.vhd:]
WARNING: [filemgmt 56-199] Attempt to get parsing info during refresh. "On-the-fly" syntax checking information may be incorrect. [C:\Users\C28Asher.Speicher\Documents\ece383_code\lab4\Lab4.srcs\sources_1\imports\ece383-lab4\IndexOffsetReg.vhd:]
WARNING: [filemgmt 56-199] Attempt to get parsing info during refresh. "On-the-fly" syntax checking information may be incorrect. [C:\Users\C28Asher.Speicher\Documents\ece383_code\lab4\Lab4.srcs\sources_1\imports\ece383-lab4\LookupTable.vhd:]
WARNING: [filemgmt 56-199] Attempt to get parsing info during refresh. "On-the-fly" syntax checking information may be incorrect. [C:\Users\C28Asher.Speicher\Documents\ece383_code\lab4\Lab4.srcs\sources_1\imports\ece383-lab4\Lab4.vhd:]
WARNING: [filemgmt 56-199] Attempt to get parsing info during refresh. "On-the-fly" syntax checking information may be incorrect. [C:\Users\C28Asher.Speicher\Documents\ece383_code\lab4\Lab4.srcs\sources_1\imports\ece383-lab4\Amplify.vhd:]
WARNING: [filemgmt 56-199] Attempt to get parsing info during refresh. "On-the-fly" syntax checking information may be incorrect. [C:\Users\C28Asher.Speicher\Documents\ece383_code\lab4\Lab4.srcs\sources_1\imports\ece383-lab4\Lab4_dp.vhd:]
WARNING: [filemgmt 56-199] Attempt to get parsing info during refresh. "On-the-fly" syntax checking information may be incorrect. [C:\Users\C28Asher.Speicher\Documents\ece383_code\lab4\Lab4.srcs\sources_1\imports\ece383-lab4\Lab4_dp.vhd:]
WARNING: [filemgmt 56-199] Attempt to get parsing info during refresh. "On-the-fly" syntax checking information may be incorrect. [C:\Users\C28Asher.Speicher\Documents\ece383_code\lab4\Lab4.srcs\sources_1\imports\lab2_code_for_cadets\Audio_Codec_Wrapper.vhd:]
WARNING: [filemgmt 56-199] Attempt to get parsing info during refresh. "On-the-fly" syntax checking information may be incorrect. [C:\Users\C28Asher.Speicher\Documents\ece383_code\lab4\Lab4.srcs\sources_1\imports\ece383-lab4\Lab4_dp.vhd:]
WARNING: [filemgmt 56-199] Attempt to get parsing info during refresh. "On-the-fly" syntax checking information may be incorrect. [C:\Users\C28Asher.Speicher\Documents\ece383_code\lab4\Lab4.srcs\sources_1\imports\ece383-lab4\Lab4_cu.vhd:]
WARNING: [filemgmt 56-199] Attempt to get parsing info during refresh. "On-the-fly" syntax checking information may be incorrect. [C:\Users\C28Asher.Speicher\Documents\ece383_code\lab4\Lab4.srcs\sources_1\imports\ece383-lab4\Interpolate.vhd:]
WARNING: [filemgmt 56-199] Attempt to get parsing info during refresh. "On-the-fly" syntax checking information may be incorrect. [C:\Users\C28Asher.Speicher\Documents\ece383_code\lab4\Lab4.srcs\sources_1\imports\ece383-lab4\IndexOffsetReg.vhd:]
WARNING: [filemgmt 56-199] Attempt to get parsing info during refresh. "On-the-fly" syntax checking information may be incorrect. [C:\Users\C28Asher.Speicher\Documents\ece383_code\lab4\Lab4.srcs\sources_1\imports\ece383-lab4\LookupTable.vhd:]
WARNING: [filemgmt 56-199] Attempt to get parsing info during refresh. "On-the-fly" syntax checking information may be incorrect. [C:\Users\C28Asher.Speicher\Documents\ece383_code\lab4\Lab4.srcs\sources_1\imports\ece383-lab4\Lab4.vhd:]
WARNING: [filemgmt 56-199] Attempt to get parsing info during refresh. "On-the-fly" syntax checking information may be incorrect. [C:\Users\C28Asher.Speicher\Documents\ece383_code\lab4\Lab4.srcs\sources_1\imports\ece383-lab4\Amplify.vhd:]
WARNING: [filemgmt 56-199] Attempt to get parsing info during refresh. "On-the-fly" syntax checking information may be incorrect. [C:\Users\C28Asher.Speicher\Documents\ece383_code\lab4\Lab4.srcs\sources_1\imports\ece383-lab4\Lab4.vhd:]
WARNING: [filemgmt 56-199] Attempt to get parsing info during refresh. "On-the-fly" syntax checking information may be incorrect. [C:\Users\C28Asher.Speicher\Documents\ece383_code\lab4\Lab4.srcs\sources_1\imports\ece383-lab4\Lab4.vhd:]
INFO: [Common 17-14] Message 'filemgmt 56-199' appears 100 times and further instances of the messages will be disabled. Use the Tcl command set_msg_config to change the current settings.
WARNING: [IP_Flow 19-4995] The host OS only allows 260 characters in a normal path. The IP cache path is more than 80 characters. If you experience issues with IP caching, please consider changing the IP cache to a location with a shorter path. Alternately consider using the OS subst command to map part of the path to a drive letter. 
Current IP cache path is C:/Users/C28Asher.Speicher/Documents/ece383_code/Final_Project/Final_Project.cache/ip 
ERROR: [Common 17-180] Spawn failed: No error
ERROR: [Common 17-180] Spawn failed: No error
ERROR: [Common 17-180] Spawn failed: No error
ERROR: [Common 17-180] Spawn failed: No error
save_project_as: Time (s): cpu = 00:00:01 ; elapsed = 00:00:23 . Memory (MB): peak = 1578.109 ; gain = 4.246
ERROR: [Common 17-39] 'save_project_as' failed due to earlier errors.
current_project Lab4
current_project Final_Project
ipx::edit_ip_in_project -upgrade true -name My_Lab3_v1_0_project -directory C:/Users/C28Asher.Speicher/Documents/ece383_code/Final_Project/Final_Project.tmp/My_Lab3_v1_0_project c:/Users/C28Asher.Speicher/Documents/ece383_code/ip_repo/My_Lab3_1_0/component.xml
INFO: [ProjectBase 1-489] The host OS only allows 260 characters in a normal path. The project is stored in a path with more than 80 characters. If you experience issues with IP, Block Designs, or files not being found, please consider moving the project to a location with a shorter path. Alternately consider using the OS subst command to map part of the path to a drive letter.
Current project path is 'c:/users/c28asher.speicher/documents/ece383_code/final_project/final_project.tmp/my_lab3_v1_0_project'
INFO: [IP_Flow 19-234] Refreshing IP repositories
INFO: [IP_Flow 19-1704] No user IP repositories specified
INFO: [IP_Flow 19-2313] Loaded Vivado IP repository 'C:/Xilinx/Vivado/2024.2/data/ip'.
INFO: [IP_Flow 19-234] Refreshing IP repositories
INFO: [IP_Flow 19-1700] Loaded user IP repository 'c:/Users/C28Asher.Speicher/Documents/ece383_code/ip_repo/My_Lab3_1_0'.
INFO: [IP_Flow 19-1700] Loaded user IP repository 'c:/Users/C28Asher.Speicher/Documents/ece383_code/ip_repo/My_Counter_IP_1_0'.
WARNING: [IP_Flow 19-2207] Repository 'c:/Users/C28Asher.Speicher/Documents/ece383_code/ip_repo/My_Counter_IP_1_0' already exists; ignoring attempt to add it again.
INFO: [IP_Flow 19-1700] Loaded user IP repository 'c:/Users/C28Asher.Speicher/Documents/ece383_code/ip_repo/My_Counter_IP_1_0'.
INFO: [IP_Flow 19-795] Syncing license key meta-data
WARNING: [filemgmt 56-199] Attempt to get parsing info during refresh. "On-the-fly" syntax checking information may be incorrect. [C:\Users\C28Asher.Speicher\Documents\ece383_code\lab4\Lab4.srcs\sources_1\imports\lab2_code_for_cadets\Audio_Codec_Wrapper.vhd:]
WARNING: [filemgmt 56-199] Attempt to get parsing info during refresh. "On-the-fly" syntax checking information may be incorrect. [C:\Users\C28Asher.Speicher\Documents\ece383_code\lab4\Lab4.srcs\sources_1\imports\ece383-lab4\Lab4_dp.vhd:]
WARNING: [filemgmt 56-199] Attempt to get parsing info during refresh. "On-the-fly" syntax checking information may be incorrect. [C:\Users\C28Asher.Speicher\Documents\ece383_code\lab4\Lab4.srcs\sources_1\imports\ece383-lab4\Lab4_cu.vhd:]
WARNING: [filemgmt 56-199] Attempt to get parsing info during refresh. "On-the-fly" syntax checking information may be incorrect. [C:\Users\C28Asher.Speicher\Documents\ece383_code\lab4\Lab4.srcs\sources_1\imports\ece383-lab4\Interpolate.vhd:]
WARNING: [filemgmt 56-199] Attempt to get parsing info during refresh. "On-the-fly" syntax checking information may be incorrect. [C:\Users\C28Asher.Speicher\Documents\ece383_code\lab4\Lab4.srcs\sources_1\imports\ece383-lab4\IndexOffsetReg.vhd:]
WARNING: [filemgmt 56-199] Attempt to get parsing info during refresh. "On-the-fly" syntax checking information may be incorrect. [C:\Users\C28Asher.Speicher\Documents\ece383_code\lab4\Lab4.srcs\sources_1\imports\ece383-lab4\LookupTable.vhd:]
WARNING: [filemgmt 56-199] Attempt to get parsing info during refresh. "On-the-fly" syntax checking information may be incorrect. [C:\Users\C28Asher.Speicher\Documents\ece383_code\lab4\Lab4.srcs\sources_1\imports\ece383-lab4\Lab4.vhd:]
WARNING: [filemgmt 56-199] Attempt to get parsing info during refresh. "On-the-fly" syntax checking information may be incorrect. [C:\Users\C28Asher.Speicher\Documents\ece383_code\lab4\Lab4.srcs\sources_1\imports\ece383-lab4\Amplify.vhd:]
WARNING: [filemgmt 56-199] Attempt to get parsing info during refresh. "On-the-fly" syntax checking information may be incorrect. [C:\Users\C28Asher.Speicher\Documents\ece383_code\lab4\Lab4.srcs\sources_1\imports\ece383-lab4\Lab4_dp.vhd:]
WARNING: [filemgmt 56-199] Attempt to get parsing info during refresh. "On-the-fly" syntax checking information may be incorrect. [C:\Users\C28Asher.Speicher\Documents\ece383_code\lab4\Lab4.srcs\sources_1\imports\ece383-lab4\Lab4_dp.vhd:]
WARNING: [filemgmt 56-199] Attempt to get parsing info during refresh. "On-the-fly" syntax checking information may be incorrect. [C:\Users\C28Asher.Speicher\Documents\ece383_code\lab4\Lab4.srcs\sources_1\imports\lab2_code_for_cadets\Audio_Codec_Wrapper.vhd:]
WARNING: [filemgmt 56-199] Attempt to get parsing info during refresh. "On-the-fly" syntax checking information may be incorrect. [C:\Users\C28Asher.Speicher\Documents\ece383_code\lab4\Lab4.srcs\sources_1\imports\ece383-lab4\Lab4_dp.vhd:]
WARNING: [filemgmt 56-199] Attempt to get parsing info during refresh. "On-the-fly" syntax checking information may be incorrect. [C:\Users\C28Asher.Speicher\Documents\ece383_code\lab4\Lab4.srcs\sources_1\imports\ece383-lab4\Lab4_cu.vhd:]
WARNING: [filemgmt 56-199] Attempt to get parsing info during refresh. "On-the-fly" syntax checking information may be incorrect. [C:\Users\C28Asher.Speicher\Documents\ece383_code\lab4\Lab4.srcs\sources_1\imports\ece383-lab4\Interpolate.vhd:]
WARNING: [filemgmt 56-199] Attempt to get parsing info during refresh. "On-the-fly" syntax checking information may be incorrect. [C:\Users\C28Asher.Speicher\Documents\ece383_code\lab4\Lab4.srcs\sources_1\imports\ece383-lab4\IndexOffsetReg.vhd:]
WARNING: [filemgmt 56-199] Attempt to get parsing info during refresh. "On-the-fly" syntax checking information may be incorrect. [C:\Users\C28Asher.Speicher\Documents\ece383_code\lab4\Lab4.srcs\sources_1\imports\ece383-lab4\LookupTable.vhd:]
WARNING: [filemgmt 56-199] Attempt to get parsing info during refresh. "On-the-fly" syntax checking information may be incorrect. [C:\Users\C28Asher.Speicher\Documents\ece383_code\lab4\Lab4.srcs\sources_1\imports\ece383-lab4\Lab4.vhd:]
WARNING: [filemgmt 56-199] Attempt to get parsing info during refresh. "On-the-fly" syntax checking information may be incorrect. [C:\Users\C28Asher.Speicher\Documents\ece383_code\lab4\Lab4.srcs\sources_1\imports\ece383-lab4\Amplify.vhd:]
WARNING: [filemgmt 56-199] Attempt to get parsing info during refresh. "On-the-fly" syntax checking information may be incorrect. [C:\Users\C28Asher.Speicher\Documents\ece383_code\lab4\Lab4.srcs\sources_1\imports\ece383-lab4\Lab4_cu.vhd:]
WARNING: [filemgmt 56-199] Attempt to get parsing info during refresh. "On-the-fly" syntax checking information may be incorrect. [C:\Users\C28Asher.Speicher\Documents\ece383_code\lab4\Lab4.srcs\sources_1\imports\ece383-lab4\Lab4_cu.vhd:]
INFO: [Device 21-403] Loading part xc7a200tsbg484-1
WARNING: [filemgmt 56-199] Attempt to get parsing info during refresh. "On-the-fly" syntax checking information may be incorrect. [C:\Users\C28Asher.Speicher\Documents\ece383_code\lab4\Lab4.srcs\sources_1\imports\lab2_code_for_cadets\Audio_Codec_Wrapper.vhd:]
WARNING: [filemgmt 56-199] Attempt to get parsing info during refresh. "On-the-fly" syntax checking information may be incorrect. [C:\Users\C28Asher.Speicher\Documents\ece383_code\lab4\Lab4.srcs\sources_1\imports\ece383-lab4\Lab4_dp.vhd:]
WARNING: [filemgmt 56-199] Attempt to get parsing info during refresh. "On-the-fly" syntax checking information may be incorrect. [C:\Users\C28Asher.Speicher\Documents\ece383_code\lab4\Lab4.srcs\sources_1\imports\ece383-lab4\Lab4_cu.vhd:]
WARNING: [filemgmt 56-199] Attempt to get parsing info during refresh. "On-the-fly" syntax checking information may be incorrect. [C:\Users\C28Asher.Speicher\Documents\ece383_code\lab4\Lab4.srcs\sources_1\imports\ece383-lab4\Interpolate.vhd:]
WARNING: [filemgmt 56-199] Attempt to get parsing info during refresh. "On-the-fly" syntax checking information may be incorrect. [C:\Users\C28Asher.Speicher\Documents\ece383_code\lab4\Lab4.srcs\sources_1\imports\ece383-lab4\IndexOffsetReg.vhd:]
WARNING: [filemgmt 56-199] Attempt to get parsing info during refresh. "On-the-fly" syntax checking information may be incorrect. [C:\Users\C28Asher.Speicher\Documents\ece383_code\lab4\Lab4.srcs\sources_1\imports\ece383-lab4\LookupTable.vhd:]
WARNING: [filemgmt 56-199] Attempt to get parsing info during refresh. "On-the-fly" syntax checking information may be incorrect. [C:\Users\C28Asher.Speicher\Documents\ece383_code\lab4\Lab4.srcs\sources_1\imports\ece383-lab4\Lab4.vhd:]
WARNING: [filemgmt 56-199] Attempt to get parsing info during refresh. "On-the-fly" syntax checking information may be incorrect. [C:\Users\C28Asher.Speicher\Documents\ece383_code\lab4\Lab4.srcs\sources_1\imports\ece383-lab4\Amplify.vhd:]
WARNING: [filemgmt 56-199] Attempt to get parsing info during refresh. "On-the-fly" syntax checking information may be incorrect. [C:\Users\C28Asher.Speicher\Documents\ece383_code\lab4\Lab4.srcs\sources_1\imports\ece383-lab4\Lab4.vhd:]
WARNING: [filemgmt 56-199] Attempt to get parsing info during refresh. "On-the-fly" syntax checking information may be incorrect. [C:\Users\C28Asher.Speicher\Documents\ece383_code\lab4\Lab4.srcs\sources_1\imports\ece383-lab4\Lab4.vhd:]
WARNING: [filemgmt 56-199] Attempt to get parsing info during refresh. "On-the-fly" syntax checking information may be incorrect. [C:\Users\C28Asher.Speicher\Documents\ece383_code\lab4\Lab4.srcs\sources_1\imports\lab2_code_for_cadets\Audio_Codec_Wrapper.vhd:]
WARNING: [filemgmt 56-199] Attempt to get parsing info during refresh. "On-the-fly" syntax checking information may be incorrect. [C:\Users\C28Asher.Speicher\Documents\ece383_code\lab4\Lab4.srcs\sources_1\imports\ece383-lab4\Lab4_dp.vhd:]
WARNING: [filemgmt 56-199] Attempt to get parsing info during refresh. "On-the-fly" syntax checking information may be incorrect. [C:\Users\C28Asher.Speicher\Documents\ece383_code\lab4\Lab4.srcs\sources_1\imports\ece383-lab4\Lab4_cu.vhd:]
WARNING: [filemgmt 56-199] Attempt to get parsing info during refresh. "On-the-fly" syntax checking information may be incorrect. [C:\Users\C28Asher.Speicher\Documents\ece383_code\lab4\Lab4.srcs\sources_1\imports\ece383-lab4\Interpolate.vhd:]
WARNING: [filemgmt 56-199] Attempt to get parsing info during refresh. "On-the-fly" syntax checking information may be incorrect. [C:\Users\C28Asher.Speicher\Documents\ece383_code\lab4\Lab4.srcs\sources_1\imports\ece383-lab4\IndexOffsetReg.vhd:]
WARNING: [filemgmt 56-199] Attempt to get parsing info during refresh. "On-the-fly" syntax checking information may be incorrect. [C:\Users\C28Asher.Speicher\Documents\ece383_code\lab4\Lab4.srcs\sources_1\imports\ece383-lab4\LookupTable.vhd:]
WARNING: [filemgmt 56-199] Attempt to get parsing info during refresh. "On-the-fly" syntax checking information may be incorrect. [C:\Users\C28Asher.Speicher\Documents\ece383_code\lab4\Lab4.srcs\sources_1\imports\ece383-lab4\Lab4.vhd:]
WARNING: [filemgmt 56-199] Attempt to get parsing info during refresh. "On-the-fly" syntax checking information may be incorrect. [C:\Users\C28Asher.Speicher\Documents\ece383_code\lab4\Lab4.srcs\sources_1\imports\ece383-lab4\Amplify.vhd:]
WARNING: [filemgmt 56-199] Attempt to get parsing info during refresh. "On-the-fly" syntax checking information may be incorrect. [C:\Users\C28Asher.Speicher\Documents\ece383_code\lab4\Lab4.srcs\sources_1\imports\lab2_code_for_cadets\Audio_Codec_Wrapper.vhd:]
WARNING: [filemgmt 56-199] Attempt to get parsing info during refresh. "On-the-fly" syntax checking information may be incorrect. [C:\Users\C28Asher.Speicher\Documents\ece383_code\lab4\Lab4.srcs\sources_1\imports\lab2_code_for_cadets\Audio_Codec_Wrapper.vhd:]
ERROR: [Common 17-180] Spawn failed: No error
WARNING: [filemgmt 56-199] Attempt to get parsing info during refresh. "On-the-fly" syntax checking information may be incorrect. [C:\Users\C28Asher.Speicher\Documents\ece383_code\lab4\Lab4.srcs\sources_1\imports\lab2_code_for_cadets\Audio_Codec_Wrapper.vhd:]
WARNING: [filemgmt 56-199] Attempt to get parsing info during refresh. "On-the-fly" syntax checking information may be incorrect. [C:\Users\C28Asher.Speicher\Documents\ece383_code\lab4\Lab4.srcs\sources_1\imports\ece383-lab4\Lab4_dp.vhd:]
WARNING: [filemgmt 56-199] Attempt to get parsing info during refresh. "On-the-fly" syntax checking information may be incorrect. [C:\Users\C28Asher.Speicher\Documents\ece383_code\lab4\Lab4.srcs\sources_1\imports\ece383-lab4\Lab4_cu.vhd:]
WARNING: [filemgmt 56-199] Attempt to get parsing info during refresh. "On-the-fly" syntax checking information may be incorrect. [C:\Users\C28Asher.Speicher\Documents\ece383_code\lab4\Lab4.srcs\sources_1\imports\ece383-lab4\Interpolate.vhd:]
WARNING: [filemgmt 56-199] Attempt to get parsing info during refresh. "On-the-fly" syntax checking information may be incorrect. [C:\Users\C28Asher.Speicher\Documents\ece383_code\lab4\Lab4.srcs\sources_1\imports\ece383-lab4\IndexOffsetReg.vhd:]
WARNING: [filemgmt 56-199] Attempt to get parsing info during refresh. "On-the-fly" syntax checking information may be incorrect. [C:\Users\C28Asher.Speicher\Documents\ece383_code\lab4\Lab4.srcs\sources_1\imports\ece383-lab4\LookupTable.vhd:]
WARNING: [filemgmt 56-199] Attempt to get parsing info during refresh. "On-the-fly" syntax checking information may be incorrect. [C:\Users\C28Asher.Speicher\Documents\ece383_code\lab4\Lab4.srcs\sources_1\imports\ece383-lab4\Lab4.vhd:]
WARNING: [filemgmt 56-199] Attempt to get parsing info during refresh. "On-the-fly" syntax checking information may be incorrect. [C:\Users\C28Asher.Speicher\Documents\ece383_code\lab4\Lab4.srcs\sources_1\imports\ece383-lab4\Amplify.vhd:]
WARNING: [filemgmt 56-199] Attempt to get parsing info during refresh. "On-the-fly" syntax checking information may be incorrect. [C:\Users\C28Asher.Speicher\Documents\ece383_code\lab4\Lab4.srcs\sources_1\imports\ece383-lab4\Interpolate.vhd:]
WARNING: [filemgmt 56-199] Attempt to get parsing info during refresh. "On-the-fly" syntax checking information may be incorrect. [C:\Users\C28Asher.Speicher\Documents\ece383_code\lab4\Lab4.srcs\sources_1\imports\ece383-lab4\Interpolate.vhd:]
ERROR: [Common 17-180] Spawn failed: No error
WARNING: [filemgmt 56-199] Attempt to get parsing info during refresh. "On-the-fly" syntax checking information may be incorrect. [C:\Users\C28Asher.Speicher\Documents\ece383_code\lab4\Lab4.srcs\sources_1\imports\lab2_code_for_cadets\Audio_Codec_Wrapper.vhd:]
WARNING: [filemgmt 56-199] Attempt to get parsing info during refresh. "On-the-fly" syntax checking information may be incorrect. [C:\Users\C28Asher.Speicher\Documents\ece383_code\lab4\Lab4.srcs\sources_1\imports\ece383-lab4\Lab4_dp.vhd:]
WARNING: [filemgmt 56-199] Attempt to get parsing info during refresh. "On-the-fly" syntax checking information may be incorrect. [C:\Users\C28Asher.Speicher\Documents\ece383_code\lab4\Lab4.srcs\sources_1\imports\ece383-lab4\Lab4_cu.vhd:]
WARNING: [filemgmt 56-199] Attempt to get parsing info during refresh. "On-the-fly" syntax checking information may be incorrect. [C:\Users\C28Asher.Speicher\Documents\ece383_code\lab4\Lab4.srcs\sources_1\imports\ece383-lab4\Interpolate.vhd:]
WARNING: [filemgmt 56-199] Attempt to get parsing info during refresh. "On-the-fly" syntax checking information may be incorrect. [C:\Users\C28Asher.Speicher\Documents\ece383_code\lab4\Lab4.srcs\sources_1\imports\ece383-lab4\IndexOffsetReg.vhd:]
WARNING: [filemgmt 56-199] Attempt to get parsing info during refresh. "On-the-fly" syntax checking information may be incorrect. [C:\Users\C28Asher.Speicher\Documents\ece383_code\lab4\Lab4.srcs\sources_1\imports\ece383-lab4\LookupTable.vhd:]
WARNING: [filemgmt 56-199] Attempt to get parsing info during refresh. "On-the-fly" syntax checking information may be incorrect. [C:\Users\C28Asher.Speicher\Documents\ece383_code\lab4\Lab4.srcs\sources_1\imports\ece383-lab4\Lab4.vhd:]
WARNING: [filemgmt 56-199] Attempt to get parsing info during refresh. "On-the-fly" syntax checking information may be incorrect. [C:\Users\C28Asher.Speicher\Documents\ece383_code\lab4\Lab4.srcs\sources_1\imports\ece383-lab4\Amplify.vhd:]
WARNING: [filemgmt 56-199] Attempt to get parsing info during refresh. "On-the-fly" syntax checking information may be incorrect. [C:\Users\C28Asher.Speicher\Documents\ece383_code\lab4\Lab4.srcs\sources_1\imports\ece383-lab4\LookupTable.vhd:]
WARNING: [filemgmt 56-199] Attempt to get parsing info during refresh. "On-the-fly" syntax checking information may be incorrect. [C:\Users\C28Asher.Speicher\Documents\ece383_code\lab4\Lab4.srcs\sources_1\imports\ece383-lab4\LookupTable.vhd:]
ERROR: [Common 17-180] Spawn failed: No error
WARNING: [filemgmt 56-199] Attempt to get parsing info during refresh. "On-the-fly" syntax checking information may be incorrect. [C:\Users\C28Asher.Speicher\Documents\ece383_code\lab4\Lab4.srcs\sources_1\imports\lab2_code_for_cadets\Audio_Codec_Wrapper.vhd:]
WARNING: [filemgmt 56-199] Attempt to get parsing info during refresh. "On-the-fly" syntax checking information may be incorrect. [C:\Users\C28Asher.Speicher\Documents\ece383_code\lab4\Lab4.srcs\sources_1\imports\ece383-lab4\Lab4_dp.vhd:]
WARNING: [filemgmt 56-199] Attempt to get parsing info during refresh. "On-the-fly" syntax checking information may be incorrect. [C:\Users\C28Asher.Speicher\Documents\ece383_code\lab4\Lab4.srcs\sources_1\imports\ece383-lab4\Lab4_cu.vhd:]
WARNING: [filemgmt 56-199] Attempt to get parsing info during refresh. "On-the-fly" syntax checking information may be incorrect. [C:\Users\C28Asher.Speicher\Documents\ece383_code\lab4\Lab4.srcs\sources_1\imports\ece383-lab4\Interpolate.vhd:]
WARNING: [filemgmt 56-199] Attempt to get parsing info during refresh. "On-the-fly" syntax checking information may be incorrect. [C:\Users\C28Asher.Speicher\Documents\ece383_code\lab4\Lab4.srcs\sources_1\imports\ece383-lab4\IndexOffsetReg.vhd:]
WARNING: [filemgmt 56-199] Attempt to get parsing info during refresh. "On-the-fly" syntax checking information may be incorrect. [C:\Users\C28Asher.Speicher\Documents\ece383_code\lab4\Lab4.srcs\sources_1\imports\ece383-lab4\LookupTable.vhd:]
WARNING: [filemgmt 56-199] Attempt to get parsing info during refresh. "On-the-fly" syntax checking information may be incorrect. [C:\Users\C28Asher.Speicher\Documents\ece383_code\lab4\Lab4.srcs\sources_1\imports\ece383-lab4\Lab4.vhd:]
WARNING: [filemgmt 56-199] Attempt to get parsing info during refresh. "On-the-fly" syntax checking information may be incorrect. [C:\Users\C28Asher.Speicher\Documents\ece383_code\lab4\Lab4.srcs\sources_1\imports\ece383-lab4\Amplify.vhd:]
WARNING: [filemgmt 56-199] Attempt to get parsing info during refresh. "On-the-fly" syntax checking information may be incorrect. [C:\Users\C28Asher.Speicher\Documents\ece383_code\lab4\Lab4.srcs\sources_1\imports\ece383-lab4\IndexOffsetReg.vhd:]
WARNING: [filemgmt 56-199] Attempt to get parsing info during refresh. "On-the-fly" syntax checking information may be incorrect. [C:\Users\C28Asher.Speicher\Documents\ece383_code\lab4\Lab4.srcs\sources_1\imports\ece383-lab4\IndexOffsetReg.vhd:]
ERROR: [Common 17-180] Spawn failed: No error
WARNING: [filemgmt 56-199] Attempt to get parsing info during refresh. "On-the-fly" syntax checking information may be incorrect. [C:\Users\C28Asher.Speicher\Documents\ece383_code\lab4\Lab4.srcs\sources_1\imports\lab2_code_for_cadets\Audio_Codec_Wrapper.vhd:]
WARNING: [filemgmt 56-199] Attempt to get parsing info during refresh. "On-the-fly" syntax checking information may be incorrect. [C:\Users\C28Asher.Speicher\Documents\ece383_code\lab4\Lab4.srcs\sources_1\imports\ece383-lab4\Lab4_dp.vhd:]
WARNING: [filemgmt 56-199] Attempt to get parsing info during refresh. "On-the-fly" syntax checking information may be incorrect. [C:\Users\C28Asher.Speicher\Documents\ece383_code\lab4\Lab4.srcs\sources_1\imports\ece383-lab4\Lab4_cu.vhd:]
WARNING: [filemgmt 56-199] Attempt to get parsing info during refresh. "On-the-fly" syntax checking information may be incorrect. [C:\Users\C28Asher.Speicher\Documents\ece383_code\lab4\Lab4.srcs\sources_1\imports\ece383-lab4\Interpolate.vhd:]
WARNING: [filemgmt 56-199] Attempt to get parsing info during refresh. "On-the-fly" syntax checking information may be incorrect. [C:\Users\C28Asher.Speicher\Documents\ece383_code\lab4\Lab4.srcs\sources_1\imports\ece383-lab4\IndexOffsetReg.vhd:]
WARNING: [filemgmt 56-199] Attempt to get parsing info during refresh. "On-the-fly" syntax checking information may be incorrect. [C:\Users\C28Asher.Speicher\Documents\ece383_code\lab4\Lab4.srcs\sources_1\imports\ece383-lab4\LookupTable.vhd:]
WARNING: [filemgmt 56-199] Attempt to get parsing info during refresh. "On-the-fly" syntax checking information may be incorrect. [C:\Users\C28Asher.Speicher\Documents\ece383_code\lab4\Lab4.srcs\sources_1\imports\ece383-lab4\Lab4.vhd:]
WARNING: [filemgmt 56-199] Attempt to get parsing info during refresh. "On-the-fly" syntax checking information may be incorrect. [C:\Users\C28Asher.Speicher\Documents\ece383_code\lab4\Lab4.srcs\sources_1\imports\ece383-lab4\Amplify.vhd:]
WARNING: [filemgmt 56-199] Attempt to get parsing info during refresh. "On-the-fly" syntax checking information may be incorrect. [C:\Users\C28Asher.Speicher\Documents\ece383_code\lab4\Lab4.srcs\sources_1\imports\ece383-lab4\Lab4_dp.vhd:]
WARNING: [filemgmt 56-199] Attempt to get parsing info during refresh. "On-the-fly" syntax checking information may be incorrect. [C:\Users\C28Asher.Speicher\Documents\ece383_code\lab4\Lab4.srcs\sources_1\imports\ece383-lab4\Lab4_dp.vhd:]
WARNING: [filemgmt 56-199] Attempt to get parsing info during refresh. "On-the-fly" syntax checking information may be incorrect. [C:\Users\C28Asher.Speicher\Documents\ece383_code\lab4\Lab4.srcs\sources_1\imports\lab2_code_for_cadets\Audio_Codec_Wrapper.vhd:]
WARNING: [filemgmt 56-199] Attempt to get parsing info during refresh. "On-the-fly" syntax checking information may be incorrect. [C:\Users\C28Asher.Speicher\Documents\ece383_code\lab4\Lab4.srcs\sources_1\imports\ece383-lab4\Lab4_dp.vhd:]
WARNING: [filemgmt 56-199] Attempt to get parsing info during refresh. "On-the-fly" syntax checking information may be incorrect. [C:\Users\C28Asher.Speicher\Documents\ece383_code\lab4\Lab4.srcs\sources_1\imports\ece383-lab4\Lab4_cu.vhd:]
WARNING: [filemgmt 56-199] Attempt to get parsing info during refresh. "On-the-fly" syntax checking information may be incorrect. [C:\Users\C28Asher.Speicher\Documents\ece383_code\lab4\Lab4.srcs\sources_1\imports\ece383-lab4\Interpolate.vhd:]
WARNING: [filemgmt 56-199] Attempt to get parsing info during refresh. "On-the-fly" syntax checking information may be incorrect. [C:\Users\C28Asher.Speicher\Documents\ece383_code\lab4\Lab4.srcs\sources_1\imports\ece383-lab4\IndexOffsetReg.vhd:]
WARNING: [filemgmt 56-199] Attempt to get parsing info during refresh. "On-the-fly" syntax checking information may be incorrect. [C:\Users\C28Asher.Speicher\Documents\ece383_code\lab4\Lab4.srcs\sources_1\imports\ece383-lab4\LookupTable.vhd:]
WARNING: [filemgmt 56-199] Attempt to get parsing info during refresh. "On-the-fly" syntax checking information may be incorrect. [C:\Users\C28Asher.Speicher\Documents\ece383_code\lab4\Lab4.srcs\sources_1\imports\ece383-lab4\Lab4.vhd:]
WARNING: [filemgmt 56-199] Attempt to get parsing info during refresh. "On-the-fly" syntax checking information may be incorrect. [C:\Users\C28Asher.Speicher\Documents\ece383_code\lab4\Lab4.srcs\sources_1\imports\ece383-lab4\Amplify.vhd:]
WARNING: [filemgmt 56-199] Attempt to get parsing info during refresh. "On-the-fly" syntax checking information may be incorrect. [C:\Users\C28Asher.Speicher\Documents\ece383_code\lab4\Lab4.srcs\sources_1\imports\ece383-lab4\Lab4_cu.vhd:]
WARNING: [filemgmt 56-199] Attempt to get parsing info during refresh. "On-the-fly" syntax checking information may be incorrect. [C:\Users\C28Asher.Speicher\Documents\ece383_code\lab4\Lab4.srcs\sources_1\imports\ece383-lab4\Lab4_cu.vhd:]
WARNING: [filemgmt 56-199] Attempt to get parsing info during refresh. "On-the-fly" syntax checking information may be incorrect. [C:\Users\C28Asher.Speicher\Documents\ece383_code\lab4\Lab4.srcs\sources_1\imports\lab2_code_for_cadets\Audio_Codec_Wrapper.vhd:]
WARNING: [filemgmt 56-199] Attempt to get parsing info during refresh. "On-the-fly" syntax checking information may be incorrect. [C:\Users\C28Asher.Speicher\Documents\ece383_code\lab4\Lab4.srcs\sources_1\imports\ece383-lab4\Lab4_dp.vhd:]
WARNING: [filemgmt 56-199] Attempt to get parsing info during refresh. "On-the-fly" syntax checking information may be incorrect. [C:\Users\C28Asher.Speicher\Documents\ece383_code\lab4\Lab4.srcs\sources_1\imports\ece383-lab4\Lab4_cu.vhd:]
WARNING: [filemgmt 56-199] Attempt to get parsing info during refresh. "On-the-fly" syntax checking information may be incorrect. [C:\Users\C28Asher.Speicher\Documents\ece383_code\lab4\Lab4.srcs\sources_1\imports\ece383-lab4\Interpolate.vhd:]
WARNING: [filemgmt 56-199] Attempt to get parsing info during refresh. "On-the-fly" syntax checking information may be incorrect. [C:\Users\C28Asher.Speicher\Documents\ece383_code\lab4\Lab4.srcs\sources_1\imports\ece383-lab4\IndexOffsetReg.vhd:]
WARNING: [filemgmt 56-199] Attempt to get parsing info during refresh. "On-the-fly" syntax checking information may be incorrect. [C:\Users\C28Asher.Speicher\Documents\ece383_code\lab4\Lab4.srcs\sources_1\imports\ece383-lab4\LookupTable.vhd:]
WARNING: [filemgmt 56-199] Attempt to get parsing info during refresh. "On-the-fly" syntax checking information may be incorrect. [C:\Users\C28Asher.Speicher\Documents\ece383_code\lab4\Lab4.srcs\sources_1\imports\ece383-lab4\Lab4.vhd:]
WARNING: [filemgmt 56-199] Attempt to get parsing info during refresh. "On-the-fly" syntax checking information may be incorrect. [C:\Users\C28Asher.Speicher\Documents\ece383_code\lab4\Lab4.srcs\sources_1\imports\ece383-lab4\Amplify.vhd:]
WARNING: [filemgmt 56-199] Attempt to get parsing info during refresh. "On-the-fly" syntax checking information may be incorrect. [C:\Users\C28Asher.Speicher\Documents\ece383_code\lab4\Lab4.srcs\sources_1\imports\ece383-lab4\LookupTable.vhd:]
WARNING: [filemgmt 56-199] Attempt to get parsing info during refresh. "On-the-fly" syntax checking information may be incorrect. [C:\Users\C28Asher.Speicher\Documents\ece383_code\lab4\Lab4.srcs\sources_1\imports\ece383-lab4\LookupTable.vhd:]
INFO: [Common 17-14] Message 'filemgmt 56-199' appears 100 times and further instances of the messages will be disabled. Use the Tcl command set_msg_config to change the current settings.
ipx::edit_ip_in_project: Time (s): cpu = 00:00:05 ; elapsed = 00:00:26 . Memory (MB): peak = 1861.359 ; gain = 283.250
ERROR: [Common 17-180] Spawn failed: No error
ERROR: [Common 17-39] 'ipx::edit_ip_in_project' failed due to earlier errors.
current_project Lab4
ERROR: [Common 17-180] Spawn failed: No error
ERROR: [Common 17-180] Spawn failed: No error
ERROR: [Common 17-180] Spawn failed: No error
ERROR: [Common 17-180] Spawn failed: No error
current_project My_Lab3_v1_0_project
update_compile_order -fileset sources_1
WARNING: [filemgmt 56-199] Attempt to get parsing info during refresh. "On-the-fly" syntax checking information may be incorrect. [C:\Users\C28Asher.Speicher\Documents\ece383_code\lab4\Lab4.srcs\sources_1\imports\lab2_code_for_cadets\Audio_Codec_Wrapper.vhd:]
WARNING: [filemgmt 56-199] Attempt to get parsing info during refresh. "On-the-fly" syntax checking information may be incorrect. [C:\Users\C28Asher.Speicher\Documents\ece383_code\lab4\Lab4.srcs\sources_1\imports\ece383-lab4\Lab4_dp.vhd:]
WARNING: [filemgmt 56-199] Attempt to get parsing info during refresh. "On-the-fly" syntax checking information may be incorrect. [C:\Users\C28Asher.Speicher\Documents\ece383_code\lab4\Lab4.srcs\sources_1\imports\ece383-lab4\Lab4_cu.vhd:]
WARNING: [filemgmt 56-199] Attempt to get parsing info during refresh. "On-the-fly" syntax checking information may be incorrect. [C:\Users\C28Asher.Speicher\Documents\ece383_code\lab4\Lab4.srcs\sources_1\imports\ece383-lab4\Interpolate.vhd:]
WARNING: [filemgmt 56-199] Attempt to get parsing info during refresh. "On-the-fly" syntax checking information may be incorrect. [C:\Users\C28Asher.Speicher\Documents\ece383_code\lab4\Lab4.srcs\sources_1\imports\ece383-lab4\IndexOffsetReg.vhd:]
WARNING: [filemgmt 56-199] Attempt to get parsing info during refresh. "On-the-fly" syntax checking information may be incorrect. [C:\Users\C28Asher.Speicher\Documents\ece383_code\lab4\Lab4.srcs\sources_1\imports\ece383-lab4\LookupTable.vhd:]
WARNING: [filemgmt 56-199] Attempt to get parsing info during refresh. "On-the-fly" syntax checking information may be incorrect. [C:\Users\C28Asher.Speicher\Documents\ece383_code\lab4\Lab4.srcs\sources_1\imports\ece383-lab4\Lab4.vhd:]
WARNING: [filemgmt 56-199] Attempt to get parsing info during refresh. "On-the-fly" syntax checking information may be incorrect. [C:\Users\C28Asher.Speicher\Documents\ece383_code\lab4\Lab4.srcs\sources_1\imports\ece383-lab4\Amplify.vhd:]
WARNING: [filemgmt 56-199] Attempt to get parsing info during refresh. "On-the-fly" syntax checking information may be incorrect. [C:\Users\C28Asher.Speicher\Documents\ece383_code\lab4\Lab4.srcs\sources_1\imports\ece383-lab4\Lab4_dp.vhd:]
WARNING: [filemgmt 56-199] Attempt to get parsing info during refresh. "On-the-fly" syntax checking information may be incorrect. [C:\Users\C28Asher.Speicher\Documents\ece383_code\lab4\Lab4.srcs\sources_1\imports\ece383-lab4\Lab4_dp.vhd:]
WARNING: [filemgmt 56-199] Attempt to get parsing info during refresh. "On-the-fly" syntax checking information may be incorrect. [C:\Users\C28Asher.Speicher\Documents\ece383_code\lab4\Lab4.srcs\sources_1\imports\lab2_code_for_cadets\Audio_Codec_Wrapper.vhd:]
WARNING: [filemgmt 56-199] Attempt to get parsing info during refresh. "On-the-fly" syntax checking information may be incorrect. [C:\Users\C28Asher.Speicher\Documents\ece383_code\lab4\Lab4.srcs\sources_1\imports\ece383-lab4\Lab4_dp.vhd:]
WARNING: [filemgmt 56-199] Attempt to get parsing info during refresh. "On-the-fly" syntax checking information may be incorrect. [C:\Users\C28Asher.Speicher\Documents\ece383_code\lab4\Lab4.srcs\sources_1\imports\ece383-lab4\Lab4_cu.vhd:]
WARNING: [filemgmt 56-199] Attempt to get parsing info during refresh. "On-the-fly" syntax checking information may be incorrect. [C:\Users\C28Asher.Speicher\Documents\ece383_code\lab4\Lab4.srcs\sources_1\imports\ece383-lab4\Interpolate.vhd:]
WARNING: [filemgmt 56-199] Attempt to get parsing info during refresh. "On-the-fly" syntax checking information may be incorrect. [C:\Users\C28Asher.Speicher\Documents\ece383_code\lab4\Lab4.srcs\sources_1\imports\ece383-lab4\IndexOffsetReg.vhd:]
WARNING: [filemgmt 56-199] Attempt to get parsing info during refresh. "On-the-fly" syntax checking information may be incorrect. [C:\Users\C28Asher.Speicher\Documents\ece383_code\lab4\Lab4.srcs\sources_1\imports\ece383-lab4\LookupTable.vhd:]
WARNING: [filemgmt 56-199] Attempt to get parsing info during refresh. "On-the-fly" syntax checking information may be incorrect. [C:\Users\C28Asher.Speicher\Documents\ece383_code\lab4\Lab4.srcs\sources_1\imports\ece383-lab4\Lab4.vhd:]
WARNING: [filemgmt 56-199] Attempt to get parsing info during refresh. "On-the-fly" syntax checking information may be incorrect. [C:\Users\C28Asher.Speicher\Documents\ece383_code\lab4\Lab4.srcs\sources_1\imports\ece383-lab4\Amplify.vhd:]
WARNING: [filemgmt 56-199] Attempt to get parsing info during refresh. "On-the-fly" syntax checking information may be incorrect. [C:\Users\C28Asher.Speicher\Documents\ece383_code\lab4\Lab4.srcs\sources_1\imports\ece383-lab4\Lab4_cu.vhd:]
WARNING: [filemgmt 56-199] Attempt to get parsing info during refresh. "On-the-fly" syntax checking information may be incorrect. [C:\Users\C28Asher.Speicher\Documents\ece383_code\lab4\Lab4.srcs\sources_1\imports\ece383-lab4\Lab4_cu.vhd:]
WARNING: [filemgmt 56-199] Attempt to get parsing info during refresh. "On-the-fly" syntax checking information may be incorrect. [C:\Users\C28Asher.Speicher\Documents\ece383_code\lab4\Lab4.srcs\sources_1\imports\lab2_code_for_cadets\Audio_Codec_Wrapper.vhd:]
WARNING: [filemgmt 56-199] Attempt to get parsing info during refresh. "On-the-fly" syntax checking information may be incorrect. [C:\Users\C28Asher.Speicher\Documents\ece383_code\lab4\Lab4.srcs\sources_1\imports\ece383-lab4\Lab4_dp.vhd:]
WARNING: [filemgmt 56-199] Attempt to get parsing info during refresh. "On-the-fly" syntax checking information may be incorrect. [C:\Users\C28Asher.Speicher\Documents\ece383_code\lab4\Lab4.srcs\sources_1\imports\ece383-lab4\Lab4_cu.vhd:]
WARNING: [filemgmt 56-199] Attempt to get parsing info during refresh. "On-the-fly" syntax checking information may be incorrect. [C:\Users\C28Asher.Speicher\Documents\ece383_code\lab4\Lab4.srcs\sources_1\imports\ece383-lab4\Interpolate.vhd:]
WARNING: [filemgmt 56-199] Attempt to get parsing info during refresh. "On-the-fly" syntax checking information may be incorrect. [C:\Users\C28Asher.Speicher\Documents\ece383_code\lab4\Lab4.srcs\sources_1\imports\ece383-lab4\IndexOffsetReg.vhd:]
WARNING: [filemgmt 56-199] Attempt to get parsing info during refresh. "On-the-fly" syntax checking information may be incorrect. [C:\Users\C28Asher.Speicher\Documents\ece383_code\lab4\Lab4.srcs\sources_1\imports\ece383-lab4\LookupTable.vhd:]
WARNING: [filemgmt 56-199] Attempt to get parsing info during refresh. "On-the-fly" syntax checking information may be incorrect. [C:\Users\C28Asher.Speicher\Documents\ece383_code\lab4\Lab4.srcs\sources_1\imports\ece383-lab4\Lab4.vhd:]
WARNING: [filemgmt 56-199] Attempt to get parsing info during refresh. "On-the-fly" syntax checking information may be incorrect. [C:\Users\C28Asher.Speicher\Documents\ece383_code\lab4\Lab4.srcs\sources_1\imports\ece383-lab4\Amplify.vhd:]
WARNING: [filemgmt 56-199] Attempt to get parsing info during refresh. "On-the-fly" syntax checking information may be incorrect. [C:\Users\C28Asher.Speicher\Documents\ece383_code\lab4\Lab4.srcs\sources_1\imports\ece383-lab4\LookupTable.vhd:]
WARNING: [filemgmt 56-199] Attempt to get parsing info during refresh. "On-the-fly" syntax checking information may be incorrect. [C:\Users\C28Asher.Speicher\Documents\ece383_code\lab4\Lab4.srcs\sources_1\imports\ece383-lab4\LookupTable.vhd:]
WARNING: [filemgmt 56-199] Attempt to get parsing info during refresh. "On-the-fly" syntax checking information may be incorrect. [C:\Users\C28Asher.Speicher\Documents\ece383_code\lab4\Lab4.srcs\sources_1\imports\lab2_code_for_cadets\Audio_Codec_Wrapper.vhd:]
WARNING: [filemgmt 56-199] Attempt to get parsing info during refresh. "On-the-fly" syntax checking information may be incorrect. [C:\Users\C28Asher.Speicher\Documents\ece383_code\lab4\Lab4.srcs\sources_1\imports\ece383-lab4\Lab4_dp.vhd:]
WARNING: [filemgmt 56-199] Attempt to get parsing info during refresh. "On-the-fly" syntax checking information may be incorrect. [C:\Users\C28Asher.Speicher\Documents\ece383_code\lab4\Lab4.srcs\sources_1\imports\ece383-lab4\Lab4_cu.vhd:]
WARNING: [filemgmt 56-199] Attempt to get parsing info during refresh. "On-the-fly" syntax checking information may be incorrect. [C:\Users\C28Asher.Speicher\Documents\ece383_code\lab4\Lab4.srcs\sources_1\imports\ece383-lab4\Interpolate.vhd:]
WARNING: [filemgmt 56-199] Attempt to get parsing info during refresh. "On-the-fly" syntax checking information may be incorrect. [C:\Users\C28Asher.Speicher\Documents\ece383_code\lab4\Lab4.srcs\sources_1\imports\ece383-lab4\IndexOffsetReg.vhd:]
WARNING: [filemgmt 56-199] Attempt to get parsing info during refresh. "On-the-fly" syntax checking information may be incorrect. [C:\Users\C28Asher.Speicher\Documents\ece383_code\lab4\Lab4.srcs\sources_1\imports\ece383-lab4\LookupTable.vhd:]
WARNING: [filemgmt 56-199] Attempt to get parsing info during refresh. "On-the-fly" syntax checking information may be incorrect. [C:\Users\C28Asher.Speicher\Documents\ece383_code\lab4\Lab4.srcs\sources_1\imports\ece383-lab4\Lab4.vhd:]
WARNING: [filemgmt 56-199] Attempt to get parsing info during refresh. "On-the-fly" syntax checking information may be incorrect. [C:\Users\C28Asher.Speicher\Documents\ece383_code\lab4\Lab4.srcs\sources_1\imports\ece383-lab4\Amplify.vhd:]
WARNING: [filemgmt 56-199] Attempt to get parsing info during refresh. "On-the-fly" syntax checking information may be incorrect. [C:\Users\C28Asher.Speicher\Documents\ece383_code\lab4\Lab4.srcs\sources_1\imports\ece383-lab4\IndexOffsetReg.vhd:]
WARNING: [filemgmt 56-199] Attempt to get parsing info during refresh. "On-the-fly" syntax checking information may be incorrect. [C:\Users\C28Asher.Speicher\Documents\ece383_code\lab4\Lab4.srcs\sources_1\imports\ece383-lab4\IndexOffsetReg.vhd:]
WARNING: [filemgmt 56-199] Attempt to get parsing info during refresh. "On-the-fly" syntax checking information may be incorrect. [C:\Users\C28Asher.Speicher\Documents\ece383_code\lab4\Lab4.srcs\sources_1\imports\lab2_code_for_cadets\Audio_Codec_Wrapper.vhd:]
WARNING: [filemgmt 56-199] Attempt to get parsing info during refresh. "On-the-fly" syntax checking information may be incorrect. [C:\Users\C28Asher.Speicher\Documents\ece383_code\lab4\Lab4.srcs\sources_1\imports\ece383-lab4\Lab4_dp.vhd:]
WARNING: [filemgmt 56-199] Attempt to get parsing info during refresh. "On-the-fly" syntax checking information may be incorrect. [C:\Users\C28Asher.Speicher\Documents\ece383_code\lab4\Lab4.srcs\sources_1\imports\ece383-lab4\Lab4_cu.vhd:]
WARNING: [filemgmt 56-199] Attempt to get parsing info during refresh. "On-the-fly" syntax checking information may be incorrect. [C:\Users\C28Asher.Speicher\Documents\ece383_code\lab4\Lab4.srcs\sources_1\imports\ece383-lab4\Interpolate.vhd:]
WARNING: [filemgmt 56-199] Attempt to get parsing info during refresh. "On-the-fly" syntax checking information may be incorrect. [C:\Users\C28Asher.Speicher\Documents\ece383_code\lab4\Lab4.srcs\sources_1\imports\ece383-lab4\IndexOffsetReg.vhd:]
WARNING: [filemgmt 56-199] Attempt to get parsing info during refresh. "On-the-fly" syntax checking information may be incorrect. [C:\Users\C28Asher.Speicher\Documents\ece383_code\lab4\Lab4.srcs\sources_1\imports\ece383-lab4\LookupTable.vhd:]
WARNING: [filemgmt 56-199] Attempt to get parsing info during refresh. "On-the-fly" syntax checking information may be incorrect. [C:\Users\C28Asher.Speicher\Documents\ece383_code\lab4\Lab4.srcs\sources_1\imports\ece383-lab4\Lab4.vhd:]
WARNING: [filemgmt 56-199] Attempt to get parsing info during refresh. "On-the-fly" syntax checking information may be incorrect. [C:\Users\C28Asher.Speicher\Documents\ece383_code\lab4\Lab4.srcs\sources_1\imports\ece383-lab4\Amplify.vhd:]
WARNING: [filemgmt 56-199] Attempt to get parsing info during refresh. "On-the-fly" syntax checking information may be incorrect. [C:\Users\C28Asher.Speicher\Documents\ece383_code\lab4\Lab4.srcs\sources_1\imports\ece383-lab4\Amplify.vhd:]
WARNING: [filemgmt 56-199] Attempt to get parsing info during refresh. "On-the-fly" syntax checking information may be incorrect. [C:\Users\C28Asher.Speicher\Documents\ece383_code\lab4\Lab4.srcs\sources_1\imports\ece383-lab4\Amplify.vhd:]
WARNING: [filemgmt 56-199] Attempt to get parsing info during refresh. "On-the-fly" syntax checking information may be incorrect. [C:\Users\C28Asher.Speicher\Documents\ece383_code\lab4\Lab4.srcs\sources_1\imports\lab2_code_for_cadets\Audio_Codec_Wrapper.vhd:]
WARNING: [filemgmt 56-199] Attempt to get parsing info during refresh. "On-the-fly" syntax checking information may be incorrect. [C:\Users\C28Asher.Speicher\Documents\ece383_code\lab4\Lab4.srcs\sources_1\imports\ece383-lab4\Lab4_dp.vhd:]
WARNING: [filemgmt 56-199] Attempt to get parsing info during refresh. "On-the-fly" syntax checking information may be incorrect. [C:\Users\C28Asher.Speicher\Documents\ece383_code\lab4\Lab4.srcs\sources_1\imports\ece383-lab4\Lab4_cu.vhd:]
WARNING: [filemgmt 56-199] Attempt to get parsing info during refresh. "On-the-fly" syntax checking information may be incorrect. [C:\Users\C28Asher.Speicher\Documents\ece383_code\lab4\Lab4.srcs\sources_1\imports\ece383-lab4\Interpolate.vhd:]
WARNING: [filemgmt 56-199] Attempt to get parsing info during refresh. "On-the-fly" syntax checking information may be incorrect. [C:\Users\C28Asher.Speicher\Documents\ece383_code\lab4\Lab4.srcs\sources_1\imports\ece383-lab4\IndexOffsetReg.vhd:]
WARNING: [filemgmt 56-199] Attempt to get parsing info during refresh. "On-the-fly" syntax checking information may be incorrect. [C:\Users\C28Asher.Speicher\Documents\ece383_code\lab4\Lab4.srcs\sources_1\imports\ece383-lab4\LookupTable.vhd:]
WARNING: [filemgmt 56-199] Attempt to get parsing info during refresh. "On-the-fly" syntax checking information may be incorrect. [C:\Users\C28Asher.Speicher\Documents\ece383_code\lab4\Lab4.srcs\sources_1\imports\ece383-lab4\Lab4.vhd:]
WARNING: [filemgmt 56-199] Attempt to get parsing info during refresh. "On-the-fly" syntax checking information may be incorrect. [C:\Users\C28Asher.Speicher\Documents\ece383_code\lab4\Lab4.srcs\sources_1\imports\ece383-lab4\Amplify.vhd:]
WARNING: [filemgmt 56-199] Attempt to get parsing info during refresh. "On-the-fly" syntax checking information may be incorrect. [C:\Users\C28Asher.Speicher\Documents\ece383_code\lab4\Lab4.srcs\sources_1\imports\ece383-lab4\Interpolate.vhd:]
WARNING: [filemgmt 56-199] Attempt to get parsing info during refresh. "On-the-fly" syntax checking information may be incorrect. [C:\Users\C28Asher.Speicher\Documents\ece383_code\lab4\Lab4.srcs\sources_1\imports\ece383-lab4\Interpolate.vhd:]
ERROR: [Common 17-180] Spawn failed: No error
WARNING: [filemgmt 56-199] Attempt to get parsing info during refresh. "On-the-fly" syntax checking information may be incorrect. [C:\Users\C28Asher.Speicher\Documents\ece383_code\lab4\Lab4.srcs\sources_1\imports\lab2_code_for_cadets\Audio_Codec_Wrapper.vhd:]
WARNING: [filemgmt 56-199] Attempt to get parsing info during refresh. "On-the-fly" syntax checking information may be incorrect. [C:\Users\C28Asher.Speicher\Documents\ece383_code\lab4\Lab4.srcs\sources_1\imports\ece383-lab4\Lab4_dp.vhd:]
WARNING: [filemgmt 56-199] Attempt to get parsing info during refresh. "On-the-fly" syntax checking information may be incorrect. [C:\Users\C28Asher.Speicher\Documents\ece383_code\lab4\Lab4.srcs\sources_1\imports\ece383-lab4\Lab4_cu.vhd:]
WARNING: [filemgmt 56-199] Attempt to get parsing info during refresh. "On-the-fly" syntax checking information may be incorrect. [C:\Users\C28Asher.Speicher\Documents\ece383_code\lab4\Lab4.srcs\sources_1\imports\ece383-lab4\Interpolate.vhd:]
WARNING: [filemgmt 56-199] Attempt to get parsing info during refresh. "On-the-fly" syntax checking information may be incorrect. [C:\Users\C28Asher.Speicher\Documents\ece383_code\lab4\Lab4.srcs\sources_1\imports\ece383-lab4\IndexOffsetReg.vhd:]
WARNING: [filemgmt 56-199] Attempt to get parsing info during refresh. "On-the-fly" syntax checking information may be incorrect. [C:\Users\C28Asher.Speicher\Documents\ece383_code\lab4\Lab4.srcs\sources_1\imports\ece383-lab4\LookupTable.vhd:]
WARNING: [filemgmt 56-199] Attempt to get parsing info during refresh. "On-the-fly" syntax checking information may be incorrect. [C:\Users\C28Asher.Speicher\Documents\ece383_code\lab4\Lab4.srcs\sources_1\imports\ece383-lab4\Lab4.vhd:]
WARNING: [filemgmt 56-199] Attempt to get parsing info during refresh. "On-the-fly" syntax checking information may be incorrect. [C:\Users\C28Asher.Speicher\Documents\ece383_code\lab4\Lab4.srcs\sources_1\imports\ece383-lab4\Amplify.vhd:]
WARNING: [filemgmt 56-199] Attempt to get parsing info during refresh. "On-the-fly" syntax checking information may be incorrect. [C:\Users\C28Asher.Speicher\Documents\ece383_code\lab4\Lab4.srcs\sources_1\imports\ece383-lab4\Lab4.vhd:]
WARNING: [filemgmt 56-199] Attempt to get parsing info during refresh. "On-the-fly" syntax checking information may be incorrect. [C:\Users\C28Asher.Speicher\Documents\ece383_code\lab4\Lab4.srcs\sources_1\imports\ece383-lab4\Lab4.vhd:]
ERROR: [Common 17-180] Spawn failed: No error
update_compile_order -fileset sources_1
current_project Final_Project
current_project My_Lab3_v1_0_project
current_project Lab4
close_project
close_project
exit
INFO: [Common 17-206] Exiting Vivado at Tue Apr 21 13:43:01 2026...
