Copyright 1986-2022 Xilinx, Inc. All Rights Reserved. Copyright 2022-2024 Advanced Micro Devices, Inc. All Rights Reserved.
---------------------------------------------------------------------------------------------------------------------------------------------------------------------------------------------------------
| Tool Version : Vivado v.2024.2 (win64) Build 5239630 Fri Nov 08 22:35:27 MST 2024
| Date         : Wed Feb 11 20:44:09 2026
| Host         : C28-2TK4150H12 running 64-bit major release  (build 9200)
| Command      : report_timing_summary -max_paths 10 -report_unconstrained -file lab2_timing_summary_routed.rpt -pb lab2_timing_summary_routed.pb -rpx lab2_timing_summary_routed.rpx -warn_on_violation
| Design       : lab2
| Device       : 7a200t-sbg484
| Speed File   : -1  PRODUCTION 1.23 2018-06-13
| Design State : Routed
---------------------------------------------------------------------------------------------------------------------------------------------------------------------------------------------------------

Timing Summary Report

------------------------------------------------------------------------------------------------
| Timer Settings
| --------------
------------------------------------------------------------------------------------------------

  Enable Multi Corner Analysis               :  Yes
  Enable Pessimism Removal                   :  Yes
  Pessimism Removal Resolution               :  Nearest Common Node
  Enable Input Delay Default Clock           :  No
  Enable Preset / Clear Arcs                 :  No
  Disable Flight Delays                      :  No
  Ignore I/O Paths                           :  No
  Timing Early Launch at Borrowing Latches   :  No
  Borrow Time for Max Delay Exceptions       :  Yes
  Merge Timing Exceptions                    :  Yes
  Inter-SLR Compensation                     :  Conservative

  Corner  Analyze    Analyze    
  Name    Max Paths  Min Paths  
  ------  ---------  ---------  
  Slow    Yes        Yes        
  Fast    Yes        Yes        


------------------------------------------------------------------------------------------------
| Report Methodology
| ------------------
------------------------------------------------------------------------------------------------

Rule       Severity          Description                                        Violations  
---------  ----------------  -------------------------------------------------  ----------  
TIMING-17  Critical Warning  Non-clocked sequential cell                        83          
TIMING-27  Critical Warning  Invalid primary clock on hierarchical pin          2           
LUTAR-1    Warning           LUT drives async reset alert                       8           
TIMING-20  Warning           Non-clocked latch                                  4           
XDCC-2     Warning           Scoped Non-Timing constraint/property overwritten  1           
LATCH-1    Advisory          Existing latches in the design                     1           

Note: This report is based on the most recent report_methodology run and may not be up-to-date. Run report_methodology on the current design for the latest report.



check_timing report

Table of Contents
-----------------
1. checking no_clock (123)
2. checking constant_clock (0)
3. checking pulse_width_clock (0)
4. checking unconstrained_internal_endpoints (262)
5. checking no_input_delay (7)
6. checking no_output_delay (8)
7. checking multiple_clock (0)
8. checking generated_clocks (0)
9. checking loops (0)
10. checking partial_input_delay (0)
11. checking partial_output_delay (0)
12. checking latch_loops (0)

1. checking no_clock (123)
--------------------------
 There are 83 register/latch pins with no clock driven by root clock pin: clk (HIGH)

 There are 2 register/latch pins with no clock driven by root clock pin: datapath/video_inst/Inst_vga/vga_signal_generator_inst/horizontal_counter_inst/processQ_reg[0]/Q (HIGH)

 There are 2 register/latch pins with no clock driven by root clock pin: datapath/video_inst/Inst_vga/vga_signal_generator_inst/horizontal_counter_inst/processQ_reg[1]/Q (HIGH)

 There are 2 register/latch pins with no clock driven by root clock pin: datapath/video_inst/Inst_vga/vga_signal_generator_inst/horizontal_counter_inst/processQ_reg[2]/Q (HIGH)

 There are 2 register/latch pins with no clock driven by root clock pin: datapath/video_inst/Inst_vga/vga_signal_generator_inst/horizontal_counter_inst/processQ_reg[3]/Q (HIGH)

 There are 2 register/latch pins with no clock driven by root clock pin: datapath/video_inst/Inst_vga/vga_signal_generator_inst/horizontal_counter_inst/processQ_reg[4]/Q (HIGH)

 There are 2 register/latch pins with no clock driven by root clock pin: datapath/video_inst/Inst_vga/vga_signal_generator_inst/horizontal_counter_inst/processQ_reg[5]/Q (HIGH)

 There are 2 register/latch pins with no clock driven by root clock pin: datapath/video_inst/Inst_vga/vga_signal_generator_inst/horizontal_counter_inst/processQ_reg[6]/Q (HIGH)

 There are 2 register/latch pins with no clock driven by root clock pin: datapath/video_inst/Inst_vga/vga_signal_generator_inst/horizontal_counter_inst/processQ_reg[7]/Q (HIGH)

 There are 2 register/latch pins with no clock driven by root clock pin: datapath/video_inst/Inst_vga/vga_signal_generator_inst/horizontal_counter_inst/processQ_reg[8]/Q (HIGH)

 There are 2 register/latch pins with no clock driven by root clock pin: datapath/video_inst/Inst_vga/vga_signal_generator_inst/horizontal_counter_inst/processQ_reg[9]/Q (HIGH)

 There are 2 register/latch pins with no clock driven by root clock pin: datapath/video_inst/Inst_vga/vga_signal_generator_inst/vertical_counter_inst/processQ_reg[0]/Q (HIGH)

 There are 2 register/latch pins with no clock driven by root clock pin: datapath/video_inst/Inst_vga/vga_signal_generator_inst/vertical_counter_inst/processQ_reg[1]/Q (HIGH)

 There are 2 register/latch pins with no clock driven by root clock pin: datapath/video_inst/Inst_vga/vga_signal_generator_inst/vertical_counter_inst/processQ_reg[2]/Q (HIGH)

 There are 2 register/latch pins with no clock driven by root clock pin: datapath/video_inst/Inst_vga/vga_signal_generator_inst/vertical_counter_inst/processQ_reg[3]/Q (HIGH)

 There are 2 register/latch pins with no clock driven by root clock pin: datapath/video_inst/Inst_vga/vga_signal_generator_inst/vertical_counter_inst/processQ_reg[4]/Q (HIGH)

 There are 2 register/latch pins with no clock driven by root clock pin: datapath/video_inst/Inst_vga/vga_signal_generator_inst/vertical_counter_inst/processQ_reg[5]/Q (HIGH)

 There are 2 register/latch pins with no clock driven by root clock pin: datapath/video_inst/Inst_vga/vga_signal_generator_inst/vertical_counter_inst/processQ_reg[6]/Q (HIGH)

 There are 2 register/latch pins with no clock driven by root clock pin: datapath/video_inst/Inst_vga/vga_signal_generator_inst/vertical_counter_inst/processQ_reg[7]/Q (HIGH)

 There are 2 register/latch pins with no clock driven by root clock pin: datapath/video_inst/Inst_vga/vga_signal_generator_inst/vertical_counter_inst/processQ_reg[8]/Q (HIGH)

 There are 2 register/latch pins with no clock driven by root clock pin: datapath/video_inst/Inst_vga/vga_signal_generator_inst/vertical_counter_inst/processQ_reg[9]/Q (HIGH)


2. checking constant_clock (0)
------------------------------
 There are 0 register/latch pins with constant_clock.


3. checking pulse_width_clock (0)
---------------------------------
 There are 0 register/latch pins which need pulse_width check


4. checking unconstrained_internal_endpoints (262)
--------------------------------------------------
 There are 262 pins that are not constrained for maximum delay. (HIGH)

 There are 0 pins that are not constrained for maximum delay due to constant clock.


5. checking no_input_delay (7)
------------------------------
 There are 7 input ports with no input delay specified. (HIGH)

 There are 0 input ports with no input delay but user has a false path constraint.


6. checking no_output_delay (8)
-------------------------------
 There are 8 ports with no output delay specified. (HIGH)

 There are 0 ports with no output delay but user has a false path constraint

 There are 0 ports with no output delay but with a timing clock defined on it or propagating through it


7. checking multiple_clock (0)
------------------------------
 There are 0 register/latch pins with multiple clocks.


8. checking generated_clocks (0)
--------------------------------
 There are 0 generated clocks that are not connected to a clock source.


9. checking loops (0)
---------------------
 There are 0 combinational loops in the design.


10. checking partial_input_delay (0)
------------------------------------
 There are 0 input ports with partial input delay specified.


11. checking partial_output_delay (0)
-------------------------------------
 There are 0 ports with partial output delay specified.


12. checking latch_loops (0)
----------------------------
 There are 0 combinational latch loops in the design through latch input



------------------------------------------------------------------------------------------------
| Design Timing Summary
| ---------------------
------------------------------------------------------------------------------------------------

    WNS(ns)      TNS(ns)  TNS Failing Endpoints  TNS Total Endpoints      WHS(ns)      THS(ns)  THS Failing Endpoints  THS Total Endpoints     WPWS(ns)     TPWS(ns)  TPWS Failing Endpoints  TPWS Total Endpoints  
    -------      -------  ---------------------  -------------------      -------      -------  ---------------------  -------------------     --------     --------  ----------------------  --------------------  
      2.800        0.000                      0                  370        0.122        0.000                      0                  370        3.000        0.000                       0                   259  


All user specified timing constraints are met.


------------------------------------------------------------------------------------------------
| Clock Summary
| -------------
------------------------------------------------------------------------------------------------

Clock                                                          Waveform(ns)         Period(ns)      Frequency(MHz)
-----                                                          ------------         ----------      --------------
datapath/Audio_Codec/audiocodec_master_clock/inst/clk_in1      {0.000 5.000}        10.000          100.000         
  clk_out1_clk_wiz_1                                           {0.000 20.000}       40.000          25.000          
  clk_out2_clk_wiz_1                                           {0.000 4.000}        8.000           125.000         
  clkfbout_clk_wiz_1                                           {0.000 5.000}        10.000          100.000         
datapath/video_inst/mmcm_adv_inst_display_clocks/inst/clk_in1  {0.000 5.000}        10.000          100.000         
  clk_out1_clk_wiz_0                                           {0.000 20.000}       40.000          25.000          
  clk_out2_clk_wiz_0                                           {0.000 4.000}        8.000           125.000         
  clkfbout_clk_wiz_0                                           {0.000 5.000}        10.000          100.000         


------------------------------------------------------------------------------------------------
| Intra Clock Table
| -----------------
------------------------------------------------------------------------------------------------

Clock                                                              WNS(ns)      TNS(ns)  TNS Failing Endpoints  TNS Total Endpoints      WHS(ns)      THS(ns)  THS Failing Endpoints  THS Total Endpoints     WPWS(ns)     TPWS(ns)  TPWS Failing Endpoints  TPWS Total Endpoints  
-----                                                              -------      -------  ---------------------  -------------------      -------      -------  ---------------------  -------------------     --------     --------  ----------------------  --------------------  
datapath/Audio_Codec/audiocodec_master_clock/inst/clk_in1                                                                                                                                                        3.000        0.000                       0                     1  
  clk_out1_clk_wiz_1                                                                                                                                                                                            37.845        0.000                       0                     2  
  clk_out2_clk_wiz_1                                                 2.800        0.000                      0                  207        0.171        0.000                      0                  207        3.500        0.000                       0                   117  
  clkfbout_clk_wiz_1                                                                                                                                                                                             7.845        0.000                       0                     3  
datapath/video_inst/mmcm_adv_inst_display_clocks/inst/clk_in1                                                                                                                                                    3.000        0.000                       0                     1  
  clk_out1_clk_wiz_0                                                25.889        0.000                      0                  104        0.122        0.000                      0                  104       19.500        0.000                       0                    86  
  clk_out2_clk_wiz_0                                                 3.637        0.000                      0                   53        0.150        0.000                      0                   53        3.500        0.000                       0                    46  
  clkfbout_clk_wiz_0                                                                                                                                                                                             7.845        0.000                       0                     3  


------------------------------------------------------------------------------------------------
| Inter Clock Table
| -----------------
------------------------------------------------------------------------------------------------

From Clock          To Clock                WNS(ns)      TNS(ns)  TNS Failing Endpoints  TNS Total Endpoints      WHS(ns)      THS(ns)  THS Failing Endpoints  THS Total Endpoints  
----------          --------                -------      -------  ---------------------  -------------------      -------      -------  ---------------------  -------------------  
clk_out1_clk_wiz_0  clk_out2_clk_wiz_0        4.393        0.000                      0                   30        0.156        0.000                      0                   30  


------------------------------------------------------------------------------------------------
| Other Path Groups Table
| -----------------------
------------------------------------------------------------------------------------------------

Path Group    From Clock    To Clock          WNS(ns)      TNS(ns)  TNS Failing Endpoints  TNS Total Endpoints      WHS(ns)      THS(ns)  THS Failing Endpoints  THS Total Endpoints  
----------    ----------    --------          -------      -------  ---------------------  -------------------      -------      -------  ---------------------  -------------------  


------------------------------------------------------------------------------------------------
| User Ignored Path Table
| -----------------------
------------------------------------------------------------------------------------------------

Path Group    From Clock    To Clock    
----------    ----------    --------    


------------------------------------------------------------------------------------------------
| Unconstrained Path Table
| ------------------------
------------------------------------------------------------------------------------------------

Path Group          From Clock          To Clock          
----------          ----------          --------          
(none)                                                      
(none)              clk_out1_clk_wiz_0                      
(none)              clk_out1_clk_wiz_1                      
(none)              clk_out2_clk_wiz_0                      
(none)              clk_out2_clk_wiz_1                      
(none)              clkfbout_clk_wiz_0                      
(none)              clkfbout_clk_wiz_1                      
(none)                                  clk_out1_clk_wiz_0  
(none)                                  clk_out2_clk_wiz_1  


------------------------------------------------------------------------------------------------
| Timing Details
| --------------
------------------------------------------------------------------------------------------------


---------------------------------------------------------------------------------------------------
From Clock:  datapath/Audio_Codec/audiocodec_master_clock/inst/clk_in1
  To Clock:  datapath/Audio_Codec/audiocodec_master_clock/inst/clk_in1

Setup :           NA  Failing Endpoints,  Worst Slack           NA  ,  Total Violation           NA
Hold  :           NA  Failing Endpoints,  Worst Slack           NA  ,  Total Violation           NA
PW    :            0  Failing Endpoints,  Worst Slack        3.000ns,  Total Violation        0.000ns
---------------------------------------------------------------------------------------------------


Pulse Width Checks
--------------------------------------------------------------------------------------
Clock Name:         datapath/Audio_Codec/audiocodec_master_clock/inst/clk_in1
Waveform(ns):       { 0.000 5.000 }
Period(ns):         10.000
Sources:            { datapath/Audio_Codec/audiocodec_master_clock/inst/clk_in1 }

Check Type        Corner  Lib Pin            Reference Pin  Required(ns)  Actual(ns)  Slack(ns)  Location         Pin
Min Period        n/a     MMCME2_ADV/CLKIN1  n/a            1.249         10.000      8.751      MMCME2_ADV_X0Y2  datapath/Audio_Codec/audiocodec_master_clock/inst/mmcm_adv_inst/CLKIN1
Max Period        n/a     MMCME2_ADV/CLKIN1  n/a            100.000       10.000      90.000     MMCME2_ADV_X0Y2  datapath/Audio_Codec/audiocodec_master_clock/inst/mmcm_adv_inst/CLKIN1
Low Pulse Width   Slow    MMCME2_ADV/CLKIN1  n/a            2.000         5.000       3.000      MMCME2_ADV_X0Y2  datapath/Audio_Codec/audiocodec_master_clock/inst/mmcm_adv_inst/CLKIN1
Low Pulse Width   Fast    MMCME2_ADV/CLKIN1  n/a            2.000         5.000       3.000      MMCME2_ADV_X0Y2  datapath/Audio_Codec/audiocodec_master_clock/inst/mmcm_adv_inst/CLKIN1
High Pulse Width  Slow    MMCME2_ADV/CLKIN1  n/a            2.000         5.000       3.000      MMCME2_ADV_X0Y2  datapath/Audio_Codec/audiocodec_master_clock/inst/mmcm_adv_inst/CLKIN1
High Pulse Width  Fast    MMCME2_ADV/CLKIN1  n/a            2.000         5.000       3.000      MMCME2_ADV_X0Y2  datapath/Audio_Codec/audiocodec_master_clock/inst/mmcm_adv_inst/CLKIN1



---------------------------------------------------------------------------------------------------
From Clock:  clk_out1_clk_wiz_1
  To Clock:  clk_out1_clk_wiz_1

Setup :           NA  Failing Endpoints,  Worst Slack           NA  ,  Total Violation           NA
Hold  :           NA  Failing Endpoints,  Worst Slack           NA  ,  Total Violation           NA
PW    :            0  Failing Endpoints,  Worst Slack       37.845ns,  Total Violation        0.000ns
---------------------------------------------------------------------------------------------------


Pulse Width Checks
--------------------------------------------------------------------------------------
Clock Name:         clk_out1_clk_wiz_1
Waveform(ns):       { 0.000 20.000 }
Period(ns):         40.000
Sources:            { datapath/Audio_Codec/audiocodec_master_clock/inst/mmcm_adv_inst/CLKOUT0 }

Check Type  Corner  Lib Pin             Reference Pin  Required(ns)  Actual(ns)  Slack(ns)  Location         Pin
Min Period  n/a     BUFG/I              n/a            2.155         40.000      37.845     BUFGCTRL_X0Y1    datapath/Audio_Codec/audiocodec_master_clock/inst/clkout1_buf/I
Min Period  n/a     MMCME2_ADV/CLKOUT0  n/a            1.249         40.000      38.751     MMCME2_ADV_X0Y2  datapath/Audio_Codec/audiocodec_master_clock/inst/mmcm_adv_inst/CLKOUT0
Max Period  n/a     MMCME2_ADV/CLKOUT0  n/a            213.360       40.000      173.360    MMCME2_ADV_X0Y2  datapath/Audio_Codec/audiocodec_master_clock/inst/mmcm_adv_inst/CLKOUT0



---------------------------------------------------------------------------------------------------
From Clock:  clk_out2_clk_wiz_1
  To Clock:  clk_out2_clk_wiz_1

Setup :            0  Failing Endpoints,  Worst Slack        2.800ns,  Total Violation        0.000ns
Hold  :            0  Failing Endpoints,  Worst Slack        0.171ns,  Total Violation        0.000ns
PW    :            0  Failing Endpoints,  Worst Slack        3.500ns,  Total Violation        0.000ns
---------------------------------------------------------------------------------------------------


Max Delay Paths
--------------------------------------------------------------------------------------
Slack (MET) :             2.800ns  (required time - arrival time)
  Source:                 datapath/Audio_Codec/initialize_audio/twi_controller/sclCnt_reg[4]/C
                            (rising edge-triggered cell FDSE clocked by clk_out2_clk_wiz_1  {rise@0.000ns fall@4.000ns period=8.000ns})
  Destination:            datapath/Audio_Codec/initialize_audio/twi_controller/dataByte_reg[3]/CE
                            (rising edge-triggered cell FDRE clocked by clk_out2_clk_wiz_1  {rise@0.000ns fall@4.000ns period=8.000ns})
  Path Group:             clk_out2_clk_wiz_1
  Path Type:              Setup (Max at Slow Process Corner)
  Requirement:            8.000ns  (clk_out2_clk_wiz_1 rise@8.000ns - clk_out2_clk_wiz_1 rise@0.000ns)
  Data Path Delay:        4.895ns  (logic 1.381ns (28.212%)  route 3.514ns (71.788%))
  Logic Levels:           4  (LUT2=1 LUT5=1 LUT6=2)
  Clock Path Skew:        -0.028ns (DCD - SCD + CPR)
    Destination Clock Delay (DCD):    1.702ns = ( 9.702 - 8.000 ) 
    Source Clock Delay      (SCD):    1.824ns
    Clock Pessimism Removal (CPR):    0.094ns
  Clock Uncertainty:      0.072ns  ((TSJ^2 + DJ^2)^1/2) / 2 + PE
    Total System Jitter     (TSJ):    0.071ns
    Discrete Jitter          (DJ):    0.125ns
    Phase Error              (PE):    0.000ns

    Location             Delay type                Incr(ns)  Path(ns)    Netlist Resource(s)
  -------------------------------------------------------------------    -------------------
                         (clock clk_out2_clk_wiz_1 rise edge)
                                                      0.000     0.000 r  
    BUFGCTRL_X0Y4        BUFG                         0.000     0.000 r  clk_IBUF_BUFG_inst/O
                         net (fo=85, routed)          1.761     1.761    datapath/Audio_Codec/audiocodec_master_clock/inst/clk_in1
    MMCME2_ADV_X0Y2      MMCME2_ADV (Prop_mmcme2_adv_CLKIN1_CLKOUT1)
                                                     -3.701    -1.939 r  datapath/Audio_Codec/audiocodec_master_clock/inst/mmcm_adv_inst/CLKOUT1
                         net (fo=1, routed)           1.843    -0.096    datapath/Audio_Codec/audiocodec_master_clock/inst/clk_out2_clk_wiz_1
    BUFGCTRL_X0Y2        BUFG (Prop_bufg_I_O)         0.096    -0.000 r  datapath/Audio_Codec/audiocodec_master_clock/inst/clkout2_buf/O
                         net (fo=115, routed)         1.824     1.824    datapath/Audio_Codec/initialize_audio/twi_controller/CLK
    SLICE_X162Y116       FDSE                                         r  datapath/Audio_Codec/initialize_audio/twi_controller/sclCnt_reg[4]/C
  -------------------------------------------------------------------    -------------------
    SLICE_X162Y116       FDSE (Prop_fdse_C_Q)         0.478     2.302 f  datapath/Audio_Codec/initialize_audio/twi_controller/sclCnt_reg[4]/Q
                         net (fo=3, routed)           1.004     3.306    datapath/Audio_Codec/initialize_audio/twi_controller/sclCnt_reg[4]
    SLICE_X162Y116       LUT6 (Prop_lut6_I0_O)        0.301     3.607 f  datapath/Audio_Codec/initialize_audio/twi_controller/sclCnt[6]_i_4/O
                         net (fo=2, routed)           0.593     4.200    datapath/Audio_Codec/initialize_audio/twi_controller/sclCnt[6]_i_4_n_0
    SLICE_X162Y117       LUT2 (Prop_lut2_I0_O)        0.150     4.350 f  datapath/Audio_Codec/initialize_audio/twi_controller/subState[1]_i_2/O
                         net (fo=10, routed)          0.639     4.989    datapath/Audio_Codec/initialize_audio/twi_controller/subState[1]_i_2_n_0
    SLICE_X162Y119       LUT5 (Prop_lut5_I4_O)        0.328     5.317 r  datapath/Audio_Codec/initialize_audio/twi_controller/dataByte[7]_i_3/O
                         net (fo=10, routed)          0.697     6.014    datapath/Audio_Codec/initialize_audio/twi_controller/dataByte[7]_i_3_n_0
    SLICE_X161Y119       LUT6 (Prop_lut6_I0_O)        0.124     6.138 r  datapath/Audio_Codec/initialize_audio/twi_controller/dataByte[7]_i_1/O
                         net (fo=8, routed)           0.581     6.719    datapath/Audio_Codec/initialize_audio/twi_controller/dataByte[7]_i_1_n_0
    SLICE_X161Y119       FDRE                                         r  datapath/Audio_Codec/initialize_audio/twi_controller/dataByte_reg[3]/CE
  -------------------------------------------------------------------    -------------------

                         (clock clk_out2_clk_wiz_1 rise edge)
                                                      8.000     8.000 r  
    BUFGCTRL_X0Y4        BUFG                         0.000     8.000 r  clk_IBUF_BUFG_inst/O
                         net (fo=85, routed)          1.643     9.643    datapath/Audio_Codec/audiocodec_master_clock/inst/clk_in1
    MMCME2_ADV_X0Y2      MMCME2_ADV (Prop_mmcme2_adv_CLKIN1_CLKOUT1)
                                                     -3.494     6.149 r  datapath/Audio_Codec/audiocodec_master_clock/inst/mmcm_adv_inst/CLKOUT1
                         net (fo=1, routed)           1.760     7.909    datapath/Audio_Codec/audiocodec_master_clock/inst/clk_out2_clk_wiz_1
    BUFGCTRL_X0Y2        BUFG (Prop_bufg_I_O)         0.091     8.000 r  datapath/Audio_Codec/audiocodec_master_clock/inst/clkout2_buf/O
                         net (fo=115, routed)         1.702     9.702    datapath/Audio_Codec/initialize_audio/twi_controller/CLK
    SLICE_X161Y119       FDRE                                         r  datapath/Audio_Codec/initialize_audio/twi_controller/dataByte_reg[3]/C
                         clock pessimism              0.094     9.796    
                         clock uncertainty           -0.072     9.724    
    SLICE_X161Y119       FDRE (Setup_fdre_C_CE)      -0.205     9.519    datapath/Audio_Codec/initialize_audio/twi_controller/dataByte_reg[3]
  -------------------------------------------------------------------
                         required time                          9.519    
                         arrival time                          -6.719    
  -------------------------------------------------------------------
                         slack                                  2.800    

Slack (MET) :             2.800ns  (required time - arrival time)
  Source:                 datapath/Audio_Codec/initialize_audio/twi_controller/sclCnt_reg[4]/C
                            (rising edge-triggered cell FDSE clocked by clk_out2_clk_wiz_1  {rise@0.000ns fall@4.000ns period=8.000ns})
  Destination:            datapath/Audio_Codec/initialize_audio/twi_controller/dataByte_reg[7]/CE
                            (rising edge-triggered cell FDRE clocked by clk_out2_clk_wiz_1  {rise@0.000ns fall@4.000ns period=8.000ns})
  Path Group:             clk_out2_clk_wiz_1
  Path Type:              Setup (Max at Slow Process Corner)
  Requirement:            8.000ns  (clk_out2_clk_wiz_1 rise@8.000ns - clk_out2_clk_wiz_1 rise@0.000ns)
  Data Path Delay:        4.895ns  (logic 1.381ns (28.212%)  route 3.514ns (71.788%))
  Logic Levels:           4  (LUT2=1 LUT5=1 LUT6=2)
  Clock Path Skew:        -0.028ns (DCD - SCD + CPR)
    Destination Clock Delay (DCD):    1.702ns = ( 9.702 - 8.000 ) 
    Source Clock Delay      (SCD):    1.824ns
    Clock Pessimism Removal (CPR):    0.094ns
  Clock Uncertainty:      0.072ns  ((TSJ^2 + DJ^2)^1/2) / 2 + PE
    Total System Jitter     (TSJ):    0.071ns
    Discrete Jitter          (DJ):    0.125ns
    Phase Error              (PE):    0.000ns

    Location             Delay type                Incr(ns)  Path(ns)    Netlist Resource(s)
  -------------------------------------------------------------------    -------------------
                         (clock clk_out2_clk_wiz_1 rise edge)
                                                      0.000     0.000 r  
    BUFGCTRL_X0Y4        BUFG                         0.000     0.000 r  clk_IBUF_BUFG_inst/O
                         net (fo=85, routed)          1.761     1.761    datapath/Audio_Codec/audiocodec_master_clock/inst/clk_in1
    MMCME2_ADV_X0Y2      MMCME2_ADV (Prop_mmcme2_adv_CLKIN1_CLKOUT1)
                                                     -3.701    -1.939 r  datapath/Audio_Codec/audiocodec_master_clock/inst/mmcm_adv_inst/CLKOUT1
                         net (fo=1, routed)           1.843    -0.096    datapath/Audio_Codec/audiocodec_master_clock/inst/clk_out2_clk_wiz_1
    BUFGCTRL_X0Y2        BUFG (Prop_bufg_I_O)         0.096    -0.000 r  datapath/Audio_Codec/audiocodec_master_clock/inst/clkout2_buf/O
                         net (fo=115, routed)         1.824     1.824    datapath/Audio_Codec/initialize_audio/twi_controller/CLK
    SLICE_X162Y116       FDSE                                         r  datapath/Audio_Codec/initialize_audio/twi_controller/sclCnt_reg[4]/C
  -------------------------------------------------------------------    -------------------
    SLICE_X162Y116       FDSE (Prop_fdse_C_Q)         0.478     2.302 f  datapath/Audio_Codec/initialize_audio/twi_controller/sclCnt_reg[4]/Q
                         net (fo=3, routed)           1.004     3.306    datapath/Audio_Codec/initialize_audio/twi_controller/sclCnt_reg[4]
    SLICE_X162Y116       LUT6 (Prop_lut6_I0_O)        0.301     3.607 f  datapath/Audio_Codec/initialize_audio/twi_controller/sclCnt[6]_i_4/O
                         net (fo=2, routed)           0.593     4.200    datapath/Audio_Codec/initialize_audio/twi_controller/sclCnt[6]_i_4_n_0
    SLICE_X162Y117       LUT2 (Prop_lut2_I0_O)        0.150     4.350 f  datapath/Audio_Codec/initialize_audio/twi_controller/subState[1]_i_2/O
                         net (fo=10, routed)          0.639     4.989    datapath/Audio_Codec/initialize_audio/twi_controller/subState[1]_i_2_n_0
    SLICE_X162Y119       LUT5 (Prop_lut5_I4_O)        0.328     5.317 r  datapath/Audio_Codec/initialize_audio/twi_controller/dataByte[7]_i_3/O
                         net (fo=10, routed)          0.697     6.014    datapath/Audio_Codec/initialize_audio/twi_controller/dataByte[7]_i_3_n_0
    SLICE_X161Y119       LUT6 (Prop_lut6_I0_O)        0.124     6.138 r  datapath/Audio_Codec/initialize_audio/twi_controller/dataByte[7]_i_1/O
                         net (fo=8, routed)           0.581     6.719    datapath/Audio_Codec/initialize_audio/twi_controller/dataByte[7]_i_1_n_0
    SLICE_X161Y119       FDRE                                         r  datapath/Audio_Codec/initialize_audio/twi_controller/dataByte_reg[7]/CE
  -------------------------------------------------------------------    -------------------

                         (clock clk_out2_clk_wiz_1 rise edge)
                                                      8.000     8.000 r  
    BUFGCTRL_X0Y4        BUFG                         0.000     8.000 r  clk_IBUF_BUFG_inst/O
                         net (fo=85, routed)          1.643     9.643    datapath/Audio_Codec/audiocodec_master_clock/inst/clk_in1
    MMCME2_ADV_X0Y2      MMCME2_ADV (Prop_mmcme2_adv_CLKIN1_CLKOUT1)
                                                     -3.494     6.149 r  datapath/Audio_Codec/audiocodec_master_clock/inst/mmcm_adv_inst/CLKOUT1
                         net (fo=1, routed)           1.760     7.909    datapath/Audio_Codec/audiocodec_master_clock/inst/clk_out2_clk_wiz_1
    BUFGCTRL_X0Y2        BUFG (Prop_bufg_I_O)         0.091     8.000 r  datapath/Audio_Codec/audiocodec_master_clock/inst/clkout2_buf/O
                         net (fo=115, routed)         1.702     9.702    datapath/Audio_Codec/initialize_audio/twi_controller/CLK
    SLICE_X161Y119       FDRE                                         r  datapath/Audio_Codec/initialize_audio/twi_controller/dataByte_reg[7]/C
                         clock pessimism              0.094     9.796    
                         clock uncertainty           -0.072     9.724    
    SLICE_X161Y119       FDRE (Setup_fdre_C_CE)      -0.205     9.519    datapath/Audio_Codec/initialize_audio/twi_controller/dataByte_reg[7]
  -------------------------------------------------------------------
                         required time                          9.519    
                         arrival time                          -6.719    
  -------------------------------------------------------------------
                         slack                                  2.800    

Slack (MET) :             2.868ns  (required time - arrival time)
  Source:                 datapath/Audio_Codec/initialize_audio/twi_controller/sclCnt_reg[4]/C
                            (rising edge-triggered cell FDSE clocked by clk_out2_clk_wiz_1  {rise@0.000ns fall@4.000ns period=8.000ns})
  Destination:            datapath/Audio_Codec/initialize_audio/twi_controller/dataByte_reg[4]/CE
                            (rising edge-triggered cell FDRE clocked by clk_out2_clk_wiz_1  {rise@0.000ns fall@4.000ns period=8.000ns})
  Path Group:             clk_out2_clk_wiz_1
  Path Type:              Setup (Max at Slow Process Corner)
  Requirement:            8.000ns  (clk_out2_clk_wiz_1 rise@8.000ns - clk_out2_clk_wiz_1 rise@0.000ns)
  Data Path Delay:        4.827ns  (logic 1.381ns (28.609%)  route 3.446ns (71.391%))
  Logic Levels:           4  (LUT2=1 LUT5=1 LUT6=2)
  Clock Path Skew:        -0.028ns (DCD - SCD + CPR)
    Destination Clock Delay (DCD):    1.702ns = ( 9.702 - 8.000 ) 
    Source Clock Delay      (SCD):    1.824ns
    Clock Pessimism Removal (CPR):    0.094ns
  Clock Uncertainty:      0.072ns  ((TSJ^2 + DJ^2)^1/2) / 2 + PE
    Total System Jitter     (TSJ):    0.071ns
    Discrete Jitter          (DJ):    0.125ns
    Phase Error              (PE):    0.000ns

    Location             Delay type                Incr(ns)  Path(ns)    Netlist Resource(s)
  -------------------------------------------------------------------    -------------------
                         (clock clk_out2_clk_wiz_1 rise edge)
                                                      0.000     0.000 r  
    BUFGCTRL_X0Y4        BUFG                         0.000     0.000 r  clk_IBUF_BUFG_inst/O
                         net (fo=85, routed)          1.761     1.761    datapath/Audio_Codec/audiocodec_master_clock/inst/clk_in1
    MMCME2_ADV_X0Y2      MMCME2_ADV (Prop_mmcme2_adv_CLKIN1_CLKOUT1)
                                                     -3.701    -1.939 r  datapath/Audio_Codec/audiocodec_master_clock/inst/mmcm_adv_inst/CLKOUT1
                         net (fo=1, routed)           1.843    -0.096    datapath/Audio_Codec/audiocodec_master_clock/inst/clk_out2_clk_wiz_1
    BUFGCTRL_X0Y2        BUFG (Prop_bufg_I_O)         0.096    -0.000 r  datapath/Audio_Codec/audiocodec_master_clock/inst/clkout2_buf/O
                         net (fo=115, routed)         1.824     1.824    datapath/Audio_Codec/initialize_audio/twi_controller/CLK
    SLICE_X162Y116       FDSE                                         r  datapath/Audio_Codec/initialize_audio/twi_controller/sclCnt_reg[4]/C
  -------------------------------------------------------------------    -------------------
    SLICE_X162Y116       FDSE (Prop_fdse_C_Q)         0.478     2.302 f  datapath/Audio_Codec/initialize_audio/twi_controller/sclCnt_reg[4]/Q
                         net (fo=3, routed)           1.004     3.306    datapath/Audio_Codec/initialize_audio/twi_controller/sclCnt_reg[4]
    SLICE_X162Y116       LUT6 (Prop_lut6_I0_O)        0.301     3.607 f  datapath/Audio_Codec/initialize_audio/twi_controller/sclCnt[6]_i_4/O
                         net (fo=2, routed)           0.593     4.200    datapath/Audio_Codec/initialize_audio/twi_controller/sclCnt[6]_i_4_n_0
    SLICE_X162Y117       LUT2 (Prop_lut2_I0_O)        0.150     4.350 f  datapath/Audio_Codec/initialize_audio/twi_controller/subState[1]_i_2/O
                         net (fo=10, routed)          0.639     4.989    datapath/Audio_Codec/initialize_audio/twi_controller/subState[1]_i_2_n_0
    SLICE_X162Y119       LUT5 (Prop_lut5_I4_O)        0.328     5.317 r  datapath/Audio_Codec/initialize_audio/twi_controller/dataByte[7]_i_3/O
                         net (fo=10, routed)          0.697     6.014    datapath/Audio_Codec/initialize_audio/twi_controller/dataByte[7]_i_3_n_0
    SLICE_X161Y119       LUT6 (Prop_lut6_I0_O)        0.124     6.138 r  datapath/Audio_Codec/initialize_audio/twi_controller/dataByte[7]_i_1/O
                         net (fo=8, routed)           0.513     6.652    datapath/Audio_Codec/initialize_audio/twi_controller/dataByte[7]_i_1_n_0
    SLICE_X161Y120       FDRE                                         r  datapath/Audio_Codec/initialize_audio/twi_controller/dataByte_reg[4]/CE
  -------------------------------------------------------------------    -------------------

                         (clock clk_out2_clk_wiz_1 rise edge)
                                                      8.000     8.000 r  
    BUFGCTRL_X0Y4        BUFG                         0.000     8.000 r  clk_IBUF_BUFG_inst/O
                         net (fo=85, routed)          1.643     9.643    datapath/Audio_Codec/audiocodec_master_clock/inst/clk_in1
    MMCME2_ADV_X0Y2      MMCME2_ADV (Prop_mmcme2_adv_CLKIN1_CLKOUT1)
                                                     -3.494     6.149 r  datapath/Audio_Codec/audiocodec_master_clock/inst/mmcm_adv_inst/CLKOUT1
                         net (fo=1, routed)           1.760     7.909    datapath/Audio_Codec/audiocodec_master_clock/inst/clk_out2_clk_wiz_1
    BUFGCTRL_X0Y2        BUFG (Prop_bufg_I_O)         0.091     8.000 r  datapath/Audio_Codec/audiocodec_master_clock/inst/clkout2_buf/O
                         net (fo=115, routed)         1.702     9.702    datapath/Audio_Codec/initialize_audio/twi_controller/CLK
    SLICE_X161Y120       FDRE                                         r  datapath/Audio_Codec/initialize_audio/twi_controller/dataByte_reg[4]/C
                         clock pessimism              0.094     9.796    
                         clock uncertainty           -0.072     9.724    
    SLICE_X161Y120       FDRE (Setup_fdre_C_CE)      -0.205     9.519    datapath/Audio_Codec/initialize_audio/twi_controller/dataByte_reg[4]
  -------------------------------------------------------------------
                         required time                          9.519    
                         arrival time                          -6.652    
  -------------------------------------------------------------------
                         slack                                  2.868    

Slack (MET) :             2.868ns  (required time - arrival time)
  Source:                 datapath/Audio_Codec/initialize_audio/twi_controller/sclCnt_reg[4]/C
                            (rising edge-triggered cell FDSE clocked by clk_out2_clk_wiz_1  {rise@0.000ns fall@4.000ns period=8.000ns})
  Destination:            datapath/Audio_Codec/initialize_audio/twi_controller/dataByte_reg[5]/CE
                            (rising edge-triggered cell FDRE clocked by clk_out2_clk_wiz_1  {rise@0.000ns fall@4.000ns period=8.000ns})
  Path Group:             clk_out2_clk_wiz_1
  Path Type:              Setup (Max at Slow Process Corner)
  Requirement:            8.000ns  (clk_out2_clk_wiz_1 rise@8.000ns - clk_out2_clk_wiz_1 rise@0.000ns)
  Data Path Delay:        4.827ns  (logic 1.381ns (28.609%)  route 3.446ns (71.391%))
  Logic Levels:           4  (LUT2=1 LUT5=1 LUT6=2)
  Clock Path Skew:        -0.028ns (DCD - SCD + CPR)
    Destination Clock Delay (DCD):    1.702ns = ( 9.702 - 8.000 ) 
    Source Clock Delay      (SCD):    1.824ns
    Clock Pessimism Removal (CPR):    0.094ns
  Clock Uncertainty:      0.072ns  ((TSJ^2 + DJ^2)^1/2) / 2 + PE
    Total System Jitter     (TSJ):    0.071ns
    Discrete Jitter          (DJ):    0.125ns
    Phase Error              (PE):    0.000ns

    Location             Delay type                Incr(ns)  Path(ns)    Netlist Resource(s)
  -------------------------------------------------------------------    -------------------
                         (clock clk_out2_clk_wiz_1 rise edge)
                                                      0.000     0.000 r  
    BUFGCTRL_X0Y4        BUFG                         0.000     0.000 r  clk_IBUF_BUFG_inst/O
                         net (fo=85, routed)          1.761     1.761    datapath/Audio_Codec/audiocodec_master_clock/inst/clk_in1
    MMCME2_ADV_X0Y2      MMCME2_ADV (Prop_mmcme2_adv_CLKIN1_CLKOUT1)
                                                     -3.701    -1.939 r  datapath/Audio_Codec/audiocodec_master_clock/inst/mmcm_adv_inst/CLKOUT1
                         net (fo=1, routed)           1.843    -0.096    datapath/Audio_Codec/audiocodec_master_clock/inst/clk_out2_clk_wiz_1
    BUFGCTRL_X0Y2        BUFG (Prop_bufg_I_O)         0.096    -0.000 r  datapath/Audio_Codec/audiocodec_master_clock/inst/clkout2_buf/O
                         net (fo=115, routed)         1.824     1.824    datapath/Audio_Codec/initialize_audio/twi_controller/CLK
    SLICE_X162Y116       FDSE                                         r  datapath/Audio_Codec/initialize_audio/twi_controller/sclCnt_reg[4]/C
  -------------------------------------------------------------------    -------------------
    SLICE_X162Y116       FDSE (Prop_fdse_C_Q)         0.478     2.302 f  datapath/Audio_Codec/initialize_audio/twi_controller/sclCnt_reg[4]/Q
                         net (fo=3, routed)           1.004     3.306    datapath/Audio_Codec/initialize_audio/twi_controller/sclCnt_reg[4]
    SLICE_X162Y116       LUT6 (Prop_lut6_I0_O)        0.301     3.607 f  datapath/Audio_Codec/initialize_audio/twi_controller/sclCnt[6]_i_4/O
                         net (fo=2, routed)           0.593     4.200    datapath/Audio_Codec/initialize_audio/twi_controller/sclCnt[6]_i_4_n_0
    SLICE_X162Y117       LUT2 (Prop_lut2_I0_O)        0.150     4.350 f  datapath/Audio_Codec/initialize_audio/twi_controller/subState[1]_i_2/O
                         net (fo=10, routed)          0.639     4.989    datapath/Audio_Codec/initialize_audio/twi_controller/subState[1]_i_2_n_0
    SLICE_X162Y119       LUT5 (Prop_lut5_I4_O)        0.328     5.317 r  datapath/Audio_Codec/initialize_audio/twi_controller/dataByte[7]_i_3/O
                         net (fo=10, routed)          0.697     6.014    datapath/Audio_Codec/initialize_audio/twi_controller/dataByte[7]_i_3_n_0
    SLICE_X161Y119       LUT6 (Prop_lut6_I0_O)        0.124     6.138 r  datapath/Audio_Codec/initialize_audio/twi_controller/dataByte[7]_i_1/O
                         net (fo=8, routed)           0.513     6.652    datapath/Audio_Codec/initialize_audio/twi_controller/dataByte[7]_i_1_n_0
    SLICE_X161Y120       FDRE                                         r  datapath/Audio_Codec/initialize_audio/twi_controller/dataByte_reg[5]/CE
  -------------------------------------------------------------------    -------------------

                         (clock clk_out2_clk_wiz_1 rise edge)
                                                      8.000     8.000 r  
    BUFGCTRL_X0Y4        BUFG                         0.000     8.000 r  clk_IBUF_BUFG_inst/O
                         net (fo=85, routed)          1.643     9.643    datapath/Audio_Codec/audiocodec_master_clock/inst/clk_in1
    MMCME2_ADV_X0Y2      MMCME2_ADV (Prop_mmcme2_adv_CLKIN1_CLKOUT1)
                                                     -3.494     6.149 r  datapath/Audio_Codec/audiocodec_master_clock/inst/mmcm_adv_inst/CLKOUT1
                         net (fo=1, routed)           1.760     7.909    datapath/Audio_Codec/audiocodec_master_clock/inst/clk_out2_clk_wiz_1
    BUFGCTRL_X0Y2        BUFG (Prop_bufg_I_O)         0.091     8.000 r  datapath/Audio_Codec/audiocodec_master_clock/inst/clkout2_buf/O
                         net (fo=115, routed)         1.702     9.702    datapath/Audio_Codec/initialize_audio/twi_controller/CLK
    SLICE_X161Y120       FDRE                                         r  datapath/Audio_Codec/initialize_audio/twi_controller/dataByte_reg[5]/C
                         clock pessimism              0.094     9.796    
                         clock uncertainty           -0.072     9.724    
    SLICE_X161Y120       FDRE (Setup_fdre_C_CE)      -0.205     9.519    datapath/Audio_Codec/initialize_audio/twi_controller/dataByte_reg[5]
  -------------------------------------------------------------------
                         required time                          9.519    
                         arrival time                          -6.652    
  -------------------------------------------------------------------
                         slack                                  2.868    

Slack (MET) :             2.868ns  (required time - arrival time)
  Source:                 datapath/Audio_Codec/initialize_audio/twi_controller/sclCnt_reg[4]/C
                            (rising edge-triggered cell FDSE clocked by clk_out2_clk_wiz_1  {rise@0.000ns fall@4.000ns period=8.000ns})
  Destination:            datapath/Audio_Codec/initialize_audio/twi_controller/dataByte_reg[6]/CE
                            (rising edge-triggered cell FDRE clocked by clk_out2_clk_wiz_1  {rise@0.000ns fall@4.000ns period=8.000ns})
  Path Group:             clk_out2_clk_wiz_1
  Path Type:              Setup (Max at Slow Process Corner)
  Requirement:            8.000ns  (clk_out2_clk_wiz_1 rise@8.000ns - clk_out2_clk_wiz_1 rise@0.000ns)
  Data Path Delay:        4.827ns  (logic 1.381ns (28.609%)  route 3.446ns (71.391%))
  Logic Levels:           4  (LUT2=1 LUT5=1 LUT6=2)
  Clock Path Skew:        -0.028ns (DCD - SCD + CPR)
    Destination Clock Delay (DCD):    1.702ns = ( 9.702 - 8.000 ) 
    Source Clock Delay      (SCD):    1.824ns
    Clock Pessimism Removal (CPR):    0.094ns
  Clock Uncertainty:      0.072ns  ((TSJ^2 + DJ^2)^1/2) / 2 + PE
    Total System Jitter     (TSJ):    0.071ns
    Discrete Jitter          (DJ):    0.125ns
    Phase Error              (PE):    0.000ns

    Location             Delay type                Incr(ns)  Path(ns)    Netlist Resource(s)
  -------------------------------------------------------------------    -------------------
                         (clock clk_out2_clk_wiz_1 rise edge)
                                                      0.000     0.000 r  
    BUFGCTRL_X0Y4        BUFG                         0.000     0.000 r  clk_IBUF_BUFG_inst/O
                         net (fo=85, routed)          1.761     1.761    datapath/Audio_Codec/audiocodec_master_clock/inst/clk_in1
    MMCME2_ADV_X0Y2      MMCME2_ADV (Prop_mmcme2_adv_CLKIN1_CLKOUT1)
                                                     -3.701    -1.939 r  datapath/Audio_Codec/audiocodec_master_clock/inst/mmcm_adv_inst/CLKOUT1
                         net (fo=1, routed)           1.843    -0.096    datapath/Audio_Codec/audiocodec_master_clock/inst/clk_out2_clk_wiz_1
    BUFGCTRL_X0Y2        BUFG (Prop_bufg_I_O)         0.096    -0.000 r  datapath/Audio_Codec/audiocodec_master_clock/inst/clkout2_buf/O
                         net (fo=115, routed)         1.824     1.824    datapath/Audio_Codec/initialize_audio/twi_controller/CLK
    SLICE_X162Y116       FDSE                                         r  datapath/Audio_Codec/initialize_audio/twi_controller/sclCnt_reg[4]/C
  -------------------------------------------------------------------    -------------------
    SLICE_X162Y116       FDSE (Prop_fdse_C_Q)         0.478     2.302 f  datapath/Audio_Codec/initialize_audio/twi_controller/sclCnt_reg[4]/Q
                         net (fo=3, routed)           1.004     3.306    datapath/Audio_Codec/initialize_audio/twi_controller/sclCnt_reg[4]
    SLICE_X162Y116       LUT6 (Prop_lut6_I0_O)        0.301     3.607 f  datapath/Audio_Codec/initialize_audio/twi_controller/sclCnt[6]_i_4/O
                         net (fo=2, routed)           0.593     4.200    datapath/Audio_Codec/initialize_audio/twi_controller/sclCnt[6]_i_4_n_0
    SLICE_X162Y117       LUT2 (Prop_lut2_I0_O)        0.150     4.350 f  datapath/Audio_Codec/initialize_audio/twi_controller/subState[1]_i_2/O
                         net (fo=10, routed)          0.639     4.989    datapath/Audio_Codec/initialize_audio/twi_controller/subState[1]_i_2_n_0
    SLICE_X162Y119       LUT5 (Prop_lut5_I4_O)        0.328     5.317 r  datapath/Audio_Codec/initialize_audio/twi_controller/dataByte[7]_i_3/O
                         net (fo=10, routed)          0.697     6.014    datapath/Audio_Codec/initialize_audio/twi_controller/dataByte[7]_i_3_n_0
    SLICE_X161Y119       LUT6 (Prop_lut6_I0_O)        0.124     6.138 r  datapath/Audio_Codec/initialize_audio/twi_controller/dataByte[7]_i_1/O
                         net (fo=8, routed)           0.513     6.652    datapath/Audio_Codec/initialize_audio/twi_controller/dataByte[7]_i_1_n_0
    SLICE_X161Y120       FDRE                                         r  datapath/Audio_Codec/initialize_audio/twi_controller/dataByte_reg[6]/CE
  -------------------------------------------------------------------    -------------------

                         (clock clk_out2_clk_wiz_1 rise edge)
                                                      8.000     8.000 r  
    BUFGCTRL_X0Y4        BUFG                         0.000     8.000 r  clk_IBUF_BUFG_inst/O
                         net (fo=85, routed)          1.643     9.643    datapath/Audio_Codec/audiocodec_master_clock/inst/clk_in1
    MMCME2_ADV_X0Y2      MMCME2_ADV (Prop_mmcme2_adv_CLKIN1_CLKOUT1)
                                                     -3.494     6.149 r  datapath/Audio_Codec/audiocodec_master_clock/inst/mmcm_adv_inst/CLKOUT1
                         net (fo=1, routed)           1.760     7.909    datapath/Audio_Codec/audiocodec_master_clock/inst/clk_out2_clk_wiz_1
    BUFGCTRL_X0Y2        BUFG (Prop_bufg_I_O)         0.091     8.000 r  datapath/Audio_Codec/audiocodec_master_clock/inst/clkout2_buf/O
                         net (fo=115, routed)         1.702     9.702    datapath/Audio_Codec/initialize_audio/twi_controller/CLK
    SLICE_X161Y120       FDRE                                         r  datapath/Audio_Codec/initialize_audio/twi_controller/dataByte_reg[6]/C
                         clock pessimism              0.094     9.796    
                         clock uncertainty           -0.072     9.724    
    SLICE_X161Y120       FDRE (Setup_fdre_C_CE)      -0.205     9.519    datapath/Audio_Codec/initialize_audio/twi_controller/dataByte_reg[6]
  -------------------------------------------------------------------
                         required time                          9.519    
                         arrival time                          -6.652    
  -------------------------------------------------------------------
                         slack                                  2.868    

Slack (MET) :             2.904ns  (required time - arrival time)
  Source:                 datapath/Audio_Codec/initialize_audio/twi_controller/sclCnt_reg[4]/C
                            (rising edge-triggered cell FDSE clocked by clk_out2_clk_wiz_1  {rise@0.000ns fall@4.000ns period=8.000ns})
  Destination:            datapath/Audio_Codec/initialize_audio/twi_controller/FSM_gray_state_reg[0]/CE
                            (rising edge-triggered cell FDRE clocked by clk_out2_clk_wiz_1  {rise@0.000ns fall@4.000ns period=8.000ns})
  Path Group:             clk_out2_clk_wiz_1
  Path Type:              Setup (Max at Slow Process Corner)
  Requirement:            8.000ns  (clk_out2_clk_wiz_1 rise@8.000ns - clk_out2_clk_wiz_1 rise@0.000ns)
  Data Path Delay:        4.828ns  (logic 1.505ns (31.174%)  route 3.323ns (68.826%))
  Logic Levels:           5  (LUT2=1 LUT6=4)
  Clock Path Skew:        -0.027ns (DCD - SCD + CPR)
    Destination Clock Delay (DCD):    1.703ns = ( 9.703 - 8.000 ) 
    Source Clock Delay      (SCD):    1.824ns
    Clock Pessimism Removal (CPR):    0.094ns
  Clock Uncertainty:      0.072ns  ((TSJ^2 + DJ^2)^1/2) / 2 + PE
    Total System Jitter     (TSJ):    0.071ns
    Discrete Jitter          (DJ):    0.125ns
    Phase Error              (PE):    0.000ns

    Location             Delay type                Incr(ns)  Path(ns)    Netlist Resource(s)
  -------------------------------------------------------------------    -------------------
                         (clock clk_out2_clk_wiz_1 rise edge)
                                                      0.000     0.000 r  
    BUFGCTRL_X0Y4        BUFG                         0.000     0.000 r  clk_IBUF_BUFG_inst/O
                         net (fo=85, routed)          1.761     1.761    datapath/Audio_Codec/audiocodec_master_clock/inst/clk_in1
    MMCME2_ADV_X0Y2      MMCME2_ADV (Prop_mmcme2_adv_CLKIN1_CLKOUT1)
                                                     -3.701    -1.939 r  datapath/Audio_Codec/audiocodec_master_clock/inst/mmcm_adv_inst/CLKOUT1
                         net (fo=1, routed)           1.843    -0.096    datapath/Audio_Codec/audiocodec_master_clock/inst/clk_out2_clk_wiz_1
    BUFGCTRL_X0Y2        BUFG (Prop_bufg_I_O)         0.096    -0.000 r  datapath/Audio_Codec/audiocodec_master_clock/inst/clkout2_buf/O
                         net (fo=115, routed)         1.824     1.824    datapath/Audio_Codec/initialize_audio/twi_controller/CLK
    SLICE_X162Y116       FDSE                                         r  datapath/Audio_Codec/initialize_audio/twi_controller/sclCnt_reg[4]/C
  -------------------------------------------------------------------    -------------------
    SLICE_X162Y116       FDSE (Prop_fdse_C_Q)         0.478     2.302 f  datapath/Audio_Codec/initialize_audio/twi_controller/sclCnt_reg[4]/Q
                         net (fo=3, routed)           1.004     3.306    datapath/Audio_Codec/initialize_audio/twi_controller/sclCnt_reg[4]
    SLICE_X162Y116       LUT6 (Prop_lut6_I0_O)        0.301     3.607 f  datapath/Audio_Codec/initialize_audio/twi_controller/sclCnt[6]_i_4/O
                         net (fo=2, routed)           0.593     4.200    datapath/Audio_Codec/initialize_audio/twi_controller/sclCnt[6]_i_4_n_0
    SLICE_X162Y117       LUT2 (Prop_lut2_I0_O)        0.150     4.350 f  datapath/Audio_Codec/initialize_audio/twi_controller/subState[1]_i_2/O
                         net (fo=10, routed)          0.496     4.846    datapath/Audio_Codec/initialize_audio/twi_controller/subState[1]_i_2_n_0
    SLICE_X161Y118       LUT6 (Prop_lut6_I5_O)        0.328     5.174 r  datapath/Audio_Codec/initialize_audio/twi_controller/FSM_gray_state[3]_i_11/O
                         net (fo=1, routed)           0.464     5.638    datapath/Audio_Codec/initialize_audio/twi_controller/FSM_gray_state[3]_i_11_n_0
    SLICE_X160Y118       LUT6 (Prop_lut6_I5_O)        0.124     5.762 r  datapath/Audio_Codec/initialize_audio/twi_controller/FSM_gray_state[3]_i_3/O
                         net (fo=1, routed)           0.435     6.197    datapath/Audio_Codec/initialize_audio/twi_controller/FSM_gray_state[3]_i_3_n_0
    SLICE_X162Y119       LUT6 (Prop_lut6_I0_O)        0.124     6.321 r  datapath/Audio_Codec/initialize_audio/twi_controller/FSM_gray_state[3]_i_1/O
                         net (fo=4, routed)           0.331     6.652    datapath/Audio_Codec/initialize_audio/twi_controller/FSM_gray_state[3]_i_1_n_0
    SLICE_X162Y118       FDRE                                         r  datapath/Audio_Codec/initialize_audio/twi_controller/FSM_gray_state_reg[0]/CE
  -------------------------------------------------------------------    -------------------

                         (clock clk_out2_clk_wiz_1 rise edge)
                                                      8.000     8.000 r  
    BUFGCTRL_X0Y4        BUFG                         0.000     8.000 r  clk_IBUF_BUFG_inst/O
                         net (fo=85, routed)          1.643     9.643    datapath/Audio_Codec/audiocodec_master_clock/inst/clk_in1
    MMCME2_ADV_X0Y2      MMCME2_ADV (Prop_mmcme2_adv_CLKIN1_CLKOUT1)
                                                     -3.494     6.149 r  datapath/Audio_Codec/audiocodec_master_clock/inst/mmcm_adv_inst/CLKOUT1
                         net (fo=1, routed)           1.760     7.909    datapath/Audio_Codec/audiocodec_master_clock/inst/clk_out2_clk_wiz_1
    BUFGCTRL_X0Y2        BUFG (Prop_bufg_I_O)         0.091     8.000 r  datapath/Audio_Codec/audiocodec_master_clock/inst/clkout2_buf/O
                         net (fo=115, routed)         1.703     9.703    datapath/Audio_Codec/initialize_audio/twi_controller/CLK
    SLICE_X162Y118       FDRE                                         r  datapath/Audio_Codec/initialize_audio/twi_controller/FSM_gray_state_reg[0]/C
                         clock pessimism              0.094     9.797    
                         clock uncertainty           -0.072     9.725    
    SLICE_X162Y118       FDRE (Setup_fdre_C_CE)      -0.169     9.556    datapath/Audio_Codec/initialize_audio/twi_controller/FSM_gray_state_reg[0]
  -------------------------------------------------------------------
                         required time                          9.556    
                         arrival time                          -6.652    
  -------------------------------------------------------------------
                         slack                                  2.904    

Slack (MET) :             2.904ns  (required time - arrival time)
  Source:                 datapath/Audio_Codec/initialize_audio/twi_controller/sclCnt_reg[4]/C
                            (rising edge-triggered cell FDSE clocked by clk_out2_clk_wiz_1  {rise@0.000ns fall@4.000ns period=8.000ns})
  Destination:            datapath/Audio_Codec/initialize_audio/twi_controller/FSM_gray_state_reg[1]/CE
                            (rising edge-triggered cell FDRE clocked by clk_out2_clk_wiz_1  {rise@0.000ns fall@4.000ns period=8.000ns})
  Path Group:             clk_out2_clk_wiz_1
  Path Type:              Setup (Max at Slow Process Corner)
  Requirement:            8.000ns  (clk_out2_clk_wiz_1 rise@8.000ns - clk_out2_clk_wiz_1 rise@0.000ns)
  Data Path Delay:        4.828ns  (logic 1.505ns (31.174%)  route 3.323ns (68.826%))
  Logic Levels:           5  (LUT2=1 LUT6=4)
  Clock Path Skew:        -0.027ns (DCD - SCD + CPR)
    Destination Clock Delay (DCD):    1.703ns = ( 9.703 - 8.000 ) 
    Source Clock Delay      (SCD):    1.824ns
    Clock Pessimism Removal (CPR):    0.094ns
  Clock Uncertainty:      0.072ns  ((TSJ^2 + DJ^2)^1/2) / 2 + PE
    Total System Jitter     (TSJ):    0.071ns
    Discrete Jitter          (DJ):    0.125ns
    Phase Error              (PE):    0.000ns

    Location             Delay type                Incr(ns)  Path(ns)    Netlist Resource(s)
  -------------------------------------------------------------------    -------------------
                         (clock clk_out2_clk_wiz_1 rise edge)
                                                      0.000     0.000 r  
    BUFGCTRL_X0Y4        BUFG                         0.000     0.000 r  clk_IBUF_BUFG_inst/O
                         net (fo=85, routed)          1.761     1.761    datapath/Audio_Codec/audiocodec_master_clock/inst/clk_in1
    MMCME2_ADV_X0Y2      MMCME2_ADV (Prop_mmcme2_adv_CLKIN1_CLKOUT1)
                                                     -3.701    -1.939 r  datapath/Audio_Codec/audiocodec_master_clock/inst/mmcm_adv_inst/CLKOUT1
                         net (fo=1, routed)           1.843    -0.096    datapath/Audio_Codec/audiocodec_master_clock/inst/clk_out2_clk_wiz_1
    BUFGCTRL_X0Y2        BUFG (Prop_bufg_I_O)         0.096    -0.000 r  datapath/Audio_Codec/audiocodec_master_clock/inst/clkout2_buf/O
                         net (fo=115, routed)         1.824     1.824    datapath/Audio_Codec/initialize_audio/twi_controller/CLK
    SLICE_X162Y116       FDSE                                         r  datapath/Audio_Codec/initialize_audio/twi_controller/sclCnt_reg[4]/C
  -------------------------------------------------------------------    -------------------
    SLICE_X162Y116       FDSE (Prop_fdse_C_Q)         0.478     2.302 f  datapath/Audio_Codec/initialize_audio/twi_controller/sclCnt_reg[4]/Q
                         net (fo=3, routed)           1.004     3.306    datapath/Audio_Codec/initialize_audio/twi_controller/sclCnt_reg[4]
    SLICE_X162Y116       LUT6 (Prop_lut6_I0_O)        0.301     3.607 f  datapath/Audio_Codec/initialize_audio/twi_controller/sclCnt[6]_i_4/O
                         net (fo=2, routed)           0.593     4.200    datapath/Audio_Codec/initialize_audio/twi_controller/sclCnt[6]_i_4_n_0
    SLICE_X162Y117       LUT2 (Prop_lut2_I0_O)        0.150     4.350 f  datapath/Audio_Codec/initialize_audio/twi_controller/subState[1]_i_2/O
                         net (fo=10, routed)          0.496     4.846    datapath/Audio_Codec/initialize_audio/twi_controller/subState[1]_i_2_n_0
    SLICE_X161Y118       LUT6 (Prop_lut6_I5_O)        0.328     5.174 r  datapath/Audio_Codec/initialize_audio/twi_controller/FSM_gray_state[3]_i_11/O
                         net (fo=1, routed)           0.464     5.638    datapath/Audio_Codec/initialize_audio/twi_controller/FSM_gray_state[3]_i_11_n_0
    SLICE_X160Y118       LUT6 (Prop_lut6_I5_O)        0.124     5.762 r  datapath/Audio_Codec/initialize_audio/twi_controller/FSM_gray_state[3]_i_3/O
                         net (fo=1, routed)           0.435     6.197    datapath/Audio_Codec/initialize_audio/twi_controller/FSM_gray_state[3]_i_3_n_0
    SLICE_X162Y119       LUT6 (Prop_lut6_I0_O)        0.124     6.321 r  datapath/Audio_Codec/initialize_audio/twi_controller/FSM_gray_state[3]_i_1/O
                         net (fo=4, routed)           0.331     6.652    datapath/Audio_Codec/initialize_audio/twi_controller/FSM_gray_state[3]_i_1_n_0
    SLICE_X162Y118       FDRE                                         r  datapath/Audio_Codec/initialize_audio/twi_controller/FSM_gray_state_reg[1]/CE
  -------------------------------------------------------------------    -------------------

                         (clock clk_out2_clk_wiz_1 rise edge)
                                                      8.000     8.000 r  
    BUFGCTRL_X0Y4        BUFG                         0.000     8.000 r  clk_IBUF_BUFG_inst/O
                         net (fo=85, routed)          1.643     9.643    datapath/Audio_Codec/audiocodec_master_clock/inst/clk_in1
    MMCME2_ADV_X0Y2      MMCME2_ADV (Prop_mmcme2_adv_CLKIN1_CLKOUT1)
                                                     -3.494     6.149 r  datapath/Audio_Codec/audiocodec_master_clock/inst/mmcm_adv_inst/CLKOUT1
                         net (fo=1, routed)           1.760     7.909    datapath/Audio_Codec/audiocodec_master_clock/inst/clk_out2_clk_wiz_1
    BUFGCTRL_X0Y2        BUFG (Prop_bufg_I_O)         0.091     8.000 r  datapath/Audio_Codec/audiocodec_master_clock/inst/clkout2_buf/O
                         net (fo=115, routed)         1.703     9.703    datapath/Audio_Codec/initialize_audio/twi_controller/CLK
    SLICE_X162Y118       FDRE                                         r  datapath/Audio_Codec/initialize_audio/twi_controller/FSM_gray_state_reg[1]/C
                         clock pessimism              0.094     9.797    
                         clock uncertainty           -0.072     9.725    
    SLICE_X162Y118       FDRE (Setup_fdre_C_CE)      -0.169     9.556    datapath/Audio_Codec/initialize_audio/twi_controller/FSM_gray_state_reg[1]
  -------------------------------------------------------------------
                         required time                          9.556    
                         arrival time                          -6.652    
  -------------------------------------------------------------------
                         slack                                  2.904    

Slack (MET) :             2.904ns  (required time - arrival time)
  Source:                 datapath/Audio_Codec/initialize_audio/twi_controller/sclCnt_reg[4]/C
                            (rising edge-triggered cell FDSE clocked by clk_out2_clk_wiz_1  {rise@0.000ns fall@4.000ns period=8.000ns})
  Destination:            datapath/Audio_Codec/initialize_audio/twi_controller/FSM_gray_state_reg[2]/CE
                            (rising edge-triggered cell FDRE clocked by clk_out2_clk_wiz_1  {rise@0.000ns fall@4.000ns period=8.000ns})
  Path Group:             clk_out2_clk_wiz_1
  Path Type:              Setup (Max at Slow Process Corner)
  Requirement:            8.000ns  (clk_out2_clk_wiz_1 rise@8.000ns - clk_out2_clk_wiz_1 rise@0.000ns)
  Data Path Delay:        4.828ns  (logic 1.505ns (31.174%)  route 3.323ns (68.826%))
  Logic Levels:           5  (LUT2=1 LUT6=4)
  Clock Path Skew:        -0.027ns (DCD - SCD + CPR)
    Destination Clock Delay (DCD):    1.703ns = ( 9.703 - 8.000 ) 
    Source Clock Delay      (SCD):    1.824ns
    Clock Pessimism Removal (CPR):    0.094ns
  Clock Uncertainty:      0.072ns  ((TSJ^2 + DJ^2)^1/2) / 2 + PE
    Total System Jitter     (TSJ):    0.071ns
    Discrete Jitter          (DJ):    0.125ns
    Phase Error              (PE):    0.000ns

    Location             Delay type                Incr(ns)  Path(ns)    Netlist Resource(s)
  -------------------------------------------------------------------    -------------------
                         (clock clk_out2_clk_wiz_1 rise edge)
                                                      0.000     0.000 r  
    BUFGCTRL_X0Y4        BUFG                         0.000     0.000 r  clk_IBUF_BUFG_inst/O
                         net (fo=85, routed)          1.761     1.761    datapath/Audio_Codec/audiocodec_master_clock/inst/clk_in1
    MMCME2_ADV_X0Y2      MMCME2_ADV (Prop_mmcme2_adv_CLKIN1_CLKOUT1)
                                                     -3.701    -1.939 r  datapath/Audio_Codec/audiocodec_master_clock/inst/mmcm_adv_inst/CLKOUT1
                         net (fo=1, routed)           1.843    -0.096    datapath/Audio_Codec/audiocodec_master_clock/inst/clk_out2_clk_wiz_1
    BUFGCTRL_X0Y2        BUFG (Prop_bufg_I_O)         0.096    -0.000 r  datapath/Audio_Codec/audiocodec_master_clock/inst/clkout2_buf/O
                         net (fo=115, routed)         1.824     1.824    datapath/Audio_Codec/initialize_audio/twi_controller/CLK
    SLICE_X162Y116       FDSE                                         r  datapath/Audio_Codec/initialize_audio/twi_controller/sclCnt_reg[4]/C
  -------------------------------------------------------------------    -------------------
    SLICE_X162Y116       FDSE (Prop_fdse_C_Q)         0.478     2.302 f  datapath/Audio_Codec/initialize_audio/twi_controller/sclCnt_reg[4]/Q
                         net (fo=3, routed)           1.004     3.306    datapath/Audio_Codec/initialize_audio/twi_controller/sclCnt_reg[4]
    SLICE_X162Y116       LUT6 (Prop_lut6_I0_O)        0.301     3.607 f  datapath/Audio_Codec/initialize_audio/twi_controller/sclCnt[6]_i_4/O
                         net (fo=2, routed)           0.593     4.200    datapath/Audio_Codec/initialize_audio/twi_controller/sclCnt[6]_i_4_n_0
    SLICE_X162Y117       LUT2 (Prop_lut2_I0_O)        0.150     4.350 f  datapath/Audio_Codec/initialize_audio/twi_controller/subState[1]_i_2/O
                         net (fo=10, routed)          0.496     4.846    datapath/Audio_Codec/initialize_audio/twi_controller/subState[1]_i_2_n_0
    SLICE_X161Y118       LUT6 (Prop_lut6_I5_O)        0.328     5.174 r  datapath/Audio_Codec/initialize_audio/twi_controller/FSM_gray_state[3]_i_11/O
                         net (fo=1, routed)           0.464     5.638    datapath/Audio_Codec/initialize_audio/twi_controller/FSM_gray_state[3]_i_11_n_0
    SLICE_X160Y118       LUT6 (Prop_lut6_I5_O)        0.124     5.762 r  datapath/Audio_Codec/initialize_audio/twi_controller/FSM_gray_state[3]_i_3/O
                         net (fo=1, routed)           0.435     6.197    datapath/Audio_Codec/initialize_audio/twi_controller/FSM_gray_state[3]_i_3_n_0
    SLICE_X162Y119       LUT6 (Prop_lut6_I0_O)        0.124     6.321 r  datapath/Audio_Codec/initialize_audio/twi_controller/FSM_gray_state[3]_i_1/O
                         net (fo=4, routed)           0.331     6.652    datapath/Audio_Codec/initialize_audio/twi_controller/FSM_gray_state[3]_i_1_n_0
    SLICE_X162Y118       FDRE                                         r  datapath/Audio_Codec/initialize_audio/twi_controller/FSM_gray_state_reg[2]/CE
  -------------------------------------------------------------------    -------------------

                         (clock clk_out2_clk_wiz_1 rise edge)
                                                      8.000     8.000 r  
    BUFGCTRL_X0Y4        BUFG                         0.000     8.000 r  clk_IBUF_BUFG_inst/O
                         net (fo=85, routed)          1.643     9.643    datapath/Audio_Codec/audiocodec_master_clock/inst/clk_in1
    MMCME2_ADV_X0Y2      MMCME2_ADV (Prop_mmcme2_adv_CLKIN1_CLKOUT1)
                                                     -3.494     6.149 r  datapath/Audio_Codec/audiocodec_master_clock/inst/mmcm_adv_inst/CLKOUT1
                         net (fo=1, routed)           1.760     7.909    datapath/Audio_Codec/audiocodec_master_clock/inst/clk_out2_clk_wiz_1
    BUFGCTRL_X0Y2        BUFG (Prop_bufg_I_O)         0.091     8.000 r  datapath/Audio_Codec/audiocodec_master_clock/inst/clkout2_buf/O
                         net (fo=115, routed)         1.703     9.703    datapath/Audio_Codec/initialize_audio/twi_controller/CLK
    SLICE_X162Y118       FDRE                                         r  datapath/Audio_Codec/initialize_audio/twi_controller/FSM_gray_state_reg[2]/C
                         clock pessimism              0.094     9.797    
                         clock uncertainty           -0.072     9.725    
    SLICE_X162Y118       FDRE (Setup_fdre_C_CE)      -0.169     9.556    datapath/Audio_Codec/initialize_audio/twi_controller/FSM_gray_state_reg[2]
  -------------------------------------------------------------------
                         required time                          9.556    
                         arrival time                          -6.652    
  -------------------------------------------------------------------
                         slack                                  2.904    

Slack (MET) :             2.904ns  (required time - arrival time)
  Source:                 datapath/Audio_Codec/initialize_audio/twi_controller/sclCnt_reg[4]/C
                            (rising edge-triggered cell FDSE clocked by clk_out2_clk_wiz_1  {rise@0.000ns fall@4.000ns period=8.000ns})
  Destination:            datapath/Audio_Codec/initialize_audio/twi_controller/FSM_gray_state_reg[3]/CE
                            (rising edge-triggered cell FDRE clocked by clk_out2_clk_wiz_1  {rise@0.000ns fall@4.000ns period=8.000ns})
  Path Group:             clk_out2_clk_wiz_1
  Path Type:              Setup (Max at Slow Process Corner)
  Requirement:            8.000ns  (clk_out2_clk_wiz_1 rise@8.000ns - clk_out2_clk_wiz_1 rise@0.000ns)
  Data Path Delay:        4.828ns  (logic 1.505ns (31.174%)  route 3.323ns (68.826%))
  Logic Levels:           5  (LUT2=1 LUT6=4)
  Clock Path Skew:        -0.027ns (DCD - SCD + CPR)
    Destination Clock Delay (DCD):    1.703ns = ( 9.703 - 8.000 ) 
    Source Clock Delay      (SCD):    1.824ns
    Clock Pessimism Removal (CPR):    0.094ns
  Clock Uncertainty:      0.072ns  ((TSJ^2 + DJ^2)^1/2) / 2 + PE
    Total System Jitter     (TSJ):    0.071ns
    Discrete Jitter          (DJ):    0.125ns
    Phase Error              (PE):    0.000ns

    Location             Delay type                Incr(ns)  Path(ns)    Netlist Resource(s)
  -------------------------------------------------------------------    -------------------
                         (clock clk_out2_clk_wiz_1 rise edge)
                                                      0.000     0.000 r  
    BUFGCTRL_X0Y4        BUFG                         0.000     0.000 r  clk_IBUF_BUFG_inst/O
                         net (fo=85, routed)          1.761     1.761    datapath/Audio_Codec/audiocodec_master_clock/inst/clk_in1
    MMCME2_ADV_X0Y2      MMCME2_ADV (Prop_mmcme2_adv_CLKIN1_CLKOUT1)
                                                     -3.701    -1.939 r  datapath/Audio_Codec/audiocodec_master_clock/inst/mmcm_adv_inst/CLKOUT1
                         net (fo=1, routed)           1.843    -0.096    datapath/Audio_Codec/audiocodec_master_clock/inst/clk_out2_clk_wiz_1
    BUFGCTRL_X0Y2        BUFG (Prop_bufg_I_O)         0.096    -0.000 r  datapath/Audio_Codec/audiocodec_master_clock/inst/clkout2_buf/O
                         net (fo=115, routed)         1.824     1.824    datapath/Audio_Codec/initialize_audio/twi_controller/CLK
    SLICE_X162Y116       FDSE                                         r  datapath/Audio_Codec/initialize_audio/twi_controller/sclCnt_reg[4]/C
  -------------------------------------------------------------------    -------------------
    SLICE_X162Y116       FDSE (Prop_fdse_C_Q)         0.478     2.302 f  datapath/Audio_Codec/initialize_audio/twi_controller/sclCnt_reg[4]/Q
                         net (fo=3, routed)           1.004     3.306    datapath/Audio_Codec/initialize_audio/twi_controller/sclCnt_reg[4]
    SLICE_X162Y116       LUT6 (Prop_lut6_I0_O)        0.301     3.607 f  datapath/Audio_Codec/initialize_audio/twi_controller/sclCnt[6]_i_4/O
                         net (fo=2, routed)           0.593     4.200    datapath/Audio_Codec/initialize_audio/twi_controller/sclCnt[6]_i_4_n_0
    SLICE_X162Y117       LUT2 (Prop_lut2_I0_O)        0.150     4.350 f  datapath/Audio_Codec/initialize_audio/twi_controller/subState[1]_i_2/O
                         net (fo=10, routed)          0.496     4.846    datapath/Audio_Codec/initialize_audio/twi_controller/subState[1]_i_2_n_0
    SLICE_X161Y118       LUT6 (Prop_lut6_I5_O)        0.328     5.174 r  datapath/Audio_Codec/initialize_audio/twi_controller/FSM_gray_state[3]_i_11/O
                         net (fo=1, routed)           0.464     5.638    datapath/Audio_Codec/initialize_audio/twi_controller/FSM_gray_state[3]_i_11_n_0
    SLICE_X160Y118       LUT6 (Prop_lut6_I5_O)        0.124     5.762 r  datapath/Audio_Codec/initialize_audio/twi_controller/FSM_gray_state[3]_i_3/O
                         net (fo=1, routed)           0.435     6.197    datapath/Audio_Codec/initialize_audio/twi_controller/FSM_gray_state[3]_i_3_n_0
    SLICE_X162Y119       LUT6 (Prop_lut6_I0_O)        0.124     6.321 r  datapath/Audio_Codec/initialize_audio/twi_controller/FSM_gray_state[3]_i_1/O
                         net (fo=4, routed)           0.331     6.652    datapath/Audio_Codec/initialize_audio/twi_controller/FSM_gray_state[3]_i_1_n_0
    SLICE_X162Y118       FDRE                                         r  datapath/Audio_Codec/initialize_audio/twi_controller/FSM_gray_state_reg[3]/CE
  -------------------------------------------------------------------    -------------------

                         (clock clk_out2_clk_wiz_1 rise edge)
                                                      8.000     8.000 r  
    BUFGCTRL_X0Y4        BUFG                         0.000     8.000 r  clk_IBUF_BUFG_inst/O
                         net (fo=85, routed)          1.643     9.643    datapath/Audio_Codec/audiocodec_master_clock/inst/clk_in1
    MMCME2_ADV_X0Y2      MMCME2_ADV (Prop_mmcme2_adv_CLKIN1_CLKOUT1)
                                                     -3.494     6.149 r  datapath/Audio_Codec/audiocodec_master_clock/inst/mmcm_adv_inst/CLKOUT1
                         net (fo=1, routed)           1.760     7.909    datapath/Audio_Codec/audiocodec_master_clock/inst/clk_out2_clk_wiz_1
    BUFGCTRL_X0Y2        BUFG (Prop_bufg_I_O)         0.091     8.000 r  datapath/Audio_Codec/audiocodec_master_clock/inst/clkout2_buf/O
                         net (fo=115, routed)         1.703     9.703    datapath/Audio_Codec/initialize_audio/twi_controller/CLK
    SLICE_X162Y118       FDRE                                         r  datapath/Audio_Codec/initialize_audio/twi_controller/FSM_gray_state_reg[3]/C
                         clock pessimism              0.094     9.797    
                         clock uncertainty           -0.072     9.725    
    SLICE_X162Y118       FDRE (Setup_fdre_C_CE)      -0.169     9.556    datapath/Audio_Codec/initialize_audio/twi_controller/FSM_gray_state_reg[3]
  -------------------------------------------------------------------
                         required time                          9.556    
                         arrival time                          -6.652    
  -------------------------------------------------------------------
                         slack                                  2.904    

Slack (MET) :             2.989ns  (required time - arrival time)
  Source:                 datapath/Audio_Codec/initialize_audio/twi_controller/sclCnt_reg[4]/C
                            (rising edge-triggered cell FDSE clocked by clk_out2_clk_wiz_1  {rise@0.000ns fall@4.000ns period=8.000ns})
  Destination:            datapath/Audio_Codec/initialize_audio/twi_controller/dataByte_reg[0]/CE
                            (rising edge-triggered cell FDRE clocked by clk_out2_clk_wiz_1  {rise@0.000ns fall@4.000ns period=8.000ns})
  Path Group:             clk_out2_clk_wiz_1
  Path Type:              Setup (Max at Slow Process Corner)
  Requirement:            8.000ns  (clk_out2_clk_wiz_1 rise@8.000ns - clk_out2_clk_wiz_1 rise@0.000ns)
  Data Path Delay:        4.706ns  (logic 1.381ns (29.347%)  route 3.325ns (70.653%))
  Logic Levels:           4  (LUT2=1 LUT5=1 LUT6=2)
  Clock Path Skew:        -0.028ns (DCD - SCD + CPR)
    Destination Clock Delay (DCD):    1.702ns = ( 9.702 - 8.000 ) 
    Source Clock Delay      (SCD):    1.824ns
    Clock Pessimism Removal (CPR):    0.094ns
  Clock Uncertainty:      0.072ns  ((TSJ^2 + DJ^2)^1/2) / 2 + PE
    Total System Jitter     (TSJ):    0.071ns
    Discrete Jitter          (DJ):    0.125ns
    Phase Error              (PE):    0.000ns

    Location             Delay type                Incr(ns)  Path(ns)    Netlist Resource(s)
  -------------------------------------------------------------------    -------------------
                         (clock clk_out2_clk_wiz_1 rise edge)
                                                      0.000     0.000 r  
    BUFGCTRL_X0Y4        BUFG                         0.000     0.000 r  clk_IBUF_BUFG_inst/O
                         net (fo=85, routed)          1.761     1.761    datapath/Audio_Codec/audiocodec_master_clock/inst/clk_in1
    MMCME2_ADV_X0Y2      MMCME2_ADV (Prop_mmcme2_adv_CLKIN1_CLKOUT1)
                                                     -3.701    -1.939 r  datapath/Audio_Codec/audiocodec_master_clock/inst/mmcm_adv_inst/CLKOUT1
                         net (fo=1, routed)           1.843    -0.096    datapath/Audio_Codec/audiocodec_master_clock/inst/clk_out2_clk_wiz_1
    BUFGCTRL_X0Y2        BUFG (Prop_bufg_I_O)         0.096    -0.000 r  datapath/Audio_Codec/audiocodec_master_clock/inst/clkout2_buf/O
                         net (fo=115, routed)         1.824     1.824    datapath/Audio_Codec/initialize_audio/twi_controller/CLK
    SLICE_X162Y116       FDSE                                         r  datapath/Audio_Codec/initialize_audio/twi_controller/sclCnt_reg[4]/C
  -------------------------------------------------------------------    -------------------
    SLICE_X162Y116       FDSE (Prop_fdse_C_Q)         0.478     2.302 f  datapath/Audio_Codec/initialize_audio/twi_controller/sclCnt_reg[4]/Q
                         net (fo=3, routed)           1.004     3.306    datapath/Audio_Codec/initialize_audio/twi_controller/sclCnt_reg[4]
    SLICE_X162Y116       LUT6 (Prop_lut6_I0_O)        0.301     3.607 f  datapath/Audio_Codec/initialize_audio/twi_controller/sclCnt[6]_i_4/O
                         net (fo=2, routed)           0.593     4.200    datapath/Audio_Codec/initialize_audio/twi_controller/sclCnt[6]_i_4_n_0
    SLICE_X162Y117       LUT2 (Prop_lut2_I0_O)        0.150     4.350 f  datapath/Audio_Codec/initialize_audio/twi_controller/subState[1]_i_2/O
                         net (fo=10, routed)          0.639     4.989    datapath/Audio_Codec/initialize_audio/twi_controller/subState[1]_i_2_n_0
    SLICE_X162Y119       LUT5 (Prop_lut5_I4_O)        0.328     5.317 r  datapath/Audio_Codec/initialize_audio/twi_controller/dataByte[7]_i_3/O
                         net (fo=10, routed)          0.697     6.014    datapath/Audio_Codec/initialize_audio/twi_controller/dataByte[7]_i_3_n_0
    SLICE_X161Y119       LUT6 (Prop_lut6_I0_O)        0.124     6.138 r  datapath/Audio_Codec/initialize_audio/twi_controller/dataByte[7]_i_1/O
                         net (fo=8, routed)           0.392     6.530    datapath/Audio_Codec/initialize_audio/twi_controller/dataByte[7]_i_1_n_0
    SLICE_X160Y119       FDRE                                         r  datapath/Audio_Codec/initialize_audio/twi_controller/dataByte_reg[0]/CE
  -------------------------------------------------------------------    -------------------

                         (clock clk_out2_clk_wiz_1 rise edge)
                                                      8.000     8.000 r  
    BUFGCTRL_X0Y4        BUFG                         0.000     8.000 r  clk_IBUF_BUFG_inst/O
                         net (fo=85, routed)          1.643     9.643    datapath/Audio_Codec/audiocodec_master_clock/inst/clk_in1
    MMCME2_ADV_X0Y2      MMCME2_ADV (Prop_mmcme2_adv_CLKIN1_CLKOUT1)
                                                     -3.494     6.149 r  datapath/Audio_Codec/audiocodec_master_clock/inst/mmcm_adv_inst/CLKOUT1
                         net (fo=1, routed)           1.760     7.909    datapath/Audio_Codec/audiocodec_master_clock/inst/clk_out2_clk_wiz_1
    BUFGCTRL_X0Y2        BUFG (Prop_bufg_I_O)         0.091     8.000 r  datapath/Audio_Codec/audiocodec_master_clock/inst/clkout2_buf/O
                         net (fo=115, routed)         1.702     9.702    datapath/Audio_Codec/initialize_audio/twi_controller/CLK
    SLICE_X160Y119       FDRE                                         r  datapath/Audio_Codec/initialize_audio/twi_controller/dataByte_reg[0]/C
                         clock pessimism              0.094     9.796    
                         clock uncertainty           -0.072     9.724    
    SLICE_X160Y119       FDRE (Setup_fdre_C_CE)      -0.205     9.519    datapath/Audio_Codec/initialize_audio/twi_controller/dataByte_reg[0]
  -------------------------------------------------------------------
                         required time                          9.519    
                         arrival time                          -6.530    
  -------------------------------------------------------------------
                         slack                                  2.989    





Min Delay Paths
--------------------------------------------------------------------------------------
Slack (MET) :             0.171ns  (arrival time - required time)
  Source:                 datapath/Audio_Codec/initialize_audio/initWord_reg[19]/C
                            (rising edge-triggered cell FDRE clocked by clk_out2_clk_wiz_1  {rise@0.000ns fall@4.000ns period=8.000ns})
  Destination:            datapath/Audio_Codec/initialize_audio/data_i_reg[3]/D
                            (rising edge-triggered cell FDRE clocked by clk_out2_clk_wiz_1  {rise@0.000ns fall@4.000ns period=8.000ns})
  Path Group:             clk_out2_clk_wiz_1
  Path Type:              Hold (Min at Fast Process Corner)
  Requirement:            0.000ns  (clk_out2_clk_wiz_1 rise@0.000ns - clk_out2_clk_wiz_1 rise@0.000ns)
  Data Path Delay:        0.276ns  (logic 0.186ns (67.295%)  route 0.090ns (32.705%))
  Logic Levels:           1  (LUT5=1)
  Clock Path Skew:        0.013ns (DCD - SCD - CPR)
    Destination Clock Delay (DCD):    0.909ns
    Source Clock Delay      (SCD):    0.638ns
    Clock Pessimism Removal (CPR):    0.258ns

    Location             Delay type                Incr(ns)  Path(ns)    Netlist Resource(s)
  -------------------------------------------------------------------    -------------------
                         (clock clk_out2_clk_wiz_1 rise edge)
                                                      0.000     0.000 r  
    BUFGCTRL_X0Y4        BUFG                         0.000     0.000 r  clk_IBUF_BUFG_inst/O
                         net (fo=85, routed)          0.610     0.610    datapath/Audio_Codec/audiocodec_master_clock/inst/clk_in1
    MMCME2_ADV_X0Y2      MMCME2_ADV (Prop_mmcme2_adv_CLKIN1_CLKOUT1)
                                                     -1.180    -0.571 r  datapath/Audio_Codec/audiocodec_master_clock/inst/mmcm_adv_inst/CLKOUT1
                         net (fo=1, routed)           0.545    -0.026    datapath/Audio_Codec/audiocodec_master_clock/inst/clk_out2_clk_wiz_1
    BUFGCTRL_X0Y2        BUFG (Prop_bufg_I_O)         0.026     0.000 r  datapath/Audio_Codec/audiocodec_master_clock/inst/clkout2_buf/O
                         net (fo=115, routed)         0.638     0.638    datapath/Audio_Codec/initialize_audio/CLK
    SLICE_X160Y121       FDRE                                         r  datapath/Audio_Codec/initialize_audio/initWord_reg[19]/C
  -------------------------------------------------------------------    -------------------
    SLICE_X160Y121       FDRE (Prop_fdre_C_Q)         0.141     0.779 r  datapath/Audio_Codec/initialize_audio/initWord_reg[19]/Q
                         net (fo=4, routed)           0.090     0.869    datapath/Audio_Codec/initialize_audio/data1[3]
    SLICE_X161Y121       LUT5 (Prop_lut5_I1_O)        0.045     0.914 r  datapath/Audio_Codec/initialize_audio/data_i[3]_i_1/O
                         net (fo=1, routed)           0.000     0.914    datapath/Audio_Codec/initialize_audio/data_i[3]_i_1_n_0
    SLICE_X161Y121       FDRE                                         r  datapath/Audio_Codec/initialize_audio/data_i_reg[3]/D
  -------------------------------------------------------------------    -------------------

                         (clock clk_out2_clk_wiz_1 rise edge)
                                                      0.000     0.000 r  
    BUFGCTRL_X0Y4        BUFG                         0.000     0.000 r  clk_IBUF_BUFG_inst/O
                         net (fo=85, routed)          0.879     0.879    datapath/Audio_Codec/audiocodec_master_clock/inst/clk_in1
    MMCME2_ADV_X0Y2      MMCME2_ADV (Prop_mmcme2_adv_CLKIN1_CLKOUT1)
                                                     -1.502    -0.624 r  datapath/Audio_Codec/audiocodec_master_clock/inst/mmcm_adv_inst/CLKOUT1
                         net (fo=1, routed)           0.595    -0.029    datapath/Audio_Codec/audiocodec_master_clock/inst/clk_out2_clk_wiz_1
    BUFGCTRL_X0Y2        BUFG (Prop_bufg_I_O)         0.029    -0.000 r  datapath/Audio_Codec/audiocodec_master_clock/inst/clkout2_buf/O
                         net (fo=115, routed)         0.909     0.909    datapath/Audio_Codec/initialize_audio/CLK
    SLICE_X161Y121       FDRE                                         r  datapath/Audio_Codec/initialize_audio/data_i_reg[3]/C
                         clock pessimism             -0.258     0.651    
    SLICE_X161Y121       FDRE (Hold_fdre_C_D)         0.092     0.743    datapath/Audio_Codec/initialize_audio/data_i_reg[3]
  -------------------------------------------------------------------
                         required time                         -0.743    
                         arrival time                           0.914    
  -------------------------------------------------------------------
                         slack                                  0.171    

Slack (MET) :             0.187ns  (arrival time - required time)
  Source:                 datapath/Audio_Codec/initialize_audio/initWord_reg[16]/C
                            (rising edge-triggered cell FDRE clocked by clk_out2_clk_wiz_1  {rise@0.000ns fall@4.000ns period=8.000ns})
  Destination:            datapath/Audio_Codec/initialize_audio/state_reg[3]/D
                            (rising edge-triggered cell FDRE clocked by clk_out2_clk_wiz_1  {rise@0.000ns fall@4.000ns period=8.000ns})
  Path Group:             clk_out2_clk_wiz_1
  Path Type:              Hold (Min at Fast Process Corner)
  Requirement:            0.000ns  (clk_out2_clk_wiz_1 rise@0.000ns - clk_out2_clk_wiz_1 rise@0.000ns)
  Data Path Delay:        0.293ns  (logic 0.186ns (63.401%)  route 0.107ns (36.599%))
  Logic Levels:           1  (LUT6=1)
  Clock Path Skew:        0.014ns (DCD - SCD - CPR)
    Destination Clock Delay (DCD):    0.908ns
    Source Clock Delay      (SCD):    0.637ns
    Clock Pessimism Removal (CPR):    0.257ns

    Location             Delay type                Incr(ns)  Path(ns)    Netlist Resource(s)
  -------------------------------------------------------------------    -------------------
                         (clock clk_out2_clk_wiz_1 rise edge)
                                                      0.000     0.000 r  
    BUFGCTRL_X0Y4        BUFG                         0.000     0.000 r  clk_IBUF_BUFG_inst/O
                         net (fo=85, routed)          0.610     0.610    datapath/Audio_Codec/audiocodec_master_clock/inst/clk_in1
    MMCME2_ADV_X0Y2      MMCME2_ADV (Prop_mmcme2_adv_CLKIN1_CLKOUT1)
                                                     -1.180    -0.571 r  datapath/Audio_Codec/audiocodec_master_clock/inst/mmcm_adv_inst/CLKOUT1
                         net (fo=1, routed)           0.545    -0.026    datapath/Audio_Codec/audiocodec_master_clock/inst/clk_out2_clk_wiz_1
    BUFGCTRL_X0Y2        BUFG (Prop_bufg_I_O)         0.026     0.000 r  datapath/Audio_Codec/audiocodec_master_clock/inst/clkout2_buf/O
                         net (fo=115, routed)         0.637     0.637    datapath/Audio_Codec/initialize_audio/CLK
    SLICE_X157Y121       FDRE                                         r  datapath/Audio_Codec/initialize_audio/initWord_reg[16]/C
  -------------------------------------------------------------------    -------------------
    SLICE_X157Y121       FDRE (Prop_fdre_C_Q)         0.141     0.778 f  datapath/Audio_Codec/initialize_audio/initWord_reg[16]/Q
                         net (fo=4, routed)           0.107     0.885    datapath/Audio_Codec/initialize_audio/twi_controller/initA_reg[0]_0[0]
    SLICE_X159Y121       LUT6 (Prop_lut6_I4_O)        0.045     0.930 r  datapath/Audio_Codec/initialize_audio/twi_controller/state[3]_i_2/O
                         net (fo=1, routed)           0.000     0.930    datapath/Audio_Codec/initialize_audio/twi_controller_n_2
    SLICE_X159Y121       FDRE                                         r  datapath/Audio_Codec/initialize_audio/state_reg[3]/D
  -------------------------------------------------------------------    -------------------

                         (clock clk_out2_clk_wiz_1 rise edge)
                                                      0.000     0.000 r  
    BUFGCTRL_X0Y4        BUFG                         0.000     0.000 r  clk_IBUF_BUFG_inst/O
                         net (fo=85, routed)          0.879     0.879    datapath/Audio_Codec/audiocodec_master_clock/inst/clk_in1
    MMCME2_ADV_X0Y2      MMCME2_ADV (Prop_mmcme2_adv_CLKIN1_CLKOUT1)
                                                     -1.502    -0.624 r  datapath/Audio_Codec/audiocodec_master_clock/inst/mmcm_adv_inst/CLKOUT1
                         net (fo=1, routed)           0.595    -0.029    datapath/Audio_Codec/audiocodec_master_clock/inst/clk_out2_clk_wiz_1
    BUFGCTRL_X0Y2        BUFG (Prop_bufg_I_O)         0.029    -0.000 r  datapath/Audio_Codec/audiocodec_master_clock/inst/clkout2_buf/O
                         net (fo=115, routed)         0.908     0.908    datapath/Audio_Codec/initialize_audio/CLK
    SLICE_X159Y121       FDRE                                         r  datapath/Audio_Codec/initialize_audio/state_reg[3]/C
                         clock pessimism             -0.257     0.651    
    SLICE_X159Y121       FDRE (Hold_fdre_C_D)         0.092     0.743    datapath/Audio_Codec/initialize_audio/state_reg[3]
  -------------------------------------------------------------------
                         required time                         -0.743    
                         arrival time                           0.930    
  -------------------------------------------------------------------
                         slack                                  0.187    

Slack (MET) :             0.191ns  (arrival time - required time)
  Source:                 datapath/Audio_Codec/initialize_audio/twi_controller/busFreeCnt_reg[0]/C
                            (rising edge-triggered cell FDSE clocked by clk_out2_clk_wiz_1  {rise@0.000ns fall@4.000ns period=8.000ns})
  Destination:            datapath/Audio_Codec/initialize_audio/twi_controller/busFreeCnt_reg[1]/D
                            (rising edge-triggered cell FDRE clocked by clk_out2_clk_wiz_1  {rise@0.000ns fall@4.000ns period=8.000ns})
  Path Group:             clk_out2_clk_wiz_1
  Path Type:              Hold (Min at Fast Process Corner)
  Requirement:            0.000ns  (clk_out2_clk_wiz_1 rise@0.000ns - clk_out2_clk_wiz_1 rise@0.000ns)
  Data Path Delay:        0.295ns  (logic 0.186ns (63.112%)  route 0.109ns (36.888%))
  Logic Levels:           1  (LUT2=1)
  Clock Path Skew:        0.013ns (DCD - SCD - CPR)
    Destination Clock Delay (DCD):    0.914ns
    Source Clock Delay      (SCD):    0.643ns
    Clock Pessimism Removal (CPR):    0.258ns

    Location             Delay type                Incr(ns)  Path(ns)    Netlist Resource(s)
  -------------------------------------------------------------------    -------------------
                         (clock clk_out2_clk_wiz_1 rise edge)
                                                      0.000     0.000 r  
    BUFGCTRL_X0Y4        BUFG                         0.000     0.000 r  clk_IBUF_BUFG_inst/O
                         net (fo=85, routed)          0.610     0.610    datapath/Audio_Codec/audiocodec_master_clock/inst/clk_in1
    MMCME2_ADV_X0Y2      MMCME2_ADV (Prop_mmcme2_adv_CLKIN1_CLKOUT1)
                                                     -1.180    -0.571 r  datapath/Audio_Codec/audiocodec_master_clock/inst/mmcm_adv_inst/CLKOUT1
                         net (fo=1, routed)           0.545    -0.026    datapath/Audio_Codec/audiocodec_master_clock/inst/clk_out2_clk_wiz_1
    BUFGCTRL_X0Y2        BUFG (Prop_bufg_I_O)         0.026     0.000 r  datapath/Audio_Codec/audiocodec_master_clock/inst/clkout2_buf/O
                         net (fo=115, routed)         0.643     0.643    datapath/Audio_Codec/initialize_audio/twi_controller/CLK
    SLICE_X160Y116       FDSE                                         r  datapath/Audio_Codec/initialize_audio/twi_controller/busFreeCnt_reg[0]/C
  -------------------------------------------------------------------    -------------------
    SLICE_X160Y116       FDSE (Prop_fdse_C_Q)         0.141     0.784 r  datapath/Audio_Codec/initialize_audio/twi_controller/busFreeCnt_reg[0]/Q
                         net (fo=7, routed)           0.109     0.892    datapath/Audio_Codec/initialize_audio/twi_controller/busFreeCnt_reg[0]
    SLICE_X161Y116       LUT2 (Prop_lut2_I1_O)        0.045     0.937 r  datapath/Audio_Codec/initialize_audio/twi_controller/busFreeCnt[1]_i_1/O
                         net (fo=1, routed)           0.000     0.937    datapath/Audio_Codec/initialize_audio/twi_controller/busFreeCnt0[1]
    SLICE_X161Y116       FDRE                                         r  datapath/Audio_Codec/initialize_audio/twi_controller/busFreeCnt_reg[1]/D
  -------------------------------------------------------------------    -------------------

                         (clock clk_out2_clk_wiz_1 rise edge)
                                                      0.000     0.000 r  
    BUFGCTRL_X0Y4        BUFG                         0.000     0.000 r  clk_IBUF_BUFG_inst/O
                         net (fo=85, routed)          0.879     0.879    datapath/Audio_Codec/audiocodec_master_clock/inst/clk_in1
    MMCME2_ADV_X0Y2      MMCME2_ADV (Prop_mmcme2_adv_CLKIN1_CLKOUT1)
                                                     -1.502    -0.624 r  datapath/Audio_Codec/audiocodec_master_clock/inst/mmcm_adv_inst/CLKOUT1
                         net (fo=1, routed)           0.595    -0.029    datapath/Audio_Codec/audiocodec_master_clock/inst/clk_out2_clk_wiz_1
    BUFGCTRL_X0Y2        BUFG (Prop_bufg_I_O)         0.029    -0.000 r  datapath/Audio_Codec/audiocodec_master_clock/inst/clkout2_buf/O
                         net (fo=115, routed)         0.914     0.914    datapath/Audio_Codec/initialize_audio/twi_controller/CLK
    SLICE_X161Y116       FDRE                                         r  datapath/Audio_Codec/initialize_audio/twi_controller/busFreeCnt_reg[1]/C
                         clock pessimism             -0.258     0.656    
    SLICE_X161Y116       FDRE (Hold_fdre_C_D)         0.091     0.747    datapath/Audio_Codec/initialize_audio/twi_controller/busFreeCnt_reg[1]
  -------------------------------------------------------------------
                         required time                         -0.747    
                         arrival time                           0.937    
  -------------------------------------------------------------------
                         slack                                  0.191    

Slack (MET) :             0.201ns  (arrival time - required time)
  Source:                 datapath/Audio_Codec/initialize_audio/initA_reg[2]/C
                            (rising edge-triggered cell FDRE clocked by clk_out2_clk_wiz_1  {rise@0.000ns fall@4.000ns period=8.000ns})
  Destination:            datapath/Audio_Codec/initialize_audio/initA_reg[6]/D
                            (rising edge-triggered cell FDRE clocked by clk_out2_clk_wiz_1  {rise@0.000ns fall@4.000ns period=8.000ns})
  Path Group:             clk_out2_clk_wiz_1
  Path Type:              Hold (Min at Fast Process Corner)
  Requirement:            0.000ns  (clk_out2_clk_wiz_1 rise@0.000ns - clk_out2_clk_wiz_1 rise@0.000ns)
  Data Path Delay:        0.335ns  (logic 0.186ns (55.564%)  route 0.149ns (44.436%))
  Logic Levels:           1  (LUT6=1)
  Clock Path Skew:        0.013ns (DCD - SCD - CPR)
    Destination Clock Delay (DCD):    0.907ns
    Source Clock Delay      (SCD):    0.637ns
    Clock Pessimism Removal (CPR):    0.257ns

    Location             Delay type                Incr(ns)  Path(ns)    Netlist Resource(s)
  -------------------------------------------------------------------    -------------------
                         (clock clk_out2_clk_wiz_1 rise edge)
                                                      0.000     0.000 r  
    BUFGCTRL_X0Y4        BUFG                         0.000     0.000 r  clk_IBUF_BUFG_inst/O
                         net (fo=85, routed)          0.610     0.610    datapath/Audio_Codec/audiocodec_master_clock/inst/clk_in1
    MMCME2_ADV_X0Y2      MMCME2_ADV (Prop_mmcme2_adv_CLKIN1_CLKOUT1)
                                                     -1.180    -0.571 r  datapath/Audio_Codec/audiocodec_master_clock/inst/mmcm_adv_inst/CLKOUT1
                         net (fo=1, routed)           0.545    -0.026    datapath/Audio_Codec/audiocodec_master_clock/inst/clk_out2_clk_wiz_1
    BUFGCTRL_X0Y2        BUFG (Prop_bufg_I_O)         0.026     0.000 r  datapath/Audio_Codec/audiocodec_master_clock/inst/clkout2_buf/O
                         net (fo=115, routed)         0.637     0.637    datapath/Audio_Codec/initialize_audio/CLK
    SLICE_X159Y122       FDRE                                         r  datapath/Audio_Codec/initialize_audio/initA_reg[2]/C
  -------------------------------------------------------------------    -------------------
    SLICE_X159Y122       FDRE (Prop_fdre_C_Q)         0.141     0.778 r  datapath/Audio_Codec/initialize_audio/initA_reg[2]/Q
                         net (fo=21, routed)          0.149     0.926    datapath/Audio_Codec/initialize_audio/initA_reg[2]
    SLICE_X158Y122       LUT6 (Prop_lut6_I2_O)        0.045     0.971 r  datapath/Audio_Codec/initialize_audio/initA[6]_i_2/O
                         net (fo=1, routed)           0.000     0.971    datapath/Audio_Codec/initialize_audio/p_1_in__0[6]
    SLICE_X158Y122       FDRE                                         r  datapath/Audio_Codec/initialize_audio/initA_reg[6]/D
  -------------------------------------------------------------------    -------------------

                         (clock clk_out2_clk_wiz_1 rise edge)
                                                      0.000     0.000 r  
    BUFGCTRL_X0Y4        BUFG                         0.000     0.000 r  clk_IBUF_BUFG_inst/O
                         net (fo=85, routed)          0.879     0.879    datapath/Audio_Codec/audiocodec_master_clock/inst/clk_in1
    MMCME2_ADV_X0Y2      MMCME2_ADV (Prop_mmcme2_adv_CLKIN1_CLKOUT1)
                                                     -1.502    -0.624 r  datapath/Audio_Codec/audiocodec_master_clock/inst/mmcm_adv_inst/CLKOUT1
                         net (fo=1, routed)           0.595    -0.029    datapath/Audio_Codec/audiocodec_master_clock/inst/clk_out2_clk_wiz_1
    BUFGCTRL_X0Y2        BUFG (Prop_bufg_I_O)         0.029    -0.000 r  datapath/Audio_Codec/audiocodec_master_clock/inst/clkout2_buf/O
                         net (fo=115, routed)         0.907     0.907    datapath/Audio_Codec/initialize_audio/CLK
    SLICE_X158Y122       FDRE                                         r  datapath/Audio_Codec/initialize_audio/initA_reg[6]/C
                         clock pessimism             -0.257     0.650    
    SLICE_X158Y122       FDRE (Hold_fdre_C_D)         0.121     0.771    datapath/Audio_Codec/initialize_audio/initA_reg[6]
  -------------------------------------------------------------------
                         required time                         -0.771    
                         arrival time                           0.971    
  -------------------------------------------------------------------
                         slack                                  0.201    

Slack (MET) :             0.203ns  (arrival time - required time)
  Source:                 datapath/Audio_Codec/initialize_audio/twi_controller/FSM_gray_state_reg[3]/C
                            (rising edge-triggered cell FDRE clocked by clk_out2_clk_wiz_1  {rise@0.000ns fall@4.000ns period=8.000ns})
  Destination:            datapath/Audio_Codec/initialize_audio/twi_controller/rScl_reg/D
                            (rising edge-triggered cell FDRE clocked by clk_out2_clk_wiz_1  {rise@0.000ns fall@4.000ns period=8.000ns})
  Path Group:             clk_out2_clk_wiz_1
  Path Type:              Hold (Min at Fast Process Corner)
  Requirement:            0.000ns  (clk_out2_clk_wiz_1 rise@0.000ns - clk_out2_clk_wiz_1 rise@0.000ns)
  Data Path Delay:        0.307ns  (logic 0.209ns (67.988%)  route 0.098ns (32.012%))
  Logic Levels:           1  (LUT6=1)
  Clock Path Skew:        0.013ns (DCD - SCD - CPR)
    Destination Clock Delay (DCD):    0.912ns
    Source Clock Delay      (SCD):    0.641ns
    Clock Pessimism Removal (CPR):    0.258ns

    Location             Delay type                Incr(ns)  Path(ns)    Netlist Resource(s)
  -------------------------------------------------------------------    -------------------
                         (clock clk_out2_clk_wiz_1 rise edge)
                                                      0.000     0.000 r  
    BUFGCTRL_X0Y4        BUFG                         0.000     0.000 r  clk_IBUF_BUFG_inst/O
                         net (fo=85, routed)          0.610     0.610    datapath/Audio_Codec/audiocodec_master_clock/inst/clk_in1
    MMCME2_ADV_X0Y2      MMCME2_ADV (Prop_mmcme2_adv_CLKIN1_CLKOUT1)
                                                     -1.180    -0.571 r  datapath/Audio_Codec/audiocodec_master_clock/inst/mmcm_adv_inst/CLKOUT1
                         net (fo=1, routed)           0.545    -0.026    datapath/Audio_Codec/audiocodec_master_clock/inst/clk_out2_clk_wiz_1
    BUFGCTRL_X0Y2        BUFG (Prop_bufg_I_O)         0.026     0.000 r  datapath/Audio_Codec/audiocodec_master_clock/inst/clkout2_buf/O
                         net (fo=115, routed)         0.641     0.641    datapath/Audio_Codec/initialize_audio/twi_controller/CLK
    SLICE_X162Y118       FDRE                                         r  datapath/Audio_Codec/initialize_audio/twi_controller/FSM_gray_state_reg[3]/C
  -------------------------------------------------------------------    -------------------
    SLICE_X162Y118       FDRE (Prop_fdre_C_Q)         0.164     0.805 r  datapath/Audio_Codec/initialize_audio/twi_controller/FSM_gray_state_reg[3]/Q
                         net (fo=26, routed)          0.098     0.903    datapath/Audio_Codec/initialize_audio/twi_controller/state[3]
    SLICE_X163Y118       LUT6 (Prop_lut6_I0_O)        0.045     0.948 r  datapath/Audio_Codec/initialize_audio/twi_controller/rScl_i_1/O
                         net (fo=1, routed)           0.000     0.948    datapath/Audio_Codec/initialize_audio/twi_controller/rScl_i_1_n_0
    SLICE_X163Y118       FDRE                                         r  datapath/Audio_Codec/initialize_audio/twi_controller/rScl_reg/D
  -------------------------------------------------------------------    -------------------

                         (clock clk_out2_clk_wiz_1 rise edge)
                                                      0.000     0.000 r  
    BUFGCTRL_X0Y4        BUFG                         0.000     0.000 r  clk_IBUF_BUFG_inst/O
                         net (fo=85, routed)          0.879     0.879    datapath/Audio_Codec/audiocodec_master_clock/inst/clk_in1
    MMCME2_ADV_X0Y2      MMCME2_ADV (Prop_mmcme2_adv_CLKIN1_CLKOUT1)
                                                     -1.502    -0.624 r  datapath/Audio_Codec/audiocodec_master_clock/inst/mmcm_adv_inst/CLKOUT1
                         net (fo=1, routed)           0.595    -0.029    datapath/Audio_Codec/audiocodec_master_clock/inst/clk_out2_clk_wiz_1
    BUFGCTRL_X0Y2        BUFG (Prop_bufg_I_O)         0.029    -0.000 r  datapath/Audio_Codec/audiocodec_master_clock/inst/clkout2_buf/O
                         net (fo=115, routed)         0.912     0.912    datapath/Audio_Codec/initialize_audio/twi_controller/CLK
    SLICE_X163Y118       FDRE                                         r  datapath/Audio_Codec/initialize_audio/twi_controller/rScl_reg/C
                         clock pessimism             -0.258     0.654    
    SLICE_X163Y118       FDRE (Hold_fdre_C_D)         0.091     0.745    datapath/Audio_Codec/initialize_audio/twi_controller/rScl_reg
  -------------------------------------------------------------------
                         required time                         -0.745    
                         arrival time                           0.948    
  -------------------------------------------------------------------
                         slack                                  0.203    

Slack (MET) :             0.210ns  (arrival time - required time)
  Source:                 datapath/Audio_Codec/initialize_audio/twi_controller/busFreeCnt_reg[1]/C
                            (rising edge-triggered cell FDRE clocked by clk_out2_clk_wiz_1  {rise@0.000ns fall@4.000ns period=8.000ns})
  Destination:            datapath/Audio_Codec/initialize_audio/twi_controller/busFreeCnt_reg[2]/D
                            (rising edge-triggered cell FDSE clocked by clk_out2_clk_wiz_1  {rise@0.000ns fall@4.000ns period=8.000ns})
  Path Group:             clk_out2_clk_wiz_1
  Path Type:              Hold (Min at Fast Process Corner)
  Requirement:            0.000ns  (clk_out2_clk_wiz_1 rise@0.000ns - clk_out2_clk_wiz_1 rise@0.000ns)
  Data Path Delay:        0.330ns  (logic 0.189ns (57.224%)  route 0.141ns (42.776%))
  Logic Levels:           1  (LUT3=1)
  Clock Path Skew:        0.013ns (DCD - SCD - CPR)
    Destination Clock Delay (DCD):    0.914ns
    Source Clock Delay      (SCD):    0.643ns
    Clock Pessimism Removal (CPR):    0.258ns

    Location             Delay type                Incr(ns)  Path(ns)    Netlist Resource(s)
  -------------------------------------------------------------------    -------------------
                         (clock clk_out2_clk_wiz_1 rise edge)
                                                      0.000     0.000 r  
    BUFGCTRL_X0Y4        BUFG                         0.000     0.000 r  clk_IBUF_BUFG_inst/O
                         net (fo=85, routed)          0.610     0.610    datapath/Audio_Codec/audiocodec_master_clock/inst/clk_in1
    MMCME2_ADV_X0Y2      MMCME2_ADV (Prop_mmcme2_adv_CLKIN1_CLKOUT1)
                                                     -1.180    -0.571 r  datapath/Audio_Codec/audiocodec_master_clock/inst/mmcm_adv_inst/CLKOUT1
                         net (fo=1, routed)           0.545    -0.026    datapath/Audio_Codec/audiocodec_master_clock/inst/clk_out2_clk_wiz_1
    BUFGCTRL_X0Y2        BUFG (Prop_bufg_I_O)         0.026     0.000 r  datapath/Audio_Codec/audiocodec_master_clock/inst/clkout2_buf/O
                         net (fo=115, routed)         0.643     0.643    datapath/Audio_Codec/initialize_audio/twi_controller/CLK
    SLICE_X161Y116       FDRE                                         r  datapath/Audio_Codec/initialize_audio/twi_controller/busFreeCnt_reg[1]/C
  -------------------------------------------------------------------    -------------------
    SLICE_X161Y116       FDRE (Prop_fdre_C_Q)         0.141     0.784 r  datapath/Audio_Codec/initialize_audio/twi_controller/busFreeCnt_reg[1]/Q
                         net (fo=6, routed)           0.141     0.925    datapath/Audio_Codec/initialize_audio/twi_controller/busFreeCnt_reg[1]
    SLICE_X160Y116       LUT3 (Prop_lut3_I2_O)        0.048     0.973 r  datapath/Audio_Codec/initialize_audio/twi_controller/busFreeCnt[2]_i_1/O
                         net (fo=1, routed)           0.000     0.973    datapath/Audio_Codec/initialize_audio/twi_controller/busFreeCnt0[2]
    SLICE_X160Y116       FDSE                                         r  datapath/Audio_Codec/initialize_audio/twi_controller/busFreeCnt_reg[2]/D
  -------------------------------------------------------------------    -------------------

                         (clock clk_out2_clk_wiz_1 rise edge)
                                                      0.000     0.000 r  
    BUFGCTRL_X0Y4        BUFG                         0.000     0.000 r  clk_IBUF_BUFG_inst/O
                         net (fo=85, routed)          0.879     0.879    datapath/Audio_Codec/audiocodec_master_clock/inst/clk_in1
    MMCME2_ADV_X0Y2      MMCME2_ADV (Prop_mmcme2_adv_CLKIN1_CLKOUT1)
                                                     -1.502    -0.624 r  datapath/Audio_Codec/audiocodec_master_clock/inst/mmcm_adv_inst/CLKOUT1
                         net (fo=1, routed)           0.595    -0.029    datapath/Audio_Codec/audiocodec_master_clock/inst/clk_out2_clk_wiz_1
    BUFGCTRL_X0Y2        BUFG (Prop_bufg_I_O)         0.029    -0.000 r  datapath/Audio_Codec/audiocodec_master_clock/inst/clkout2_buf/O
                         net (fo=115, routed)         0.914     0.914    datapath/Audio_Codec/initialize_audio/twi_controller/CLK
    SLICE_X160Y116       FDSE                                         r  datapath/Audio_Codec/initialize_audio/twi_controller/busFreeCnt_reg[2]/C
                         clock pessimism             -0.258     0.656    
    SLICE_X160Y116       FDSE (Hold_fdse_C_D)         0.107     0.763    datapath/Audio_Codec/initialize_audio/twi_controller/busFreeCnt_reg[2]
  -------------------------------------------------------------------
                         required time                         -0.763    
                         arrival time                           0.973    
  -------------------------------------------------------------------
                         slack                                  0.210    

Slack (MET) :             0.212ns  (arrival time - required time)
  Source:                 datapath/Audio_Codec/initialize_audio/twi_controller/busFreeCnt_reg[1]/C
                            (rising edge-triggered cell FDRE clocked by clk_out2_clk_wiz_1  {rise@0.000ns fall@4.000ns period=8.000ns})
  Destination:            datapath/Audio_Codec/initialize_audio/twi_controller/busFreeCnt_reg[4]/D
                            (rising edge-triggered cell FDSE clocked by clk_out2_clk_wiz_1  {rise@0.000ns fall@4.000ns period=8.000ns})
  Path Group:             clk_out2_clk_wiz_1
  Path Type:              Hold (Min at Fast Process Corner)
  Requirement:            0.000ns  (clk_out2_clk_wiz_1 rise@0.000ns - clk_out2_clk_wiz_1 rise@0.000ns)
  Data Path Delay:        0.332ns  (logic 0.190ns (57.180%)  route 0.142ns (42.820%))
  Logic Levels:           1  (LUT5=1)
  Clock Path Skew:        0.013ns (DCD - SCD - CPR)
    Destination Clock Delay (DCD):    0.914ns
    Source Clock Delay      (SCD):    0.643ns
    Clock Pessimism Removal (CPR):    0.258ns

    Location             Delay type                Incr(ns)  Path(ns)    Netlist Resource(s)
  -------------------------------------------------------------------    -------------------
                         (clock clk_out2_clk_wiz_1 rise edge)
                                                      0.000     0.000 r  
    BUFGCTRL_X0Y4        BUFG                         0.000     0.000 r  clk_IBUF_BUFG_inst/O
                         net (fo=85, routed)          0.610     0.610    datapath/Audio_Codec/audiocodec_master_clock/inst/clk_in1
    MMCME2_ADV_X0Y2      MMCME2_ADV (Prop_mmcme2_adv_CLKIN1_CLKOUT1)
                                                     -1.180    -0.571 r  datapath/Audio_Codec/audiocodec_master_clock/inst/mmcm_adv_inst/CLKOUT1
                         net (fo=1, routed)           0.545    -0.026    datapath/Audio_Codec/audiocodec_master_clock/inst/clk_out2_clk_wiz_1
    BUFGCTRL_X0Y2        BUFG (Prop_bufg_I_O)         0.026     0.000 r  datapath/Audio_Codec/audiocodec_master_clock/inst/clkout2_buf/O
                         net (fo=115, routed)         0.643     0.643    datapath/Audio_Codec/initialize_audio/twi_controller/CLK
    SLICE_X161Y116       FDRE                                         r  datapath/Audio_Codec/initialize_audio/twi_controller/busFreeCnt_reg[1]/C
  -------------------------------------------------------------------    -------------------
    SLICE_X161Y116       FDRE (Prop_fdre_C_Q)         0.141     0.784 r  datapath/Audio_Codec/initialize_audio/twi_controller/busFreeCnt_reg[1]/Q
                         net (fo=6, routed)           0.142     0.926    datapath/Audio_Codec/initialize_audio/twi_controller/busFreeCnt_reg[1]
    SLICE_X160Y116       LUT5 (Prop_lut5_I3_O)        0.049     0.975 r  datapath/Audio_Codec/initialize_audio/twi_controller/busFreeCnt[4]_i_1/O
                         net (fo=1, routed)           0.000     0.975    datapath/Audio_Codec/initialize_audio/twi_controller/busFreeCnt0[4]
    SLICE_X160Y116       FDSE                                         r  datapath/Audio_Codec/initialize_audio/twi_controller/busFreeCnt_reg[4]/D
  -------------------------------------------------------------------    -------------------

                         (clock clk_out2_clk_wiz_1 rise edge)
                                                      0.000     0.000 r  
    BUFGCTRL_X0Y4        BUFG                         0.000     0.000 r  clk_IBUF_BUFG_inst/O
                         net (fo=85, routed)          0.879     0.879    datapath/Audio_Codec/audiocodec_master_clock/inst/clk_in1
    MMCME2_ADV_X0Y2      MMCME2_ADV (Prop_mmcme2_adv_CLKIN1_CLKOUT1)
                                                     -1.502    -0.624 r  datapath/Audio_Codec/audiocodec_master_clock/inst/mmcm_adv_inst/CLKOUT1
                         net (fo=1, routed)           0.595    -0.029    datapath/Audio_Codec/audiocodec_master_clock/inst/clk_out2_clk_wiz_1
    BUFGCTRL_X0Y2        BUFG (Prop_bufg_I_O)         0.029    -0.000 r  datapath/Audio_Codec/audiocodec_master_clock/inst/clkout2_buf/O
                         net (fo=115, routed)         0.914     0.914    datapath/Audio_Codec/initialize_audio/twi_controller/CLK
    SLICE_X160Y116       FDSE                                         r  datapath/Audio_Codec/initialize_audio/twi_controller/busFreeCnt_reg[4]/C
                         clock pessimism             -0.258     0.656    
    SLICE_X160Y116       FDSE (Hold_fdse_C_D)         0.107     0.763    datapath/Audio_Codec/initialize_audio/twi_controller/busFreeCnt_reg[4]
  -------------------------------------------------------------------
                         required time                         -0.763    
                         arrival time                           0.975    
  -------------------------------------------------------------------
                         slack                                  0.212    

Slack (MET) :             0.219ns  (arrival time - required time)
  Source:                 datapath/Audio_Codec/initialize_audio/twi_controller/dataByte_reg[2]/C
                            (rising edge-triggered cell FDRE clocked by clk_out2_clk_wiz_1  {rise@0.000ns fall@4.000ns period=8.000ns})
  Destination:            datapath/Audio_Codec/initialize_audio/twi_controller/dataByte_reg[3]/D
                            (rising edge-triggered cell FDRE clocked by clk_out2_clk_wiz_1  {rise@0.000ns fall@4.000ns period=8.000ns})
  Path Group:             clk_out2_clk_wiz_1
  Path Type:              Hold (Min at Fast Process Corner)
  Requirement:            0.000ns  (clk_out2_clk_wiz_1 rise@0.000ns - clk_out2_clk_wiz_1 rise@0.000ns)
  Data Path Delay:        0.323ns  (logic 0.186ns (57.598%)  route 0.137ns (42.402%))
  Logic Levels:           1  (LUT4=1)
  Clock Path Skew:        0.013ns (DCD - SCD - CPR)
    Destination Clock Delay (DCD):    0.911ns
    Source Clock Delay      (SCD):    0.640ns
    Clock Pessimism Removal (CPR):    0.258ns

    Location             Delay type                Incr(ns)  Path(ns)    Netlist Resource(s)
  -------------------------------------------------------------------    -------------------
                         (clock clk_out2_clk_wiz_1 rise edge)
                                                      0.000     0.000 r  
    BUFGCTRL_X0Y4        BUFG                         0.000     0.000 r  clk_IBUF_BUFG_inst/O
                         net (fo=85, routed)          0.610     0.610    datapath/Audio_Codec/audiocodec_master_clock/inst/clk_in1
    MMCME2_ADV_X0Y2      MMCME2_ADV (Prop_mmcme2_adv_CLKIN1_CLKOUT1)
                                                     -1.180    -0.571 r  datapath/Audio_Codec/audiocodec_master_clock/inst/mmcm_adv_inst/CLKOUT1
                         net (fo=1, routed)           0.545    -0.026    datapath/Audio_Codec/audiocodec_master_clock/inst/clk_out2_clk_wiz_1
    BUFGCTRL_X0Y2        BUFG (Prop_bufg_I_O)         0.026     0.000 r  datapath/Audio_Codec/audiocodec_master_clock/inst/clkout2_buf/O
                         net (fo=115, routed)         0.640     0.640    datapath/Audio_Codec/initialize_audio/twi_controller/CLK
    SLICE_X160Y119       FDRE                                         r  datapath/Audio_Codec/initialize_audio/twi_controller/dataByte_reg[2]/C
  -------------------------------------------------------------------    -------------------
    SLICE_X160Y119       FDRE (Prop_fdre_C_Q)         0.141     0.781 r  datapath/Audio_Codec/initialize_audio/twi_controller/dataByte_reg[2]/Q
                         net (fo=1, routed)           0.137     0.918    datapath/Audio_Codec/initialize_audio/twi_controller/dataByte[2]
    SLICE_X161Y119       LUT4 (Prop_lut4_I2_O)        0.045     0.963 r  datapath/Audio_Codec/initialize_audio/twi_controller/dataByte[3]_i_1/O
                         net (fo=1, routed)           0.000     0.963    datapath/Audio_Codec/initialize_audio/twi_controller/p_1_in[3]
    SLICE_X161Y119       FDRE                                         r  datapath/Audio_Codec/initialize_audio/twi_controller/dataByte_reg[3]/D
  -------------------------------------------------------------------    -------------------

                         (clock clk_out2_clk_wiz_1 rise edge)
                                                      0.000     0.000 r  
    BUFGCTRL_X0Y4        BUFG                         0.000     0.000 r  clk_IBUF_BUFG_inst/O
                         net (fo=85, routed)          0.879     0.879    datapath/Audio_Codec/audiocodec_master_clock/inst/clk_in1
    MMCME2_ADV_X0Y2      MMCME2_ADV (Prop_mmcme2_adv_CLKIN1_CLKOUT1)
                                                     -1.502    -0.624 r  datapath/Audio_Codec/audiocodec_master_clock/inst/mmcm_adv_inst/CLKOUT1
                         net (fo=1, routed)           0.595    -0.029    datapath/Audio_Codec/audiocodec_master_clock/inst/clk_out2_clk_wiz_1
    BUFGCTRL_X0Y2        BUFG (Prop_bufg_I_O)         0.029    -0.000 r  datapath/Audio_Codec/audiocodec_master_clock/inst/clkout2_buf/O
                         net (fo=115, routed)         0.911     0.911    datapath/Audio_Codec/initialize_audio/twi_controller/CLK
    SLICE_X161Y119       FDRE                                         r  datapath/Audio_Codec/initialize_audio/twi_controller/dataByte_reg[3]/C
                         clock pessimism             -0.258     0.653    
    SLICE_X161Y119       FDRE (Hold_fdre_C_D)         0.091     0.744    datapath/Audio_Codec/initialize_audio/twi_controller/dataByte_reg[3]
  -------------------------------------------------------------------
                         required time                         -0.744    
                         arrival time                           0.963    
  -------------------------------------------------------------------
                         slack                                  0.219    

Slack (MET) :             0.220ns  (arrival time - required time)
  Source:                 datapath/Audio_Codec/initialize_audio/twi_controller/int_Rst_reg/C
                            (rising edge-triggered cell FDRE clocked by clk_out2_clk_wiz_1  {rise@0.000ns fall@4.000ns period=8.000ns})
  Destination:            datapath/Audio_Codec/initialize_audio/twi_controller/busState_reg[0]/D
                            (rising edge-triggered cell FDRE clocked by clk_out2_clk_wiz_1  {rise@0.000ns fall@4.000ns period=8.000ns})
  Path Group:             clk_out2_clk_wiz_1
  Path Type:              Hold (Min at Fast Process Corner)
  Requirement:            0.000ns  (clk_out2_clk_wiz_1 rise@0.000ns - clk_out2_clk_wiz_1 rise@0.000ns)
  Data Path Delay:        0.349ns  (logic 0.186ns (53.240%)  route 0.163ns (46.760%))
  Logic Levels:           1  (LUT6=1)
  Clock Path Skew:        0.038ns (DCD - SCD - CPR)
    Destination Clock Delay (DCD):    0.913ns
    Source Clock Delay      (SCD):    0.641ns
    Clock Pessimism Removal (CPR):    0.234ns

    Location             Delay type                Incr(ns)  Path(ns)    Netlist Resource(s)
  -------------------------------------------------------------------    -------------------
                         (clock clk_out2_clk_wiz_1 rise edge)
                                                      0.000     0.000 r  
    BUFGCTRL_X0Y4        BUFG                         0.000     0.000 r  clk_IBUF_BUFG_inst/O
                         net (fo=85, routed)          0.610     0.610    datapath/Audio_Codec/audiocodec_master_clock/inst/clk_in1
    MMCME2_ADV_X0Y2      MMCME2_ADV (Prop_mmcme2_adv_CLKIN1_CLKOUT1)
                                                     -1.180    -0.571 r  datapath/Audio_Codec/audiocodec_master_clock/inst/mmcm_adv_inst/CLKOUT1
                         net (fo=1, routed)           0.545    -0.026    datapath/Audio_Codec/audiocodec_master_clock/inst/clk_out2_clk_wiz_1
    BUFGCTRL_X0Y2        BUFG (Prop_bufg_I_O)         0.026     0.000 r  datapath/Audio_Codec/audiocodec_master_clock/inst/clkout2_buf/O
                         net (fo=115, routed)         0.641     0.641    datapath/Audio_Codec/initialize_audio/twi_controller/CLK
    SLICE_X159Y117       FDRE                                         r  datapath/Audio_Codec/initialize_audio/twi_controller/int_Rst_reg/C
  -------------------------------------------------------------------    -------------------
    SLICE_X159Y117       FDRE (Prop_fdre_C_Q)         0.141     0.782 f  datapath/Audio_Codec/initialize_audio/twi_controller/int_Rst_reg/Q
                         net (fo=8, routed)           0.163     0.945    datapath/Audio_Codec/initialize_audio/twi_controller/int_Rst
    SLICE_X160Y117       LUT6 (Prop_lut6_I3_O)        0.045     0.990 r  datapath/Audio_Codec/initialize_audio/twi_controller/busState[0]_i_1/O
                         net (fo=1, routed)           0.000     0.990    datapath/Audio_Codec/initialize_audio/twi_controller/busState[0]_i_1_n_0
    SLICE_X160Y117       FDRE                                         r  datapath/Audio_Codec/initialize_audio/twi_controller/busState_reg[0]/D
  -------------------------------------------------------------------    -------------------

                         (clock clk_out2_clk_wiz_1 rise edge)
                                                      0.000     0.000 r  
    BUFGCTRL_X0Y4        BUFG                         0.000     0.000 r  clk_IBUF_BUFG_inst/O
                         net (fo=85, routed)          0.879     0.879    datapath/Audio_Codec/audiocodec_master_clock/inst/clk_in1
    MMCME2_ADV_X0Y2      MMCME2_ADV (Prop_mmcme2_adv_CLKIN1_CLKOUT1)
                                                     -1.502    -0.624 r  datapath/Audio_Codec/audiocodec_master_clock/inst/mmcm_adv_inst/CLKOUT1
                         net (fo=1, routed)           0.595    -0.029    datapath/Audio_Codec/audiocodec_master_clock/inst/clk_out2_clk_wiz_1
    BUFGCTRL_X0Y2        BUFG (Prop_bufg_I_O)         0.029    -0.000 r  datapath/Audio_Codec/audiocodec_master_clock/inst/clkout2_buf/O
                         net (fo=115, routed)         0.913     0.913    datapath/Audio_Codec/initialize_audio/twi_controller/CLK
    SLICE_X160Y117       FDRE                                         r  datapath/Audio_Codec/initialize_audio/twi_controller/busState_reg[0]/C
                         clock pessimism             -0.234     0.679    
    SLICE_X160Y117       FDRE (Hold_fdre_C_D)         0.091     0.770    datapath/Audio_Codec/initialize_audio/twi_controller/busState_reg[0]
  -------------------------------------------------------------------
                         required time                         -0.770    
                         arrival time                           0.990    
  -------------------------------------------------------------------
                         slack                                  0.220    

Slack (MET) :             0.222ns  (arrival time - required time)
  Source:                 datapath/Audio_Codec/initialize_audio/twi_controller/sclCnt_reg[0]/C
                            (rising edge-triggered cell FDSE clocked by clk_out2_clk_wiz_1  {rise@0.000ns fall@4.000ns period=8.000ns})
  Destination:            datapath/Audio_Codec/initialize_audio/twi_controller/sclCnt_reg[5]/D
                            (rising edge-triggered cell FDRE clocked by clk_out2_clk_wiz_1  {rise@0.000ns fall@4.000ns period=8.000ns})
  Path Group:             clk_out2_clk_wiz_1
  Path Type:              Hold (Min at Fast Process Corner)
  Requirement:            0.000ns  (clk_out2_clk_wiz_1 rise@0.000ns - clk_out2_clk_wiz_1 rise@0.000ns)
  Data Path Delay:        0.358ns  (logic 0.209ns (58.301%)  route 0.149ns (41.699%))
  Logic Levels:           1  (LUT6=1)
  Clock Path Skew:        0.015ns (DCD - SCD - CPR)
    Destination Clock Delay (DCD):    0.914ns
    Source Clock Delay      (SCD):    0.642ns
    Clock Pessimism Removal (CPR):    0.257ns

    Location             Delay type                Incr(ns)  Path(ns)    Netlist Resource(s)
  -------------------------------------------------------------------    -------------------
                         (clock clk_out2_clk_wiz_1 rise edge)
                                                      0.000     0.000 r  
    BUFGCTRL_X0Y4        BUFG                         0.000     0.000 r  clk_IBUF_BUFG_inst/O
                         net (fo=85, routed)          0.610     0.610    datapath/Audio_Codec/audiocodec_master_clock/inst/clk_in1
    MMCME2_ADV_X0Y2      MMCME2_ADV (Prop_mmcme2_adv_CLKIN1_CLKOUT1)
                                                     -1.180    -0.571 r  datapath/Audio_Codec/audiocodec_master_clock/inst/mmcm_adv_inst/CLKOUT1
                         net (fo=1, routed)           0.545    -0.026    datapath/Audio_Codec/audiocodec_master_clock/inst/clk_out2_clk_wiz_1
    BUFGCTRL_X0Y2        BUFG (Prop_bufg_I_O)         0.026     0.000 r  datapath/Audio_Codec/audiocodec_master_clock/inst/clkout2_buf/O
                         net (fo=115, routed)         0.642     0.642    datapath/Audio_Codec/initialize_audio/twi_controller/CLK
    SLICE_X162Y117       FDSE                                         r  datapath/Audio_Codec/initialize_audio/twi_controller/sclCnt_reg[0]/C
  -------------------------------------------------------------------    -------------------
    SLICE_X162Y117       FDSE (Prop_fdse_C_Q)         0.164     0.806 r  datapath/Audio_Codec/initialize_audio/twi_controller/sclCnt_reg[0]/Q
                         net (fo=7, routed)           0.149     0.955    datapath/Audio_Codec/initialize_audio/twi_controller/sclCnt_reg[0]
    SLICE_X162Y116       LUT6 (Prop_lut6_I3_O)        0.045     1.000 r  datapath/Audio_Codec/initialize_audio/twi_controller/sclCnt[5]_i_1/O
                         net (fo=1, routed)           0.000     1.000    datapath/Audio_Codec/initialize_audio/twi_controller/sclCnt0[5]
    SLICE_X162Y116       FDRE                                         r  datapath/Audio_Codec/initialize_audio/twi_controller/sclCnt_reg[5]/D
  -------------------------------------------------------------------    -------------------

                         (clock clk_out2_clk_wiz_1 rise edge)
                                                      0.000     0.000 r  
    BUFGCTRL_X0Y4        BUFG                         0.000     0.000 r  clk_IBUF_BUFG_inst/O
                         net (fo=85, routed)          0.879     0.879    datapath/Audio_Codec/audiocodec_master_clock/inst/clk_in1
    MMCME2_ADV_X0Y2      MMCME2_ADV (Prop_mmcme2_adv_CLKIN1_CLKOUT1)
                                                     -1.502    -0.624 r  datapath/Audio_Codec/audiocodec_master_clock/inst/mmcm_adv_inst/CLKOUT1
                         net (fo=1, routed)           0.595    -0.029    datapath/Audio_Codec/audiocodec_master_clock/inst/clk_out2_clk_wiz_1
    BUFGCTRL_X0Y2        BUFG (Prop_bufg_I_O)         0.029    -0.000 r  datapath/Audio_Codec/audiocodec_master_clock/inst/clkout2_buf/O
                         net (fo=115, routed)         0.914     0.914    datapath/Audio_Codec/initialize_audio/twi_controller/CLK
    SLICE_X162Y116       FDRE                                         r  datapath/Audio_Codec/initialize_audio/twi_controller/sclCnt_reg[5]/C
                         clock pessimism             -0.257     0.657    
    SLICE_X162Y116       FDRE (Hold_fdre_C_D)         0.121     0.778    datapath/Audio_Codec/initialize_audio/twi_controller/sclCnt_reg[5]
  -------------------------------------------------------------------
                         required time                         -0.778    
                         arrival time                           1.000    
  -------------------------------------------------------------------
                         slack                                  0.222    





Pulse Width Checks
--------------------------------------------------------------------------------------
Clock Name:         clk_out2_clk_wiz_1
Waveform(ns):       { 0.000 4.000 }
Period(ns):         8.000
Sources:            { datapath/Audio_Codec/audiocodec_master_clock/inst/mmcm_adv_inst/CLKOUT1 }

Check Type        Corner  Lib Pin             Reference Pin  Required(ns)  Actual(ns)  Slack(ns)  Location         Pin
Min Period        n/a     BUFG/I              n/a            2.155         8.000       5.845      BUFGCTRL_X0Y2    datapath/Audio_Codec/audiocodec_master_clock/inst/clkout2_buf/I
Min Period        n/a     MMCME2_ADV/CLKOUT1  n/a            1.249         8.000       6.751      MMCME2_ADV_X0Y2  datapath/Audio_Codec/audiocodec_master_clock/inst/mmcm_adv_inst/CLKOUT1
Min Period        n/a     FDRE/C              n/a            1.000         8.000       7.000      SLICE_X160Y122   datapath/Audio_Codec/initialize_audio/data_i_reg[0]/C
Min Period        n/a     FDRE/C              n/a            1.000         8.000       7.000      SLICE_X161Y122   datapath/Audio_Codec/initialize_audio/data_i_reg[1]/C
Min Period        n/a     FDRE/C              n/a            1.000         8.000       7.000      SLICE_X160Y120   datapath/Audio_Codec/initialize_audio/data_i_reg[2]/C
Min Period        n/a     FDRE/C              n/a            1.000         8.000       7.000      SLICE_X161Y121   datapath/Audio_Codec/initialize_audio/data_i_reg[3]/C
Min Period        n/a     FDRE/C              n/a            1.000         8.000       7.000      SLICE_X161Y121   datapath/Audio_Codec/initialize_audio/data_i_reg[4]/C
Min Period        n/a     FDRE/C              n/a            1.000         8.000       7.000      SLICE_X161Y121   datapath/Audio_Codec/initialize_audio/data_i_reg[5]/C
Min Period        n/a     FDRE/C              n/a            1.000         8.000       7.000      SLICE_X160Y120   datapath/Audio_Codec/initialize_audio/data_i_reg[6]/C
Min Period        n/a     FDRE/C              n/a            1.000         8.000       7.000      SLICE_X161Y121   datapath/Audio_Codec/initialize_audio/data_i_reg[7]/C
Max Period        n/a     MMCME2_ADV/CLKOUT1  n/a            213.360       8.000       205.360    MMCME2_ADV_X0Y2  datapath/Audio_Codec/audiocodec_master_clock/inst/mmcm_adv_inst/CLKOUT1
Low Pulse Width   Slow    FDRE/C              n/a            0.500         4.000       3.500      SLICE_X160Y122   datapath/Audio_Codec/initialize_audio/data_i_reg[0]/C
Low Pulse Width   Fast    FDRE/C              n/a            0.500         4.000       3.500      SLICE_X160Y122   datapath/Audio_Codec/initialize_audio/data_i_reg[0]/C
Low Pulse Width   Slow    FDRE/C              n/a            0.500         4.000       3.500      SLICE_X161Y122   datapath/Audio_Codec/initialize_audio/data_i_reg[1]/C
Low Pulse Width   Fast    FDRE/C              n/a            0.500         4.000       3.500      SLICE_X161Y122   datapath/Audio_Codec/initialize_audio/data_i_reg[1]/C
Low Pulse Width   Slow    FDRE/C              n/a            0.500         4.000       3.500      SLICE_X160Y120   datapath/Audio_Codec/initialize_audio/data_i_reg[2]/C
Low Pulse Width   Fast    FDRE/C              n/a            0.500         4.000       3.500      SLICE_X160Y120   datapath/Audio_Codec/initialize_audio/data_i_reg[2]/C
Low Pulse Width   Slow    FDRE/C              n/a            0.500         4.000       3.500      SLICE_X161Y121   datapath/Audio_Codec/initialize_audio/data_i_reg[3]/C
Low Pulse Width   Fast    FDRE/C              n/a            0.500         4.000       3.500      SLICE_X161Y121   datapath/Audio_Codec/initialize_audio/data_i_reg[3]/C
Low Pulse Width   Slow    FDRE/C              n/a            0.500         4.000       3.500      SLICE_X161Y121   datapath/Audio_Codec/initialize_audio/data_i_reg[4]/C
Low Pulse Width   Fast    FDRE/C              n/a            0.500         4.000       3.500      SLICE_X161Y121   datapath/Audio_Codec/initialize_audio/data_i_reg[4]/C
High Pulse Width  Slow    FDRE/C              n/a            0.500         4.000       3.500      SLICE_X160Y122   datapath/Audio_Codec/initialize_audio/data_i_reg[0]/C
High Pulse Width  Fast    FDRE/C              n/a            0.500         4.000       3.500      SLICE_X160Y122   datapath/Audio_Codec/initialize_audio/data_i_reg[0]/C
High Pulse Width  Slow    FDRE/C              n/a            0.500         4.000       3.500      SLICE_X161Y122   datapath/Audio_Codec/initialize_audio/data_i_reg[1]/C
High Pulse Width  Fast    FDRE/C              n/a            0.500         4.000       3.500      SLICE_X161Y122   datapath/Audio_Codec/initialize_audio/data_i_reg[1]/C
High Pulse Width  Slow    FDRE/C              n/a            0.500         4.000       3.500      SLICE_X160Y120   datapath/Audio_Codec/initialize_audio/data_i_reg[2]/C
High Pulse Width  Fast    FDRE/C              n/a            0.500         4.000       3.500      SLICE_X160Y120   datapath/Audio_Codec/initialize_audio/data_i_reg[2]/C
High Pulse Width  Slow    FDRE/C              n/a            0.500         4.000       3.500      SLICE_X161Y121   datapath/Audio_Codec/initialize_audio/data_i_reg[3]/C
High Pulse Width  Fast    FDRE/C              n/a            0.500         4.000       3.500      SLICE_X161Y121   datapath/Audio_Codec/initialize_audio/data_i_reg[3]/C
High Pulse Width  Slow    FDRE/C              n/a            0.500         4.000       3.500      SLICE_X161Y121   datapath/Audio_Codec/initialize_audio/data_i_reg[4]/C
High Pulse Width  Fast    FDRE/C              n/a            0.500         4.000       3.500      SLICE_X161Y121   datapath/Audio_Codec/initialize_audio/data_i_reg[4]/C



---------------------------------------------------------------------------------------------------
From Clock:  clkfbout_clk_wiz_1
  To Clock:  clkfbout_clk_wiz_1

Setup :           NA  Failing Endpoints,  Worst Slack           NA  ,  Total Violation           NA
Hold  :           NA  Failing Endpoints,  Worst Slack           NA  ,  Total Violation           NA
PW    :            0  Failing Endpoints,  Worst Slack        7.845ns,  Total Violation        0.000ns
---------------------------------------------------------------------------------------------------


Pulse Width Checks
--------------------------------------------------------------------------------------
Clock Name:         clkfbout_clk_wiz_1
Waveform(ns):       { 0.000 5.000 }
Period(ns):         10.000
Sources:            { datapath/Audio_Codec/audiocodec_master_clock/inst/mmcm_adv_inst/CLKFBOUT }

Check Type  Corner  Lib Pin              Reference Pin  Required(ns)  Actual(ns)  Slack(ns)  Location         Pin
Min Period  n/a     BUFG/I               n/a            2.155         10.000      7.845      BUFGCTRL_X0Y5    datapath/Audio_Codec/audiocodec_master_clock/inst/clkf_buf/I
Min Period  n/a     MMCME2_ADV/CLKFBOUT  n/a            1.249         10.000      8.751      MMCME2_ADV_X0Y2  datapath/Audio_Codec/audiocodec_master_clock/inst/mmcm_adv_inst/CLKFBOUT
Min Period  n/a     MMCME2_ADV/CLKFBIN   n/a            1.249         10.000      8.751      MMCME2_ADV_X0Y2  datapath/Audio_Codec/audiocodec_master_clock/inst/mmcm_adv_inst/CLKFBIN
Max Period  n/a     MMCME2_ADV/CLKFBIN   n/a            100.000       10.000      90.000     MMCME2_ADV_X0Y2  datapath/Audio_Codec/audiocodec_master_clock/inst/mmcm_adv_inst/CLKFBIN
Max Period  n/a     MMCME2_ADV/CLKFBOUT  n/a            213.360       10.000      203.360    MMCME2_ADV_X0Y2  datapath/Audio_Codec/audiocodec_master_clock/inst/mmcm_adv_inst/CLKFBOUT



---------------------------------------------------------------------------------------------------
From Clock:  datapath/video_inst/mmcm_adv_inst_display_clocks/inst/clk_in1
  To Clock:  datapath/video_inst/mmcm_adv_inst_display_clocks/inst/clk_in1

Setup :           NA  Failing Endpoints,  Worst Slack           NA  ,  Total Violation           NA
Hold  :           NA  Failing Endpoints,  Worst Slack           NA  ,  Total Violation           NA
PW    :            0  Failing Endpoints,  Worst Slack        3.000ns,  Total Violation        0.000ns
---------------------------------------------------------------------------------------------------


Pulse Width Checks
--------------------------------------------------------------------------------------
Clock Name:         datapath/video_inst/mmcm_adv_inst_display_clocks/inst/clk_in1
Waveform(ns):       { 0.000 5.000 }
Period(ns):         10.000
Sources:            { datapath/video_inst/mmcm_adv_inst_display_clocks/inst/clk_in1 }

Check Type        Corner  Lib Pin            Reference Pin  Required(ns)  Actual(ns)  Slack(ns)  Location         Pin
Min Period        n/a     MMCME2_ADV/CLKIN1  n/a            1.249         10.000      8.751      MMCME2_ADV_X1Y0  datapath/video_inst/mmcm_adv_inst_display_clocks/inst/mmcm_adv_inst/CLKIN1
Max Period        n/a     MMCME2_ADV/CLKIN1  n/a            100.000       10.000      90.000     MMCME2_ADV_X1Y0  datapath/video_inst/mmcm_adv_inst_display_clocks/inst/mmcm_adv_inst/CLKIN1
Low Pulse Width   Slow    MMCME2_ADV/CLKIN1  n/a            2.000         5.000       3.000      MMCME2_ADV_X1Y0  datapath/video_inst/mmcm_adv_inst_display_clocks/inst/mmcm_adv_inst/CLKIN1
Low Pulse Width   Fast    MMCME2_ADV/CLKIN1  n/a            2.000         5.000       3.000      MMCME2_ADV_X1Y0  datapath/video_inst/mmcm_adv_inst_display_clocks/inst/mmcm_adv_inst/CLKIN1
High Pulse Width  Slow    MMCME2_ADV/CLKIN1  n/a            2.000         5.000       3.000      MMCME2_ADV_X1Y0  datapath/video_inst/mmcm_adv_inst_display_clocks/inst/mmcm_adv_inst/CLKIN1
High Pulse Width  Fast    MMCME2_ADV/CLKIN1  n/a            2.000         5.000       3.000      MMCME2_ADV_X1Y0  datapath/video_inst/mmcm_adv_inst_display_clocks/inst/mmcm_adv_inst/CLKIN1



---------------------------------------------------------------------------------------------------
From Clock:  clk_out1_clk_wiz_0
  To Clock:  clk_out1_clk_wiz_0

Setup :            0  Failing Endpoints,  Worst Slack       25.889ns,  Total Violation        0.000ns
Hold  :            0  Failing Endpoints,  Worst Slack        0.122ns,  Total Violation        0.000ns
PW    :            0  Failing Endpoints,  Worst Slack       19.500ns,  Total Violation        0.000ns
---------------------------------------------------------------------------------------------------


Max Delay Paths
--------------------------------------------------------------------------------------
Slack (MET) :             25.889ns  (required time - arrival time)
  Source:                 datapath/video_inst/Inst_vga/vga_signal_generator_inst/position_reg[col][7]/C
                            (rising edge-triggered cell FDRE clocked by clk_out1_clk_wiz_0  {rise@0.000ns fall@20.000ns period=40.000ns})
  Destination:            datapath/video_inst/inst_dvid/TDMS_encoder_green/dc_bias_reg[2]/D
                            (rising edge-triggered cell FDRE clocked by clk_out1_clk_wiz_0  {rise@0.000ns fall@20.000ns period=40.000ns})
  Path Group:             clk_out1_clk_wiz_0
  Path Type:              Setup (Max at Slow Process Corner)
  Requirement:            40.000ns  (clk_out1_clk_wiz_0 rise@40.000ns - clk_out1_clk_wiz_0 rise@0.000ns)
  Data Path Delay:        14.028ns  (logic 4.259ns (30.361%)  route 9.769ns (69.639%))
  Logic Levels:           14  (CARRY4=5 LUT2=3 LUT4=2 LUT6=4)
  Clock Path Skew:        -0.017ns (DCD - SCD + CPR)
    Destination Clock Delay (DCD):    1.706ns = ( 41.706 - 40.000 ) 
    Source Clock Delay      (SCD):    1.812ns
    Clock Pessimism Removal (CPR):    0.089ns
  Clock Uncertainty:      0.095ns  ((TSJ^2 + DJ^2)^1/2) / 2 + PE
    Total System Jitter     (TSJ):    0.071ns
    Discrete Jitter          (DJ):    0.175ns
    Phase Error              (PE):    0.000ns

    Location             Delay type                Incr(ns)  Path(ns)    Netlist Resource(s)
  -------------------------------------------------------------------    -------------------
                         (clock clk_out1_clk_wiz_0 rise edge)
                                                      0.000     0.000 r  
    BUFGCTRL_X0Y4        BUFG                         0.000     0.000 r  clk_IBUF_BUFG_inst/O
                         net (fo=85, routed)          2.106     2.106    datapath/video_inst/mmcm_adv_inst_display_clocks/inst/clk_in1
    MMCME2_ADV_X1Y0      MMCME2_ADV (Prop_mmcme2_adv_CLKIN1_CLKOUT0)
                                                     -4.900    -2.793 r  datapath/video_inst/mmcm_adv_inst_display_clocks/inst/mmcm_adv_inst/CLKOUT0
                         net (fo=1, routed)           2.697    -0.096    datapath/video_inst/mmcm_adv_inst_display_clocks/inst/clk_out1_clk_wiz_0
    BUFGCTRL_X0Y3        BUFG (Prop_bufg_I_O)         0.096    -0.000 r  datapath/video_inst/mmcm_adv_inst_display_clocks/inst/clkout1_buf/O
                         net (fo=84, routed)          1.812     1.812    datapath/video_inst/Inst_vga/vga_signal_generator_inst/CLK
    SLICE_X158Y126       FDRE                                         r  datapath/video_inst/Inst_vga/vga_signal_generator_inst/position_reg[col][7]/C
  -------------------------------------------------------------------    -------------------
    SLICE_X158Y126       FDRE (Prop_fdre_C_Q)         0.518     2.330 r  datapath/video_inst/Inst_vga/vga_signal_generator_inst/position_reg[col][7]/Q
                         net (fo=51, routed)          2.911     5.242    datapath/video_inst/Inst_vga/vga_signal_generator_inst/Q[7]
    SLICE_X149Y124       LUT2 (Prop_lut2_I1_O)        0.152     5.394 r  datapath/video_inst/Inst_vga/vga_signal_generator_inst/is_horizontal_hash5__1_carry__0_i_8/O
                         net (fo=2, routed)           0.975     6.369    datapath/video_inst/Inst_vga/vga_signal_generator_inst/is_horizontal_hash5__1_carry__0_i_8_n_0
    SLICE_X155Y124       LUT6 (Prop_lut6_I0_O)        0.326     6.695 r  datapath/video_inst/Inst_vga/vga_signal_generator_inst/is_horizontal_hash5__1_carry__0_i_4/O
                         net (fo=1, routed)           0.000     6.695    datapath/video_inst/Inst_vga/color_mapper_inst/is_horizontal_hash5__1_carry__1_2[3]
    SLICE_X155Y124       CARRY4 (Prop_carry4_S[3]_CO[3])
                                                      0.401     7.096 r  datapath/video_inst/Inst_vga/color_mapper_inst/is_horizontal_hash5__1_carry__0/CO[3]
                         net (fo=1, routed)           0.009     7.105    datapath/video_inst/Inst_vga/color_mapper_inst/is_horizontal_hash5__1_carry__0_n_0
    SLICE_X155Y125       CARRY4 (Prop_carry4_CI_CO[3])
                                                      0.114     7.219 r  datapath/video_inst/Inst_vga/color_mapper_inst/is_horizontal_hash5__1_carry__1/CO[3]
                         net (fo=1, routed)           0.000     7.219    datapath/video_inst/Inst_vga/color_mapper_inst/is_horizontal_hash5__1_carry__1_n_0
    SLICE_X155Y126       CARRY4 (Prop_carry4_CI_O[0])
                                                      0.222     7.441 r  datapath/video_inst/Inst_vga/color_mapper_inst/is_horizontal_hash5__1_carry__2/O[0]
                         net (fo=2, routed)           0.723     8.164    datapath/video_inst/Inst_vga/vga_signal_generator_inst/is_horizontal_hash5__29_carry[0]
    SLICE_X154Y126       LUT2 (Prop_lut2_I0_O)        0.299     8.463 r  datapath/video_inst/Inst_vga/vga_signal_generator_inst/is_horizontal_hash5__29_carry_i_2/O
                         net (fo=1, routed)           0.000     8.463    datapath/video_inst/Inst_vga/color_mapper_inst/is_horizontal_hash5__35_carry_i_1[0]
    SLICE_X154Y126       CARRY4 (Prop_carry4_S[1]_O[1])
                                                      0.230     8.693 r  datapath/video_inst/Inst_vga/color_mapper_inst/is_horizontal_hash5__29_carry/O[1]
                         net (fo=1, routed)           0.747     9.440    datapath/video_inst/Inst_vga/vga_signal_generator_inst/is_horizontal_hash5__35_carry__0[1]
    SLICE_X152Y127       LUT2 (Prop_lut2_I1_O)        0.306     9.746 r  datapath/video_inst/Inst_vga/vga_signal_generator_inst/is_horizontal_hash5__35_carry__0_i_2/O
                         net (fo=1, routed)           0.000     9.746    datapath/video_inst/Inst_vga/color_mapper_inst/dc_bias[3]_i_19__0[0]
    SLICE_X152Y127       CARRY4 (Prop_carry4_S[0]_O[1])
                                                      0.427    10.173 r  datapath/video_inst/Inst_vga/color_mapper_inst/is_horizontal_hash5__35_carry__0/O[1]
                         net (fo=1, routed)           0.810    10.983    datapath/video_inst/Inst_vga/color_mapper_inst/is_horizontal_hash5__35_carry__0_n_6
    SLICE_X153Y126       LUT6 (Prop_lut6_I4_O)        0.306    11.289 r  datapath/video_inst/Inst_vga/color_mapper_inst/dc_bias[3]_i_12__0/O
                         net (fo=2, routed)           1.258    12.546    datapath/video_inst/Inst_vga/vga_signal_generator_inst/dc_bias[3]_i_3__0_0
    SLICE_X155Y130       LUT6 (Prop_lut6_I3_O)        0.124    12.670 r  datapath/video_inst/Inst_vga/vga_signal_generator_inst/dc_bias[3]_i_11/O
                         net (fo=1, routed)           0.635    13.305    datapath/video_inst/Inst_vga/vga_signal_generator_inst/dc_bias[3]_i_11_n_0
    SLICE_X155Y132       LUT4 (Prop_lut4_I3_O)        0.150    13.455 r  datapath/video_inst/Inst_vga/vga_signal_generator_inst/dc_bias[3]_i_8/O
                         net (fo=8, routed)           1.019    14.474    datapath/video_inst/Inst_vga/vga_signal_generator_inst/position_reg[row][7]_0
    SLICE_X156Y136       LUT4 (Prop_lut4_I0_O)        0.352    14.826 r  datapath/video_inst/Inst_vga/vga_signal_generator_inst/dc_bias[2]_i_4__0/O
                         net (fo=1, routed)           0.682    15.508    datapath/video_inst/Inst_vga/vga_signal_generator_inst/dc_bias[2]_i_4__0_n_0
    SLICE_X156Y136       LUT6 (Prop_lut6_I3_O)        0.332    15.840 r  datapath/video_inst/Inst_vga/vga_signal_generator_inst/dc_bias[2]_i_1/O
                         net (fo=1, routed)           0.000    15.840    datapath/video_inst/inst_dvid/TDMS_encoder_green/D[0]
    SLICE_X156Y136       FDRE                                         r  datapath/video_inst/inst_dvid/TDMS_encoder_green/dc_bias_reg[2]/D
  -------------------------------------------------------------------    -------------------

                         (clock clk_out1_clk_wiz_0 rise edge)
                                                     40.000    40.000 r  
    BUFGCTRL_X0Y4        BUFG                         0.000    40.000 r  clk_IBUF_BUFG_inst/O
                         net (fo=85, routed)          1.972    41.972    datapath/video_inst/mmcm_adv_inst_display_clocks/inst/clk_in1
    MMCME2_ADV_X1Y0      MMCME2_ADV (Prop_mmcme2_adv_CLKIN1_CLKOUT0)
                                                     -4.637    37.335 r  datapath/video_inst/mmcm_adv_inst_display_clocks/inst/mmcm_adv_inst/CLKOUT0
                         net (fo=1, routed)           2.574    39.909    datapath/video_inst/mmcm_adv_inst_display_clocks/inst/clk_out1_clk_wiz_0
    BUFGCTRL_X0Y3        BUFG (Prop_bufg_I_O)         0.091    40.000 r  datapath/video_inst/mmcm_adv_inst_display_clocks/inst/clkout1_buf/O
                         net (fo=84, routed)          1.706    41.706    datapath/video_inst/inst_dvid/TDMS_encoder_green/CLK
    SLICE_X156Y136       FDRE                                         r  datapath/video_inst/inst_dvid/TDMS_encoder_green/dc_bias_reg[2]/C
                         clock pessimism              0.089    41.795    
                         clock uncertainty           -0.095    41.701    
    SLICE_X156Y136       FDRE (Setup_fdre_C_D)        0.029    41.730    datapath/video_inst/inst_dvid/TDMS_encoder_green/dc_bias_reg[2]
  -------------------------------------------------------------------
                         required time                         41.730    
                         arrival time                         -15.840    
  -------------------------------------------------------------------
                         slack                                 25.889    

Slack (MET) :             25.916ns  (required time - arrival time)
  Source:                 datapath/video_inst/Inst_vga/vga_signal_generator_inst/position_reg[col][7]/C
                            (rising edge-triggered cell FDRE clocked by clk_out1_clk_wiz_0  {rise@0.000ns fall@20.000ns period=40.000ns})
  Destination:            datapath/video_inst/inst_dvid/TDMS_encoder_green/dc_bias_reg[3]/D
                            (rising edge-triggered cell FDRE clocked by clk_out1_clk_wiz_0  {rise@0.000ns fall@20.000ns period=40.000ns})
  Path Group:             clk_out1_clk_wiz_0
  Path Type:              Setup (Max at Slow Process Corner)
  Requirement:            40.000ns  (clk_out1_clk_wiz_0 rise@40.000ns - clk_out1_clk_wiz_0 rise@0.000ns)
  Data Path Delay:        14.002ns  (logic 4.025ns (28.746%)  route 9.977ns (71.254%))
  Logic Levels:           14  (CARRY4=5 LUT2=3 LUT4=1 LUT6=5)
  Clock Path Skew:        -0.017ns (DCD - SCD + CPR)
    Destination Clock Delay (DCD):    1.706ns = ( 41.706 - 40.000 ) 
    Source Clock Delay      (SCD):    1.812ns
    Clock Pessimism Removal (CPR):    0.089ns
  Clock Uncertainty:      0.095ns  ((TSJ^2 + DJ^2)^1/2) / 2 + PE
    Total System Jitter     (TSJ):    0.071ns
    Discrete Jitter          (DJ):    0.175ns
    Phase Error              (PE):    0.000ns

    Location             Delay type                Incr(ns)  Path(ns)    Netlist Resource(s)
  -------------------------------------------------------------------    -------------------
                         (clock clk_out1_clk_wiz_0 rise edge)
                                                      0.000     0.000 r  
    BUFGCTRL_X0Y4        BUFG                         0.000     0.000 r  clk_IBUF_BUFG_inst/O
                         net (fo=85, routed)          2.106     2.106    datapath/video_inst/mmcm_adv_inst_display_clocks/inst/clk_in1
    MMCME2_ADV_X1Y0      MMCME2_ADV (Prop_mmcme2_adv_CLKIN1_CLKOUT0)
                                                     -4.900    -2.793 r  datapath/video_inst/mmcm_adv_inst_display_clocks/inst/mmcm_adv_inst/CLKOUT0
                         net (fo=1, routed)           2.697    -0.096    datapath/video_inst/mmcm_adv_inst_display_clocks/inst/clk_out1_clk_wiz_0
    BUFGCTRL_X0Y3        BUFG (Prop_bufg_I_O)         0.096    -0.000 r  datapath/video_inst/mmcm_adv_inst_display_clocks/inst/clkout1_buf/O
                         net (fo=84, routed)          1.812     1.812    datapath/video_inst/Inst_vga/vga_signal_generator_inst/CLK
    SLICE_X158Y126       FDRE                                         r  datapath/video_inst/Inst_vga/vga_signal_generator_inst/position_reg[col][7]/C
  -------------------------------------------------------------------    -------------------
    SLICE_X158Y126       FDRE (Prop_fdre_C_Q)         0.518     2.330 r  datapath/video_inst/Inst_vga/vga_signal_generator_inst/position_reg[col][7]/Q
                         net (fo=51, routed)          2.911     5.242    datapath/video_inst/Inst_vga/vga_signal_generator_inst/Q[7]
    SLICE_X149Y124       LUT2 (Prop_lut2_I1_O)        0.152     5.394 r  datapath/video_inst/Inst_vga/vga_signal_generator_inst/is_horizontal_hash5__1_carry__0_i_8/O
                         net (fo=2, routed)           0.975     6.369    datapath/video_inst/Inst_vga/vga_signal_generator_inst/is_horizontal_hash5__1_carry__0_i_8_n_0
    SLICE_X155Y124       LUT6 (Prop_lut6_I0_O)        0.326     6.695 r  datapath/video_inst/Inst_vga/vga_signal_generator_inst/is_horizontal_hash5__1_carry__0_i_4/O
                         net (fo=1, routed)           0.000     6.695    datapath/video_inst/Inst_vga/color_mapper_inst/is_horizontal_hash5__1_carry__1_2[3]
    SLICE_X155Y124       CARRY4 (Prop_carry4_S[3]_CO[3])
                                                      0.401     7.096 r  datapath/video_inst/Inst_vga/color_mapper_inst/is_horizontal_hash5__1_carry__0/CO[3]
                         net (fo=1, routed)           0.009     7.105    datapath/video_inst/Inst_vga/color_mapper_inst/is_horizontal_hash5__1_carry__0_n_0
    SLICE_X155Y125       CARRY4 (Prop_carry4_CI_CO[3])
                                                      0.114     7.219 r  datapath/video_inst/Inst_vga/color_mapper_inst/is_horizontal_hash5__1_carry__1/CO[3]
                         net (fo=1, routed)           0.000     7.219    datapath/video_inst/Inst_vga/color_mapper_inst/is_horizontal_hash5__1_carry__1_n_0
    SLICE_X155Y126       CARRY4 (Prop_carry4_CI_O[0])
                                                      0.222     7.441 r  datapath/video_inst/Inst_vga/color_mapper_inst/is_horizontal_hash5__1_carry__2/O[0]
                         net (fo=2, routed)           0.723     8.164    datapath/video_inst/Inst_vga/vga_signal_generator_inst/is_horizontal_hash5__29_carry[0]
    SLICE_X154Y126       LUT2 (Prop_lut2_I0_O)        0.299     8.463 r  datapath/video_inst/Inst_vga/vga_signal_generator_inst/is_horizontal_hash5__29_carry_i_2/O
                         net (fo=1, routed)           0.000     8.463    datapath/video_inst/Inst_vga/color_mapper_inst/is_horizontal_hash5__35_carry_i_1[0]
    SLICE_X154Y126       CARRY4 (Prop_carry4_S[1]_O[1])
                                                      0.230     8.693 r  datapath/video_inst/Inst_vga/color_mapper_inst/is_horizontal_hash5__29_carry/O[1]
                         net (fo=1, routed)           0.747     9.440    datapath/video_inst/Inst_vga/vga_signal_generator_inst/is_horizontal_hash5__35_carry__0[1]
    SLICE_X152Y127       LUT2 (Prop_lut2_I1_O)        0.306     9.746 r  datapath/video_inst/Inst_vga/vga_signal_generator_inst/is_horizontal_hash5__35_carry__0_i_2/O
                         net (fo=1, routed)           0.000     9.746    datapath/video_inst/Inst_vga/color_mapper_inst/dc_bias[3]_i_19__0[0]
    SLICE_X152Y127       CARRY4 (Prop_carry4_S[0]_O[1])
                                                      0.427    10.173 r  datapath/video_inst/Inst_vga/color_mapper_inst/is_horizontal_hash5__35_carry__0/O[1]
                         net (fo=1, routed)           0.810    10.983    datapath/video_inst/Inst_vga/color_mapper_inst/is_horizontal_hash5__35_carry__0_n_6
    SLICE_X153Y126       LUT6 (Prop_lut6_I4_O)        0.306    11.289 r  datapath/video_inst/Inst_vga/color_mapper_inst/dc_bias[3]_i_12__0/O
                         net (fo=2, routed)           1.258    12.546    datapath/video_inst/Inst_vga/vga_signal_generator_inst/dc_bias[3]_i_3__0_0
    SLICE_X155Y130       LUT6 (Prop_lut6_I3_O)        0.124    12.670 r  datapath/video_inst/Inst_vga/vga_signal_generator_inst/dc_bias[3]_i_11/O
                         net (fo=1, routed)           0.635    13.305    datapath/video_inst/Inst_vga/vga_signal_generator_inst/dc_bias[3]_i_11_n_0
    SLICE_X155Y132       LUT4 (Prop_lut4_I3_O)        0.150    13.455 r  datapath/video_inst/Inst_vga/vga_signal_generator_inst/dc_bias[3]_i_8/O
                         net (fo=8, routed)           1.244    14.699    datapath/video_inst/inst_dvid/TDMS_encoder_green/dc_bias_reg[3]_1
    SLICE_X157Y136       LUT6 (Prop_lut6_I4_O)        0.326    15.025 r  datapath/video_inst/inst_dvid/TDMS_encoder_green/dc_bias[3]_i_3/O
                         net (fo=1, routed)           0.665    15.690    datapath/video_inst/inst_dvid/TDMS_encoder_green/dc_bias[3]_i_3_n_0
    SLICE_X157Y136       LUT6 (Prop_lut6_I1_O)        0.124    15.814 r  datapath/video_inst/inst_dvid/TDMS_encoder_green/dc_bias[3]_i_1/O
                         net (fo=1, routed)           0.000    15.814    datapath/video_inst/inst_dvid/TDMS_encoder_green/dc_bias[3]_i_1_n_0
    SLICE_X157Y136       FDRE                                         r  datapath/video_inst/inst_dvid/TDMS_encoder_green/dc_bias_reg[3]/D
  -------------------------------------------------------------------    -------------------

                         (clock clk_out1_clk_wiz_0 rise edge)
                                                     40.000    40.000 r  
    BUFGCTRL_X0Y4        BUFG                         0.000    40.000 r  clk_IBUF_BUFG_inst/O
                         net (fo=85, routed)          1.972    41.972    datapath/video_inst/mmcm_adv_inst_display_clocks/inst/clk_in1
    MMCME2_ADV_X1Y0      MMCME2_ADV (Prop_mmcme2_adv_CLKIN1_CLKOUT0)
                                                     -4.637    37.335 r  datapath/video_inst/mmcm_adv_inst_display_clocks/inst/mmcm_adv_inst/CLKOUT0
                         net (fo=1, routed)           2.574    39.909    datapath/video_inst/mmcm_adv_inst_display_clocks/inst/clk_out1_clk_wiz_0
    BUFGCTRL_X0Y3        BUFG (Prop_bufg_I_O)         0.091    40.000 r  datapath/video_inst/mmcm_adv_inst_display_clocks/inst/clkout1_buf/O
                         net (fo=84, routed)          1.706    41.706    datapath/video_inst/inst_dvid/TDMS_encoder_green/CLK
    SLICE_X157Y136       FDRE                                         r  datapath/video_inst/inst_dvid/TDMS_encoder_green/dc_bias_reg[3]/C
                         clock pessimism              0.089    41.795    
                         clock uncertainty           -0.095    41.701    
    SLICE_X157Y136       FDRE (Setup_fdre_C_D)        0.029    41.730    datapath/video_inst/inst_dvid/TDMS_encoder_green/dc_bias_reg[3]
  -------------------------------------------------------------------
                         required time                         41.730    
                         arrival time                         -15.814    
  -------------------------------------------------------------------
                         slack                                 25.916    

Slack (MET) :             26.079ns  (required time - arrival time)
  Source:                 datapath/video_inst/Inst_vga/vga_signal_generator_inst/position_reg[col][7]/C
                            (rising edge-triggered cell FDRE clocked by clk_out1_clk_wiz_0  {rise@0.000ns fall@20.000ns period=40.000ns})
  Destination:            datapath/video_inst/inst_dvid/TDMS_encoder_green/encoded_reg[9]/D
                            (rising edge-triggered cell FDRE clocked by clk_out1_clk_wiz_0  {rise@0.000ns fall@20.000ns period=40.000ns})
  Path Group:             clk_out1_clk_wiz_0
  Path Type:              Setup (Max at Slow Process Corner)
  Requirement:            40.000ns  (clk_out1_clk_wiz_0 rise@40.000ns - clk_out1_clk_wiz_0 rise@0.000ns)
  Data Path Delay:        13.927ns  (logic 4.051ns (29.087%)  route 9.876ns (70.913%))
  Logic Levels:           14  (CARRY4=5 LUT2=3 LUT3=1 LUT4=2 LUT6=3)
  Clock Path Skew:        -0.017ns (DCD - SCD + CPR)
    Destination Clock Delay (DCD):    1.706ns = ( 41.706 - 40.000 ) 
    Source Clock Delay      (SCD):    1.812ns
    Clock Pessimism Removal (CPR):    0.089ns
  Clock Uncertainty:      0.095ns  ((TSJ^2 + DJ^2)^1/2) / 2 + PE
    Total System Jitter     (TSJ):    0.071ns
    Discrete Jitter          (DJ):    0.175ns
    Phase Error              (PE):    0.000ns

    Location             Delay type                Incr(ns)  Path(ns)    Netlist Resource(s)
  -------------------------------------------------------------------    -------------------
                         (clock clk_out1_clk_wiz_0 rise edge)
                                                      0.000     0.000 r  
    BUFGCTRL_X0Y4        BUFG                         0.000     0.000 r  clk_IBUF_BUFG_inst/O
                         net (fo=85, routed)          2.106     2.106    datapath/video_inst/mmcm_adv_inst_display_clocks/inst/clk_in1
    MMCME2_ADV_X1Y0      MMCME2_ADV (Prop_mmcme2_adv_CLKIN1_CLKOUT0)
                                                     -4.900    -2.793 r  datapath/video_inst/mmcm_adv_inst_display_clocks/inst/mmcm_adv_inst/CLKOUT0
                         net (fo=1, routed)           2.697    -0.096    datapath/video_inst/mmcm_adv_inst_display_clocks/inst/clk_out1_clk_wiz_0
    BUFGCTRL_X0Y3        BUFG (Prop_bufg_I_O)         0.096    -0.000 r  datapath/video_inst/mmcm_adv_inst_display_clocks/inst/clkout1_buf/O
                         net (fo=84, routed)          1.812     1.812    datapath/video_inst/Inst_vga/vga_signal_generator_inst/CLK
    SLICE_X158Y126       FDRE                                         r  datapath/video_inst/Inst_vga/vga_signal_generator_inst/position_reg[col][7]/C
  -------------------------------------------------------------------    -------------------
    SLICE_X158Y126       FDRE (Prop_fdre_C_Q)         0.518     2.330 r  datapath/video_inst/Inst_vga/vga_signal_generator_inst/position_reg[col][7]/Q
                         net (fo=51, routed)          2.911     5.242    datapath/video_inst/Inst_vga/vga_signal_generator_inst/Q[7]
    SLICE_X149Y124       LUT2 (Prop_lut2_I1_O)        0.152     5.394 r  datapath/video_inst/Inst_vga/vga_signal_generator_inst/is_horizontal_hash5__1_carry__0_i_8/O
                         net (fo=2, routed)           0.975     6.369    datapath/video_inst/Inst_vga/vga_signal_generator_inst/is_horizontal_hash5__1_carry__0_i_8_n_0
    SLICE_X155Y124       LUT6 (Prop_lut6_I0_O)        0.326     6.695 r  datapath/video_inst/Inst_vga/vga_signal_generator_inst/is_horizontal_hash5__1_carry__0_i_4/O
                         net (fo=1, routed)           0.000     6.695    datapath/video_inst/Inst_vga/color_mapper_inst/is_horizontal_hash5__1_carry__1_2[3]
    SLICE_X155Y124       CARRY4 (Prop_carry4_S[3]_CO[3])
                                                      0.401     7.096 r  datapath/video_inst/Inst_vga/color_mapper_inst/is_horizontal_hash5__1_carry__0/CO[3]
                         net (fo=1, routed)           0.009     7.105    datapath/video_inst/Inst_vga/color_mapper_inst/is_horizontal_hash5__1_carry__0_n_0
    SLICE_X155Y125       CARRY4 (Prop_carry4_CI_CO[3])
                                                      0.114     7.219 r  datapath/video_inst/Inst_vga/color_mapper_inst/is_horizontal_hash5__1_carry__1/CO[3]
                         net (fo=1, routed)           0.000     7.219    datapath/video_inst/Inst_vga/color_mapper_inst/is_horizontal_hash5__1_carry__1_n_0
    SLICE_X155Y126       CARRY4 (Prop_carry4_CI_O[0])
                                                      0.222     7.441 r  datapath/video_inst/Inst_vga/color_mapper_inst/is_horizontal_hash5__1_carry__2/O[0]
                         net (fo=2, routed)           0.723     8.164    datapath/video_inst/Inst_vga/vga_signal_generator_inst/is_horizontal_hash5__29_carry[0]
    SLICE_X154Y126       LUT2 (Prop_lut2_I0_O)        0.299     8.463 r  datapath/video_inst/Inst_vga/vga_signal_generator_inst/is_horizontal_hash5__29_carry_i_2/O
                         net (fo=1, routed)           0.000     8.463    datapath/video_inst/Inst_vga/color_mapper_inst/is_horizontal_hash5__35_carry_i_1[0]
    SLICE_X154Y126       CARRY4 (Prop_carry4_S[1]_O[1])
                                                      0.230     8.693 r  datapath/video_inst/Inst_vga/color_mapper_inst/is_horizontal_hash5__29_carry/O[1]
                         net (fo=1, routed)           0.747     9.440    datapath/video_inst/Inst_vga/vga_signal_generator_inst/is_horizontal_hash5__35_carry__0[1]
    SLICE_X152Y127       LUT2 (Prop_lut2_I1_O)        0.306     9.746 r  datapath/video_inst/Inst_vga/vga_signal_generator_inst/is_horizontal_hash5__35_carry__0_i_2/O
                         net (fo=1, routed)           0.000     9.746    datapath/video_inst/Inst_vga/color_mapper_inst/dc_bias[3]_i_19__0[0]
    SLICE_X152Y127       CARRY4 (Prop_carry4_S[0]_O[1])
                                                      0.427    10.173 r  datapath/video_inst/Inst_vga/color_mapper_inst/is_horizontal_hash5__35_carry__0/O[1]
                         net (fo=1, routed)           0.810    10.983    datapath/video_inst/Inst_vga/color_mapper_inst/is_horizontal_hash5__35_carry__0_n_6
    SLICE_X153Y126       LUT6 (Prop_lut6_I4_O)        0.306    11.289 r  datapath/video_inst/Inst_vga/color_mapper_inst/dc_bias[3]_i_12__0/O
                         net (fo=2, routed)           1.258    12.546    datapath/video_inst/Inst_vga/vga_signal_generator_inst/dc_bias[3]_i_3__0_0
    SLICE_X155Y130       LUT6 (Prop_lut6_I3_O)        0.124    12.670 r  datapath/video_inst/Inst_vga/vga_signal_generator_inst/dc_bias[3]_i_11/O
                         net (fo=1, routed)           0.635    13.305    datapath/video_inst/Inst_vga/vga_signal_generator_inst/dc_bias[3]_i_11_n_0
    SLICE_X155Y132       LUT4 (Prop_lut4_I3_O)        0.150    13.455 r  datapath/video_inst/Inst_vga/vga_signal_generator_inst/dc_bias[3]_i_8/O
                         net (fo=8, routed)           0.807    14.262    datapath/video_inst/Inst_vga/vga_signal_generator_inst/position_reg[row][7]_0
    SLICE_X157Y135       LUT3 (Prop_lut3_I1_O)        0.326    14.588 f  datapath/video_inst/Inst_vga/vga_signal_generator_inst/dc_bias[3]_i_7__0/O
                         net (fo=5, routed)           1.001    15.590    datapath/video_inst/inst_dvid/TDMS_encoder_green/dc_bias_reg[0]_0
    SLICE_X158Y136       LUT4 (Prop_lut4_I0_O)        0.150    15.740 r  datapath/video_inst/inst_dvid/TDMS_encoder_green/encoded[9]_i_1/O
                         net (fo=1, routed)           0.000    15.740    datapath/video_inst/inst_dvid/TDMS_encoder_green/encoded[9]_i_1_n_0
    SLICE_X158Y136       FDRE                                         r  datapath/video_inst/inst_dvid/TDMS_encoder_green/encoded_reg[9]/D
  -------------------------------------------------------------------    -------------------

                         (clock clk_out1_clk_wiz_0 rise edge)
                                                     40.000    40.000 r  
    BUFGCTRL_X0Y4        BUFG                         0.000    40.000 r  clk_IBUF_BUFG_inst/O
                         net (fo=85, routed)          1.972    41.972    datapath/video_inst/mmcm_adv_inst_display_clocks/inst/clk_in1
    MMCME2_ADV_X1Y0      MMCME2_ADV (Prop_mmcme2_adv_CLKIN1_CLKOUT0)
                                                     -4.637    37.335 r  datapath/video_inst/mmcm_adv_inst_display_clocks/inst/mmcm_adv_inst/CLKOUT0
                         net (fo=1, routed)           2.574    39.909    datapath/video_inst/mmcm_adv_inst_display_clocks/inst/clk_out1_clk_wiz_0
    BUFGCTRL_X0Y3        BUFG (Prop_bufg_I_O)         0.091    40.000 r  datapath/video_inst/mmcm_adv_inst_display_clocks/inst/clkout1_buf/O
                         net (fo=84, routed)          1.706    41.706    datapath/video_inst/inst_dvid/TDMS_encoder_green/CLK
    SLICE_X158Y136       FDRE                                         r  datapath/video_inst/inst_dvid/TDMS_encoder_green/encoded_reg[9]/C
                         clock pessimism              0.089    41.795    
                         clock uncertainty           -0.095    41.701    
    SLICE_X158Y136       FDRE (Setup_fdre_C_D)        0.118    41.819    datapath/video_inst/inst_dvid/TDMS_encoder_green/encoded_reg[9]
  -------------------------------------------------------------------
                         required time                         41.819    
                         arrival time                         -15.740    
  -------------------------------------------------------------------
                         slack                                 26.079    

Slack (MET) :             26.149ns  (required time - arrival time)
  Source:                 datapath/video_inst/Inst_vga/vga_signal_generator_inst/position_reg[col][7]/C
                            (rising edge-triggered cell FDRE clocked by clk_out1_clk_wiz_0  {rise@0.000ns fall@20.000ns period=40.000ns})
  Destination:            datapath/video_inst/inst_dvid/TDMS_encoder_blue/dc_bias_reg[2]/D
                            (rising edge-triggered cell FDRE clocked by clk_out1_clk_wiz_0  {rise@0.000ns fall@20.000ns period=40.000ns})
  Path Group:             clk_out1_clk_wiz_0
  Path Type:              Setup (Max at Slow Process Corner)
  Requirement:            40.000ns  (clk_out1_clk_wiz_0 rise@40.000ns - clk_out1_clk_wiz_0 rise@0.000ns)
  Data Path Delay:        13.768ns  (logic 3.921ns (28.480%)  route 9.847ns (71.520%))
  Logic Levels:           15  (CARRY4=5 LUT2=4 LUT4=1 LUT6=5)
  Clock Path Skew:        -0.018ns (DCD - SCD + CPR)
    Destination Clock Delay (DCD):    1.705ns = ( 41.705 - 40.000 ) 
    Source Clock Delay      (SCD):    1.812ns
    Clock Pessimism Removal (CPR):    0.089ns
  Clock Uncertainty:      0.095ns  ((TSJ^2 + DJ^2)^1/2) / 2 + PE
    Total System Jitter     (TSJ):    0.071ns
    Discrete Jitter          (DJ):    0.175ns
    Phase Error              (PE):    0.000ns

    Location             Delay type                Incr(ns)  Path(ns)    Netlist Resource(s)
  -------------------------------------------------------------------    -------------------
                         (clock clk_out1_clk_wiz_0 rise edge)
                                                      0.000     0.000 r  
    BUFGCTRL_X0Y4        BUFG                         0.000     0.000 r  clk_IBUF_BUFG_inst/O
                         net (fo=85, routed)          2.106     2.106    datapath/video_inst/mmcm_adv_inst_display_clocks/inst/clk_in1
    MMCME2_ADV_X1Y0      MMCME2_ADV (Prop_mmcme2_adv_CLKIN1_CLKOUT0)
                                                     -4.900    -2.793 r  datapath/video_inst/mmcm_adv_inst_display_clocks/inst/mmcm_adv_inst/CLKOUT0
                         net (fo=1, routed)           2.697    -0.096    datapath/video_inst/mmcm_adv_inst_display_clocks/inst/clk_out1_clk_wiz_0
    BUFGCTRL_X0Y3        BUFG (Prop_bufg_I_O)         0.096    -0.000 r  datapath/video_inst/mmcm_adv_inst_display_clocks/inst/clkout1_buf/O
                         net (fo=84, routed)          1.812     1.812    datapath/video_inst/Inst_vga/vga_signal_generator_inst/CLK
    SLICE_X158Y126       FDRE                                         r  datapath/video_inst/Inst_vga/vga_signal_generator_inst/position_reg[col][7]/C
  -------------------------------------------------------------------    -------------------
    SLICE_X158Y126       FDRE (Prop_fdre_C_Q)         0.518     2.330 r  datapath/video_inst/Inst_vga/vga_signal_generator_inst/position_reg[col][7]/Q
                         net (fo=51, routed)          2.911     5.242    datapath/video_inst/Inst_vga/vga_signal_generator_inst/Q[7]
    SLICE_X149Y124       LUT2 (Prop_lut2_I1_O)        0.152     5.394 r  datapath/video_inst/Inst_vga/vga_signal_generator_inst/is_horizontal_hash5__1_carry__0_i_8/O
                         net (fo=2, routed)           0.975     6.369    datapath/video_inst/Inst_vga/vga_signal_generator_inst/is_horizontal_hash5__1_carry__0_i_8_n_0
    SLICE_X155Y124       LUT6 (Prop_lut6_I0_O)        0.326     6.695 r  datapath/video_inst/Inst_vga/vga_signal_generator_inst/is_horizontal_hash5__1_carry__0_i_4/O
                         net (fo=1, routed)           0.000     6.695    datapath/video_inst/Inst_vga/color_mapper_inst/is_horizontal_hash5__1_carry__1_2[3]
    SLICE_X155Y124       CARRY4 (Prop_carry4_S[3]_CO[3])
                                                      0.401     7.096 r  datapath/video_inst/Inst_vga/color_mapper_inst/is_horizontal_hash5__1_carry__0/CO[3]
                         net (fo=1, routed)           0.009     7.105    datapath/video_inst/Inst_vga/color_mapper_inst/is_horizontal_hash5__1_carry__0_n_0
    SLICE_X155Y125       CARRY4 (Prop_carry4_CI_CO[3])
                                                      0.114     7.219 r  datapath/video_inst/Inst_vga/color_mapper_inst/is_horizontal_hash5__1_carry__1/CO[3]
                         net (fo=1, routed)           0.000     7.219    datapath/video_inst/Inst_vga/color_mapper_inst/is_horizontal_hash5__1_carry__1_n_0
    SLICE_X155Y126       CARRY4 (Prop_carry4_CI_O[0])
                                                      0.222     7.441 r  datapath/video_inst/Inst_vga/color_mapper_inst/is_horizontal_hash5__1_carry__2/O[0]
                         net (fo=2, routed)           0.723     8.164    datapath/video_inst/Inst_vga/vga_signal_generator_inst/is_horizontal_hash5__29_carry[0]
    SLICE_X154Y126       LUT2 (Prop_lut2_I0_O)        0.299     8.463 r  datapath/video_inst/Inst_vga/vga_signal_generator_inst/is_horizontal_hash5__29_carry_i_2/O
                         net (fo=1, routed)           0.000     8.463    datapath/video_inst/Inst_vga/color_mapper_inst/is_horizontal_hash5__35_carry_i_1[0]
    SLICE_X154Y126       CARRY4 (Prop_carry4_S[1]_O[1])
                                                      0.230     8.693 r  datapath/video_inst/Inst_vga/color_mapper_inst/is_horizontal_hash5__29_carry/O[1]
                         net (fo=1, routed)           0.747     9.440    datapath/video_inst/Inst_vga/vga_signal_generator_inst/is_horizontal_hash5__35_carry__0[1]
    SLICE_X152Y127       LUT2 (Prop_lut2_I1_O)        0.306     9.746 r  datapath/video_inst/Inst_vga/vga_signal_generator_inst/is_horizontal_hash5__35_carry__0_i_2/O
                         net (fo=1, routed)           0.000     9.746    datapath/video_inst/Inst_vga/color_mapper_inst/dc_bias[3]_i_19__0[0]
    SLICE_X152Y127       CARRY4 (Prop_carry4_S[0]_O[1])
                                                      0.427    10.173 f  datapath/video_inst/Inst_vga/color_mapper_inst/is_horizontal_hash5__35_carry__0/O[1]
                         net (fo=1, routed)           0.810    10.983    datapath/video_inst/Inst_vga/color_mapper_inst/is_horizontal_hash5__35_carry__0_n_6
    SLICE_X153Y126       LUT6 (Prop_lut6_I4_O)        0.306    11.289 f  datapath/video_inst/Inst_vga/color_mapper_inst/dc_bias[3]_i_12__0/O
                         net (fo=2, routed)           0.855    12.143    datapath/video_inst/Inst_vga/vga_signal_generator_inst/dc_bias[3]_i_3__0_0
    SLICE_X155Y130       LUT6 (Prop_lut6_I5_O)        0.124    12.267 f  datapath/video_inst/Inst_vga/vga_signal_generator_inst/dc_bias[3]_i_5__0/O
                         net (fo=1, routed)           0.263    12.530    datapath/video_inst/Inst_vga/vga_signal_generator_inst/dc_bias[3]_i_5__0_n_0
    SLICE_X155Y130       LUT6 (Prop_lut6_I1_O)        0.124    12.654 r  datapath/video_inst/Inst_vga/vga_signal_generator_inst/dc_bias[3]_i_3__0/O
                         net (fo=5, routed)           1.035    13.689    datapath/video_inst/Inst_vga/vga_signal_generator_inst/position_reg[row][4]_0
    SLICE_X158Y135       LUT2 (Prop_lut2_I0_O)        0.124    13.813 r  datapath/video_inst/Inst_vga/vga_signal_generator_inst/dc_bias[1]_i_3/O
                         net (fo=7, routed)           0.854    14.667    datapath/video_inst/inst_dvid/TDMS_encoder_blue/dc_bias_reg[1]_1
    SLICE_X159Y134       LUT4 (Prop_lut4_I2_O)        0.124    14.791 r  datapath/video_inst/inst_dvid/TDMS_encoder_blue/dc_bias[2]_i_3__0/O
                         net (fo=1, routed)           0.665    15.456    datapath/video_inst/inst_dvid/TDMS_encoder_blue/dc_bias[2]_i_3__0_n_0
    SLICE_X159Y134       LUT6 (Prop_lut6_I1_O)        0.124    15.580 r  datapath/video_inst/inst_dvid/TDMS_encoder_blue/dc_bias[2]_i_1__0/O
                         net (fo=1, routed)           0.000    15.580    datapath/video_inst/inst_dvid/TDMS_encoder_blue/dc_bias[2]_i_1__0_n_0
    SLICE_X159Y134       FDRE                                         r  datapath/video_inst/inst_dvid/TDMS_encoder_blue/dc_bias_reg[2]/D
  -------------------------------------------------------------------    -------------------

                         (clock clk_out1_clk_wiz_0 rise edge)
                                                     40.000    40.000 r  
    BUFGCTRL_X0Y4        BUFG                         0.000    40.000 r  clk_IBUF_BUFG_inst/O
                         net (fo=85, routed)          1.972    41.972    datapath/video_inst/mmcm_adv_inst_display_clocks/inst/clk_in1
    MMCME2_ADV_X1Y0      MMCME2_ADV (Prop_mmcme2_adv_CLKIN1_CLKOUT0)
                                                     -4.637    37.335 r  datapath/video_inst/mmcm_adv_inst_display_clocks/inst/mmcm_adv_inst/CLKOUT0
                         net (fo=1, routed)           2.574    39.909    datapath/video_inst/mmcm_adv_inst_display_clocks/inst/clk_out1_clk_wiz_0
    BUFGCTRL_X0Y3        BUFG (Prop_bufg_I_O)         0.091    40.000 r  datapath/video_inst/mmcm_adv_inst_display_clocks/inst/clkout1_buf/O
                         net (fo=84, routed)          1.705    41.705    datapath/video_inst/inst_dvid/TDMS_encoder_blue/CLK
    SLICE_X159Y134       FDRE                                         r  datapath/video_inst/inst_dvid/TDMS_encoder_blue/dc_bias_reg[2]/C
                         clock pessimism              0.089    41.794    
                         clock uncertainty           -0.095    41.700    
    SLICE_X159Y134       FDRE (Setup_fdre_C_D)        0.029    41.729    datapath/video_inst/inst_dvid/TDMS_encoder_blue/dc_bias_reg[2]
  -------------------------------------------------------------------
                         required time                         41.729    
                         arrival time                         -15.580    
  -------------------------------------------------------------------
                         slack                                 26.149    

Slack (MET) :             26.294ns  (required time - arrival time)
  Source:                 datapath/video_inst/Inst_vga/vga_signal_generator_inst/position_reg[col][7]/C
                            (rising edge-triggered cell FDRE clocked by clk_out1_clk_wiz_0  {rise@0.000ns fall@20.000ns period=40.000ns})
  Destination:            datapath/video_inst/inst_dvid/TDMS_encoder_blue/dc_bias_reg[3]/D
                            (rising edge-triggered cell FDRE clocked by clk_out1_clk_wiz_0  {rise@0.000ns fall@20.000ns period=40.000ns})
  Path Group:             clk_out1_clk_wiz_0
  Path Type:              Setup (Max at Slow Process Corner)
  Requirement:            40.000ns  (clk_out1_clk_wiz_0 rise@40.000ns - clk_out1_clk_wiz_0 rise@0.000ns)
  Data Path Delay:        13.674ns  (logic 4.151ns (30.357%)  route 9.523ns (69.643%))
  Logic Levels:           15  (CARRY4=5 LUT2=4 LUT5=1 LUT6=5)
  Clock Path Skew:        -0.017ns (DCD - SCD + CPR)
    Destination Clock Delay (DCD):    1.706ns = ( 41.706 - 40.000 ) 
    Source Clock Delay      (SCD):    1.812ns
    Clock Pessimism Removal (CPR):    0.089ns
  Clock Uncertainty:      0.095ns  ((TSJ^2 + DJ^2)^1/2) / 2 + PE
    Total System Jitter     (TSJ):    0.071ns
    Discrete Jitter          (DJ):    0.175ns
    Phase Error              (PE):    0.000ns

    Location             Delay type                Incr(ns)  Path(ns)    Netlist Resource(s)
  -------------------------------------------------------------------    -------------------
                         (clock clk_out1_clk_wiz_0 rise edge)
                                                      0.000     0.000 r  
    BUFGCTRL_X0Y4        BUFG                         0.000     0.000 r  clk_IBUF_BUFG_inst/O
                         net (fo=85, routed)          2.106     2.106    datapath/video_inst/mmcm_adv_inst_display_clocks/inst/clk_in1
    MMCME2_ADV_X1Y0      MMCME2_ADV (Prop_mmcme2_adv_CLKIN1_CLKOUT0)
                                                     -4.900    -2.793 r  datapath/video_inst/mmcm_adv_inst_display_clocks/inst/mmcm_adv_inst/CLKOUT0
                         net (fo=1, routed)           2.697    -0.096    datapath/video_inst/mmcm_adv_inst_display_clocks/inst/clk_out1_clk_wiz_0
    BUFGCTRL_X0Y3        BUFG (Prop_bufg_I_O)         0.096    -0.000 r  datapath/video_inst/mmcm_adv_inst_display_clocks/inst/clkout1_buf/O
                         net (fo=84, routed)          1.812     1.812    datapath/video_inst/Inst_vga/vga_signal_generator_inst/CLK
    SLICE_X158Y126       FDRE                                         r  datapath/video_inst/Inst_vga/vga_signal_generator_inst/position_reg[col][7]/C
  -------------------------------------------------------------------    -------------------
    SLICE_X158Y126       FDRE (Prop_fdre_C_Q)         0.518     2.330 r  datapath/video_inst/Inst_vga/vga_signal_generator_inst/position_reg[col][7]/Q
                         net (fo=51, routed)          2.911     5.242    datapath/video_inst/Inst_vga/vga_signal_generator_inst/Q[7]
    SLICE_X149Y124       LUT2 (Prop_lut2_I1_O)        0.152     5.394 r  datapath/video_inst/Inst_vga/vga_signal_generator_inst/is_horizontal_hash5__1_carry__0_i_8/O
                         net (fo=2, routed)           0.975     6.369    datapath/video_inst/Inst_vga/vga_signal_generator_inst/is_horizontal_hash5__1_carry__0_i_8_n_0
    SLICE_X155Y124       LUT6 (Prop_lut6_I0_O)        0.326     6.695 r  datapath/video_inst/Inst_vga/vga_signal_generator_inst/is_horizontal_hash5__1_carry__0_i_4/O
                         net (fo=1, routed)           0.000     6.695    datapath/video_inst/Inst_vga/color_mapper_inst/is_horizontal_hash5__1_carry__1_2[3]
    SLICE_X155Y124       CARRY4 (Prop_carry4_S[3]_CO[3])
                                                      0.401     7.096 r  datapath/video_inst/Inst_vga/color_mapper_inst/is_horizontal_hash5__1_carry__0/CO[3]
                         net (fo=1, routed)           0.009     7.105    datapath/video_inst/Inst_vga/color_mapper_inst/is_horizontal_hash5__1_carry__0_n_0
    SLICE_X155Y125       CARRY4 (Prop_carry4_CI_CO[3])
                                                      0.114     7.219 r  datapath/video_inst/Inst_vga/color_mapper_inst/is_horizontal_hash5__1_carry__1/CO[3]
                         net (fo=1, routed)           0.000     7.219    datapath/video_inst/Inst_vga/color_mapper_inst/is_horizontal_hash5__1_carry__1_n_0
    SLICE_X155Y126       CARRY4 (Prop_carry4_CI_O[0])
                                                      0.222     7.441 r  datapath/video_inst/Inst_vga/color_mapper_inst/is_horizontal_hash5__1_carry__2/O[0]
                         net (fo=2, routed)           0.723     8.164    datapath/video_inst/Inst_vga/vga_signal_generator_inst/is_horizontal_hash5__29_carry[0]
    SLICE_X154Y126       LUT2 (Prop_lut2_I0_O)        0.299     8.463 r  datapath/video_inst/Inst_vga/vga_signal_generator_inst/is_horizontal_hash5__29_carry_i_2/O
                         net (fo=1, routed)           0.000     8.463    datapath/video_inst/Inst_vga/color_mapper_inst/is_horizontal_hash5__35_carry_i_1[0]
    SLICE_X154Y126       CARRY4 (Prop_carry4_S[1]_O[1])
                                                      0.230     8.693 r  datapath/video_inst/Inst_vga/color_mapper_inst/is_horizontal_hash5__29_carry/O[1]
                         net (fo=1, routed)           0.747     9.440    datapath/video_inst/Inst_vga/vga_signal_generator_inst/is_horizontal_hash5__35_carry__0[1]
    SLICE_X152Y127       LUT2 (Prop_lut2_I1_O)        0.306     9.746 r  datapath/video_inst/Inst_vga/vga_signal_generator_inst/is_horizontal_hash5__35_carry__0_i_2/O
                         net (fo=1, routed)           0.000     9.746    datapath/video_inst/Inst_vga/color_mapper_inst/dc_bias[3]_i_19__0[0]
    SLICE_X152Y127       CARRY4 (Prop_carry4_S[0]_O[1])
                                                      0.427    10.173 r  datapath/video_inst/Inst_vga/color_mapper_inst/is_horizontal_hash5__35_carry__0/O[1]
                         net (fo=1, routed)           0.810    10.983    datapath/video_inst/Inst_vga/color_mapper_inst/is_horizontal_hash5__35_carry__0_n_6
    SLICE_X153Y126       LUT6 (Prop_lut6_I4_O)        0.306    11.289 r  datapath/video_inst/Inst_vga/color_mapper_inst/dc_bias[3]_i_12__0/O
                         net (fo=2, routed)           0.855    12.143    datapath/video_inst/Inst_vga/vga_signal_generator_inst/dc_bias[3]_i_3__0_0
    SLICE_X155Y130       LUT6 (Prop_lut6_I5_O)        0.124    12.267 r  datapath/video_inst/Inst_vga/vga_signal_generator_inst/dc_bias[3]_i_5__0/O
                         net (fo=1, routed)           0.263    12.530    datapath/video_inst/Inst_vga/vga_signal_generator_inst/dc_bias[3]_i_5__0_n_0
    SLICE_X155Y130       LUT6 (Prop_lut6_I1_O)        0.124    12.654 f  datapath/video_inst/Inst_vga/vga_signal_generator_inst/dc_bias[3]_i_3__0/O
                         net (fo=5, routed)           0.903    13.557    datapath/video_inst/Inst_vga/vga_signal_generator_inst/position_reg[row][4]_0
    SLICE_X158Y134       LUT2 (Prop_lut2_I0_O)        0.150    13.707 r  datapath/video_inst/Inst_vga/vga_signal_generator_inst/dc_bias[3]_i_2__1/O
                         net (fo=11, routed)          0.497    14.205    datapath/video_inst/inst_dvid/TDMS_encoder_blue/dc_bias_reg[1]_2
    SLICE_X158Y134       LUT5 (Prop_lut5_I4_O)        0.328    14.533 f  datapath/video_inst/inst_dvid/TDMS_encoder_blue/dc_bias[3]_i_2__0/O
                         net (fo=1, routed)           0.830    15.362    datapath/video_inst/inst_dvid/TDMS_encoder_blue/dc_bias[3]_i_2__0_n_0
    SLICE_X158Y135       LUT6 (Prop_lut6_I0_O)        0.124    15.486 r  datapath/video_inst/inst_dvid/TDMS_encoder_blue/dc_bias[3]_i_1__0/O
                         net (fo=1, routed)           0.000    15.486    datapath/video_inst/inst_dvid/TDMS_encoder_blue/dc_bias[3]_i_1__0_n_0
    SLICE_X158Y135       FDRE                                         r  datapath/video_inst/inst_dvid/TDMS_encoder_blue/dc_bias_reg[3]/D
  -------------------------------------------------------------------    -------------------

                         (clock clk_out1_clk_wiz_0 rise edge)
                                                     40.000    40.000 r  
    BUFGCTRL_X0Y4        BUFG                         0.000    40.000 r  clk_IBUF_BUFG_inst/O
                         net (fo=85, routed)          1.972    41.972    datapath/video_inst/mmcm_adv_inst_display_clocks/inst/clk_in1
    MMCME2_ADV_X1Y0      MMCME2_ADV (Prop_mmcme2_adv_CLKIN1_CLKOUT0)
                                                     -4.637    37.335 r  datapath/video_inst/mmcm_adv_inst_display_clocks/inst/mmcm_adv_inst/CLKOUT0
                         net (fo=1, routed)           2.574    39.909    datapath/video_inst/mmcm_adv_inst_display_clocks/inst/clk_out1_clk_wiz_0
    BUFGCTRL_X0Y3        BUFG (Prop_bufg_I_O)         0.091    40.000 r  datapath/video_inst/mmcm_adv_inst_display_clocks/inst/clkout1_buf/O
                         net (fo=84, routed)          1.706    41.706    datapath/video_inst/inst_dvid/TDMS_encoder_blue/CLK
    SLICE_X158Y135       FDRE                                         r  datapath/video_inst/inst_dvid/TDMS_encoder_blue/dc_bias_reg[3]/C
                         clock pessimism              0.089    41.795    
                         clock uncertainty           -0.095    41.701    
    SLICE_X158Y135       FDRE (Setup_fdre_C_D)        0.079    41.780    datapath/video_inst/inst_dvid/TDMS_encoder_blue/dc_bias_reg[3]
  -------------------------------------------------------------------
                         required time                         41.780    
                         arrival time                         -15.486    
  -------------------------------------------------------------------
                         slack                                 26.294    

Slack (MET) :             26.321ns  (required time - arrival time)
  Source:                 datapath/video_inst/Inst_vga/vga_signal_generator_inst/position_reg[col][7]/C
                            (rising edge-triggered cell FDRE clocked by clk_out1_clk_wiz_0  {rise@0.000ns fall@20.000ns period=40.000ns})
  Destination:            datapath/video_inst/inst_dvid/TDMS_encoder_green/dc_bias_reg[1]/D
                            (rising edge-triggered cell FDRE clocked by clk_out1_clk_wiz_0  {rise@0.000ns fall@20.000ns period=40.000ns})
  Path Group:             clk_out1_clk_wiz_0
  Path Type:              Setup (Max at Slow Process Corner)
  Requirement:            40.000ns  (clk_out1_clk_wiz_0 rise@40.000ns - clk_out1_clk_wiz_0 rise@0.000ns)
  Data Path Delay:        13.598ns  (logic 4.025ns (29.600%)  route 9.573ns (70.400%))
  Logic Levels:           14  (CARRY4=5 LUT2=3 LUT3=1 LUT4=1 LUT6=4)
  Clock Path Skew:        -0.017ns (DCD - SCD + CPR)
    Destination Clock Delay (DCD):    1.706ns = ( 41.706 - 40.000 ) 
    Source Clock Delay      (SCD):    1.812ns
    Clock Pessimism Removal (CPR):    0.089ns
  Clock Uncertainty:      0.095ns  ((TSJ^2 + DJ^2)^1/2) / 2 + PE
    Total System Jitter     (TSJ):    0.071ns
    Discrete Jitter          (DJ):    0.175ns
    Phase Error              (PE):    0.000ns

    Location             Delay type                Incr(ns)  Path(ns)    Netlist Resource(s)
  -------------------------------------------------------------------    -------------------
                         (clock clk_out1_clk_wiz_0 rise edge)
                                                      0.000     0.000 r  
    BUFGCTRL_X0Y4        BUFG                         0.000     0.000 r  clk_IBUF_BUFG_inst/O
                         net (fo=85, routed)          2.106     2.106    datapath/video_inst/mmcm_adv_inst_display_clocks/inst/clk_in1
    MMCME2_ADV_X1Y0      MMCME2_ADV (Prop_mmcme2_adv_CLKIN1_CLKOUT0)
                                                     -4.900    -2.793 r  datapath/video_inst/mmcm_adv_inst_display_clocks/inst/mmcm_adv_inst/CLKOUT0
                         net (fo=1, routed)           2.697    -0.096    datapath/video_inst/mmcm_adv_inst_display_clocks/inst/clk_out1_clk_wiz_0
    BUFGCTRL_X0Y3        BUFG (Prop_bufg_I_O)         0.096    -0.000 r  datapath/video_inst/mmcm_adv_inst_display_clocks/inst/clkout1_buf/O
                         net (fo=84, routed)          1.812     1.812    datapath/video_inst/Inst_vga/vga_signal_generator_inst/CLK
    SLICE_X158Y126       FDRE                                         r  datapath/video_inst/Inst_vga/vga_signal_generator_inst/position_reg[col][7]/C
  -------------------------------------------------------------------    -------------------
    SLICE_X158Y126       FDRE (Prop_fdre_C_Q)         0.518     2.330 r  datapath/video_inst/Inst_vga/vga_signal_generator_inst/position_reg[col][7]/Q
                         net (fo=51, routed)          2.911     5.242    datapath/video_inst/Inst_vga/vga_signal_generator_inst/Q[7]
    SLICE_X149Y124       LUT2 (Prop_lut2_I1_O)        0.152     5.394 r  datapath/video_inst/Inst_vga/vga_signal_generator_inst/is_horizontal_hash5__1_carry__0_i_8/O
                         net (fo=2, routed)           0.975     6.369    datapath/video_inst/Inst_vga/vga_signal_generator_inst/is_horizontal_hash5__1_carry__0_i_8_n_0
    SLICE_X155Y124       LUT6 (Prop_lut6_I0_O)        0.326     6.695 r  datapath/video_inst/Inst_vga/vga_signal_generator_inst/is_horizontal_hash5__1_carry__0_i_4/O
                         net (fo=1, routed)           0.000     6.695    datapath/video_inst/Inst_vga/color_mapper_inst/is_horizontal_hash5__1_carry__1_2[3]
    SLICE_X155Y124       CARRY4 (Prop_carry4_S[3]_CO[3])
                                                      0.401     7.096 r  datapath/video_inst/Inst_vga/color_mapper_inst/is_horizontal_hash5__1_carry__0/CO[3]
                         net (fo=1, routed)           0.009     7.105    datapath/video_inst/Inst_vga/color_mapper_inst/is_horizontal_hash5__1_carry__0_n_0
    SLICE_X155Y125       CARRY4 (Prop_carry4_CI_CO[3])
                                                      0.114     7.219 r  datapath/video_inst/Inst_vga/color_mapper_inst/is_horizontal_hash5__1_carry__1/CO[3]
                         net (fo=1, routed)           0.000     7.219    datapath/video_inst/Inst_vga/color_mapper_inst/is_horizontal_hash5__1_carry__1_n_0
    SLICE_X155Y126       CARRY4 (Prop_carry4_CI_O[0])
                                                      0.222     7.441 r  datapath/video_inst/Inst_vga/color_mapper_inst/is_horizontal_hash5__1_carry__2/O[0]
                         net (fo=2, routed)           0.723     8.164    datapath/video_inst/Inst_vga/vga_signal_generator_inst/is_horizontal_hash5__29_carry[0]
    SLICE_X154Y126       LUT2 (Prop_lut2_I0_O)        0.299     8.463 r  datapath/video_inst/Inst_vga/vga_signal_generator_inst/is_horizontal_hash5__29_carry_i_2/O
                         net (fo=1, routed)           0.000     8.463    datapath/video_inst/Inst_vga/color_mapper_inst/is_horizontal_hash5__35_carry_i_1[0]
    SLICE_X154Y126       CARRY4 (Prop_carry4_S[1]_O[1])
                                                      0.230     8.693 r  datapath/video_inst/Inst_vga/color_mapper_inst/is_horizontal_hash5__29_carry/O[1]
                         net (fo=1, routed)           0.747     9.440    datapath/video_inst/Inst_vga/vga_signal_generator_inst/is_horizontal_hash5__35_carry__0[1]
    SLICE_X152Y127       LUT2 (Prop_lut2_I1_O)        0.306     9.746 r  datapath/video_inst/Inst_vga/vga_signal_generator_inst/is_horizontal_hash5__35_carry__0_i_2/O
                         net (fo=1, routed)           0.000     9.746    datapath/video_inst/Inst_vga/color_mapper_inst/dc_bias[3]_i_19__0[0]
    SLICE_X152Y127       CARRY4 (Prop_carry4_S[0]_O[1])
                                                      0.427    10.173 r  datapath/video_inst/Inst_vga/color_mapper_inst/is_horizontal_hash5__35_carry__0/O[1]
                         net (fo=1, routed)           0.810    10.983    datapath/video_inst/Inst_vga/color_mapper_inst/is_horizontal_hash5__35_carry__0_n_6
    SLICE_X153Y126       LUT6 (Prop_lut6_I4_O)        0.306    11.289 r  datapath/video_inst/Inst_vga/color_mapper_inst/dc_bias[3]_i_12__0/O
                         net (fo=2, routed)           1.258    12.546    datapath/video_inst/Inst_vga/vga_signal_generator_inst/dc_bias[3]_i_3__0_0
    SLICE_X155Y130       LUT6 (Prop_lut6_I3_O)        0.124    12.670 r  datapath/video_inst/Inst_vga/vga_signal_generator_inst/dc_bias[3]_i_11/O
                         net (fo=1, routed)           0.635    13.305    datapath/video_inst/Inst_vga/vga_signal_generator_inst/dc_bias[3]_i_11_n_0
    SLICE_X155Y132       LUT4 (Prop_lut4_I3_O)        0.150    13.455 r  datapath/video_inst/Inst_vga/vga_signal_generator_inst/dc_bias[3]_i_8/O
                         net (fo=8, routed)           0.807    14.262    datapath/video_inst/Inst_vga/vga_signal_generator_inst/position_reg[row][7]_0
    SLICE_X157Y135       LUT3 (Prop_lut3_I1_O)        0.326    14.588 r  datapath/video_inst/Inst_vga/vga_signal_generator_inst/dc_bias[3]_i_7__0/O
                         net (fo=5, routed)           0.698    15.286    datapath/video_inst/inst_dvid/TDMS_encoder_green/dc_bias_reg[0]_0
    SLICE_X157Y135       LUT6 (Prop_lut6_I4_O)        0.124    15.410 r  datapath/video_inst/inst_dvid/TDMS_encoder_green/dc_bias[1]_i_1/O
                         net (fo=1, routed)           0.000    15.410    datapath/video_inst/inst_dvid/TDMS_encoder_green/dc_bias[1]_i_1_n_0
    SLICE_X157Y135       FDRE                                         r  datapath/video_inst/inst_dvid/TDMS_encoder_green/dc_bias_reg[1]/D
  -------------------------------------------------------------------    -------------------

                         (clock clk_out1_clk_wiz_0 rise edge)
                                                     40.000    40.000 r  
    BUFGCTRL_X0Y4        BUFG                         0.000    40.000 r  clk_IBUF_BUFG_inst/O
                         net (fo=85, routed)          1.972    41.972    datapath/video_inst/mmcm_adv_inst_display_clocks/inst/clk_in1
    MMCME2_ADV_X1Y0      MMCME2_ADV (Prop_mmcme2_adv_CLKIN1_CLKOUT0)
                                                     -4.637    37.335 r  datapath/video_inst/mmcm_adv_inst_display_clocks/inst/mmcm_adv_inst/CLKOUT0
                         net (fo=1, routed)           2.574    39.909    datapath/video_inst/mmcm_adv_inst_display_clocks/inst/clk_out1_clk_wiz_0
    BUFGCTRL_X0Y3        BUFG (Prop_bufg_I_O)         0.091    40.000 r  datapath/video_inst/mmcm_adv_inst_display_clocks/inst/clkout1_buf/O
                         net (fo=84, routed)          1.706    41.706    datapath/video_inst/inst_dvid/TDMS_encoder_green/CLK
    SLICE_X157Y135       FDRE                                         r  datapath/video_inst/inst_dvid/TDMS_encoder_green/dc_bias_reg[1]/C
                         clock pessimism              0.089    41.795    
                         clock uncertainty           -0.095    41.701    
    SLICE_X157Y135       FDRE (Setup_fdre_C_D)        0.031    41.732    datapath/video_inst/inst_dvid/TDMS_encoder_green/dc_bias_reg[1]
  -------------------------------------------------------------------
                         required time                         41.732    
                         arrival time                         -15.410    
  -------------------------------------------------------------------
                         slack                                 26.321    

Slack (MET) :             26.430ns  (required time - arrival time)
  Source:                 datapath/video_inst/Inst_vga/vga_signal_generator_inst/position_reg[col][7]/C
                            (rising edge-triggered cell FDRE clocked by clk_out1_clk_wiz_0  {rise@0.000ns fall@20.000ns period=40.000ns})
  Destination:            datapath/video_inst/inst_dvid/TDMS_encoder_green/encoded_reg[8]/D
                            (rising edge-triggered cell FDRE clocked by clk_out1_clk_wiz_0  {rise@0.000ns fall@20.000ns period=40.000ns})
  Path Group:             clk_out1_clk_wiz_0
  Path Type:              Setup (Max at Slow Process Corner)
  Requirement:            40.000ns  (clk_out1_clk_wiz_0 rise@40.000ns - clk_out1_clk_wiz_0 rise@0.000ns)
  Data Path Delay:        13.535ns  (logic 4.221ns (31.185%)  route 9.314ns (68.815%))
  Logic Levels:           14  (CARRY4=5 LUT2=5 LUT4=1 LUT6=3)
  Clock Path Skew:        -0.017ns (DCD - SCD + CPR)
    Destination Clock Delay (DCD):    1.706ns = ( 41.706 - 40.000 ) 
    Source Clock Delay      (SCD):    1.812ns
    Clock Pessimism Removal (CPR):    0.089ns
  Clock Uncertainty:      0.095ns  ((TSJ^2 + DJ^2)^1/2) / 2 + PE
    Total System Jitter     (TSJ):    0.071ns
    Discrete Jitter          (DJ):    0.175ns
    Phase Error              (PE):    0.000ns

    Location             Delay type                Incr(ns)  Path(ns)    Netlist Resource(s)
  -------------------------------------------------------------------    -------------------
                         (clock clk_out1_clk_wiz_0 rise edge)
                                                      0.000     0.000 r  
    BUFGCTRL_X0Y4        BUFG                         0.000     0.000 r  clk_IBUF_BUFG_inst/O
                         net (fo=85, routed)          2.106     2.106    datapath/video_inst/mmcm_adv_inst_display_clocks/inst/clk_in1
    MMCME2_ADV_X1Y0      MMCME2_ADV (Prop_mmcme2_adv_CLKIN1_CLKOUT0)
                                                     -4.900    -2.793 r  datapath/video_inst/mmcm_adv_inst_display_clocks/inst/mmcm_adv_inst/CLKOUT0
                         net (fo=1, routed)           2.697    -0.096    datapath/video_inst/mmcm_adv_inst_display_clocks/inst/clk_out1_clk_wiz_0
    BUFGCTRL_X0Y3        BUFG (Prop_bufg_I_O)         0.096    -0.000 r  datapath/video_inst/mmcm_adv_inst_display_clocks/inst/clkout1_buf/O
                         net (fo=84, routed)          1.812     1.812    datapath/video_inst/Inst_vga/vga_signal_generator_inst/CLK
    SLICE_X158Y126       FDRE                                         r  datapath/video_inst/Inst_vga/vga_signal_generator_inst/position_reg[col][7]/C
  -------------------------------------------------------------------    -------------------
    SLICE_X158Y126       FDRE (Prop_fdre_C_Q)         0.518     2.330 r  datapath/video_inst/Inst_vga/vga_signal_generator_inst/position_reg[col][7]/Q
                         net (fo=51, routed)          2.911     5.242    datapath/video_inst/Inst_vga/vga_signal_generator_inst/Q[7]
    SLICE_X149Y124       LUT2 (Prop_lut2_I1_O)        0.152     5.394 r  datapath/video_inst/Inst_vga/vga_signal_generator_inst/is_horizontal_hash5__1_carry__0_i_8/O
                         net (fo=2, routed)           0.975     6.369    datapath/video_inst/Inst_vga/vga_signal_generator_inst/is_horizontal_hash5__1_carry__0_i_8_n_0
    SLICE_X155Y124       LUT6 (Prop_lut6_I0_O)        0.326     6.695 r  datapath/video_inst/Inst_vga/vga_signal_generator_inst/is_horizontal_hash5__1_carry__0_i_4/O
                         net (fo=1, routed)           0.000     6.695    datapath/video_inst/Inst_vga/color_mapper_inst/is_horizontal_hash5__1_carry__1_2[3]
    SLICE_X155Y124       CARRY4 (Prop_carry4_S[3]_CO[3])
                                                      0.401     7.096 r  datapath/video_inst/Inst_vga/color_mapper_inst/is_horizontal_hash5__1_carry__0/CO[3]
                         net (fo=1, routed)           0.009     7.105    datapath/video_inst/Inst_vga/color_mapper_inst/is_horizontal_hash5__1_carry__0_n_0
    SLICE_X155Y125       CARRY4 (Prop_carry4_CI_CO[3])
                                                      0.114     7.219 r  datapath/video_inst/Inst_vga/color_mapper_inst/is_horizontal_hash5__1_carry__1/CO[3]
                         net (fo=1, routed)           0.000     7.219    datapath/video_inst/Inst_vga/color_mapper_inst/is_horizontal_hash5__1_carry__1_n_0
    SLICE_X155Y126       CARRY4 (Prop_carry4_CI_O[0])
                                                      0.222     7.441 r  datapath/video_inst/Inst_vga/color_mapper_inst/is_horizontal_hash5__1_carry__2/O[0]
                         net (fo=2, routed)           0.723     8.164    datapath/video_inst/Inst_vga/vga_signal_generator_inst/is_horizontal_hash5__29_carry[0]
    SLICE_X154Y126       LUT2 (Prop_lut2_I0_O)        0.299     8.463 r  datapath/video_inst/Inst_vga/vga_signal_generator_inst/is_horizontal_hash5__29_carry_i_2/O
                         net (fo=1, routed)           0.000     8.463    datapath/video_inst/Inst_vga/color_mapper_inst/is_horizontal_hash5__35_carry_i_1[0]
    SLICE_X154Y126       CARRY4 (Prop_carry4_S[1]_O[1])
                                                      0.230     8.693 r  datapath/video_inst/Inst_vga/color_mapper_inst/is_horizontal_hash5__29_carry/O[1]
                         net (fo=1, routed)           0.747     9.440    datapath/video_inst/Inst_vga/vga_signal_generator_inst/is_horizontal_hash5__35_carry__0[1]
    SLICE_X152Y127       LUT2 (Prop_lut2_I1_O)        0.306     9.746 r  datapath/video_inst/Inst_vga/vga_signal_generator_inst/is_horizontal_hash5__35_carry__0_i_2/O
                         net (fo=1, routed)           0.000     9.746    datapath/video_inst/Inst_vga/color_mapper_inst/dc_bias[3]_i_19__0[0]
    SLICE_X152Y127       CARRY4 (Prop_carry4_S[0]_O[1])
                                                      0.427    10.173 r  datapath/video_inst/Inst_vga/color_mapper_inst/is_horizontal_hash5__35_carry__0/O[1]
                         net (fo=1, routed)           0.810    10.983    datapath/video_inst/Inst_vga/color_mapper_inst/is_horizontal_hash5__35_carry__0_n_6
    SLICE_X153Y126       LUT6 (Prop_lut6_I4_O)        0.306    11.289 r  datapath/video_inst/Inst_vga/color_mapper_inst/dc_bias[3]_i_12__0/O
                         net (fo=2, routed)           1.258    12.546    datapath/video_inst/Inst_vga/vga_signal_generator_inst/dc_bias[3]_i_3__0_0
    SLICE_X155Y130       LUT6 (Prop_lut6_I3_O)        0.124    12.670 r  datapath/video_inst/Inst_vga/vga_signal_generator_inst/dc_bias[3]_i_11/O
                         net (fo=1, routed)           0.635    13.305    datapath/video_inst/Inst_vga/vga_signal_generator_inst/dc_bias[3]_i_11_n_0
    SLICE_X155Y132       LUT4 (Prop_lut4_I3_O)        0.150    13.455 r  datapath/video_inst/Inst_vga/vga_signal_generator_inst/dc_bias[3]_i_8/O
                         net (fo=8, routed)           0.807    14.262    datapath/video_inst/Inst_vga/vga_signal_generator_inst/position_reg[row][7]_0
    SLICE_X157Y135       LUT2 (Prop_lut2_I0_O)        0.320    14.582 r  datapath/video_inst/Inst_vga/vga_signal_generator_inst/dc_bias[1]_i_2/O
                         net (fo=4, routed)           0.440    15.022    datapath/video_inst/inst_dvid/TDMS_encoder_green/encoded_reg[8]_0
    SLICE_X158Y136       LUT2 (Prop_lut2_I1_O)        0.326    15.348 r  datapath/video_inst/inst_dvid/TDMS_encoder_green/encoded[8]_i_1/O
                         net (fo=1, routed)           0.000    15.348    datapath/video_inst/inst_dvid/TDMS_encoder_green/encoded[8]_i_1_n_0
    SLICE_X158Y136       FDRE                                         r  datapath/video_inst/inst_dvid/TDMS_encoder_green/encoded_reg[8]/D
  -------------------------------------------------------------------    -------------------

                         (clock clk_out1_clk_wiz_0 rise edge)
                                                     40.000    40.000 r  
    BUFGCTRL_X0Y4        BUFG                         0.000    40.000 r  clk_IBUF_BUFG_inst/O
                         net (fo=85, routed)          1.972    41.972    datapath/video_inst/mmcm_adv_inst_display_clocks/inst/clk_in1
    MMCME2_ADV_X1Y0      MMCME2_ADV (Prop_mmcme2_adv_CLKIN1_CLKOUT0)
                                                     -4.637    37.335 r  datapath/video_inst/mmcm_adv_inst_display_clocks/inst/mmcm_adv_inst/CLKOUT0
                         net (fo=1, routed)           2.574    39.909    datapath/video_inst/mmcm_adv_inst_display_clocks/inst/clk_out1_clk_wiz_0
    BUFGCTRL_X0Y3        BUFG (Prop_bufg_I_O)         0.091    40.000 r  datapath/video_inst/mmcm_adv_inst_display_clocks/inst/clkout1_buf/O
                         net (fo=84, routed)          1.706    41.706    datapath/video_inst/inst_dvid/TDMS_encoder_green/CLK
    SLICE_X158Y136       FDRE                                         r  datapath/video_inst/inst_dvid/TDMS_encoder_green/encoded_reg[8]/C
                         clock pessimism              0.089    41.795    
                         clock uncertainty           -0.095    41.701    
    SLICE_X158Y136       FDRE (Setup_fdre_C_D)        0.077    41.778    datapath/video_inst/inst_dvid/TDMS_encoder_green/encoded_reg[8]
  -------------------------------------------------------------------
                         required time                         41.778    
                         arrival time                         -15.348    
  -------------------------------------------------------------------
                         slack                                 26.430    

Slack (MET) :             26.639ns  (required time - arrival time)
  Source:                 datapath/video_inst/Inst_vga/vga_signal_generator_inst/position_reg[col][7]/C
                            (rising edge-triggered cell FDRE clocked by clk_out1_clk_wiz_0  {rise@0.000ns fall@20.000ns period=40.000ns})
  Destination:            datapath/video_inst/inst_dvid/TDMS_encoder_green/dc_bias_reg[0]/D
                            (rising edge-triggered cell FDRE clocked by clk_out1_clk_wiz_0  {rise@0.000ns fall@20.000ns period=40.000ns})
  Path Group:             clk_out1_clk_wiz_0
  Path Type:              Setup (Max at Slow Process Corner)
  Requirement:            40.000ns  (clk_out1_clk_wiz_0 rise@40.000ns - clk_out1_clk_wiz_0 rise@0.000ns)
  Data Path Delay:        13.280ns  (logic 4.221ns (31.784%)  route 9.059ns (68.216%))
  Logic Levels:           14  (CARRY4=5 LUT2=4 LUT4=1 LUT6=4)
  Clock Path Skew:        -0.017ns (DCD - SCD + CPR)
    Destination Clock Delay (DCD):    1.706ns = ( 41.706 - 40.000 ) 
    Source Clock Delay      (SCD):    1.812ns
    Clock Pessimism Removal (CPR):    0.089ns
  Clock Uncertainty:      0.095ns  ((TSJ^2 + DJ^2)^1/2) / 2 + PE
    Total System Jitter     (TSJ):    0.071ns
    Discrete Jitter          (DJ):    0.175ns
    Phase Error              (PE):    0.000ns

    Location             Delay type                Incr(ns)  Path(ns)    Netlist Resource(s)
  -------------------------------------------------------------------    -------------------
                         (clock clk_out1_clk_wiz_0 rise edge)
                                                      0.000     0.000 r  
    BUFGCTRL_X0Y4        BUFG                         0.000     0.000 r  clk_IBUF_BUFG_inst/O
                         net (fo=85, routed)          2.106     2.106    datapath/video_inst/mmcm_adv_inst_display_clocks/inst/clk_in1
    MMCME2_ADV_X1Y0      MMCME2_ADV (Prop_mmcme2_adv_CLKIN1_CLKOUT0)
                                                     -4.900    -2.793 r  datapath/video_inst/mmcm_adv_inst_display_clocks/inst/mmcm_adv_inst/CLKOUT0
                         net (fo=1, routed)           2.697    -0.096    datapath/video_inst/mmcm_adv_inst_display_clocks/inst/clk_out1_clk_wiz_0
    BUFGCTRL_X0Y3        BUFG (Prop_bufg_I_O)         0.096    -0.000 r  datapath/video_inst/mmcm_adv_inst_display_clocks/inst/clkout1_buf/O
                         net (fo=84, routed)          1.812     1.812    datapath/video_inst/Inst_vga/vga_signal_generator_inst/CLK
    SLICE_X158Y126       FDRE                                         r  datapath/video_inst/Inst_vga/vga_signal_generator_inst/position_reg[col][7]/C
  -------------------------------------------------------------------    -------------------
    SLICE_X158Y126       FDRE (Prop_fdre_C_Q)         0.518     2.330 r  datapath/video_inst/Inst_vga/vga_signal_generator_inst/position_reg[col][7]/Q
                         net (fo=51, routed)          2.911     5.242    datapath/video_inst/Inst_vga/vga_signal_generator_inst/Q[7]
    SLICE_X149Y124       LUT2 (Prop_lut2_I1_O)        0.152     5.394 r  datapath/video_inst/Inst_vga/vga_signal_generator_inst/is_horizontal_hash5__1_carry__0_i_8/O
                         net (fo=2, routed)           0.975     6.369    datapath/video_inst/Inst_vga/vga_signal_generator_inst/is_horizontal_hash5__1_carry__0_i_8_n_0
    SLICE_X155Y124       LUT6 (Prop_lut6_I0_O)        0.326     6.695 r  datapath/video_inst/Inst_vga/vga_signal_generator_inst/is_horizontal_hash5__1_carry__0_i_4/O
                         net (fo=1, routed)           0.000     6.695    datapath/video_inst/Inst_vga/color_mapper_inst/is_horizontal_hash5__1_carry__1_2[3]
    SLICE_X155Y124       CARRY4 (Prop_carry4_S[3]_CO[3])
                                                      0.401     7.096 r  datapath/video_inst/Inst_vga/color_mapper_inst/is_horizontal_hash5__1_carry__0/CO[3]
                         net (fo=1, routed)           0.009     7.105    datapath/video_inst/Inst_vga/color_mapper_inst/is_horizontal_hash5__1_carry__0_n_0
    SLICE_X155Y125       CARRY4 (Prop_carry4_CI_CO[3])
                                                      0.114     7.219 r  datapath/video_inst/Inst_vga/color_mapper_inst/is_horizontal_hash5__1_carry__1/CO[3]
                         net (fo=1, routed)           0.000     7.219    datapath/video_inst/Inst_vga/color_mapper_inst/is_horizontal_hash5__1_carry__1_n_0
    SLICE_X155Y126       CARRY4 (Prop_carry4_CI_O[0])
                                                      0.222     7.441 r  datapath/video_inst/Inst_vga/color_mapper_inst/is_horizontal_hash5__1_carry__2/O[0]
                         net (fo=2, routed)           0.723     8.164    datapath/video_inst/Inst_vga/vga_signal_generator_inst/is_horizontal_hash5__29_carry[0]
    SLICE_X154Y126       LUT2 (Prop_lut2_I0_O)        0.299     8.463 r  datapath/video_inst/Inst_vga/vga_signal_generator_inst/is_horizontal_hash5__29_carry_i_2/O
                         net (fo=1, routed)           0.000     8.463    datapath/video_inst/Inst_vga/color_mapper_inst/is_horizontal_hash5__35_carry_i_1[0]
    SLICE_X154Y126       CARRY4 (Prop_carry4_S[1]_O[1])
                                                      0.230     8.693 r  datapath/video_inst/Inst_vga/color_mapper_inst/is_horizontal_hash5__29_carry/O[1]
                         net (fo=1, routed)           0.747     9.440    datapath/video_inst/Inst_vga/vga_signal_generator_inst/is_horizontal_hash5__35_carry__0[1]
    SLICE_X152Y127       LUT2 (Prop_lut2_I1_O)        0.306     9.746 r  datapath/video_inst/Inst_vga/vga_signal_generator_inst/is_horizontal_hash5__35_carry__0_i_2/O
                         net (fo=1, routed)           0.000     9.746    datapath/video_inst/Inst_vga/color_mapper_inst/dc_bias[3]_i_19__0[0]
    SLICE_X152Y127       CARRY4 (Prop_carry4_S[0]_O[1])
                                                      0.427    10.173 r  datapath/video_inst/Inst_vga/color_mapper_inst/is_horizontal_hash5__35_carry__0/O[1]
                         net (fo=1, routed)           0.810    10.983    datapath/video_inst/Inst_vga/color_mapper_inst/is_horizontal_hash5__35_carry__0_n_6
    SLICE_X153Y126       LUT6 (Prop_lut6_I4_O)        0.306    11.289 r  datapath/video_inst/Inst_vga/color_mapper_inst/dc_bias[3]_i_12__0/O
                         net (fo=2, routed)           1.258    12.546    datapath/video_inst/Inst_vga/vga_signal_generator_inst/dc_bias[3]_i_3__0_0
    SLICE_X155Y130       LUT6 (Prop_lut6_I3_O)        0.124    12.670 r  datapath/video_inst/Inst_vga/vga_signal_generator_inst/dc_bias[3]_i_11/O
                         net (fo=1, routed)           0.635    13.305    datapath/video_inst/Inst_vga/vga_signal_generator_inst/dc_bias[3]_i_11_n_0
    SLICE_X155Y132       LUT4 (Prop_lut4_I3_O)        0.150    13.455 r  datapath/video_inst/Inst_vga/vga_signal_generator_inst/dc_bias[3]_i_8/O
                         net (fo=8, routed)           0.807    14.262    datapath/video_inst/Inst_vga/vga_signal_generator_inst/position_reg[row][7]_0
    SLICE_X157Y135       LUT2 (Prop_lut2_I0_O)        0.320    14.582 r  datapath/video_inst/Inst_vga/vga_signal_generator_inst/dc_bias[1]_i_2/O
                         net (fo=4, routed)           0.185    14.767    datapath/video_inst/inst_dvid/TDMS_encoder_green/encoded_reg[8]_0
    SLICE_X157Y135       LUT6 (Prop_lut6_I0_O)        0.326    15.093 r  datapath/video_inst/inst_dvid/TDMS_encoder_green/dc_bias[0]_i_1/O
                         net (fo=1, routed)           0.000    15.093    datapath/video_inst/inst_dvid/TDMS_encoder_green/dc_bias[0]_i_1_n_0
    SLICE_X157Y135       FDRE                                         r  datapath/video_inst/inst_dvid/TDMS_encoder_green/dc_bias_reg[0]/D
  -------------------------------------------------------------------    -------------------

                         (clock clk_out1_clk_wiz_0 rise edge)
                                                     40.000    40.000 r  
    BUFGCTRL_X0Y4        BUFG                         0.000    40.000 r  clk_IBUF_BUFG_inst/O
                         net (fo=85, routed)          1.972    41.972    datapath/video_inst/mmcm_adv_inst_display_clocks/inst/clk_in1
    MMCME2_ADV_X1Y0      MMCME2_ADV (Prop_mmcme2_adv_CLKIN1_CLKOUT0)
                                                     -4.637    37.335 r  datapath/video_inst/mmcm_adv_inst_display_clocks/inst/mmcm_adv_inst/CLKOUT0
                         net (fo=1, routed)           2.574    39.909    datapath/video_inst/mmcm_adv_inst_display_clocks/inst/clk_out1_clk_wiz_0
    BUFGCTRL_X0Y3        BUFG (Prop_bufg_I_O)         0.091    40.000 r  datapath/video_inst/mmcm_adv_inst_display_clocks/inst/clkout1_buf/O
                         net (fo=84, routed)          1.706    41.706    datapath/video_inst/inst_dvid/TDMS_encoder_green/CLK
    SLICE_X157Y135       FDRE                                         r  datapath/video_inst/inst_dvid/TDMS_encoder_green/dc_bias_reg[0]/C
                         clock pessimism              0.089    41.795    
                         clock uncertainty           -0.095    41.701    
    SLICE_X157Y135       FDRE (Setup_fdre_C_D)        0.031    41.732    datapath/video_inst/inst_dvid/TDMS_encoder_green/dc_bias_reg[0]
  -------------------------------------------------------------------
                         required time                         41.732    
                         arrival time                         -15.093    
  -------------------------------------------------------------------
                         slack                                 26.639    

Slack (MET) :             26.705ns  (required time - arrival time)
  Source:                 datapath/video_inst/Inst_vga/vga_signal_generator_inst/position_reg[col][7]/C
                            (rising edge-triggered cell FDRE clocked by clk_out1_clk_wiz_0  {rise@0.000ns fall@20.000ns period=40.000ns})
  Destination:            datapath/video_inst/inst_dvid/TDMS_encoder_blue/encoded_reg[9]/D
                            (rising edge-triggered cell FDRE clocked by clk_out1_clk_wiz_0  {rise@0.000ns fall@20.000ns period=40.000ns})
  Path Group:             clk_out1_clk_wiz_0
  Path Type:              Setup (Max at Slow Process Corner)
  Requirement:            40.000ns  (clk_out1_clk_wiz_0 rise@40.000ns - clk_out1_clk_wiz_0 rise@0.000ns)
  Data Path Delay:        13.212ns  (logic 4.027ns (30.479%)  route 9.185ns (69.521%))
  Logic Levels:           14  (CARRY4=5 LUT2=3 LUT3=1 LUT6=5)
  Clock Path Skew:        -0.017ns (DCD - SCD + CPR)
    Destination Clock Delay (DCD):    1.706ns = ( 41.706 - 40.000 ) 
    Source Clock Delay      (SCD):    1.812ns
    Clock Pessimism Removal (CPR):    0.089ns
  Clock Uncertainty:      0.095ns  ((TSJ^2 + DJ^2)^1/2) / 2 + PE
    Total System Jitter     (TSJ):    0.071ns
    Discrete Jitter          (DJ):    0.175ns
    Phase Error              (PE):    0.000ns

    Location             Delay type                Incr(ns)  Path(ns)    Netlist Resource(s)
  -------------------------------------------------------------------    -------------------
                         (clock clk_out1_clk_wiz_0 rise edge)
                                                      0.000     0.000 r  
    BUFGCTRL_X0Y4        BUFG                         0.000     0.000 r  clk_IBUF_BUFG_inst/O
                         net (fo=85, routed)          2.106     2.106    datapath/video_inst/mmcm_adv_inst_display_clocks/inst/clk_in1
    MMCME2_ADV_X1Y0      MMCME2_ADV (Prop_mmcme2_adv_CLKIN1_CLKOUT0)
                                                     -4.900    -2.793 r  datapath/video_inst/mmcm_adv_inst_display_clocks/inst/mmcm_adv_inst/CLKOUT0
                         net (fo=1, routed)           2.697    -0.096    datapath/video_inst/mmcm_adv_inst_display_clocks/inst/clk_out1_clk_wiz_0
    BUFGCTRL_X0Y3        BUFG (Prop_bufg_I_O)         0.096    -0.000 r  datapath/video_inst/mmcm_adv_inst_display_clocks/inst/clkout1_buf/O
                         net (fo=84, routed)          1.812     1.812    datapath/video_inst/Inst_vga/vga_signal_generator_inst/CLK
    SLICE_X158Y126       FDRE                                         r  datapath/video_inst/Inst_vga/vga_signal_generator_inst/position_reg[col][7]/C
  -------------------------------------------------------------------    -------------------
    SLICE_X158Y126       FDRE (Prop_fdre_C_Q)         0.518     2.330 r  datapath/video_inst/Inst_vga/vga_signal_generator_inst/position_reg[col][7]/Q
                         net (fo=51, routed)          2.911     5.242    datapath/video_inst/Inst_vga/vga_signal_generator_inst/Q[7]
    SLICE_X149Y124       LUT2 (Prop_lut2_I1_O)        0.152     5.394 r  datapath/video_inst/Inst_vga/vga_signal_generator_inst/is_horizontal_hash5__1_carry__0_i_8/O
                         net (fo=2, routed)           0.975     6.369    datapath/video_inst/Inst_vga/vga_signal_generator_inst/is_horizontal_hash5__1_carry__0_i_8_n_0
    SLICE_X155Y124       LUT6 (Prop_lut6_I0_O)        0.326     6.695 r  datapath/video_inst/Inst_vga/vga_signal_generator_inst/is_horizontal_hash5__1_carry__0_i_4/O
                         net (fo=1, routed)           0.000     6.695    datapath/video_inst/Inst_vga/color_mapper_inst/is_horizontal_hash5__1_carry__1_2[3]
    SLICE_X155Y124       CARRY4 (Prop_carry4_S[3]_CO[3])
                                                      0.401     7.096 r  datapath/video_inst/Inst_vga/color_mapper_inst/is_horizontal_hash5__1_carry__0/CO[3]
                         net (fo=1, routed)           0.009     7.105    datapath/video_inst/Inst_vga/color_mapper_inst/is_horizontal_hash5__1_carry__0_n_0
    SLICE_X155Y125       CARRY4 (Prop_carry4_CI_CO[3])
                                                      0.114     7.219 r  datapath/video_inst/Inst_vga/color_mapper_inst/is_horizontal_hash5__1_carry__1/CO[3]
                         net (fo=1, routed)           0.000     7.219    datapath/video_inst/Inst_vga/color_mapper_inst/is_horizontal_hash5__1_carry__1_n_0
    SLICE_X155Y126       CARRY4 (Prop_carry4_CI_O[0])
                                                      0.222     7.441 r  datapath/video_inst/Inst_vga/color_mapper_inst/is_horizontal_hash5__1_carry__2/O[0]
                         net (fo=2, routed)           0.723     8.164    datapath/video_inst/Inst_vga/vga_signal_generator_inst/is_horizontal_hash5__29_carry[0]
    SLICE_X154Y126       LUT2 (Prop_lut2_I0_O)        0.299     8.463 r  datapath/video_inst/Inst_vga/vga_signal_generator_inst/is_horizontal_hash5__29_carry_i_2/O
                         net (fo=1, routed)           0.000     8.463    datapath/video_inst/Inst_vga/color_mapper_inst/is_horizontal_hash5__35_carry_i_1[0]
    SLICE_X154Y126       CARRY4 (Prop_carry4_S[1]_O[1])
                                                      0.230     8.693 r  datapath/video_inst/Inst_vga/color_mapper_inst/is_horizontal_hash5__29_carry/O[1]
                         net (fo=1, routed)           0.747     9.440    datapath/video_inst/Inst_vga/vga_signal_generator_inst/is_horizontal_hash5__35_carry__0[1]
    SLICE_X152Y127       LUT2 (Prop_lut2_I1_O)        0.306     9.746 r  datapath/video_inst/Inst_vga/vga_signal_generator_inst/is_horizontal_hash5__35_carry__0_i_2/O
                         net (fo=1, routed)           0.000     9.746    datapath/video_inst/Inst_vga/color_mapper_inst/dc_bias[3]_i_19__0[0]
    SLICE_X152Y127       CARRY4 (Prop_carry4_S[0]_O[1])
                                                      0.427    10.173 f  datapath/video_inst/Inst_vga/color_mapper_inst/is_horizontal_hash5__35_carry__0/O[1]
                         net (fo=1, routed)           0.810    10.983    datapath/video_inst/Inst_vga/color_mapper_inst/is_horizontal_hash5__35_carry__0_n_6
    SLICE_X153Y126       LUT6 (Prop_lut6_I4_O)        0.306    11.289 f  datapath/video_inst/Inst_vga/color_mapper_inst/dc_bias[3]_i_12__0/O
                         net (fo=2, routed)           0.855    12.143    datapath/video_inst/Inst_vga/vga_signal_generator_inst/dc_bias[3]_i_3__0_0
    SLICE_X155Y130       LUT6 (Prop_lut6_I5_O)        0.124    12.267 f  datapath/video_inst/Inst_vga/vga_signal_generator_inst/dc_bias[3]_i_5__0/O
                         net (fo=1, routed)           0.263    12.530    datapath/video_inst/Inst_vga/vga_signal_generator_inst/dc_bias[3]_i_5__0_n_0
    SLICE_X155Y130       LUT6 (Prop_lut6_I1_O)        0.124    12.654 r  datapath/video_inst/Inst_vga/vga_signal_generator_inst/dc_bias[3]_i_3__0/O
                         net (fo=5, routed)           1.035    13.689    datapath/video_inst/Inst_vga/vga_signal_generator_inst/position_reg[row][4]_0
    SLICE_X158Y135       LUT3 (Prop_lut3_I2_O)        0.150    13.839 f  datapath/video_inst/Inst_vga/vga_signal_generator_inst/encoded[9]_i_2/O
                         net (fo=1, routed)           0.857    14.697    datapath/video_inst/inst_dvid/TDMS_encoder_blue/encoded_reg[9]_0
    SLICE_X159Y135       LUT6 (Prop_lut6_I0_O)        0.328    15.025 r  datapath/video_inst/inst_dvid/TDMS_encoder_blue/encoded[9]_i_1/O
                         net (fo=1, routed)           0.000    15.025    datapath/video_inst/inst_dvid/TDMS_encoder_blue/encoded[9]_i_1_n_0
    SLICE_X159Y135       FDRE                                         r  datapath/video_inst/inst_dvid/TDMS_encoder_blue/encoded_reg[9]/D
  -------------------------------------------------------------------    -------------------

                         (clock clk_out1_clk_wiz_0 rise edge)
                                                     40.000    40.000 r  
    BUFGCTRL_X0Y4        BUFG                         0.000    40.000 r  clk_IBUF_BUFG_inst/O
                         net (fo=85, routed)          1.972    41.972    datapath/video_inst/mmcm_adv_inst_display_clocks/inst/clk_in1
    MMCME2_ADV_X1Y0      MMCME2_ADV (Prop_mmcme2_adv_CLKIN1_CLKOUT0)
                                                     -4.637    37.335 r  datapath/video_inst/mmcm_adv_inst_display_clocks/inst/mmcm_adv_inst/CLKOUT0
                         net (fo=1, routed)           2.574    39.909    datapath/video_inst/mmcm_adv_inst_display_clocks/inst/clk_out1_clk_wiz_0
    BUFGCTRL_X0Y3        BUFG (Prop_bufg_I_O)         0.091    40.000 r  datapath/video_inst/mmcm_adv_inst_display_clocks/inst/clkout1_buf/O
                         net (fo=84, routed)          1.706    41.706    datapath/video_inst/inst_dvid/TDMS_encoder_blue/CLK
    SLICE_X159Y135       FDRE                                         r  datapath/video_inst/inst_dvid/TDMS_encoder_blue/encoded_reg[9]/C
                         clock pessimism              0.089    41.795    
                         clock uncertainty           -0.095    41.701    
    SLICE_X159Y135       FDRE (Setup_fdre_C_D)        0.029    41.730    datapath/video_inst/inst_dvid/TDMS_encoder_blue/encoded_reg[9]
  -------------------------------------------------------------------
                         required time                         41.730    
                         arrival time                         -15.025    
  -------------------------------------------------------------------
                         slack                                 26.705    

Slack (MET) :             26.796ns  (required time - arrival time)
  Source:                 datapath/video_inst/Inst_vga/vga_signal_generator_inst/position_reg[col][7]/C
                            (rising edge-triggered cell FDRE clocked by clk_out1_clk_wiz_0  {rise@0.000ns fall@20.000ns period=40.000ns})
  Destination:            datapath/video_inst/inst_dvid/TDMS_encoder_red/encoded_reg[8]/D
                            (rising edge-triggered cell FDRE clocked by clk_out1_clk_wiz_0  {rise@0.000ns fall@20.000ns period=40.000ns})
  Path Group:             clk_out1_clk_wiz_0
  Path Type:              Setup (Max at Slow Process Corner)
  Requirement:            40.000ns  (clk_out1_clk_wiz_0 rise@40.000ns - clk_out1_clk_wiz_0 rise@0.000ns)
  Data Path Delay:        13.111ns  (logic 4.027ns (30.715%)  route 9.084ns (69.285%))
  Logic Levels:           14  (CARRY4=5 LUT2=5 LUT6=4)
  Clock Path Skew:        -0.030ns (DCD - SCD + CPR)
    Destination Clock Delay (DCD):    1.707ns = ( 41.707 - 40.000 ) 
    Source Clock Delay      (SCD):    1.812ns
    Clock Pessimism Removal (CPR):    0.075ns
  Clock Uncertainty:      0.095ns  ((TSJ^2 + DJ^2)^1/2) / 2 + PE
    Total System Jitter     (TSJ):    0.071ns
    Discrete Jitter          (DJ):    0.175ns
    Phase Error              (PE):    0.000ns

    Location             Delay type                Incr(ns)  Path(ns)    Netlist Resource(s)
  -------------------------------------------------------------------    -------------------
                         (clock clk_out1_clk_wiz_0 rise edge)
                                                      0.000     0.000 r  
    BUFGCTRL_X0Y4        BUFG                         0.000     0.000 r  clk_IBUF_BUFG_inst/O
                         net (fo=85, routed)          2.106     2.106    datapath/video_inst/mmcm_adv_inst_display_clocks/inst/clk_in1
    MMCME2_ADV_X1Y0      MMCME2_ADV (Prop_mmcme2_adv_CLKIN1_CLKOUT0)
                                                     -4.900    -2.793 r  datapath/video_inst/mmcm_adv_inst_display_clocks/inst/mmcm_adv_inst/CLKOUT0
                         net (fo=1, routed)           2.697    -0.096    datapath/video_inst/mmcm_adv_inst_display_clocks/inst/clk_out1_clk_wiz_0
    BUFGCTRL_X0Y3        BUFG (Prop_bufg_I_O)         0.096    -0.000 r  datapath/video_inst/mmcm_adv_inst_display_clocks/inst/clkout1_buf/O
                         net (fo=84, routed)          1.812     1.812    datapath/video_inst/Inst_vga/vga_signal_generator_inst/CLK
    SLICE_X158Y126       FDRE                                         r  datapath/video_inst/Inst_vga/vga_signal_generator_inst/position_reg[col][7]/C
  -------------------------------------------------------------------    -------------------
    SLICE_X158Y126       FDRE (Prop_fdre_C_Q)         0.518     2.330 r  datapath/video_inst/Inst_vga/vga_signal_generator_inst/position_reg[col][7]/Q
                         net (fo=51, routed)          2.911     5.242    datapath/video_inst/Inst_vga/vga_signal_generator_inst/Q[7]
    SLICE_X149Y124       LUT2 (Prop_lut2_I1_O)        0.152     5.394 r  datapath/video_inst/Inst_vga/vga_signal_generator_inst/is_horizontal_hash5__1_carry__0_i_8/O
                         net (fo=2, routed)           0.975     6.369    datapath/video_inst/Inst_vga/vga_signal_generator_inst/is_horizontal_hash5__1_carry__0_i_8_n_0
    SLICE_X155Y124       LUT6 (Prop_lut6_I0_O)        0.326     6.695 r  datapath/video_inst/Inst_vga/vga_signal_generator_inst/is_horizontal_hash5__1_carry__0_i_4/O
                         net (fo=1, routed)           0.000     6.695    datapath/video_inst/Inst_vga/color_mapper_inst/is_horizontal_hash5__1_carry__1_2[3]
    SLICE_X155Y124       CARRY4 (Prop_carry4_S[3]_CO[3])
                                                      0.401     7.096 r  datapath/video_inst/Inst_vga/color_mapper_inst/is_horizontal_hash5__1_carry__0/CO[3]
                         net (fo=1, routed)           0.009     7.105    datapath/video_inst/Inst_vga/color_mapper_inst/is_horizontal_hash5__1_carry__0_n_0
    SLICE_X155Y125       CARRY4 (Prop_carry4_CI_CO[3])
                                                      0.114     7.219 r  datapath/video_inst/Inst_vga/color_mapper_inst/is_horizontal_hash5__1_carry__1/CO[3]
                         net (fo=1, routed)           0.000     7.219    datapath/video_inst/Inst_vga/color_mapper_inst/is_horizontal_hash5__1_carry__1_n_0
    SLICE_X155Y126       CARRY4 (Prop_carry4_CI_O[0])
                                                      0.222     7.441 r  datapath/video_inst/Inst_vga/color_mapper_inst/is_horizontal_hash5__1_carry__2/O[0]
                         net (fo=2, routed)           0.723     8.164    datapath/video_inst/Inst_vga/vga_signal_generator_inst/is_horizontal_hash5__29_carry[0]
    SLICE_X154Y126       LUT2 (Prop_lut2_I0_O)        0.299     8.463 r  datapath/video_inst/Inst_vga/vga_signal_generator_inst/is_horizontal_hash5__29_carry_i_2/O
                         net (fo=1, routed)           0.000     8.463    datapath/video_inst/Inst_vga/color_mapper_inst/is_horizontal_hash5__35_carry_i_1[0]
    SLICE_X154Y126       CARRY4 (Prop_carry4_S[1]_O[1])
                                                      0.230     8.693 r  datapath/video_inst/Inst_vga/color_mapper_inst/is_horizontal_hash5__29_carry/O[1]
                         net (fo=1, routed)           0.747     9.440    datapath/video_inst/Inst_vga/vga_signal_generator_inst/is_horizontal_hash5__35_carry__0[1]
    SLICE_X152Y127       LUT2 (Prop_lut2_I1_O)        0.306     9.746 r  datapath/video_inst/Inst_vga/vga_signal_generator_inst/is_horizontal_hash5__35_carry__0_i_2/O
                         net (fo=1, routed)           0.000     9.746    datapath/video_inst/Inst_vga/color_mapper_inst/dc_bias[3]_i_19__0[0]
    SLICE_X152Y127       CARRY4 (Prop_carry4_S[0]_O[1])
                                                      0.427    10.173 r  datapath/video_inst/Inst_vga/color_mapper_inst/is_horizontal_hash5__35_carry__0/O[1]
                         net (fo=1, routed)           0.810    10.983    datapath/video_inst/Inst_vga/color_mapper_inst/is_horizontal_hash5__35_carry__0_n_6
    SLICE_X153Y126       LUT6 (Prop_lut6_I4_O)        0.306    11.289 r  datapath/video_inst/Inst_vga/color_mapper_inst/dc_bias[3]_i_12__0/O
                         net (fo=2, routed)           0.855    12.143    datapath/video_inst/Inst_vga/vga_signal_generator_inst/dc_bias[3]_i_3__0_0
    SLICE_X155Y130       LUT6 (Prop_lut6_I5_O)        0.124    12.267 r  datapath/video_inst/Inst_vga/vga_signal_generator_inst/dc_bias[3]_i_5__0/O
                         net (fo=1, routed)           0.263    12.530    datapath/video_inst/Inst_vga/vga_signal_generator_inst/dc_bias[3]_i_5__0_n_0
    SLICE_X155Y130       LUT6 (Prop_lut6_I1_O)        0.124    12.654 f  datapath/video_inst/Inst_vga/vga_signal_generator_inst/dc_bias[3]_i_3__0/O
                         net (fo=5, routed)           0.903    13.557    datapath/video_inst/Inst_vga/vga_signal_generator_inst/position_reg[row][4]_0
    SLICE_X158Y134       LUT2 (Prop_lut2_I0_O)        0.150    13.707 r  datapath/video_inst/Inst_vga/vga_signal_generator_inst/dc_bias[3]_i_2__1/O
                         net (fo=11, routed)          0.888    14.595    datapath/video_inst/inst_dvid/TDMS_encoder_red/encoded_reg[9]_0
    SLICE_X161Y134       LUT2 (Prop_lut2_I1_O)        0.328    14.923 r  datapath/video_inst/inst_dvid/TDMS_encoder_red/encoded[8]_i_1/O
                         net (fo=1, routed)           0.000    14.923    datapath/video_inst/inst_dvid/TDMS_encoder_red/encoded[8]_i_1_n_0
    SLICE_X161Y134       FDRE                                         r  datapath/video_inst/inst_dvid/TDMS_encoder_red/encoded_reg[8]/D
  -------------------------------------------------------------------    -------------------

                         (clock clk_out1_clk_wiz_0 rise edge)
                                                     40.000    40.000 r  
    BUFGCTRL_X0Y4        BUFG                         0.000    40.000 r  clk_IBUF_BUFG_inst/O
                         net (fo=85, routed)          1.972    41.972    datapath/video_inst/mmcm_adv_inst_display_clocks/inst/clk_in1
    MMCME2_ADV_X1Y0      MMCME2_ADV (Prop_mmcme2_adv_CLKIN1_CLKOUT0)
                                                     -4.637    37.335 r  datapath/video_inst/mmcm_adv_inst_display_clocks/inst/mmcm_adv_inst/CLKOUT0
                         net (fo=1, routed)           2.574    39.909    datapath/video_inst/mmcm_adv_inst_display_clocks/inst/clk_out1_clk_wiz_0
    BUFGCTRL_X0Y3        BUFG (Prop_bufg_I_O)         0.091    40.000 r  datapath/video_inst/mmcm_adv_inst_display_clocks/inst/clkout1_buf/O
                         net (fo=84, routed)          1.707    41.707    datapath/video_inst/inst_dvid/TDMS_encoder_red/CLK
    SLICE_X161Y134       FDRE                                         r  datapath/video_inst/inst_dvid/TDMS_encoder_red/encoded_reg[8]/C
                         clock pessimism              0.075    41.782    
                         clock uncertainty           -0.095    41.688    
    SLICE_X161Y134       FDRE (Setup_fdre_C_D)        0.031    41.719    datapath/video_inst/inst_dvid/TDMS_encoder_red/encoded_reg[8]
  -------------------------------------------------------------------
                         required time                         41.719    
                         arrival time                         -14.923    
  -------------------------------------------------------------------
                         slack                                 26.796    





Min Delay Paths
--------------------------------------------------------------------------------------
Slack (MET) :             0.122ns  (arrival time - required time)
  Source:                 datapath/video_inst/inst_dvid/TDMS_encoder_blue/encoded_reg[9]/C
                            (rising edge-triggered cell FDRE clocked by clk_out1_clk_wiz_0  {rise@0.000ns fall@20.000ns period=40.000ns})
  Destination:            datapath/video_inst/inst_dvid/latched_blue_reg[9]/D
                            (rising edge-triggered cell FDRE clocked by clk_out1_clk_wiz_0  {rise@0.000ns fall@20.000ns period=40.000ns})
  Path Group:             clk_out1_clk_wiz_0
  Path Type:              Hold (Min at Fast Process Corner)
  Requirement:            0.000ns  (clk_out1_clk_wiz_0 rise@0.000ns - clk_out1_clk_wiz_0 rise@0.000ns)
  Data Path Delay:        0.197ns  (logic 0.141ns (71.611%)  route 0.056ns (28.389%))
  Logic Levels:           0  
  Clock Path Skew:        0.000ns (DCD - SCD - CPR)
    Destination Clock Delay (DCD):    0.915ns
    Source Clock Delay      (SCD):    0.643ns
    Clock Pessimism Removal (CPR):    0.272ns

    Location             Delay type                Incr(ns)  Path(ns)    Netlist Resource(s)
  -------------------------------------------------------------------    -------------------
                         (clock clk_out1_clk_wiz_0 rise edge)
                                                      0.000     0.000 r  
    BUFGCTRL_X0Y4        BUFG                         0.000     0.000 r  clk_IBUF_BUFG_inst/O
                         net (fo=85, routed)          0.745     0.745    datapath/video_inst/mmcm_adv_inst_display_clocks/inst/clk_in1
    MMCME2_ADV_X1Y0      MMCME2_ADV (Prop_mmcme2_adv_CLKIN1_CLKOUT0)
                                                     -1.683    -0.938 r  datapath/video_inst/mmcm_adv_inst_display_clocks/inst/mmcm_adv_inst/CLKOUT0
                         net (fo=1, routed)           0.912    -0.026    datapath/video_inst/mmcm_adv_inst_display_clocks/inst/clk_out1_clk_wiz_0
    BUFGCTRL_X0Y3        BUFG (Prop_bufg_I_O)         0.026    -0.000 r  datapath/video_inst/mmcm_adv_inst_display_clocks/inst/clkout1_buf/O
                         net (fo=84, routed)          0.643     0.643    datapath/video_inst/inst_dvid/TDMS_encoder_blue/CLK
    SLICE_X159Y135       FDRE                                         r  datapath/video_inst/inst_dvid/TDMS_encoder_blue/encoded_reg[9]/C
  -------------------------------------------------------------------    -------------------
    SLICE_X159Y135       FDRE (Prop_fdre_C_Q)         0.141     0.784 r  datapath/video_inst/inst_dvid/TDMS_encoder_blue/encoded_reg[9]/Q
                         net (fo=1, routed)           0.056     0.839    datapath/video_inst/inst_dvid/TDMS_encoder_blue_n_4
    SLICE_X159Y135       FDRE                                         r  datapath/video_inst/inst_dvid/latched_blue_reg[9]/D
  -------------------------------------------------------------------    -------------------

                         (clock clk_out1_clk_wiz_0 rise edge)
                                                      0.000     0.000 r  
    BUFGCTRL_X0Y4        BUFG                         0.000     0.000 r  clk_IBUF_BUFG_inst/O
                         net (fo=85, routed)          1.022     1.022    datapath/video_inst/mmcm_adv_inst_display_clocks/inst/clk_in1
    MMCME2_ADV_X1Y0      MMCME2_ADV (Prop_mmcme2_adv_CLKIN1_CLKOUT0)
                                                     -2.040    -1.018 r  datapath/video_inst/mmcm_adv_inst_display_clocks/inst/mmcm_adv_inst/CLKOUT0
                         net (fo=1, routed)           0.989    -0.029    datapath/video_inst/mmcm_adv_inst_display_clocks/inst/clk_out1_clk_wiz_0
    BUFGCTRL_X0Y3        BUFG (Prop_bufg_I_O)         0.029    -0.000 r  datapath/video_inst/mmcm_adv_inst_display_clocks/inst/clkout1_buf/O
                         net (fo=84, routed)          0.915     0.915    datapath/video_inst/inst_dvid/CLK
    SLICE_X159Y135       FDRE                                         r  datapath/video_inst/inst_dvid/latched_blue_reg[9]/C
                         clock pessimism             -0.272     0.643    
    SLICE_X159Y135       FDRE (Hold_fdre_C_D)         0.075     0.718    datapath/video_inst/inst_dvid/latched_blue_reg[9]
  -------------------------------------------------------------------
                         required time                         -0.718    
                         arrival time                           0.839    
  -------------------------------------------------------------------
                         slack                                  0.122    

Slack (MET) :             0.172ns  (arrival time - required time)
  Source:                 datapath/video_inst/inst_dvid/TDMS_encoder_red/encoded_reg[0]/C
                            (rising edge-triggered cell FDRE clocked by clk_out1_clk_wiz_0  {rise@0.000ns fall@20.000ns period=40.000ns})
  Destination:            datapath/video_inst/inst_dvid/latched_red_reg[0]/D
                            (rising edge-triggered cell FDRE clocked by clk_out1_clk_wiz_0  {rise@0.000ns fall@20.000ns period=40.000ns})
  Path Group:             clk_out1_clk_wiz_0
  Path Type:              Hold (Min at Fast Process Corner)
  Requirement:            0.000ns  (clk_out1_clk_wiz_0 rise@0.000ns - clk_out1_clk_wiz_0 rise@0.000ns)
  Data Path Delay:        0.245ns  (logic 0.141ns (57.585%)  route 0.104ns (42.415%))
  Logic Levels:           0  
  Clock Path Skew:        0.014ns (DCD - SCD - CPR)
    Destination Clock Delay (DCD):    0.915ns
    Source Clock Delay      (SCD):    0.644ns
    Clock Pessimism Removal (CPR):    0.257ns

    Location             Delay type                Incr(ns)  Path(ns)    Netlist Resource(s)
  -------------------------------------------------------------------    -------------------
                         (clock clk_out1_clk_wiz_0 rise edge)
                                                      0.000     0.000 r  
    BUFGCTRL_X0Y4        BUFG                         0.000     0.000 r  clk_IBUF_BUFG_inst/O
                         net (fo=85, routed)          0.745     0.745    datapath/video_inst/mmcm_adv_inst_display_clocks/inst/clk_in1
    MMCME2_ADV_X1Y0      MMCME2_ADV (Prop_mmcme2_adv_CLKIN1_CLKOUT0)
                                                     -1.683    -0.938 r  datapath/video_inst/mmcm_adv_inst_display_clocks/inst/mmcm_adv_inst/CLKOUT0
                         net (fo=1, routed)           0.912    -0.026    datapath/video_inst/mmcm_adv_inst_display_clocks/inst/clk_out1_clk_wiz_0
    BUFGCTRL_X0Y3        BUFG (Prop_bufg_I_O)         0.026    -0.000 r  datapath/video_inst/mmcm_adv_inst_display_clocks/inst/clkout1_buf/O
                         net (fo=84, routed)          0.644     0.644    datapath/video_inst/inst_dvid/TDMS_encoder_red/CLK
    SLICE_X160Y134       FDRE                                         r  datapath/video_inst/inst_dvid/TDMS_encoder_red/encoded_reg[0]/C
  -------------------------------------------------------------------    -------------------
    SLICE_X160Y134       FDRE (Prop_fdre_C_Q)         0.141     0.785 r  datapath/video_inst/inst_dvid/TDMS_encoder_red/encoded_reg[0]/Q
                         net (fo=1, routed)           0.104     0.888    datapath/video_inst/inst_dvid/TDMS_encoder_red_n_3
    SLICE_X162Y134       FDRE                                         r  datapath/video_inst/inst_dvid/latched_red_reg[0]/D
  -------------------------------------------------------------------    -------------------

                         (clock clk_out1_clk_wiz_0 rise edge)
                                                      0.000     0.000 r  
    BUFGCTRL_X0Y4        BUFG                         0.000     0.000 r  clk_IBUF_BUFG_inst/O
                         net (fo=85, routed)          1.022     1.022    datapath/video_inst/mmcm_adv_inst_display_clocks/inst/clk_in1
    MMCME2_ADV_X1Y0      MMCME2_ADV (Prop_mmcme2_adv_CLKIN1_CLKOUT0)
                                                     -2.040    -1.018 r  datapath/video_inst/mmcm_adv_inst_display_clocks/inst/mmcm_adv_inst/CLKOUT0
                         net (fo=1, routed)           0.989    -0.029    datapath/video_inst/mmcm_adv_inst_display_clocks/inst/clk_out1_clk_wiz_0
    BUFGCTRL_X0Y3        BUFG (Prop_bufg_I_O)         0.029    -0.000 r  datapath/video_inst/mmcm_adv_inst_display_clocks/inst/clkout1_buf/O
                         net (fo=84, routed)          0.915     0.915    datapath/video_inst/inst_dvid/CLK
    SLICE_X162Y134       FDRE                                         r  datapath/video_inst/inst_dvid/latched_red_reg[0]/C
                         clock pessimism             -0.257     0.658    
    SLICE_X162Y134       FDRE (Hold_fdre_C_D)         0.059     0.717    datapath/video_inst/inst_dvid/latched_red_reg[0]
  -------------------------------------------------------------------
                         required time                         -0.717    
                         arrival time                           0.888    
  -------------------------------------------------------------------
                         slack                                  0.172    

Slack (MET) :             0.176ns  (arrival time - required time)
  Source:                 datapath/video_inst/inst_dvid/TDMS_encoder_blue/encoded_reg[1]/C
                            (rising edge-triggered cell FDRE clocked by clk_out1_clk_wiz_0  {rise@0.000ns fall@20.000ns period=40.000ns})
  Destination:            datapath/video_inst/inst_dvid/latched_blue_reg[1]/D
                            (rising edge-triggered cell FDRE clocked by clk_out1_clk_wiz_0  {rise@0.000ns fall@20.000ns period=40.000ns})
  Path Group:             clk_out1_clk_wiz_0
  Path Type:              Hold (Min at Fast Process Corner)
  Requirement:            0.000ns  (clk_out1_clk_wiz_0 rise@0.000ns - clk_out1_clk_wiz_0 rise@0.000ns)
  Data Path Delay:        0.259ns  (logic 0.141ns (54.442%)  route 0.118ns (45.558%))
  Logic Levels:           0  
  Clock Path Skew:        0.013ns (DCD - SCD - CPR)
    Destination Clock Delay (DCD):    0.916ns
    Source Clock Delay      (SCD):    0.644ns
    Clock Pessimism Removal (CPR):    0.259ns

    Location             Delay type                Incr(ns)  Path(ns)    Netlist Resource(s)
  -------------------------------------------------------------------    -------------------
                         (clock clk_out1_clk_wiz_0 rise edge)
                                                      0.000     0.000 r  
    BUFGCTRL_X0Y4        BUFG                         0.000     0.000 r  clk_IBUF_BUFG_inst/O
                         net (fo=85, routed)          0.745     0.745    datapath/video_inst/mmcm_adv_inst_display_clocks/inst/clk_in1
    MMCME2_ADV_X1Y0      MMCME2_ADV (Prop_mmcme2_adv_CLKIN1_CLKOUT0)
                                                     -1.683    -0.938 r  datapath/video_inst/mmcm_adv_inst_display_clocks/inst/mmcm_adv_inst/CLKOUT0
                         net (fo=1, routed)           0.912    -0.026    datapath/video_inst/mmcm_adv_inst_display_clocks/inst/clk_out1_clk_wiz_0
    BUFGCTRL_X0Y3        BUFG (Prop_bufg_I_O)         0.026    -0.000 r  datapath/video_inst/mmcm_adv_inst_display_clocks/inst/clkout1_buf/O
                         net (fo=84, routed)          0.644     0.644    datapath/video_inst/inst_dvid/TDMS_encoder_blue/CLK
    SLICE_X160Y136       FDRE                                         r  datapath/video_inst/inst_dvid/TDMS_encoder_blue/encoded_reg[1]/C
  -------------------------------------------------------------------    -------------------
    SLICE_X160Y136       FDRE (Prop_fdre_C_Q)         0.141     0.785 r  datapath/video_inst/inst_dvid/TDMS_encoder_blue/encoded_reg[1]/Q
                         net (fo=1, routed)           0.118     0.903    datapath/video_inst/inst_dvid/TDMS_encoder_blue_n_8
    SLICE_X161Y136       FDRE                                         r  datapath/video_inst/inst_dvid/latched_blue_reg[1]/D
  -------------------------------------------------------------------    -------------------

                         (clock clk_out1_clk_wiz_0 rise edge)
                                                      0.000     0.000 r  
    BUFGCTRL_X0Y4        BUFG                         0.000     0.000 r  clk_IBUF_BUFG_inst/O
                         net (fo=85, routed)          1.022     1.022    datapath/video_inst/mmcm_adv_inst_display_clocks/inst/clk_in1
    MMCME2_ADV_X1Y0      MMCME2_ADV (Prop_mmcme2_adv_CLKIN1_CLKOUT0)
                                                     -2.040    -1.018 r  datapath/video_inst/mmcm_adv_inst_display_clocks/inst/mmcm_adv_inst/CLKOUT0
                         net (fo=1, routed)           0.989    -0.029    datapath/video_inst/mmcm_adv_inst_display_clocks/inst/clk_out1_clk_wiz_0
    BUFGCTRL_X0Y3        BUFG (Prop_bufg_I_O)         0.029    -0.000 r  datapath/video_inst/mmcm_adv_inst_display_clocks/inst/clkout1_buf/O
                         net (fo=84, routed)          0.916     0.916    datapath/video_inst/inst_dvid/CLK
    SLICE_X161Y136       FDRE                                         r  datapath/video_inst/inst_dvid/latched_blue_reg[1]/C
                         clock pessimism             -0.259     0.657    
    SLICE_X161Y136       FDRE (Hold_fdre_C_D)         0.070     0.727    datapath/video_inst/inst_dvid/latched_blue_reg[1]
  -------------------------------------------------------------------
                         required time                         -0.727    
                         arrival time                           0.903    
  -------------------------------------------------------------------
                         slack                                  0.176    

Slack (MET) :             0.181ns  (arrival time - required time)
  Source:                 datapath/video_inst/Inst_vga/vga_signal_generator_inst/vertical_counter_inst/processQ_reg[8]/C
                            (rising edge-triggered cell FDRE clocked by clk_out1_clk_wiz_0  {rise@0.000ns fall@20.000ns period=40.000ns})
  Destination:            datapath/video_inst/Inst_vga/vga_signal_generator_inst/position_reg[row][8]/D
                            (rising edge-triggered cell FDRE clocked by clk_out1_clk_wiz_0  {rise@0.000ns fall@20.000ns period=40.000ns})
  Path Group:             clk_out1_clk_wiz_0
  Path Type:              Hold (Min at Fast Process Corner)
  Requirement:            0.000ns  (clk_out1_clk_wiz_0 rise@0.000ns - clk_out1_clk_wiz_0 rise@0.000ns)
  Data Path Delay:        0.289ns  (logic 0.141ns (48.797%)  route 0.148ns (51.203%))
  Logic Levels:           0  
  Clock Path Skew:        0.036ns (DCD - SCD - CPR)
    Destination Clock Delay (DCD):    0.885ns
    Source Clock Delay      (SCD):    0.615ns
    Clock Pessimism Removal (CPR):    0.234ns

    Location             Delay type                Incr(ns)  Path(ns)    Netlist Resource(s)
  -------------------------------------------------------------------    -------------------
                         (clock clk_out1_clk_wiz_0 rise edge)
                                                      0.000     0.000 r  
    BUFGCTRL_X0Y4        BUFG                         0.000     0.000 r  clk_IBUF_BUFG_inst/O
                         net (fo=85, routed)          0.745     0.745    datapath/video_inst/mmcm_adv_inst_display_clocks/inst/clk_in1
    MMCME2_ADV_X1Y0      MMCME2_ADV (Prop_mmcme2_adv_CLKIN1_CLKOUT0)
                                                     -1.683    -0.938 r  datapath/video_inst/mmcm_adv_inst_display_clocks/inst/mmcm_adv_inst/CLKOUT0
                         net (fo=1, routed)           0.912    -0.026    datapath/video_inst/mmcm_adv_inst_display_clocks/inst/clk_out1_clk_wiz_0
    BUFGCTRL_X0Y3        BUFG (Prop_bufg_I_O)         0.026    -0.000 r  datapath/video_inst/mmcm_adv_inst_display_clocks/inst/clkout1_buf/O
                         net (fo=84, routed)          0.615     0.615    datapath/video_inst/Inst_vga/vga_signal_generator_inst/vertical_counter_inst/CLK
    SLICE_X153Y132       FDRE                                         r  datapath/video_inst/Inst_vga/vga_signal_generator_inst/vertical_counter_inst/processQ_reg[8]/C
  -------------------------------------------------------------------    -------------------
    SLICE_X153Y132       FDRE (Prop_fdre_C_Q)         0.141     0.756 r  datapath/video_inst/Inst_vga/vga_signal_generator_inst/vertical_counter_inst/processQ_reg[8]/Q
                         net (fo=5, routed)           0.148     0.904    datapath/video_inst/Inst_vga/vga_signal_generator_inst/current_pos[row][8]
    SLICE_X155Y132       FDRE                                         r  datapath/video_inst/Inst_vga/vga_signal_generator_inst/position_reg[row][8]/D
  -------------------------------------------------------------------    -------------------

                         (clock clk_out1_clk_wiz_0 rise edge)
                                                      0.000     0.000 r  
    BUFGCTRL_X0Y4        BUFG                         0.000     0.000 r  clk_IBUF_BUFG_inst/O
                         net (fo=85, routed)          1.022     1.022    datapath/video_inst/mmcm_adv_inst_display_clocks/inst/clk_in1
    MMCME2_ADV_X1Y0      MMCME2_ADV (Prop_mmcme2_adv_CLKIN1_CLKOUT0)
                                                     -2.040    -1.018 r  datapath/video_inst/mmcm_adv_inst_display_clocks/inst/mmcm_adv_inst/CLKOUT0
                         net (fo=1, routed)           0.989    -0.029    datapath/video_inst/mmcm_adv_inst_display_clocks/inst/clk_out1_clk_wiz_0
    BUFGCTRL_X0Y3        BUFG (Prop_bufg_I_O)         0.029    -0.000 r  datapath/video_inst/mmcm_adv_inst_display_clocks/inst/clkout1_buf/O
                         net (fo=84, routed)          0.885     0.885    datapath/video_inst/Inst_vga/vga_signal_generator_inst/CLK
    SLICE_X155Y132       FDRE                                         r  datapath/video_inst/Inst_vga/vga_signal_generator_inst/position_reg[row][8]/C
                         clock pessimism             -0.234     0.651    
    SLICE_X155Y132       FDRE (Hold_fdre_C_D)         0.072     0.723    datapath/video_inst/Inst_vga/vga_signal_generator_inst/position_reg[row][8]
  -------------------------------------------------------------------
                         required time                         -0.723    
                         arrival time                           0.904    
  -------------------------------------------------------------------
                         slack                                  0.181    

Slack (MET) :             0.182ns  (arrival time - required time)
  Source:                 datapath/video_inst/inst_dvid/TDMS_encoder_red/encoded_reg[8]/C
                            (rising edge-triggered cell FDRE clocked by clk_out1_clk_wiz_0  {rise@0.000ns fall@20.000ns period=40.000ns})
  Destination:            datapath/video_inst/inst_dvid/latched_red_reg[8]/D
                            (rising edge-triggered cell FDRE clocked by clk_out1_clk_wiz_0  {rise@0.000ns fall@20.000ns period=40.000ns})
  Path Group:             clk_out1_clk_wiz_0
  Path Type:              Hold (Min at Fast Process Corner)
  Requirement:            0.000ns  (clk_out1_clk_wiz_0 rise@0.000ns - clk_out1_clk_wiz_0 rise@0.000ns)
  Data Path Delay:        0.257ns  (logic 0.141ns (54.828%)  route 0.116ns (45.172%))
  Logic Levels:           0  
  Clock Path Skew:        0.000ns (DCD - SCD - CPR)
    Destination Clock Delay (DCD):    0.915ns
    Source Clock Delay      (SCD):    0.644ns
    Clock Pessimism Removal (CPR):    0.271ns

    Location             Delay type                Incr(ns)  Path(ns)    Netlist Resource(s)
  -------------------------------------------------------------------    -------------------
                         (clock clk_out1_clk_wiz_0 rise edge)
                                                      0.000     0.000 r  
    BUFGCTRL_X0Y4        BUFG                         0.000     0.000 r  clk_IBUF_BUFG_inst/O
                         net (fo=85, routed)          0.745     0.745    datapath/video_inst/mmcm_adv_inst_display_clocks/inst/clk_in1
    MMCME2_ADV_X1Y0      MMCME2_ADV (Prop_mmcme2_adv_CLKIN1_CLKOUT0)
                                                     -1.683    -0.938 r  datapath/video_inst/mmcm_adv_inst_display_clocks/inst/mmcm_adv_inst/CLKOUT0
                         net (fo=1, routed)           0.912    -0.026    datapath/video_inst/mmcm_adv_inst_display_clocks/inst/clk_out1_clk_wiz_0
    BUFGCTRL_X0Y3        BUFG (Prop_bufg_I_O)         0.026    -0.000 r  datapath/video_inst/mmcm_adv_inst_display_clocks/inst/clkout1_buf/O
                         net (fo=84, routed)          0.644     0.644    datapath/video_inst/inst_dvid/TDMS_encoder_red/CLK
    SLICE_X161Y134       FDRE                                         r  datapath/video_inst/inst_dvid/TDMS_encoder_red/encoded_reg[8]/C
  -------------------------------------------------------------------    -------------------
    SLICE_X161Y134       FDRE (Prop_fdre_C_Q)         0.141     0.785 r  datapath/video_inst/inst_dvid/TDMS_encoder_red/encoded_reg[8]/Q
                         net (fo=1, routed)           0.116     0.901    datapath/video_inst/inst_dvid/TDMS_encoder_red_n_1
    SLICE_X161Y134       FDRE                                         r  datapath/video_inst/inst_dvid/latched_red_reg[8]/D
  -------------------------------------------------------------------    -------------------

                         (clock clk_out1_clk_wiz_0 rise edge)
                                                      0.000     0.000 r  
    BUFGCTRL_X0Y4        BUFG                         0.000     0.000 r  clk_IBUF_BUFG_inst/O
                         net (fo=85, routed)          1.022     1.022    datapath/video_inst/mmcm_adv_inst_display_clocks/inst/clk_in1
    MMCME2_ADV_X1Y0      MMCME2_ADV (Prop_mmcme2_adv_CLKIN1_CLKOUT0)
                                                     -2.040    -1.018 r  datapath/video_inst/mmcm_adv_inst_display_clocks/inst/mmcm_adv_inst/CLKOUT0
                         net (fo=1, routed)           0.989    -0.029    datapath/video_inst/mmcm_adv_inst_display_clocks/inst/clk_out1_clk_wiz_0
    BUFGCTRL_X0Y3        BUFG (Prop_bufg_I_O)         0.029    -0.000 r  datapath/video_inst/mmcm_adv_inst_display_clocks/inst/clkout1_buf/O
                         net (fo=84, routed)          0.915     0.915    datapath/video_inst/inst_dvid/CLK
    SLICE_X161Y134       FDRE                                         r  datapath/video_inst/inst_dvid/latched_red_reg[8]/C
                         clock pessimism             -0.271     0.644    
    SLICE_X161Y134       FDRE (Hold_fdre_C_D)         0.075     0.719    datapath/video_inst/inst_dvid/latched_red_reg[8]
  -------------------------------------------------------------------
                         required time                         -0.719    
                         arrival time                           0.901    
  -------------------------------------------------------------------
                         slack                                  0.182    

Slack (MET) :             0.196ns  (arrival time - required time)
  Source:                 datapath/video_inst/Inst_vga/vga_signal_generator_inst/horizontal_counter_inst/processQ_reg[3]/C
                            (rising edge-triggered cell FDRE clocked by clk_out1_clk_wiz_0  {rise@0.000ns fall@20.000ns period=40.000ns})
  Destination:            datapath/video_inst/Inst_vga/vga_signal_generator_inst/position_reg[col][3]/D
                            (rising edge-triggered cell FDRE clocked by clk_out1_clk_wiz_0  {rise@0.000ns fall@20.000ns period=40.000ns})
  Path Group:             clk_out1_clk_wiz_0
  Path Type:              Hold (Min at Fast Process Corner)
  Requirement:            0.000ns  (clk_out1_clk_wiz_0 rise@0.000ns - clk_out1_clk_wiz_0 rise@0.000ns)
  Data Path Delay:        0.219ns  (logic 0.128ns (58.415%)  route 0.091ns (41.585%))
  Logic Levels:           0  
  Clock Path Skew:        0.013ns (DCD - SCD - CPR)
    Destination Clock Delay (DCD):    0.904ns
    Source Clock Delay      (SCD):    0.634ns
    Clock Pessimism Removal (CPR):    0.257ns

    Location             Delay type                Incr(ns)  Path(ns)    Netlist Resource(s)
  -------------------------------------------------------------------    -------------------
                         (clock clk_out1_clk_wiz_0 rise edge)
                                                      0.000     0.000 r  
    BUFGCTRL_X0Y4        BUFG                         0.000     0.000 r  clk_IBUF_BUFG_inst/O
                         net (fo=85, routed)          0.745     0.745    datapath/video_inst/mmcm_adv_inst_display_clocks/inst/clk_in1
    MMCME2_ADV_X1Y0      MMCME2_ADV (Prop_mmcme2_adv_CLKIN1_CLKOUT0)
                                                     -1.683    -0.938 r  datapath/video_inst/mmcm_adv_inst_display_clocks/inst/mmcm_adv_inst/CLKOUT0
                         net (fo=1, routed)           0.912    -0.026    datapath/video_inst/mmcm_adv_inst_display_clocks/inst/clk_out1_clk_wiz_0
    BUFGCTRL_X0Y3        BUFG (Prop_bufg_I_O)         0.026    -0.000 r  datapath/video_inst/mmcm_adv_inst_display_clocks/inst/clkout1_buf/O
                         net (fo=84, routed)          0.634     0.634    datapath/video_inst/Inst_vga/vga_signal_generator_inst/horizontal_counter_inst/CLK
    SLICE_X159Y124       FDRE                                         r  datapath/video_inst/Inst_vga/vga_signal_generator_inst/horizontal_counter_inst/processQ_reg[3]/C
  -------------------------------------------------------------------    -------------------
    SLICE_X159Y124       FDRE (Prop_fdre_C_Q)         0.128     0.762 r  datapath/video_inst/Inst_vga/vga_signal_generator_inst/horizontal_counter_inst/processQ_reg[3]/Q
                         net (fo=6, routed)           0.091     0.853    datapath/video_inst/Inst_vga/vga_signal_generator_inst/current_pos[col][3]
    SLICE_X158Y124       FDRE                                         r  datapath/video_inst/Inst_vga/vga_signal_generator_inst/position_reg[col][3]/D
  -------------------------------------------------------------------    -------------------

                         (clock clk_out1_clk_wiz_0 rise edge)
                                                      0.000     0.000 r  
    BUFGCTRL_X0Y4        BUFG                         0.000     0.000 r  clk_IBUF_BUFG_inst/O
                         net (fo=85, routed)          1.022     1.022    datapath/video_inst/mmcm_adv_inst_display_clocks/inst/clk_in1
    MMCME2_ADV_X1Y0      MMCME2_ADV (Prop_mmcme2_adv_CLKIN1_CLKOUT0)
                                                     -2.040    -1.018 r  datapath/video_inst/mmcm_adv_inst_display_clocks/inst/mmcm_adv_inst/CLKOUT0
                         net (fo=1, routed)           0.989    -0.029    datapath/video_inst/mmcm_adv_inst_display_clocks/inst/clk_out1_clk_wiz_0
    BUFGCTRL_X0Y3        BUFG (Prop_bufg_I_O)         0.029    -0.000 r  datapath/video_inst/mmcm_adv_inst_display_clocks/inst/clkout1_buf/O
                         net (fo=84, routed)          0.904     0.904    datapath/video_inst/Inst_vga/vga_signal_generator_inst/CLK
    SLICE_X158Y124       FDRE                                         r  datapath/video_inst/Inst_vga/vga_signal_generator_inst/position_reg[col][3]/C
                         clock pessimism             -0.257     0.647    
    SLICE_X158Y124       FDRE (Hold_fdre_C_D)         0.010     0.657    datapath/video_inst/Inst_vga/vga_signal_generator_inst/position_reg[col][3]
  -------------------------------------------------------------------
                         required time                         -0.657    
                         arrival time                           0.853    
  -------------------------------------------------------------------
                         slack                                  0.196    

Slack (MET) :             0.205ns  (arrival time - required time)
  Source:                 datapath/video_inst/Inst_vga/vga_signal_generator_inst/vga_reg[vsync]__0/C
                            (rising edge-triggered cell FDRE clocked by clk_out1_clk_wiz_0  {rise@0.000ns fall@20.000ns period=40.000ns})
  Destination:            datapath/video_inst/inst_dvid/TDMS_encoder_blue/encoded_reg[9]/D
                            (rising edge-triggered cell FDRE clocked by clk_out1_clk_wiz_0  {rise@0.000ns fall@20.000ns period=40.000ns})
  Path Group:             clk_out1_clk_wiz_0
  Path Type:              Hold (Min at Fast Process Corner)
  Requirement:            0.000ns  (clk_out1_clk_wiz_0 rise@0.000ns - clk_out1_clk_wiz_0 rise@0.000ns)
  Data Path Delay:        0.311ns  (logic 0.186ns (59.728%)  route 0.125ns (40.272%))
  Logic Levels:           1  (LUT6=1)
  Clock Path Skew:        0.015ns (DCD - SCD - CPR)
    Destination Clock Delay (DCD):    0.915ns
    Source Clock Delay      (SCD):    0.643ns
    Clock Pessimism Removal (CPR):    0.257ns

    Location             Delay type                Incr(ns)  Path(ns)    Netlist Resource(s)
  -------------------------------------------------------------------    -------------------
                         (clock clk_out1_clk_wiz_0 rise edge)
                                                      0.000     0.000 r  
    BUFGCTRL_X0Y4        BUFG                         0.000     0.000 r  clk_IBUF_BUFG_inst/O
                         net (fo=85, routed)          0.745     0.745    datapath/video_inst/mmcm_adv_inst_display_clocks/inst/clk_in1
    MMCME2_ADV_X1Y0      MMCME2_ADV (Prop_mmcme2_adv_CLKIN1_CLKOUT0)
                                                     -1.683    -0.938 r  datapath/video_inst/mmcm_adv_inst_display_clocks/inst/mmcm_adv_inst/CLKOUT0
                         net (fo=1, routed)           0.912    -0.026    datapath/video_inst/mmcm_adv_inst_display_clocks/inst/clk_out1_clk_wiz_0
    BUFGCTRL_X0Y3        BUFG (Prop_bufg_I_O)         0.026    -0.000 r  datapath/video_inst/mmcm_adv_inst_display_clocks/inst/clkout1_buf/O
                         net (fo=84, routed)          0.643     0.643    datapath/video_inst/Inst_vga/vga_signal_generator_inst/CLK
    SLICE_X157Y134       FDRE                                         r  datapath/video_inst/Inst_vga/vga_signal_generator_inst/vga_reg[vsync]__0/C
  -------------------------------------------------------------------    -------------------
    SLICE_X157Y134       FDRE (Prop_fdre_C_Q)         0.141     0.784 r  datapath/video_inst/Inst_vga/vga_signal_generator_inst/vga_reg[vsync]__0/Q
                         net (fo=1, routed)           0.125     0.909    datapath/video_inst/inst_dvid/TDMS_encoder_blue/vga_reg[vsync]
    SLICE_X159Y135       LUT6 (Prop_lut6_I2_O)        0.045     0.954 r  datapath/video_inst/inst_dvid/TDMS_encoder_blue/encoded[9]_i_1/O
                         net (fo=1, routed)           0.000     0.954    datapath/video_inst/inst_dvid/TDMS_encoder_blue/encoded[9]_i_1_n_0
    SLICE_X159Y135       FDRE                                         r  datapath/video_inst/inst_dvid/TDMS_encoder_blue/encoded_reg[9]/D
  -------------------------------------------------------------------    -------------------

                         (clock clk_out1_clk_wiz_0 rise edge)
                                                      0.000     0.000 r  
    BUFGCTRL_X0Y4        BUFG                         0.000     0.000 r  clk_IBUF_BUFG_inst/O
                         net (fo=85, routed)          1.022     1.022    datapath/video_inst/mmcm_adv_inst_display_clocks/inst/clk_in1
    MMCME2_ADV_X1Y0      MMCME2_ADV (Prop_mmcme2_adv_CLKIN1_CLKOUT0)
                                                     -2.040    -1.018 r  datapath/video_inst/mmcm_adv_inst_display_clocks/inst/mmcm_adv_inst/CLKOUT0
                         net (fo=1, routed)           0.989    -0.029    datapath/video_inst/mmcm_adv_inst_display_clocks/inst/clk_out1_clk_wiz_0
    BUFGCTRL_X0Y3        BUFG (Prop_bufg_I_O)         0.029    -0.000 r  datapath/video_inst/mmcm_adv_inst_display_clocks/inst/clkout1_buf/O
                         net (fo=84, routed)          0.915     0.915    datapath/video_inst/inst_dvid/TDMS_encoder_blue/CLK
    SLICE_X159Y135       FDRE                                         r  datapath/video_inst/inst_dvid/TDMS_encoder_blue/encoded_reg[9]/C
                         clock pessimism             -0.257     0.658    
    SLICE_X159Y135       FDRE (Hold_fdre_C_D)         0.091     0.749    datapath/video_inst/inst_dvid/TDMS_encoder_blue/encoded_reg[9]
  -------------------------------------------------------------------
                         required time                         -0.749    
                         arrival time                           0.954    
  -------------------------------------------------------------------
                         slack                                  0.205    

Slack (MET) :             0.213ns  (arrival time - required time)
  Source:                 datapath/video_inst/Inst_vga/vga_signal_generator_inst/horizontal_counter_inst/processQ_reg[0]/C
                            (rising edge-triggered cell FDRE clocked by clk_out1_clk_wiz_0  {rise@0.000ns fall@20.000ns period=40.000ns})
  Destination:            datapath/video_inst/Inst_vga/vga_signal_generator_inst/position_reg[col][0]/D
                            (rising edge-triggered cell FDRE clocked by clk_out1_clk_wiz_0  {rise@0.000ns fall@20.000ns period=40.000ns})
  Path Group:             clk_out1_clk_wiz_0
  Path Type:              Hold (Min at Fast Process Corner)
  Requirement:            0.000ns  (clk_out1_clk_wiz_0 rise@0.000ns - clk_out1_clk_wiz_0 rise@0.000ns)
  Data Path Delay:        0.308ns  (logic 0.141ns (45.829%)  route 0.167ns (54.171%))
  Logic Levels:           0  
  Clock Path Skew:        0.035ns (DCD - SCD - CPR)
    Destination Clock Delay (DCD):    0.904ns
    Source Clock Delay      (SCD):    0.635ns
    Clock Pessimism Removal (CPR):    0.234ns

    Location             Delay type                Incr(ns)  Path(ns)    Netlist Resource(s)
  -------------------------------------------------------------------    -------------------
                         (clock clk_out1_clk_wiz_0 rise edge)
                                                      0.000     0.000 r  
    BUFGCTRL_X0Y4        BUFG                         0.000     0.000 r  clk_IBUF_BUFG_inst/O
                         net (fo=85, routed)          0.745     0.745    datapath/video_inst/mmcm_adv_inst_display_clocks/inst/clk_in1
    MMCME2_ADV_X1Y0      MMCME2_ADV (Prop_mmcme2_adv_CLKIN1_CLKOUT0)
                                                     -1.683    -0.938 r  datapath/video_inst/mmcm_adv_inst_display_clocks/inst/mmcm_adv_inst/CLKOUT0
                         net (fo=1, routed)           0.912    -0.026    datapath/video_inst/mmcm_adv_inst_display_clocks/inst/clk_out1_clk_wiz_0
    BUFGCTRL_X0Y3        BUFG (Prop_bufg_I_O)         0.026    -0.000 r  datapath/video_inst/mmcm_adv_inst_display_clocks/inst/clkout1_buf/O
                         net (fo=84, routed)          0.635     0.635    datapath/video_inst/Inst_vga/vga_signal_generator_inst/horizontal_counter_inst/CLK
    SLICE_X160Y124       FDRE                                         r  datapath/video_inst/Inst_vga/vga_signal_generator_inst/horizontal_counter_inst/processQ_reg[0]/C
  -------------------------------------------------------------------    -------------------
    SLICE_X160Y124       FDRE (Prop_fdre_C_Q)         0.141     0.776 r  datapath/video_inst/Inst_vga/vga_signal_generator_inst/horizontal_counter_inst/processQ_reg[0]/Q
                         net (fo=9, routed)           0.167     0.942    datapath/video_inst/Inst_vga/vga_signal_generator_inst/current_pos[col][0]
    SLICE_X158Y124       FDRE                                         r  datapath/video_inst/Inst_vga/vga_signal_generator_inst/position_reg[col][0]/D
  -------------------------------------------------------------------    -------------------

                         (clock clk_out1_clk_wiz_0 rise edge)
                                                      0.000     0.000 r  
    BUFGCTRL_X0Y4        BUFG                         0.000     0.000 r  clk_IBUF_BUFG_inst/O
                         net (fo=85, routed)          1.022     1.022    datapath/video_inst/mmcm_adv_inst_display_clocks/inst/clk_in1
    MMCME2_ADV_X1Y0      MMCME2_ADV (Prop_mmcme2_adv_CLKIN1_CLKOUT0)
                                                     -2.040    -1.018 r  datapath/video_inst/mmcm_adv_inst_display_clocks/inst/mmcm_adv_inst/CLKOUT0
                         net (fo=1, routed)           0.989    -0.029    datapath/video_inst/mmcm_adv_inst_display_clocks/inst/clk_out1_clk_wiz_0
    BUFGCTRL_X0Y3        BUFG (Prop_bufg_I_O)         0.029    -0.000 r  datapath/video_inst/mmcm_adv_inst_display_clocks/inst/clkout1_buf/O
                         net (fo=84, routed)          0.904     0.904    datapath/video_inst/Inst_vga/vga_signal_generator_inst/CLK
    SLICE_X158Y124       FDRE                                         r  datapath/video_inst/Inst_vga/vga_signal_generator_inst/position_reg[col][0]/C
                         clock pessimism             -0.234     0.670    
    SLICE_X158Y124       FDRE (Hold_fdre_C_D)         0.060     0.730    datapath/video_inst/Inst_vga/vga_signal_generator_inst/position_reg[col][0]
  -------------------------------------------------------------------
                         required time                         -0.730    
                         arrival time                           0.942    
  -------------------------------------------------------------------
                         slack                                  0.213    

Slack (MET) :             0.220ns  (arrival time - required time)
  Source:                 datapath/video_inst/inst_dvid/TDMS_encoder_green/encoded_reg[2]/C
                            (rising edge-triggered cell FDRE clocked by clk_out1_clk_wiz_0  {rise@0.000ns fall@20.000ns period=40.000ns})
  Destination:            datapath/video_inst/inst_dvid/latched_green_reg[2]/D
                            (rising edge-triggered cell FDRE clocked by clk_out1_clk_wiz_0  {rise@0.000ns fall@20.000ns period=40.000ns})
  Path Group:             clk_out1_clk_wiz_0
  Path Type:              Hold (Min at Fast Process Corner)
  Requirement:            0.000ns  (clk_out1_clk_wiz_0 rise@0.000ns - clk_out1_clk_wiz_0 rise@0.000ns)
  Data Path Delay:        0.233ns  (logic 0.128ns (55.026%)  route 0.105ns (44.974%))
  Logic Levels:           0  
  Clock Path Skew:        0.015ns (DCD - SCD - CPR)
    Destination Clock Delay (DCD):    0.916ns
    Source Clock Delay      (SCD):    0.644ns
    Clock Pessimism Removal (CPR):    0.257ns

    Location             Delay type                Incr(ns)  Path(ns)    Netlist Resource(s)
  -------------------------------------------------------------------    -------------------
                         (clock clk_out1_clk_wiz_0 rise edge)
                                                      0.000     0.000 r  
    BUFGCTRL_X0Y4        BUFG                         0.000     0.000 r  clk_IBUF_BUFG_inst/O
                         net (fo=85, routed)          0.745     0.745    datapath/video_inst/mmcm_adv_inst_display_clocks/inst/clk_in1
    MMCME2_ADV_X1Y0      MMCME2_ADV (Prop_mmcme2_adv_CLKIN1_CLKOUT0)
                                                     -1.683    -0.938 r  datapath/video_inst/mmcm_adv_inst_display_clocks/inst/mmcm_adv_inst/CLKOUT0
                         net (fo=1, routed)           0.912    -0.026    datapath/video_inst/mmcm_adv_inst_display_clocks/inst/clk_out1_clk_wiz_0
    BUFGCTRL_X0Y3        BUFG (Prop_bufg_I_O)         0.026    -0.000 r  datapath/video_inst/mmcm_adv_inst_display_clocks/inst/clkout1_buf/O
                         net (fo=84, routed)          0.644     0.644    datapath/video_inst/inst_dvid/TDMS_encoder_green/CLK
    SLICE_X157Y137       FDRE                                         r  datapath/video_inst/inst_dvid/TDMS_encoder_green/encoded_reg[2]/C
  -------------------------------------------------------------------    -------------------
    SLICE_X157Y137       FDRE (Prop_fdre_C_Q)         0.128     0.772 r  datapath/video_inst/inst_dvid/TDMS_encoder_green/encoded_reg[2]/Q
                         net (fo=1, routed)           0.105     0.876    datapath/video_inst/inst_dvid/TDMS_encoder_green_n_8
    SLICE_X158Y137       FDRE                                         r  datapath/video_inst/inst_dvid/latched_green_reg[2]/D
  -------------------------------------------------------------------    -------------------

                         (clock clk_out1_clk_wiz_0 rise edge)
                                                      0.000     0.000 r  
    BUFGCTRL_X0Y4        BUFG                         0.000     0.000 r  clk_IBUF_BUFG_inst/O
                         net (fo=85, routed)          1.022     1.022    datapath/video_inst/mmcm_adv_inst_display_clocks/inst/clk_in1
    MMCME2_ADV_X1Y0      MMCME2_ADV (Prop_mmcme2_adv_CLKIN1_CLKOUT0)
                                                     -2.040    -1.018 r  datapath/video_inst/mmcm_adv_inst_display_clocks/inst/mmcm_adv_inst/CLKOUT0
                         net (fo=1, routed)           0.989    -0.029    datapath/video_inst/mmcm_adv_inst_display_clocks/inst/clk_out1_clk_wiz_0
    BUFGCTRL_X0Y3        BUFG (Prop_bufg_I_O)         0.029    -0.000 r  datapath/video_inst/mmcm_adv_inst_display_clocks/inst/clkout1_buf/O
                         net (fo=84, routed)          0.916     0.916    datapath/video_inst/inst_dvid/CLK
    SLICE_X158Y137       FDRE                                         r  datapath/video_inst/inst_dvid/latched_green_reg[2]/C
                         clock pessimism             -0.257     0.659    
    SLICE_X158Y137       FDRE (Hold_fdre_C_D)        -0.002     0.657    datapath/video_inst/inst_dvid/latched_green_reg[2]
  -------------------------------------------------------------------
                         required time                         -0.657    
                         arrival time                           0.876    
  -------------------------------------------------------------------
                         slack                                  0.220    

Slack (MET) :             0.226ns  (arrival time - required time)
  Source:                 datapath/video_inst/Inst_vga/vga_signal_generator_inst/horizontal_counter_inst/processQ_reg[4]/C
                            (rising edge-triggered cell FDRE clocked by clk_out1_clk_wiz_0  {rise@0.000ns fall@20.000ns period=40.000ns})
  Destination:            datapath/video_inst/Inst_vga/vga_signal_generator_inst/position_reg[col][4]/D
                            (rising edge-triggered cell FDRE clocked by clk_out1_clk_wiz_0  {rise@0.000ns fall@20.000ns period=40.000ns})
  Path Group:             clk_out1_clk_wiz_0
  Path Type:              Hold (Min at Fast Process Corner)
  Requirement:            0.000ns  (clk_out1_clk_wiz_0 rise@0.000ns - clk_out1_clk_wiz_0 rise@0.000ns)
  Data Path Delay:        0.292ns  (logic 0.141ns (48.306%)  route 0.151ns (51.694%))
  Logic Levels:           0  
  Clock Path Skew:        0.013ns (DCD - SCD - CPR)
    Destination Clock Delay (DCD):    0.904ns
    Source Clock Delay      (SCD):    0.634ns
    Clock Pessimism Removal (CPR):    0.257ns

    Location             Delay type                Incr(ns)  Path(ns)    Netlist Resource(s)
  -------------------------------------------------------------------    -------------------
                         (clock clk_out1_clk_wiz_0 rise edge)
                                                      0.000     0.000 r  
    BUFGCTRL_X0Y4        BUFG                         0.000     0.000 r  clk_IBUF_BUFG_inst/O
                         net (fo=85, routed)          0.745     0.745    datapath/video_inst/mmcm_adv_inst_display_clocks/inst/clk_in1
    MMCME2_ADV_X1Y0      MMCME2_ADV (Prop_mmcme2_adv_CLKIN1_CLKOUT0)
                                                     -1.683    -0.938 r  datapath/video_inst/mmcm_adv_inst_display_clocks/inst/mmcm_adv_inst/CLKOUT0
                         net (fo=1, routed)           0.912    -0.026    datapath/video_inst/mmcm_adv_inst_display_clocks/inst/clk_out1_clk_wiz_0
    BUFGCTRL_X0Y3        BUFG (Prop_bufg_I_O)         0.026    -0.000 r  datapath/video_inst/mmcm_adv_inst_display_clocks/inst/clkout1_buf/O
                         net (fo=84, routed)          0.634     0.634    datapath/video_inst/Inst_vga/vga_signal_generator_inst/horizontal_counter_inst/CLK
    SLICE_X159Y124       FDRE                                         r  datapath/video_inst/Inst_vga/vga_signal_generator_inst/horizontal_counter_inst/processQ_reg[4]/C
  -------------------------------------------------------------------    -------------------
    SLICE_X159Y124       FDRE (Prop_fdre_C_Q)         0.141     0.775 r  datapath/video_inst/Inst_vga/vga_signal_generator_inst/horizontal_counter_inst/processQ_reg[4]/Q
                         net (fo=8, routed)           0.151     0.925    datapath/video_inst/Inst_vga/vga_signal_generator_inst/current_pos[col][4]
    SLICE_X158Y124       FDRE                                         r  datapath/video_inst/Inst_vga/vga_signal_generator_inst/position_reg[col][4]/D
  -------------------------------------------------------------------    -------------------

                         (clock clk_out1_clk_wiz_0 rise edge)
                                                      0.000     0.000 r  
    BUFGCTRL_X0Y4        BUFG                         0.000     0.000 r  clk_IBUF_BUFG_inst/O
                         net (fo=85, routed)          1.022     1.022    datapath/video_inst/mmcm_adv_inst_display_clocks/inst/clk_in1
    MMCME2_ADV_X1Y0      MMCME2_ADV (Prop_mmcme2_adv_CLKIN1_CLKOUT0)
                                                     -2.040    -1.018 r  datapath/video_inst/mmcm_adv_inst_display_clocks/inst/mmcm_adv_inst/CLKOUT0
                         net (fo=1, routed)           0.989    -0.029    datapath/video_inst/mmcm_adv_inst_display_clocks/inst/clk_out1_clk_wiz_0
    BUFGCTRL_X0Y3        BUFG (Prop_bufg_I_O)         0.029    -0.000 r  datapath/video_inst/mmcm_adv_inst_display_clocks/inst/clkout1_buf/O
                         net (fo=84, routed)          0.904     0.904    datapath/video_inst/Inst_vga/vga_signal_generator_inst/CLK
    SLICE_X158Y124       FDRE                                         r  datapath/video_inst/Inst_vga/vga_signal_generator_inst/position_reg[col][4]/C
                         clock pessimism             -0.257     0.647    
    SLICE_X158Y124       FDRE (Hold_fdre_C_D)         0.053     0.700    datapath/video_inst/Inst_vga/vga_signal_generator_inst/position_reg[col][4]
  -------------------------------------------------------------------
                         required time                         -0.700    
                         arrival time                           0.925    
  -------------------------------------------------------------------
                         slack                                  0.226    





Pulse Width Checks
--------------------------------------------------------------------------------------
Clock Name:         clk_out1_clk_wiz_0
Waveform(ns):       { 0.000 20.000 }
Period(ns):         40.000
Sources:            { datapath/video_inst/mmcm_adv_inst_display_clocks/inst/mmcm_adv_inst/CLKOUT0 }

Check Type        Corner  Lib Pin             Reference Pin  Required(ns)  Actual(ns)  Slack(ns)  Location         Pin
Min Period        n/a     BUFG/I              n/a            2.155         40.000      37.845     BUFGCTRL_X0Y3    datapath/video_inst/mmcm_adv_inst_display_clocks/inst/clkout1_buf/I
Min Period        n/a     MMCME2_ADV/CLKOUT0  n/a            1.249         40.000      38.751     MMCME2_ADV_X1Y0  datapath/video_inst/mmcm_adv_inst_display_clocks/inst/mmcm_adv_inst/CLKOUT0
Min Period        n/a     FDRE/C              n/a            1.000         40.000      39.000     SLICE_X158Y124   datapath/video_inst/Inst_vga/vga_signal_generator_inst/position_reg[col][0]/C
Min Period        n/a     FDRE/C              n/a            1.000         40.000      39.000     SLICE_X158Y124   datapath/video_inst/Inst_vga/vga_signal_generator_inst/position_reg[col][1]/C
Min Period        n/a     FDRE/C              n/a            1.000         40.000      39.000     SLICE_X158Y124   datapath/video_inst/Inst_vga/vga_signal_generator_inst/position_reg[col][2]/C
Min Period        n/a     FDRE/C              n/a            1.000         40.000      39.000     SLICE_X158Y124   datapath/video_inst/Inst_vga/vga_signal_generator_inst/position_reg[col][3]/C
Min Period        n/a     FDRE/C              n/a            1.000         40.000      39.000     SLICE_X158Y124   datapath/video_inst/Inst_vga/vga_signal_generator_inst/position_reg[col][4]/C
Min Period        n/a     FDRE/C              n/a            1.000         40.000      39.000     SLICE_X158Y126   datapath/video_inst/Inst_vga/vga_signal_generator_inst/position_reg[col][5]/C
Min Period        n/a     FDRE/C              n/a            1.000         40.000      39.000     SLICE_X158Y126   datapath/video_inst/Inst_vga/vga_signal_generator_inst/position_reg[col][6]/C
Min Period        n/a     FDRE/C              n/a            1.000         40.000      39.000     SLICE_X158Y126   datapath/video_inst/Inst_vga/vga_signal_generator_inst/position_reg[col][7]/C
Max Period        n/a     MMCME2_ADV/CLKOUT0  n/a            213.360       40.000      173.360    MMCME2_ADV_X1Y0  datapath/video_inst/mmcm_adv_inst_display_clocks/inst/mmcm_adv_inst/CLKOUT0
Low Pulse Width   Slow    FDRE/C              n/a            0.500         20.000      19.500     SLICE_X158Y124   datapath/video_inst/Inst_vga/vga_signal_generator_inst/position_reg[col][0]/C
Low Pulse Width   Fast    FDRE/C              n/a            0.500         20.000      19.500     SLICE_X158Y124   datapath/video_inst/Inst_vga/vga_signal_generator_inst/position_reg[col][0]/C
Low Pulse Width   Slow    FDRE/C              n/a            0.500         20.000      19.500     SLICE_X158Y124   datapath/video_inst/Inst_vga/vga_signal_generator_inst/position_reg[col][1]/C
Low Pulse Width   Fast    FDRE/C              n/a            0.500         20.000      19.500     SLICE_X158Y124   datapath/video_inst/Inst_vga/vga_signal_generator_inst/position_reg[col][1]/C
Low Pulse Width   Slow    FDRE/C              n/a            0.500         20.000      19.500     SLICE_X158Y124   datapath/video_inst/Inst_vga/vga_signal_generator_inst/position_reg[col][2]/C
Low Pulse Width   Fast    FDRE/C              n/a            0.500         20.000      19.500     SLICE_X158Y124   datapath/video_inst/Inst_vga/vga_signal_generator_inst/position_reg[col][2]/C
Low Pulse Width   Slow    FDRE/C              n/a            0.500         20.000      19.500     SLICE_X158Y124   datapath/video_inst/Inst_vga/vga_signal_generator_inst/position_reg[col][3]/C
Low Pulse Width   Fast    FDRE/C              n/a            0.500         20.000      19.500     SLICE_X158Y124   datapath/video_inst/Inst_vga/vga_signal_generator_inst/position_reg[col][3]/C
Low Pulse Width   Slow    FDRE/C              n/a            0.500         20.000      19.500     SLICE_X158Y124   datapath/video_inst/Inst_vga/vga_signal_generator_inst/position_reg[col][4]/C
Low Pulse Width   Fast    FDRE/C              n/a            0.500         20.000      19.500     SLICE_X158Y124   datapath/video_inst/Inst_vga/vga_signal_generator_inst/position_reg[col][4]/C
High Pulse Width  Slow    FDRE/C              n/a            0.500         20.000      19.500     SLICE_X158Y124   datapath/video_inst/Inst_vga/vga_signal_generator_inst/position_reg[col][0]/C
High Pulse Width  Fast    FDRE/C              n/a            0.500         20.000      19.500     SLICE_X158Y124   datapath/video_inst/Inst_vga/vga_signal_generator_inst/position_reg[col][0]/C
High Pulse Width  Slow    FDRE/C              n/a            0.500         20.000      19.500     SLICE_X158Y124   datapath/video_inst/Inst_vga/vga_signal_generator_inst/position_reg[col][1]/C
High Pulse Width  Fast    FDRE/C              n/a            0.500         20.000      19.500     SLICE_X158Y124   datapath/video_inst/Inst_vga/vga_signal_generator_inst/position_reg[col][1]/C
High Pulse Width  Slow    FDRE/C              n/a            0.500         20.000      19.500     SLICE_X158Y124   datapath/video_inst/Inst_vga/vga_signal_generator_inst/position_reg[col][2]/C
High Pulse Width  Fast    FDRE/C              n/a            0.500         20.000      19.500     SLICE_X158Y124   datapath/video_inst/Inst_vga/vga_signal_generator_inst/position_reg[col][2]/C
High Pulse Width  Slow    FDRE/C              n/a            0.500         20.000      19.500     SLICE_X158Y124   datapath/video_inst/Inst_vga/vga_signal_generator_inst/position_reg[col][3]/C
High Pulse Width  Fast    FDRE/C              n/a            0.500         20.000      19.500     SLICE_X158Y124   datapath/video_inst/Inst_vga/vga_signal_generator_inst/position_reg[col][3]/C
High Pulse Width  Slow    FDRE/C              n/a            0.500         20.000      19.500     SLICE_X158Y124   datapath/video_inst/Inst_vga/vga_signal_generator_inst/position_reg[col][4]/C
High Pulse Width  Fast    FDRE/C              n/a            0.500         20.000      19.500     SLICE_X158Y124   datapath/video_inst/Inst_vga/vga_signal_generator_inst/position_reg[col][4]/C



---------------------------------------------------------------------------------------------------
From Clock:  clk_out2_clk_wiz_0
  To Clock:  clk_out2_clk_wiz_0

Setup :            0  Failing Endpoints,  Worst Slack        3.637ns,  Total Violation        0.000ns
Hold  :            0  Failing Endpoints,  Worst Slack        0.150ns,  Total Violation        0.000ns
PW    :            0  Failing Endpoints,  Worst Slack        3.500ns,  Total Violation        0.000ns
---------------------------------------------------------------------------------------------------


Max Delay Paths
--------------------------------------------------------------------------------------
Slack (MET) :             3.637ns  (required time - arrival time)
  Source:                 datapath/video_inst/inst_dvid/shift_clock_reg[0]/C
                            (rising edge-triggered cell FDRE clocked by clk_out2_clk_wiz_0  {rise@0.000ns fall@4.000ns period=8.000ns})
  Destination:            datapath/video_inst/inst_dvid/shift_red_reg[0]/S
                            (rising edge-triggered cell FDSE clocked by clk_out2_clk_wiz_0  {rise@0.000ns fall@4.000ns period=8.000ns})
  Path Group:             clk_out2_clk_wiz_0
  Path Type:              Setup (Max at Slow Process Corner)
  Requirement:            8.000ns  (clk_out2_clk_wiz_0 rise@8.000ns - clk_out2_clk_wiz_0 rise@0.000ns)
  Data Path Delay:        3.825ns  (logic 0.890ns (23.269%)  route 2.935ns (76.731%))
  Logic Levels:           3  (LUT2=1 LUT5=1 LUT6=1)
  Clock Path Skew:        -0.037ns (DCD - SCD + CPR)
    Destination Clock Delay (DCD):    1.707ns = ( 9.707 - 8.000 ) 
    Source Clock Delay      (SCD):    1.833ns
    Clock Pessimism Removal (CPR):    0.089ns
  Clock Uncertainty:      0.072ns  ((TSJ^2 + DJ^2)^1/2) / 2 + PE
    Total System Jitter     (TSJ):    0.071ns
    Discrete Jitter          (DJ):    0.125ns
    Phase Error              (PE):    0.000ns

    Location             Delay type                Incr(ns)  Path(ns)    Netlist Resource(s)
  -------------------------------------------------------------------    -------------------
                         (clock clk_out2_clk_wiz_0 rise edge)
                                                      0.000     0.000 r  
    BUFGCTRL_X0Y4        BUFG                         0.000     0.000 r  clk_IBUF_BUFG_inst/O
                         net (fo=85, routed)          2.106     2.106    datapath/video_inst/mmcm_adv_inst_display_clocks/inst/clk_in1
    MMCME2_ADV_X1Y0      MMCME2_ADV (Prop_mmcme2_adv_CLKIN1_CLKOUT1)
                                                     -4.900    -2.793 r  datapath/video_inst/mmcm_adv_inst_display_clocks/inst/mmcm_adv_inst/CLKOUT1
                         net (fo=1, routed)           2.697    -0.096    datapath/video_inst/mmcm_adv_inst_display_clocks/inst/clk_out2_clk_wiz_0
    BUFGCTRL_X0Y0        BUFG (Prop_bufg_I_O)         0.096    -0.000 r  datapath/video_inst/mmcm_adv_inst_display_clocks/inst/clkout2_buf/O
                         net (fo=44, routed)          1.833     1.833    datapath/video_inst/inst_dvid/clk_out2
    SLICE_X162Y147       FDRE                                         r  datapath/video_inst/inst_dvid/shift_clock_reg[0]/C
  -------------------------------------------------------------------    -------------------
    SLICE_X162Y147       FDRE (Prop_fdre_C_Q)         0.518     2.351 r  datapath/video_inst/inst_dvid/shift_clock_reg[0]/Q
                         net (fo=3, routed)           0.678     3.030    datapath/video_inst/inst_dvid/shift_clock[0]
    SLICE_X163Y147       LUT6 (Prop_lut6_I5_O)        0.124     3.154 f  datapath/video_inst/inst_dvid/shift_red[9]_i_2/O
                         net (fo=1, routed)           0.425     3.579    datapath/video_inst/inst_dvid/shift_red[9]_i_2_n_0
    SLICE_X162Y147       LUT5 (Prop_lut5_I0_O)        0.124     3.703 f  datapath/video_inst/inst_dvid/shift_red[9]_i_1/O
                         net (fo=31, routed)          0.895     4.598    datapath/video_inst/inst_dvid/shift_red[9]_i_1_n_0
    SLICE_X163Y134       LUT2 (Prop_lut2_I1_O)        0.124     4.722 r  datapath/video_inst/inst_dvid/shift_red[7]_i_1/O
                         net (fo=5, routed)           0.936     5.658    datapath/video_inst/inst_dvid/shift_red[7]_i_1_n_0
    SLICE_X163Y134       FDSE                                         r  datapath/video_inst/inst_dvid/shift_red_reg[0]/S
  -------------------------------------------------------------------    -------------------

                         (clock clk_out2_clk_wiz_0 rise edge)
                                                      8.000     8.000 r  
    BUFGCTRL_X0Y4        BUFG                         0.000     8.000 r  clk_IBUF_BUFG_inst/O
                         net (fo=85, routed)          1.972     9.972    datapath/video_inst/mmcm_adv_inst_display_clocks/inst/clk_in1
    MMCME2_ADV_X1Y0      MMCME2_ADV (Prop_mmcme2_adv_CLKIN1_CLKOUT1)
                                                     -4.637     5.335 r  datapath/video_inst/mmcm_adv_inst_display_clocks/inst/mmcm_adv_inst/CLKOUT1
                         net (fo=1, routed)           2.574     7.909    datapath/video_inst/mmcm_adv_inst_display_clocks/inst/clk_out2_clk_wiz_0
    BUFGCTRL_X0Y0        BUFG (Prop_bufg_I_O)         0.091     8.000 r  datapath/video_inst/mmcm_adv_inst_display_clocks/inst/clkout2_buf/O
                         net (fo=44, routed)          1.707     9.707    datapath/video_inst/inst_dvid/clk_out2
    SLICE_X163Y134       FDSE                                         r  datapath/video_inst/inst_dvid/shift_red_reg[0]/C
                         clock pessimism              0.089     9.796    
                         clock uncertainty           -0.072     9.724    
    SLICE_X163Y134       FDSE (Setup_fdse_C_S)       -0.429     9.295    datapath/video_inst/inst_dvid/shift_red_reg[0]
  -------------------------------------------------------------------
                         required time                          9.295    
                         arrival time                          -5.658    
  -------------------------------------------------------------------
                         slack                                  3.637    

Slack (MET) :             3.637ns  (required time - arrival time)
  Source:                 datapath/video_inst/inst_dvid/shift_clock_reg[0]/C
                            (rising edge-triggered cell FDRE clocked by clk_out2_clk_wiz_0  {rise@0.000ns fall@4.000ns period=8.000ns})
  Destination:            datapath/video_inst/inst_dvid/shift_red_reg[1]/S
                            (rising edge-triggered cell FDSE clocked by clk_out2_clk_wiz_0  {rise@0.000ns fall@4.000ns period=8.000ns})
  Path Group:             clk_out2_clk_wiz_0
  Path Type:              Setup (Max at Slow Process Corner)
  Requirement:            8.000ns  (clk_out2_clk_wiz_0 rise@8.000ns - clk_out2_clk_wiz_0 rise@0.000ns)
  Data Path Delay:        3.825ns  (logic 0.890ns (23.269%)  route 2.935ns (76.731%))
  Logic Levels:           3  (LUT2=1 LUT5=1 LUT6=1)
  Clock Path Skew:        -0.037ns (DCD - SCD + CPR)
    Destination Clock Delay (DCD):    1.707ns = ( 9.707 - 8.000 ) 
    Source Clock Delay      (SCD):    1.833ns
    Clock Pessimism Removal (CPR):    0.089ns
  Clock Uncertainty:      0.072ns  ((TSJ^2 + DJ^2)^1/2) / 2 + PE
    Total System Jitter     (TSJ):    0.071ns
    Discrete Jitter          (DJ):    0.125ns
    Phase Error              (PE):    0.000ns

    Location             Delay type                Incr(ns)  Path(ns)    Netlist Resource(s)
  -------------------------------------------------------------------    -------------------
                         (clock clk_out2_clk_wiz_0 rise edge)
                                                      0.000     0.000 r  
    BUFGCTRL_X0Y4        BUFG                         0.000     0.000 r  clk_IBUF_BUFG_inst/O
                         net (fo=85, routed)          2.106     2.106    datapath/video_inst/mmcm_adv_inst_display_clocks/inst/clk_in1
    MMCME2_ADV_X1Y0      MMCME2_ADV (Prop_mmcme2_adv_CLKIN1_CLKOUT1)
                                                     -4.900    -2.793 r  datapath/video_inst/mmcm_adv_inst_display_clocks/inst/mmcm_adv_inst/CLKOUT1
                         net (fo=1, routed)           2.697    -0.096    datapath/video_inst/mmcm_adv_inst_display_clocks/inst/clk_out2_clk_wiz_0
    BUFGCTRL_X0Y0        BUFG (Prop_bufg_I_O)         0.096    -0.000 r  datapath/video_inst/mmcm_adv_inst_display_clocks/inst/clkout2_buf/O
                         net (fo=44, routed)          1.833     1.833    datapath/video_inst/inst_dvid/clk_out2
    SLICE_X162Y147       FDRE                                         r  datapath/video_inst/inst_dvid/shift_clock_reg[0]/C
  -------------------------------------------------------------------    -------------------
    SLICE_X162Y147       FDRE (Prop_fdre_C_Q)         0.518     2.351 r  datapath/video_inst/inst_dvid/shift_clock_reg[0]/Q
                         net (fo=3, routed)           0.678     3.030    datapath/video_inst/inst_dvid/shift_clock[0]
    SLICE_X163Y147       LUT6 (Prop_lut6_I5_O)        0.124     3.154 f  datapath/video_inst/inst_dvid/shift_red[9]_i_2/O
                         net (fo=1, routed)           0.425     3.579    datapath/video_inst/inst_dvid/shift_red[9]_i_2_n_0
    SLICE_X162Y147       LUT5 (Prop_lut5_I0_O)        0.124     3.703 f  datapath/video_inst/inst_dvid/shift_red[9]_i_1/O
                         net (fo=31, routed)          0.895     4.598    datapath/video_inst/inst_dvid/shift_red[9]_i_1_n_0
    SLICE_X163Y134       LUT2 (Prop_lut2_I1_O)        0.124     4.722 r  datapath/video_inst/inst_dvid/shift_red[7]_i_1/O
                         net (fo=5, routed)           0.936     5.658    datapath/video_inst/inst_dvid/shift_red[7]_i_1_n_0
    SLICE_X163Y134       FDSE                                         r  datapath/video_inst/inst_dvid/shift_red_reg[1]/S
  -------------------------------------------------------------------    -------------------

                         (clock clk_out2_clk_wiz_0 rise edge)
                                                      8.000     8.000 r  
    BUFGCTRL_X0Y4        BUFG                         0.000     8.000 r  clk_IBUF_BUFG_inst/O
                         net (fo=85, routed)          1.972     9.972    datapath/video_inst/mmcm_adv_inst_display_clocks/inst/clk_in1
    MMCME2_ADV_X1Y0      MMCME2_ADV (Prop_mmcme2_adv_CLKIN1_CLKOUT1)
                                                     -4.637     5.335 r  datapath/video_inst/mmcm_adv_inst_display_clocks/inst/mmcm_adv_inst/CLKOUT1
                         net (fo=1, routed)           2.574     7.909    datapath/video_inst/mmcm_adv_inst_display_clocks/inst/clk_out2_clk_wiz_0
    BUFGCTRL_X0Y0        BUFG (Prop_bufg_I_O)         0.091     8.000 r  datapath/video_inst/mmcm_adv_inst_display_clocks/inst/clkout2_buf/O
                         net (fo=44, routed)          1.707     9.707    datapath/video_inst/inst_dvid/clk_out2
    SLICE_X163Y134       FDSE                                         r  datapath/video_inst/inst_dvid/shift_red_reg[1]/C
                         clock pessimism              0.089     9.796    
                         clock uncertainty           -0.072     9.724    
    SLICE_X163Y134       FDSE (Setup_fdse_C_S)       -0.429     9.295    datapath/video_inst/inst_dvid/shift_red_reg[1]
  -------------------------------------------------------------------
                         required time                          9.295    
                         arrival time                          -5.658    
  -------------------------------------------------------------------
                         slack                                  3.637    

Slack (MET) :             3.637ns  (required time - arrival time)
  Source:                 datapath/video_inst/inst_dvid/shift_clock_reg[0]/C
                            (rising edge-triggered cell FDRE clocked by clk_out2_clk_wiz_0  {rise@0.000ns fall@4.000ns period=8.000ns})
  Destination:            datapath/video_inst/inst_dvid/shift_red_reg[3]/S
                            (rising edge-triggered cell FDSE clocked by clk_out2_clk_wiz_0  {rise@0.000ns fall@4.000ns period=8.000ns})
  Path Group:             clk_out2_clk_wiz_0
  Path Type:              Setup (Max at Slow Process Corner)
  Requirement:            8.000ns  (clk_out2_clk_wiz_0 rise@8.000ns - clk_out2_clk_wiz_0 rise@0.000ns)
  Data Path Delay:        3.825ns  (logic 0.890ns (23.269%)  route 2.935ns (76.731%))
  Logic Levels:           3  (LUT2=1 LUT5=1 LUT6=1)
  Clock Path Skew:        -0.037ns (DCD - SCD + CPR)
    Destination Clock Delay (DCD):    1.707ns = ( 9.707 - 8.000 ) 
    Source Clock Delay      (SCD):    1.833ns
    Clock Pessimism Removal (CPR):    0.089ns
  Clock Uncertainty:      0.072ns  ((TSJ^2 + DJ^2)^1/2) / 2 + PE
    Total System Jitter     (TSJ):    0.071ns
    Discrete Jitter          (DJ):    0.125ns
    Phase Error              (PE):    0.000ns

    Location             Delay type                Incr(ns)  Path(ns)    Netlist Resource(s)
  -------------------------------------------------------------------    -------------------
                         (clock clk_out2_clk_wiz_0 rise edge)
                                                      0.000     0.000 r  
    BUFGCTRL_X0Y4        BUFG                         0.000     0.000 r  clk_IBUF_BUFG_inst/O
                         net (fo=85, routed)          2.106     2.106    datapath/video_inst/mmcm_adv_inst_display_clocks/inst/clk_in1
    MMCME2_ADV_X1Y0      MMCME2_ADV (Prop_mmcme2_adv_CLKIN1_CLKOUT1)
                                                     -4.900    -2.793 r  datapath/video_inst/mmcm_adv_inst_display_clocks/inst/mmcm_adv_inst/CLKOUT1
                         net (fo=1, routed)           2.697    -0.096    datapath/video_inst/mmcm_adv_inst_display_clocks/inst/clk_out2_clk_wiz_0
    BUFGCTRL_X0Y0        BUFG (Prop_bufg_I_O)         0.096    -0.000 r  datapath/video_inst/mmcm_adv_inst_display_clocks/inst/clkout2_buf/O
                         net (fo=44, routed)          1.833     1.833    datapath/video_inst/inst_dvid/clk_out2
    SLICE_X162Y147       FDRE                                         r  datapath/video_inst/inst_dvid/shift_clock_reg[0]/C
  -------------------------------------------------------------------    -------------------
    SLICE_X162Y147       FDRE (Prop_fdre_C_Q)         0.518     2.351 r  datapath/video_inst/inst_dvid/shift_clock_reg[0]/Q
                         net (fo=3, routed)           0.678     3.030    datapath/video_inst/inst_dvid/shift_clock[0]
    SLICE_X163Y147       LUT6 (Prop_lut6_I5_O)        0.124     3.154 f  datapath/video_inst/inst_dvid/shift_red[9]_i_2/O
                         net (fo=1, routed)           0.425     3.579    datapath/video_inst/inst_dvid/shift_red[9]_i_2_n_0
    SLICE_X162Y147       LUT5 (Prop_lut5_I0_O)        0.124     3.703 f  datapath/video_inst/inst_dvid/shift_red[9]_i_1/O
                         net (fo=31, routed)          0.895     4.598    datapath/video_inst/inst_dvid/shift_red[9]_i_1_n_0
    SLICE_X163Y134       LUT2 (Prop_lut2_I1_O)        0.124     4.722 r  datapath/video_inst/inst_dvid/shift_red[7]_i_1/O
                         net (fo=5, routed)           0.936     5.658    datapath/video_inst/inst_dvid/shift_red[7]_i_1_n_0
    SLICE_X163Y134       FDSE                                         r  datapath/video_inst/inst_dvid/shift_red_reg[3]/S
  -------------------------------------------------------------------    -------------------

                         (clock clk_out2_clk_wiz_0 rise edge)
                                                      8.000     8.000 r  
    BUFGCTRL_X0Y4        BUFG                         0.000     8.000 r  clk_IBUF_BUFG_inst/O
                         net (fo=85, routed)          1.972     9.972    datapath/video_inst/mmcm_adv_inst_display_clocks/inst/clk_in1
    MMCME2_ADV_X1Y0      MMCME2_ADV (Prop_mmcme2_adv_CLKIN1_CLKOUT1)
                                                     -4.637     5.335 r  datapath/video_inst/mmcm_adv_inst_display_clocks/inst/mmcm_adv_inst/CLKOUT1
                         net (fo=1, routed)           2.574     7.909    datapath/video_inst/mmcm_adv_inst_display_clocks/inst/clk_out2_clk_wiz_0
    BUFGCTRL_X0Y0        BUFG (Prop_bufg_I_O)         0.091     8.000 r  datapath/video_inst/mmcm_adv_inst_display_clocks/inst/clkout2_buf/O
                         net (fo=44, routed)          1.707     9.707    datapath/video_inst/inst_dvid/clk_out2
    SLICE_X163Y134       FDSE                                         r  datapath/video_inst/inst_dvid/shift_red_reg[3]/C
                         clock pessimism              0.089     9.796    
                         clock uncertainty           -0.072     9.724    
    SLICE_X163Y134       FDSE (Setup_fdse_C_S)       -0.429     9.295    datapath/video_inst/inst_dvid/shift_red_reg[3]
  -------------------------------------------------------------------
                         required time                          9.295    
                         arrival time                          -5.658    
  -------------------------------------------------------------------
                         slack                                  3.637    

Slack (MET) :             3.637ns  (required time - arrival time)
  Source:                 datapath/video_inst/inst_dvid/shift_clock_reg[0]/C
                            (rising edge-triggered cell FDRE clocked by clk_out2_clk_wiz_0  {rise@0.000ns fall@4.000ns period=8.000ns})
  Destination:            datapath/video_inst/inst_dvid/shift_red_reg[5]/S
                            (rising edge-triggered cell FDSE clocked by clk_out2_clk_wiz_0  {rise@0.000ns fall@4.000ns period=8.000ns})
  Path Group:             clk_out2_clk_wiz_0
  Path Type:              Setup (Max at Slow Process Corner)
  Requirement:            8.000ns  (clk_out2_clk_wiz_0 rise@8.000ns - clk_out2_clk_wiz_0 rise@0.000ns)
  Data Path Delay:        3.825ns  (logic 0.890ns (23.269%)  route 2.935ns (76.731%))
  Logic Levels:           3  (LUT2=1 LUT5=1 LUT6=1)
  Clock Path Skew:        -0.037ns (DCD - SCD + CPR)
    Destination Clock Delay (DCD):    1.707ns = ( 9.707 - 8.000 ) 
    Source Clock Delay      (SCD):    1.833ns
    Clock Pessimism Removal (CPR):    0.089ns
  Clock Uncertainty:      0.072ns  ((TSJ^2 + DJ^2)^1/2) / 2 + PE
    Total System Jitter     (TSJ):    0.071ns
    Discrete Jitter          (DJ):    0.125ns
    Phase Error              (PE):    0.000ns

    Location             Delay type                Incr(ns)  Path(ns)    Netlist Resource(s)
  -------------------------------------------------------------------    -------------------
                         (clock clk_out2_clk_wiz_0 rise edge)
                                                      0.000     0.000 r  
    BUFGCTRL_X0Y4        BUFG                         0.000     0.000 r  clk_IBUF_BUFG_inst/O
                         net (fo=85, routed)          2.106     2.106    datapath/video_inst/mmcm_adv_inst_display_clocks/inst/clk_in1
    MMCME2_ADV_X1Y0      MMCME2_ADV (Prop_mmcme2_adv_CLKIN1_CLKOUT1)
                                                     -4.900    -2.793 r  datapath/video_inst/mmcm_adv_inst_display_clocks/inst/mmcm_adv_inst/CLKOUT1
                         net (fo=1, routed)           2.697    -0.096    datapath/video_inst/mmcm_adv_inst_display_clocks/inst/clk_out2_clk_wiz_0
    BUFGCTRL_X0Y0        BUFG (Prop_bufg_I_O)         0.096    -0.000 r  datapath/video_inst/mmcm_adv_inst_display_clocks/inst/clkout2_buf/O
                         net (fo=44, routed)          1.833     1.833    datapath/video_inst/inst_dvid/clk_out2
    SLICE_X162Y147       FDRE                                         r  datapath/video_inst/inst_dvid/shift_clock_reg[0]/C
  -------------------------------------------------------------------    -------------------
    SLICE_X162Y147       FDRE (Prop_fdre_C_Q)         0.518     2.351 r  datapath/video_inst/inst_dvid/shift_clock_reg[0]/Q
                         net (fo=3, routed)           0.678     3.030    datapath/video_inst/inst_dvid/shift_clock[0]
    SLICE_X163Y147       LUT6 (Prop_lut6_I5_O)        0.124     3.154 f  datapath/video_inst/inst_dvid/shift_red[9]_i_2/O
                         net (fo=1, routed)           0.425     3.579    datapath/video_inst/inst_dvid/shift_red[9]_i_2_n_0
    SLICE_X162Y147       LUT5 (Prop_lut5_I0_O)        0.124     3.703 f  datapath/video_inst/inst_dvid/shift_red[9]_i_1/O
                         net (fo=31, routed)          0.895     4.598    datapath/video_inst/inst_dvid/shift_red[9]_i_1_n_0
    SLICE_X163Y134       LUT2 (Prop_lut2_I1_O)        0.124     4.722 r  datapath/video_inst/inst_dvid/shift_red[7]_i_1/O
                         net (fo=5, routed)           0.936     5.658    datapath/video_inst/inst_dvid/shift_red[7]_i_1_n_0
    SLICE_X163Y134       FDSE                                         r  datapath/video_inst/inst_dvid/shift_red_reg[5]/S
  -------------------------------------------------------------------    -------------------

                         (clock clk_out2_clk_wiz_0 rise edge)
                                                      8.000     8.000 r  
    BUFGCTRL_X0Y4        BUFG                         0.000     8.000 r  clk_IBUF_BUFG_inst/O
                         net (fo=85, routed)          1.972     9.972    datapath/video_inst/mmcm_adv_inst_display_clocks/inst/clk_in1
    MMCME2_ADV_X1Y0      MMCME2_ADV (Prop_mmcme2_adv_CLKIN1_CLKOUT1)
                                                     -4.637     5.335 r  datapath/video_inst/mmcm_adv_inst_display_clocks/inst/mmcm_adv_inst/CLKOUT1
                         net (fo=1, routed)           2.574     7.909    datapath/video_inst/mmcm_adv_inst_display_clocks/inst/clk_out2_clk_wiz_0
    BUFGCTRL_X0Y0        BUFG (Prop_bufg_I_O)         0.091     8.000 r  datapath/video_inst/mmcm_adv_inst_display_clocks/inst/clkout2_buf/O
                         net (fo=44, routed)          1.707     9.707    datapath/video_inst/inst_dvid/clk_out2
    SLICE_X163Y134       FDSE                                         r  datapath/video_inst/inst_dvid/shift_red_reg[5]/C
                         clock pessimism              0.089     9.796    
                         clock uncertainty           -0.072     9.724    
    SLICE_X163Y134       FDSE (Setup_fdse_C_S)       -0.429     9.295    datapath/video_inst/inst_dvid/shift_red_reg[5]
  -------------------------------------------------------------------
                         required time                          9.295    
                         arrival time                          -5.658    
  -------------------------------------------------------------------
                         slack                                  3.637    

Slack (MET) :             3.637ns  (required time - arrival time)
  Source:                 datapath/video_inst/inst_dvid/shift_clock_reg[0]/C
                            (rising edge-triggered cell FDRE clocked by clk_out2_clk_wiz_0  {rise@0.000ns fall@4.000ns period=8.000ns})
  Destination:            datapath/video_inst/inst_dvid/shift_red_reg[7]/S
                            (rising edge-triggered cell FDSE clocked by clk_out2_clk_wiz_0  {rise@0.000ns fall@4.000ns period=8.000ns})
  Path Group:             clk_out2_clk_wiz_0
  Path Type:              Setup (Max at Slow Process Corner)
  Requirement:            8.000ns  (clk_out2_clk_wiz_0 rise@8.000ns - clk_out2_clk_wiz_0 rise@0.000ns)
  Data Path Delay:        3.825ns  (logic 0.890ns (23.269%)  route 2.935ns (76.731%))
  Logic Levels:           3  (LUT2=1 LUT5=1 LUT6=1)
  Clock Path Skew:        -0.037ns (DCD - SCD + CPR)
    Destination Clock Delay (DCD):    1.707ns = ( 9.707 - 8.000 ) 
    Source Clock Delay      (SCD):    1.833ns
    Clock Pessimism Removal (CPR):    0.089ns
  Clock Uncertainty:      0.072ns  ((TSJ^2 + DJ^2)^1/2) / 2 + PE
    Total System Jitter     (TSJ):    0.071ns
    Discrete Jitter          (DJ):    0.125ns
    Phase Error              (PE):    0.000ns

    Location             Delay type                Incr(ns)  Path(ns)    Netlist Resource(s)
  -------------------------------------------------------------------    -------------------
                         (clock clk_out2_clk_wiz_0 rise edge)
                                                      0.000     0.000 r  
    BUFGCTRL_X0Y4        BUFG                         0.000     0.000 r  clk_IBUF_BUFG_inst/O
                         net (fo=85, routed)          2.106     2.106    datapath/video_inst/mmcm_adv_inst_display_clocks/inst/clk_in1
    MMCME2_ADV_X1Y0      MMCME2_ADV (Prop_mmcme2_adv_CLKIN1_CLKOUT1)
                                                     -4.900    -2.793 r  datapath/video_inst/mmcm_adv_inst_display_clocks/inst/mmcm_adv_inst/CLKOUT1
                         net (fo=1, routed)           2.697    -0.096    datapath/video_inst/mmcm_adv_inst_display_clocks/inst/clk_out2_clk_wiz_0
    BUFGCTRL_X0Y0        BUFG (Prop_bufg_I_O)         0.096    -0.000 r  datapath/video_inst/mmcm_adv_inst_display_clocks/inst/clkout2_buf/O
                         net (fo=44, routed)          1.833     1.833    datapath/video_inst/inst_dvid/clk_out2
    SLICE_X162Y147       FDRE                                         r  datapath/video_inst/inst_dvid/shift_clock_reg[0]/C
  -------------------------------------------------------------------    -------------------
    SLICE_X162Y147       FDRE (Prop_fdre_C_Q)         0.518     2.351 r  datapath/video_inst/inst_dvid/shift_clock_reg[0]/Q
                         net (fo=3, routed)           0.678     3.030    datapath/video_inst/inst_dvid/shift_clock[0]
    SLICE_X163Y147       LUT6 (Prop_lut6_I5_O)        0.124     3.154 f  datapath/video_inst/inst_dvid/shift_red[9]_i_2/O
                         net (fo=1, routed)           0.425     3.579    datapath/video_inst/inst_dvid/shift_red[9]_i_2_n_0
    SLICE_X162Y147       LUT5 (Prop_lut5_I0_O)        0.124     3.703 f  datapath/video_inst/inst_dvid/shift_red[9]_i_1/O
                         net (fo=31, routed)          0.895     4.598    datapath/video_inst/inst_dvid/shift_red[9]_i_1_n_0
    SLICE_X163Y134       LUT2 (Prop_lut2_I1_O)        0.124     4.722 r  datapath/video_inst/inst_dvid/shift_red[7]_i_1/O
                         net (fo=5, routed)           0.936     5.658    datapath/video_inst/inst_dvid/shift_red[7]_i_1_n_0
    SLICE_X163Y134       FDSE                                         r  datapath/video_inst/inst_dvid/shift_red_reg[7]/S
  -------------------------------------------------------------------    -------------------

                         (clock clk_out2_clk_wiz_0 rise edge)
                                                      8.000     8.000 r  
    BUFGCTRL_X0Y4        BUFG                         0.000     8.000 r  clk_IBUF_BUFG_inst/O
                         net (fo=85, routed)          1.972     9.972    datapath/video_inst/mmcm_adv_inst_display_clocks/inst/clk_in1
    MMCME2_ADV_X1Y0      MMCME2_ADV (Prop_mmcme2_adv_CLKIN1_CLKOUT1)
                                                     -4.637     5.335 r  datapath/video_inst/mmcm_adv_inst_display_clocks/inst/mmcm_adv_inst/CLKOUT1
                         net (fo=1, routed)           2.574     7.909    datapath/video_inst/mmcm_adv_inst_display_clocks/inst/clk_out2_clk_wiz_0
    BUFGCTRL_X0Y0        BUFG (Prop_bufg_I_O)         0.091     8.000 r  datapath/video_inst/mmcm_adv_inst_display_clocks/inst/clkout2_buf/O
                         net (fo=44, routed)          1.707     9.707    datapath/video_inst/inst_dvid/clk_out2
    SLICE_X163Y134       FDSE                                         r  datapath/video_inst/inst_dvid/shift_red_reg[7]/C
                         clock pessimism              0.089     9.796    
                         clock uncertainty           -0.072     9.724    
    SLICE_X163Y134       FDSE (Setup_fdse_C_S)       -0.429     9.295    datapath/video_inst/inst_dvid/shift_red_reg[7]
  -------------------------------------------------------------------
                         required time                          9.295    
                         arrival time                          -5.658    
  -------------------------------------------------------------------
                         slack                                  3.637    

Slack (MET) :             4.389ns  (required time - arrival time)
  Source:                 datapath/video_inst/inst_dvid/shift_clock_reg[0]/C
                            (rising edge-triggered cell FDRE clocked by clk_out2_clk_wiz_0  {rise@0.000ns fall@4.000ns period=8.000ns})
  Destination:            datapath/video_inst/inst_dvid/shift_red_reg[8]/R
                            (rising edge-triggered cell FDRE clocked by clk_out2_clk_wiz_0  {rise@0.000ns fall@4.000ns period=8.000ns})
  Path Group:             clk_out2_clk_wiz_0
  Path Type:              Setup (Max at Slow Process Corner)
  Requirement:            8.000ns  (clk_out2_clk_wiz_0 rise@8.000ns - clk_out2_clk_wiz_0 rise@0.000ns)
  Data Path Delay:        3.074ns  (logic 0.766ns (24.917%)  route 2.308ns (75.083%))
  Logic Levels:           2  (LUT5=1 LUT6=1)
  Clock Path Skew:        -0.036ns (DCD - SCD + CPR)
    Destination Clock Delay (DCD):    1.708ns = ( 9.708 - 8.000 ) 
    Source Clock Delay      (SCD):    1.833ns
    Clock Pessimism Removal (CPR):    0.089ns
  Clock Uncertainty:      0.072ns  ((TSJ^2 + DJ^2)^1/2) / 2 + PE
    Total System Jitter     (TSJ):    0.071ns
    Discrete Jitter          (DJ):    0.125ns
    Phase Error              (PE):    0.000ns

    Location             Delay type                Incr(ns)  Path(ns)    Netlist Resource(s)
  -------------------------------------------------------------------    -------------------
                         (clock clk_out2_clk_wiz_0 rise edge)
                                                      0.000     0.000 r  
    BUFGCTRL_X0Y4        BUFG                         0.000     0.000 r  clk_IBUF_BUFG_inst/O
                         net (fo=85, routed)          2.106     2.106    datapath/video_inst/mmcm_adv_inst_display_clocks/inst/clk_in1
    MMCME2_ADV_X1Y0      MMCME2_ADV (Prop_mmcme2_adv_CLKIN1_CLKOUT1)
                                                     -4.900    -2.793 r  datapath/video_inst/mmcm_adv_inst_display_clocks/inst/mmcm_adv_inst/CLKOUT1
                         net (fo=1, routed)           2.697    -0.096    datapath/video_inst/mmcm_adv_inst_display_clocks/inst/clk_out2_clk_wiz_0
    BUFGCTRL_X0Y0        BUFG (Prop_bufg_I_O)         0.096    -0.000 r  datapath/video_inst/mmcm_adv_inst_display_clocks/inst/clkout2_buf/O
                         net (fo=44, routed)          1.833     1.833    datapath/video_inst/inst_dvid/clk_out2
    SLICE_X162Y147       FDRE                                         r  datapath/video_inst/inst_dvid/shift_clock_reg[0]/C
  -------------------------------------------------------------------    -------------------
    SLICE_X162Y147       FDRE (Prop_fdre_C_Q)         0.518     2.351 f  datapath/video_inst/inst_dvid/shift_clock_reg[0]/Q
                         net (fo=3, routed)           0.678     3.030    datapath/video_inst/inst_dvid/shift_clock[0]
    SLICE_X163Y147       LUT6 (Prop_lut6_I5_O)        0.124     3.154 r  datapath/video_inst/inst_dvid/shift_red[9]_i_2/O
                         net (fo=1, routed)           0.425     3.579    datapath/video_inst/inst_dvid/shift_red[9]_i_2_n_0
    SLICE_X162Y147       LUT5 (Prop_lut5_I0_O)        0.124     3.703 r  datapath/video_inst/inst_dvid/shift_red[9]_i_1/O
                         net (fo=31, routed)          1.205     4.908    datapath/video_inst/inst_dvid/shift_red[9]_i_1_n_0
    SLICE_X161Y135       FDRE                                         r  datapath/video_inst/inst_dvid/shift_red_reg[8]/R
  -------------------------------------------------------------------    -------------------

                         (clock clk_out2_clk_wiz_0 rise edge)
                                                      8.000     8.000 r  
    BUFGCTRL_X0Y4        BUFG                         0.000     8.000 r  clk_IBUF_BUFG_inst/O
                         net (fo=85, routed)          1.972     9.972    datapath/video_inst/mmcm_adv_inst_display_clocks/inst/clk_in1
    MMCME2_ADV_X1Y0      MMCME2_ADV (Prop_mmcme2_adv_CLKIN1_CLKOUT1)
                                                     -4.637     5.335 r  datapath/video_inst/mmcm_adv_inst_display_clocks/inst/mmcm_adv_inst/CLKOUT1
                         net (fo=1, routed)           2.574     7.909    datapath/video_inst/mmcm_adv_inst_display_clocks/inst/clk_out2_clk_wiz_0
    BUFGCTRL_X0Y0        BUFG (Prop_bufg_I_O)         0.091     8.000 r  datapath/video_inst/mmcm_adv_inst_display_clocks/inst/clkout2_buf/O
                         net (fo=44, routed)          1.708     9.708    datapath/video_inst/inst_dvid/clk_out2
    SLICE_X161Y135       FDRE                                         r  datapath/video_inst/inst_dvid/shift_red_reg[8]/C
                         clock pessimism              0.089     9.797    
                         clock uncertainty           -0.072     9.725    
    SLICE_X161Y135       FDRE (Setup_fdre_C_R)       -0.429     9.296    datapath/video_inst/inst_dvid/shift_red_reg[8]
  -------------------------------------------------------------------
                         required time                          9.296    
                         arrival time                          -4.908    
  -------------------------------------------------------------------
                         slack                                  4.389    

Slack (MET) :             4.389ns  (required time - arrival time)
  Source:                 datapath/video_inst/inst_dvid/shift_clock_reg[0]/C
                            (rising edge-triggered cell FDRE clocked by clk_out2_clk_wiz_0  {rise@0.000ns fall@4.000ns period=8.000ns})
  Destination:            datapath/video_inst/inst_dvid/shift_red_reg[9]/R
                            (rising edge-triggered cell FDRE clocked by clk_out2_clk_wiz_0  {rise@0.000ns fall@4.000ns period=8.000ns})
  Path Group:             clk_out2_clk_wiz_0
  Path Type:              Setup (Max at Slow Process Corner)
  Requirement:            8.000ns  (clk_out2_clk_wiz_0 rise@8.000ns - clk_out2_clk_wiz_0 rise@0.000ns)
  Data Path Delay:        3.074ns  (logic 0.766ns (24.917%)  route 2.308ns (75.083%))
  Logic Levels:           2  (LUT5=1 LUT6=1)
  Clock Path Skew:        -0.036ns (DCD - SCD + CPR)
    Destination Clock Delay (DCD):    1.708ns = ( 9.708 - 8.000 ) 
    Source Clock Delay      (SCD):    1.833ns
    Clock Pessimism Removal (CPR):    0.089ns
  Clock Uncertainty:      0.072ns  ((TSJ^2 + DJ^2)^1/2) / 2 + PE
    Total System Jitter     (TSJ):    0.071ns
    Discrete Jitter          (DJ):    0.125ns
    Phase Error              (PE):    0.000ns

    Location             Delay type                Incr(ns)  Path(ns)    Netlist Resource(s)
  -------------------------------------------------------------------    -------------------
                         (clock clk_out2_clk_wiz_0 rise edge)
                                                      0.000     0.000 r  
    BUFGCTRL_X0Y4        BUFG                         0.000     0.000 r  clk_IBUF_BUFG_inst/O
                         net (fo=85, routed)          2.106     2.106    datapath/video_inst/mmcm_adv_inst_display_clocks/inst/clk_in1
    MMCME2_ADV_X1Y0      MMCME2_ADV (Prop_mmcme2_adv_CLKIN1_CLKOUT1)
                                                     -4.900    -2.793 r  datapath/video_inst/mmcm_adv_inst_display_clocks/inst/mmcm_adv_inst/CLKOUT1
                         net (fo=1, routed)           2.697    -0.096    datapath/video_inst/mmcm_adv_inst_display_clocks/inst/clk_out2_clk_wiz_0
    BUFGCTRL_X0Y0        BUFG (Prop_bufg_I_O)         0.096    -0.000 r  datapath/video_inst/mmcm_adv_inst_display_clocks/inst/clkout2_buf/O
                         net (fo=44, routed)          1.833     1.833    datapath/video_inst/inst_dvid/clk_out2
    SLICE_X162Y147       FDRE                                         r  datapath/video_inst/inst_dvid/shift_clock_reg[0]/C
  -------------------------------------------------------------------    -------------------
    SLICE_X162Y147       FDRE (Prop_fdre_C_Q)         0.518     2.351 f  datapath/video_inst/inst_dvid/shift_clock_reg[0]/Q
                         net (fo=3, routed)           0.678     3.030    datapath/video_inst/inst_dvid/shift_clock[0]
    SLICE_X163Y147       LUT6 (Prop_lut6_I5_O)        0.124     3.154 r  datapath/video_inst/inst_dvid/shift_red[9]_i_2/O
                         net (fo=1, routed)           0.425     3.579    datapath/video_inst/inst_dvid/shift_red[9]_i_2_n_0
    SLICE_X162Y147       LUT5 (Prop_lut5_I0_O)        0.124     3.703 r  datapath/video_inst/inst_dvid/shift_red[9]_i_1/O
                         net (fo=31, routed)          1.205     4.908    datapath/video_inst/inst_dvid/shift_red[9]_i_1_n_0
    SLICE_X161Y135       FDRE                                         r  datapath/video_inst/inst_dvid/shift_red_reg[9]/R
  -------------------------------------------------------------------    -------------------

                         (clock clk_out2_clk_wiz_0 rise edge)
                                                      8.000     8.000 r  
    BUFGCTRL_X0Y4        BUFG                         0.000     8.000 r  clk_IBUF_BUFG_inst/O
                         net (fo=85, routed)          1.972     9.972    datapath/video_inst/mmcm_adv_inst_display_clocks/inst/clk_in1
    MMCME2_ADV_X1Y0      MMCME2_ADV (Prop_mmcme2_adv_CLKIN1_CLKOUT1)
                                                     -4.637     5.335 r  datapath/video_inst/mmcm_adv_inst_display_clocks/inst/mmcm_adv_inst/CLKOUT1
                         net (fo=1, routed)           2.574     7.909    datapath/video_inst/mmcm_adv_inst_display_clocks/inst/clk_out2_clk_wiz_0
    BUFGCTRL_X0Y0        BUFG (Prop_bufg_I_O)         0.091     8.000 r  datapath/video_inst/mmcm_adv_inst_display_clocks/inst/clkout2_buf/O
                         net (fo=44, routed)          1.708     9.708    datapath/video_inst/inst_dvid/clk_out2
    SLICE_X161Y135       FDRE                                         r  datapath/video_inst/inst_dvid/shift_red_reg[9]/C
                         clock pessimism              0.089     9.797    
                         clock uncertainty           -0.072     9.725    
    SLICE_X161Y135       FDRE (Setup_fdre_C_R)       -0.429     9.296    datapath/video_inst/inst_dvid/shift_red_reg[9]
  -------------------------------------------------------------------
                         required time                          9.296    
                         arrival time                          -4.908    
  -------------------------------------------------------------------
                         slack                                  4.389    

Slack (MET) :             4.391ns  (required time - arrival time)
  Source:                 datapath/video_inst/inst_dvid/shift_clock_reg[0]/C
                            (rising edge-triggered cell FDRE clocked by clk_out2_clk_wiz_0  {rise@0.000ns fall@4.000ns period=8.000ns})
  Destination:            datapath/video_inst/inst_dvid/shift_blue_reg[9]/R
                            (rising edge-triggered cell FDRE clocked by clk_out2_clk_wiz_0  {rise@0.000ns fall@4.000ns period=8.000ns})
  Path Group:             clk_out2_clk_wiz_0
  Path Type:              Setup (Max at Slow Process Corner)
  Requirement:            8.000ns  (clk_out2_clk_wiz_0 rise@8.000ns - clk_out2_clk_wiz_0 rise@0.000ns)
  Data Path Delay:        3.057ns  (logic 0.766ns (25.054%)  route 2.291ns (74.946%))
  Logic Levels:           2  (LUT5=1 LUT6=1)
  Clock Path Skew:        -0.051ns (DCD - SCD + CPR)
    Destination Clock Delay (DCD):    1.707ns = ( 9.707 - 8.000 ) 
    Source Clock Delay      (SCD):    1.833ns
    Clock Pessimism Removal (CPR):    0.075ns
  Clock Uncertainty:      0.072ns  ((TSJ^2 + DJ^2)^1/2) / 2 + PE
    Total System Jitter     (TSJ):    0.071ns
    Discrete Jitter          (DJ):    0.125ns
    Phase Error              (PE):    0.000ns

    Location             Delay type                Incr(ns)  Path(ns)    Netlist Resource(s)
  -------------------------------------------------------------------    -------------------
                         (clock clk_out2_clk_wiz_0 rise edge)
                                                      0.000     0.000 r  
    BUFGCTRL_X0Y4        BUFG                         0.000     0.000 r  clk_IBUF_BUFG_inst/O
                         net (fo=85, routed)          2.106     2.106    datapath/video_inst/mmcm_adv_inst_display_clocks/inst/clk_in1
    MMCME2_ADV_X1Y0      MMCME2_ADV (Prop_mmcme2_adv_CLKIN1_CLKOUT1)
                                                     -4.900    -2.793 r  datapath/video_inst/mmcm_adv_inst_display_clocks/inst/mmcm_adv_inst/CLKOUT1
                         net (fo=1, routed)           2.697    -0.096    datapath/video_inst/mmcm_adv_inst_display_clocks/inst/clk_out2_clk_wiz_0
    BUFGCTRL_X0Y0        BUFG (Prop_bufg_I_O)         0.096    -0.000 r  datapath/video_inst/mmcm_adv_inst_display_clocks/inst/clkout2_buf/O
                         net (fo=44, routed)          1.833     1.833    datapath/video_inst/inst_dvid/clk_out2
    SLICE_X162Y147       FDRE                                         r  datapath/video_inst/inst_dvid/shift_clock_reg[0]/C
  -------------------------------------------------------------------    -------------------
    SLICE_X162Y147       FDRE (Prop_fdre_C_Q)         0.518     2.351 f  datapath/video_inst/inst_dvid/shift_clock_reg[0]/Q
                         net (fo=3, routed)           0.678     3.030    datapath/video_inst/inst_dvid/shift_clock[0]
    SLICE_X163Y147       LUT6 (Prop_lut6_I5_O)        0.124     3.154 r  datapath/video_inst/inst_dvid/shift_red[9]_i_2/O
                         net (fo=1, routed)           0.425     3.579    datapath/video_inst/inst_dvid/shift_red[9]_i_2_n_0
    SLICE_X162Y147       LUT5 (Prop_lut5_I0_O)        0.124     3.703 r  datapath/video_inst/inst_dvid/shift_red[9]_i_1/O
                         net (fo=31, routed)          1.188     4.891    datapath/video_inst/inst_dvid/shift_red[9]_i_1_n_0
    SLICE_X159Y137       FDRE                                         r  datapath/video_inst/inst_dvid/shift_blue_reg[9]/R
  -------------------------------------------------------------------    -------------------

                         (clock clk_out2_clk_wiz_0 rise edge)
                                                      8.000     8.000 r  
    BUFGCTRL_X0Y4        BUFG                         0.000     8.000 r  clk_IBUF_BUFG_inst/O
                         net (fo=85, routed)          1.972     9.972    datapath/video_inst/mmcm_adv_inst_display_clocks/inst/clk_in1
    MMCME2_ADV_X1Y0      MMCME2_ADV (Prop_mmcme2_adv_CLKIN1_CLKOUT1)
                                                     -4.637     5.335 r  datapath/video_inst/mmcm_adv_inst_display_clocks/inst/mmcm_adv_inst/CLKOUT1
                         net (fo=1, routed)           2.574     7.909    datapath/video_inst/mmcm_adv_inst_display_clocks/inst/clk_out2_clk_wiz_0
    BUFGCTRL_X0Y0        BUFG (Prop_bufg_I_O)         0.091     8.000 r  datapath/video_inst/mmcm_adv_inst_display_clocks/inst/clkout2_buf/O
                         net (fo=44, routed)          1.707     9.707    datapath/video_inst/inst_dvid/clk_out2
    SLICE_X159Y137       FDRE                                         r  datapath/video_inst/inst_dvid/shift_blue_reg[9]/C
                         clock pessimism              0.075     9.782    
                         clock uncertainty           -0.072     9.710    
    SLICE_X159Y137       FDRE (Setup_fdre_C_R)       -0.429     9.281    datapath/video_inst/inst_dvid/shift_blue_reg[9]
  -------------------------------------------------------------------
                         required time                          9.281    
                         arrival time                          -4.891    
  -------------------------------------------------------------------
                         slack                                  4.391    

Slack (MET) :             4.391ns  (required time - arrival time)
  Source:                 datapath/video_inst/inst_dvid/shift_clock_reg[0]/C
                            (rising edge-triggered cell FDRE clocked by clk_out2_clk_wiz_0  {rise@0.000ns fall@4.000ns period=8.000ns})
  Destination:            datapath/video_inst/inst_dvid/shift_green_reg[8]/R
                            (rising edge-triggered cell FDRE clocked by clk_out2_clk_wiz_0  {rise@0.000ns fall@4.000ns period=8.000ns})
  Path Group:             clk_out2_clk_wiz_0
  Path Type:              Setup (Max at Slow Process Corner)
  Requirement:            8.000ns  (clk_out2_clk_wiz_0 rise@8.000ns - clk_out2_clk_wiz_0 rise@0.000ns)
  Data Path Delay:        3.057ns  (logic 0.766ns (25.054%)  route 2.291ns (74.946%))
  Logic Levels:           2  (LUT5=1 LUT6=1)
  Clock Path Skew:        -0.051ns (DCD - SCD + CPR)
    Destination Clock Delay (DCD):    1.707ns = ( 9.707 - 8.000 ) 
    Source Clock Delay      (SCD):    1.833ns
    Clock Pessimism Removal (CPR):    0.075ns
  Clock Uncertainty:      0.072ns  ((TSJ^2 + DJ^2)^1/2) / 2 + PE
    Total System Jitter     (TSJ):    0.071ns
    Discrete Jitter          (DJ):    0.125ns
    Phase Error              (PE):    0.000ns

    Location             Delay type                Incr(ns)  Path(ns)    Netlist Resource(s)
  -------------------------------------------------------------------    -------------------
                         (clock clk_out2_clk_wiz_0 rise edge)
                                                      0.000     0.000 r  
    BUFGCTRL_X0Y4        BUFG                         0.000     0.000 r  clk_IBUF_BUFG_inst/O
                         net (fo=85, routed)          2.106     2.106    datapath/video_inst/mmcm_adv_inst_display_clocks/inst/clk_in1
    MMCME2_ADV_X1Y0      MMCME2_ADV (Prop_mmcme2_adv_CLKIN1_CLKOUT1)
                                                     -4.900    -2.793 r  datapath/video_inst/mmcm_adv_inst_display_clocks/inst/mmcm_adv_inst/CLKOUT1
                         net (fo=1, routed)           2.697    -0.096    datapath/video_inst/mmcm_adv_inst_display_clocks/inst/clk_out2_clk_wiz_0
    BUFGCTRL_X0Y0        BUFG (Prop_bufg_I_O)         0.096    -0.000 r  datapath/video_inst/mmcm_adv_inst_display_clocks/inst/clkout2_buf/O
                         net (fo=44, routed)          1.833     1.833    datapath/video_inst/inst_dvid/clk_out2
    SLICE_X162Y147       FDRE                                         r  datapath/video_inst/inst_dvid/shift_clock_reg[0]/C
  -------------------------------------------------------------------    -------------------
    SLICE_X162Y147       FDRE (Prop_fdre_C_Q)         0.518     2.351 f  datapath/video_inst/inst_dvid/shift_clock_reg[0]/Q
                         net (fo=3, routed)           0.678     3.030    datapath/video_inst/inst_dvid/shift_clock[0]
    SLICE_X163Y147       LUT6 (Prop_lut6_I5_O)        0.124     3.154 r  datapath/video_inst/inst_dvid/shift_red[9]_i_2/O
                         net (fo=1, routed)           0.425     3.579    datapath/video_inst/inst_dvid/shift_red[9]_i_2_n_0
    SLICE_X162Y147       LUT5 (Prop_lut5_I0_O)        0.124     3.703 r  datapath/video_inst/inst_dvid/shift_red[9]_i_1/O
                         net (fo=31, routed)          1.188     4.891    datapath/video_inst/inst_dvid/shift_red[9]_i_1_n_0
    SLICE_X159Y137       FDRE                                         r  datapath/video_inst/inst_dvid/shift_green_reg[8]/R
  -------------------------------------------------------------------    -------------------

                         (clock clk_out2_clk_wiz_0 rise edge)
                                                      8.000     8.000 r  
    BUFGCTRL_X0Y4        BUFG                         0.000     8.000 r  clk_IBUF_BUFG_inst/O
                         net (fo=85, routed)          1.972     9.972    datapath/video_inst/mmcm_adv_inst_display_clocks/inst/clk_in1
    MMCME2_ADV_X1Y0      MMCME2_ADV (Prop_mmcme2_adv_CLKIN1_CLKOUT1)
                                                     -4.637     5.335 r  datapath/video_inst/mmcm_adv_inst_display_clocks/inst/mmcm_adv_inst/CLKOUT1
                         net (fo=1, routed)           2.574     7.909    datapath/video_inst/mmcm_adv_inst_display_clocks/inst/clk_out2_clk_wiz_0
    BUFGCTRL_X0Y0        BUFG (Prop_bufg_I_O)         0.091     8.000 r  datapath/video_inst/mmcm_adv_inst_display_clocks/inst/clkout2_buf/O
                         net (fo=44, routed)          1.707     9.707    datapath/video_inst/inst_dvid/clk_out2
    SLICE_X159Y137       FDRE                                         r  datapath/video_inst/inst_dvid/shift_green_reg[8]/C
                         clock pessimism              0.075     9.782    
                         clock uncertainty           -0.072     9.710    
    SLICE_X159Y137       FDRE (Setup_fdre_C_R)       -0.429     9.281    datapath/video_inst/inst_dvid/shift_green_reg[8]
  -------------------------------------------------------------------
                         required time                          9.281    
                         arrival time                          -4.891    
  -------------------------------------------------------------------
                         slack                                  4.391    

Slack (MET) :             4.391ns  (required time - arrival time)
  Source:                 datapath/video_inst/inst_dvid/shift_clock_reg[0]/C
                            (rising edge-triggered cell FDRE clocked by clk_out2_clk_wiz_0  {rise@0.000ns fall@4.000ns period=8.000ns})
  Destination:            datapath/video_inst/inst_dvid/shift_green_reg[9]/R
                            (rising edge-triggered cell FDRE clocked by clk_out2_clk_wiz_0  {rise@0.000ns fall@4.000ns period=8.000ns})
  Path Group:             clk_out2_clk_wiz_0
  Path Type:              Setup (Max at Slow Process Corner)
  Requirement:            8.000ns  (clk_out2_clk_wiz_0 rise@8.000ns - clk_out2_clk_wiz_0 rise@0.000ns)
  Data Path Delay:        3.057ns  (logic 0.766ns (25.054%)  route 2.291ns (74.946%))
  Logic Levels:           2  (LUT5=1 LUT6=1)
  Clock Path Skew:        -0.051ns (DCD - SCD + CPR)
    Destination Clock Delay (DCD):    1.707ns = ( 9.707 - 8.000 ) 
    Source Clock Delay      (SCD):    1.833ns
    Clock Pessimism Removal (CPR):    0.075ns
  Clock Uncertainty:      0.072ns  ((TSJ^2 + DJ^2)^1/2) / 2 + PE
    Total System Jitter     (TSJ):    0.071ns
    Discrete Jitter          (DJ):    0.125ns
    Phase Error              (PE):    0.000ns

    Location             Delay type                Incr(ns)  Path(ns)    Netlist Resource(s)
  -------------------------------------------------------------------    -------------------
                         (clock clk_out2_clk_wiz_0 rise edge)
                                                      0.000     0.000 r  
    BUFGCTRL_X0Y4        BUFG                         0.000     0.000 r  clk_IBUF_BUFG_inst/O
                         net (fo=85, routed)          2.106     2.106    datapath/video_inst/mmcm_adv_inst_display_clocks/inst/clk_in1
    MMCME2_ADV_X1Y0      MMCME2_ADV (Prop_mmcme2_adv_CLKIN1_CLKOUT1)
                                                     -4.900    -2.793 r  datapath/video_inst/mmcm_adv_inst_display_clocks/inst/mmcm_adv_inst/CLKOUT1
                         net (fo=1, routed)           2.697    -0.096    datapath/video_inst/mmcm_adv_inst_display_clocks/inst/clk_out2_clk_wiz_0
    BUFGCTRL_X0Y0        BUFG (Prop_bufg_I_O)         0.096    -0.000 r  datapath/video_inst/mmcm_adv_inst_display_clocks/inst/clkout2_buf/O
                         net (fo=44, routed)          1.833     1.833    datapath/video_inst/inst_dvid/clk_out2
    SLICE_X162Y147       FDRE                                         r  datapath/video_inst/inst_dvid/shift_clock_reg[0]/C
  -------------------------------------------------------------------    -------------------
    SLICE_X162Y147       FDRE (Prop_fdre_C_Q)         0.518     2.351 f  datapath/video_inst/inst_dvid/shift_clock_reg[0]/Q
                         net (fo=3, routed)           0.678     3.030    datapath/video_inst/inst_dvid/shift_clock[0]
    SLICE_X163Y147       LUT6 (Prop_lut6_I5_O)        0.124     3.154 r  datapath/video_inst/inst_dvid/shift_red[9]_i_2/O
                         net (fo=1, routed)           0.425     3.579    datapath/video_inst/inst_dvid/shift_red[9]_i_2_n_0
    SLICE_X162Y147       LUT5 (Prop_lut5_I0_O)        0.124     3.703 r  datapath/video_inst/inst_dvid/shift_red[9]_i_1/O
                         net (fo=31, routed)          1.188     4.891    datapath/video_inst/inst_dvid/shift_red[9]_i_1_n_0
    SLICE_X159Y137       FDRE                                         r  datapath/video_inst/inst_dvid/shift_green_reg[9]/R
  -------------------------------------------------------------------    -------------------

                         (clock clk_out2_clk_wiz_0 rise edge)
                                                      8.000     8.000 r  
    BUFGCTRL_X0Y4        BUFG                         0.000     8.000 r  clk_IBUF_BUFG_inst/O
                         net (fo=85, routed)          1.972     9.972    datapath/video_inst/mmcm_adv_inst_display_clocks/inst/clk_in1
    MMCME2_ADV_X1Y0      MMCME2_ADV (Prop_mmcme2_adv_CLKIN1_CLKOUT1)
                                                     -4.637     5.335 r  datapath/video_inst/mmcm_adv_inst_display_clocks/inst/mmcm_adv_inst/CLKOUT1
                         net (fo=1, routed)           2.574     7.909    datapath/video_inst/mmcm_adv_inst_display_clocks/inst/clk_out2_clk_wiz_0
    BUFGCTRL_X0Y0        BUFG (Prop_bufg_I_O)         0.091     8.000 r  datapath/video_inst/mmcm_adv_inst_display_clocks/inst/clkout2_buf/O
                         net (fo=44, routed)          1.707     9.707    datapath/video_inst/inst_dvid/clk_out2
    SLICE_X159Y137       FDRE                                         r  datapath/video_inst/inst_dvid/shift_green_reg[9]/C
                         clock pessimism              0.075     9.782    
                         clock uncertainty           -0.072     9.710    
    SLICE_X159Y137       FDRE (Setup_fdre_C_R)       -0.429     9.281    datapath/video_inst/inst_dvid/shift_green_reg[9]
  -------------------------------------------------------------------
                         required time                          9.281    
                         arrival time                          -4.891    
  -------------------------------------------------------------------
                         slack                                  4.391    





Min Delay Paths
--------------------------------------------------------------------------------------
Slack (MET) :             0.150ns  (arrival time - required time)
  Source:                 datapath/video_inst/inst_dvid/shift_red_reg[8]/C
                            (rising edge-triggered cell FDRE clocked by clk_out2_clk_wiz_0  {rise@0.000ns fall@4.000ns period=8.000ns})
  Destination:            datapath/video_inst/inst_dvid/shift_red_reg[6]/D
                            (rising edge-triggered cell FDRE clocked by clk_out2_clk_wiz_0  {rise@0.000ns fall@4.000ns period=8.000ns})
  Path Group:             clk_out2_clk_wiz_0
  Path Type:              Hold (Min at Fast Process Corner)
  Requirement:            0.000ns  (clk_out2_clk_wiz_0 rise@0.000ns - clk_out2_clk_wiz_0 rise@0.000ns)
  Data Path Delay:        0.286ns  (logic 0.186ns (64.996%)  route 0.100ns (35.004%))
  Logic Levels:           1  (LUT3=1)
  Clock Path Skew:        0.015ns (DCD - SCD - CPR)
    Destination Clock Delay (DCD):    0.916ns
    Source Clock Delay      (SCD):    0.644ns
    Clock Pessimism Removal (CPR):    0.257ns

    Location             Delay type                Incr(ns)  Path(ns)    Netlist Resource(s)
  -------------------------------------------------------------------    -------------------
                         (clock clk_out2_clk_wiz_0 rise edge)
                                                      0.000     0.000 r  
    BUFGCTRL_X0Y4        BUFG                         0.000     0.000 r  clk_IBUF_BUFG_inst/O
                         net (fo=85, routed)          0.745     0.745    datapath/video_inst/mmcm_adv_inst_display_clocks/inst/clk_in1
    MMCME2_ADV_X1Y0      MMCME2_ADV (Prop_mmcme2_adv_CLKIN1_CLKOUT1)
                                                     -1.683    -0.938 r  datapath/video_inst/mmcm_adv_inst_display_clocks/inst/mmcm_adv_inst/CLKOUT1
                         net (fo=1, routed)           0.912    -0.026    datapath/video_inst/mmcm_adv_inst_display_clocks/inst/clk_out2_clk_wiz_0
    BUFGCTRL_X0Y0        BUFG (Prop_bufg_I_O)         0.026    -0.000 r  datapath/video_inst/mmcm_adv_inst_display_clocks/inst/clkout2_buf/O
                         net (fo=44, routed)          0.644     0.644    datapath/video_inst/inst_dvid/clk_out2
    SLICE_X161Y135       FDRE                                         r  datapath/video_inst/inst_dvid/shift_red_reg[8]/C
  -------------------------------------------------------------------    -------------------
    SLICE_X161Y135       FDRE (Prop_fdre_C_Q)         0.141     0.785 r  datapath/video_inst/inst_dvid/shift_red_reg[8]/Q
                         net (fo=1, routed)           0.100     0.885    datapath/video_inst/inst_dvid/data1[6]
    SLICE_X162Y135       LUT3 (Prop_lut3_I0_O)        0.045     0.930 r  datapath/video_inst/inst_dvid/shift_red[6]_i_1/O
                         net (fo=1, routed)           0.000     0.930    datapath/video_inst/inst_dvid/shift_red[6]
    SLICE_X162Y135       FDRE                                         r  datapath/video_inst/inst_dvid/shift_red_reg[6]/D
  -------------------------------------------------------------------    -------------------

                         (clock clk_out2_clk_wiz_0 rise edge)
                                                      0.000     0.000 r  
    BUFGCTRL_X0Y4        BUFG                         0.000     0.000 r  clk_IBUF_BUFG_inst/O
                         net (fo=85, routed)          1.022     1.022    datapath/video_inst/mmcm_adv_inst_display_clocks/inst/clk_in1
    MMCME2_ADV_X1Y0      MMCME2_ADV (Prop_mmcme2_adv_CLKIN1_CLKOUT1)
                                                     -2.040    -1.018 r  datapath/video_inst/mmcm_adv_inst_display_clocks/inst/mmcm_adv_inst/CLKOUT1
                         net (fo=1, routed)           0.989    -0.029    datapath/video_inst/mmcm_adv_inst_display_clocks/inst/clk_out2_clk_wiz_0
    BUFGCTRL_X0Y0        BUFG (Prop_bufg_I_O)         0.029    -0.000 r  datapath/video_inst/mmcm_adv_inst_display_clocks/inst/clkout2_buf/O
                         net (fo=44, routed)          0.916     0.916    datapath/video_inst/inst_dvid/clk_out2
    SLICE_X162Y135       FDRE                                         r  datapath/video_inst/inst_dvid/shift_red_reg[6]/C
                         clock pessimism             -0.257     0.659    
    SLICE_X162Y135       FDRE (Hold_fdre_C_D)         0.121     0.780    datapath/video_inst/inst_dvid/shift_red_reg[6]
  -------------------------------------------------------------------
                         required time                         -0.780    
                         arrival time                           0.930    
  -------------------------------------------------------------------
                         slack                                  0.150    

Slack (MET) :             0.175ns  (arrival time - required time)
  Source:                 datapath/video_inst/inst_dvid/shift_clock_reg[4]/C
                            (rising edge-triggered cell FDRE clocked by clk_out2_clk_wiz_0  {rise@0.000ns fall@4.000ns period=8.000ns})
  Destination:            datapath/video_inst/inst_dvid/shift_clock_reg[2]/D
                            (rising edge-triggered cell FDRE clocked by clk_out2_clk_wiz_0  {rise@0.000ns fall@4.000ns period=8.000ns})
  Path Group:             clk_out2_clk_wiz_0
  Path Type:              Hold (Min at Fast Process Corner)
  Requirement:            0.000ns  (clk_out2_clk_wiz_0 rise@0.000ns - clk_out2_clk_wiz_0 rise@0.000ns)
  Data Path Delay:        0.251ns  (logic 0.141ns (56.174%)  route 0.110ns (43.826%))
  Logic Levels:           0  
  Clock Path Skew:        0.013ns (DCD - SCD - CPR)
    Destination Clock Delay (DCD):    0.922ns
    Source Clock Delay      (SCD):    0.649ns
    Clock Pessimism Removal (CPR):    0.260ns

    Location             Delay type                Incr(ns)  Path(ns)    Netlist Resource(s)
  -------------------------------------------------------------------    -------------------
                         (clock clk_out2_clk_wiz_0 rise edge)
                                                      0.000     0.000 r  
    BUFGCTRL_X0Y4        BUFG                         0.000     0.000 r  clk_IBUF_BUFG_inst/O
                         net (fo=85, routed)          0.745     0.745    datapath/video_inst/mmcm_adv_inst_display_clocks/inst/clk_in1
    MMCME2_ADV_X1Y0      MMCME2_ADV (Prop_mmcme2_adv_CLKIN1_CLKOUT1)
                                                     -1.683    -0.938 r  datapath/video_inst/mmcm_adv_inst_display_clocks/inst/mmcm_adv_inst/CLKOUT1
                         net (fo=1, routed)           0.912    -0.026    datapath/video_inst/mmcm_adv_inst_display_clocks/inst/clk_out2_clk_wiz_0
    BUFGCTRL_X0Y0        BUFG (Prop_bufg_I_O)         0.026    -0.000 r  datapath/video_inst/mmcm_adv_inst_display_clocks/inst/clkout2_buf/O
                         net (fo=44, routed)          0.649     0.649    datapath/video_inst/inst_dvid/clk_out2
    SLICE_X163Y147       FDRE                                         r  datapath/video_inst/inst_dvid/shift_clock_reg[4]/C
  -------------------------------------------------------------------    -------------------
    SLICE_X163Y147       FDRE (Prop_fdre_C_Q)         0.141     0.790 r  datapath/video_inst/inst_dvid/shift_clock_reg[4]/Q
                         net (fo=2, routed)           0.110     0.900    datapath/video_inst/inst_dvid/shift_clock_reg_n_0_[4]
    SLICE_X162Y147       FDRE                                         r  datapath/video_inst/inst_dvid/shift_clock_reg[2]/D
  -------------------------------------------------------------------    -------------------

                         (clock clk_out2_clk_wiz_0 rise edge)
                                                      0.000     0.000 r  
    BUFGCTRL_X0Y4        BUFG                         0.000     0.000 r  clk_IBUF_BUFG_inst/O
                         net (fo=85, routed)          1.022     1.022    datapath/video_inst/mmcm_adv_inst_display_clocks/inst/clk_in1
    MMCME2_ADV_X1Y0      MMCME2_ADV (Prop_mmcme2_adv_CLKIN1_CLKOUT1)
                                                     -2.040    -1.018 r  datapath/video_inst/mmcm_adv_inst_display_clocks/inst/mmcm_adv_inst/CLKOUT1
                         net (fo=1, routed)           0.989    -0.029    datapath/video_inst/mmcm_adv_inst_display_clocks/inst/clk_out2_clk_wiz_0
    BUFGCTRL_X0Y0        BUFG (Prop_bufg_I_O)         0.029    -0.000 r  datapath/video_inst/mmcm_adv_inst_display_clocks/inst/clkout2_buf/O
                         net (fo=44, routed)          0.922     0.922    datapath/video_inst/inst_dvid/clk_out2
    SLICE_X162Y147       FDRE                                         r  datapath/video_inst/inst_dvid/shift_clock_reg[2]/C
                         clock pessimism             -0.260     0.662    
    SLICE_X162Y147       FDRE (Hold_fdre_C_D)         0.063     0.725    datapath/video_inst/inst_dvid/shift_clock_reg[2]
  -------------------------------------------------------------------
                         required time                         -0.725    
                         arrival time                           0.900    
  -------------------------------------------------------------------
                         slack                                  0.175    

Slack (MET) :             0.233ns  (arrival time - required time)
  Source:                 datapath/video_inst/inst_dvid/shift_clock_reg[2]/C
                            (rising edge-triggered cell FDRE clocked by clk_out2_clk_wiz_0  {rise@0.000ns fall@4.000ns period=8.000ns})
  Destination:            datapath/video_inst/inst_dvid/shift_clock_reg[0]/D
                            (rising edge-triggered cell FDRE clocked by clk_out2_clk_wiz_0  {rise@0.000ns fall@4.000ns period=8.000ns})
  Path Group:             clk_out2_clk_wiz_0
  Path Type:              Hold (Min at Fast Process Corner)
  Requirement:            0.000ns  (clk_out2_clk_wiz_0 rise@0.000ns - clk_out2_clk_wiz_0 rise@0.000ns)
  Data Path Delay:        0.292ns  (logic 0.164ns (56.232%)  route 0.128ns (43.768%))
  Logic Levels:           0  
  Clock Path Skew:        0.000ns (DCD - SCD - CPR)
    Destination Clock Delay (DCD):    0.922ns
    Source Clock Delay      (SCD):    0.649ns
    Clock Pessimism Removal (CPR):    0.273ns

    Location             Delay type                Incr(ns)  Path(ns)    Netlist Resource(s)
  -------------------------------------------------------------------    -------------------
                         (clock clk_out2_clk_wiz_0 rise edge)
                                                      0.000     0.000 r  
    BUFGCTRL_X0Y4        BUFG                         0.000     0.000 r  clk_IBUF_BUFG_inst/O
                         net (fo=85, routed)          0.745     0.745    datapath/video_inst/mmcm_adv_inst_display_clocks/inst/clk_in1
    MMCME2_ADV_X1Y0      MMCME2_ADV (Prop_mmcme2_adv_CLKIN1_CLKOUT1)
                                                     -1.683    -0.938 r  datapath/video_inst/mmcm_adv_inst_display_clocks/inst/mmcm_adv_inst/CLKOUT1
                         net (fo=1, routed)           0.912    -0.026    datapath/video_inst/mmcm_adv_inst_display_clocks/inst/clk_out2_clk_wiz_0
    BUFGCTRL_X0Y0        BUFG (Prop_bufg_I_O)         0.026    -0.000 r  datapath/video_inst/mmcm_adv_inst_display_clocks/inst/clkout2_buf/O
                         net (fo=44, routed)          0.649     0.649    datapath/video_inst/inst_dvid/clk_out2
    SLICE_X162Y147       FDRE                                         r  datapath/video_inst/inst_dvid/shift_clock_reg[2]/C
  -------------------------------------------------------------------    -------------------
    SLICE_X162Y147       FDRE (Prop_fdre_C_Q)         0.164     0.813 r  datapath/video_inst/inst_dvid/shift_clock_reg[2]/Q
                         net (fo=2, routed)           0.128     0.940    datapath/video_inst/inst_dvid/shift_clock_reg_n_0_[2]
    SLICE_X162Y147       FDRE                                         r  datapath/video_inst/inst_dvid/shift_clock_reg[0]/D
  -------------------------------------------------------------------    -------------------

                         (clock clk_out2_clk_wiz_0 rise edge)
                                                      0.000     0.000 r  
    BUFGCTRL_X0Y4        BUFG                         0.000     0.000 r  clk_IBUF_BUFG_inst/O
                         net (fo=85, routed)          1.022     1.022    datapath/video_inst/mmcm_adv_inst_display_clocks/inst/clk_in1
    MMCME2_ADV_X1Y0      MMCME2_ADV (Prop_mmcme2_adv_CLKIN1_CLKOUT1)
                                                     -2.040    -1.018 r  datapath/video_inst/mmcm_adv_inst_display_clocks/inst/mmcm_adv_inst/CLKOUT1
                         net (fo=1, routed)           0.989    -0.029    datapath/video_inst/mmcm_adv_inst_display_clocks/inst/clk_out2_clk_wiz_0
    BUFGCTRL_X0Y0        BUFG (Prop_bufg_I_O)         0.029    -0.000 r  datapath/video_inst/mmcm_adv_inst_display_clocks/inst/clkout2_buf/O
                         net (fo=44, routed)          0.922     0.922    datapath/video_inst/inst_dvid/clk_out2
    SLICE_X162Y147       FDRE                                         r  datapath/video_inst/inst_dvid/shift_clock_reg[0]/C
                         clock pessimism             -0.273     0.649    
    SLICE_X162Y147       FDRE (Hold_fdre_C_D)         0.059     0.708    datapath/video_inst/inst_dvid/shift_clock_reg[0]
  -------------------------------------------------------------------
                         required time                         -0.708    
                         arrival time                           0.940    
  -------------------------------------------------------------------
                         slack                                  0.233    

Slack (MET) :             0.233ns  (arrival time - required time)
  Source:                 datapath/video_inst/inst_dvid/shift_clock_reg[3]/C
                            (rising edge-triggered cell FDRE clocked by clk_out2_clk_wiz_0  {rise@0.000ns fall@4.000ns period=8.000ns})
  Destination:            datapath/video_inst/inst_dvid/shift_clock_reg[1]/D
                            (rising edge-triggered cell FDRE clocked by clk_out2_clk_wiz_0  {rise@0.000ns fall@4.000ns period=8.000ns})
  Path Group:             clk_out2_clk_wiz_0
  Path Type:              Hold (Min at Fast Process Corner)
  Requirement:            0.000ns  (clk_out2_clk_wiz_0 rise@0.000ns - clk_out2_clk_wiz_0 rise@0.000ns)
  Data Path Delay:        0.285ns  (logic 0.164ns (57.535%)  route 0.121ns (42.465%))
  Logic Levels:           0  
  Clock Path Skew:        0.000ns (DCD - SCD - CPR)
    Destination Clock Delay (DCD):    0.922ns
    Source Clock Delay      (SCD):    0.649ns
    Clock Pessimism Removal (CPR):    0.273ns

    Location             Delay type                Incr(ns)  Path(ns)    Netlist Resource(s)
  -------------------------------------------------------------------    -------------------
                         (clock clk_out2_clk_wiz_0 rise edge)
                                                      0.000     0.000 r  
    BUFGCTRL_X0Y4        BUFG                         0.000     0.000 r  clk_IBUF_BUFG_inst/O
                         net (fo=85, routed)          0.745     0.745    datapath/video_inst/mmcm_adv_inst_display_clocks/inst/clk_in1
    MMCME2_ADV_X1Y0      MMCME2_ADV (Prop_mmcme2_adv_CLKIN1_CLKOUT1)
                                                     -1.683    -0.938 r  datapath/video_inst/mmcm_adv_inst_display_clocks/inst/mmcm_adv_inst/CLKOUT1
                         net (fo=1, routed)           0.912    -0.026    datapath/video_inst/mmcm_adv_inst_display_clocks/inst/clk_out2_clk_wiz_0
    BUFGCTRL_X0Y0        BUFG (Prop_bufg_I_O)         0.026    -0.000 r  datapath/video_inst/mmcm_adv_inst_display_clocks/inst/clkout2_buf/O
                         net (fo=44, routed)          0.649     0.649    datapath/video_inst/inst_dvid/clk_out2
    SLICE_X162Y147       FDRE                                         r  datapath/video_inst/inst_dvid/shift_clock_reg[3]/C
  -------------------------------------------------------------------    -------------------
    SLICE_X162Y147       FDRE (Prop_fdre_C_Q)         0.164     0.813 r  datapath/video_inst/inst_dvid/shift_clock_reg[3]/Q
                         net (fo=2, routed)           0.121     0.934    datapath/video_inst/inst_dvid/shift_clock_reg_n_0_[3]
    SLICE_X162Y147       FDRE                                         r  datapath/video_inst/inst_dvid/shift_clock_reg[1]/D
  -------------------------------------------------------------------    -------------------

                         (clock clk_out2_clk_wiz_0 rise edge)
                                                      0.000     0.000 r  
    BUFGCTRL_X0Y4        BUFG                         0.000     0.000 r  clk_IBUF_BUFG_inst/O
                         net (fo=85, routed)          1.022     1.022    datapath/video_inst/mmcm_adv_inst_display_clocks/inst/clk_in1
    MMCME2_ADV_X1Y0      MMCME2_ADV (Prop_mmcme2_adv_CLKIN1_CLKOUT1)
                                                     -2.040    -1.018 r  datapath/video_inst/mmcm_adv_inst_display_clocks/inst/mmcm_adv_inst/CLKOUT1
                         net (fo=1, routed)           0.989    -0.029    datapath/video_inst/mmcm_adv_inst_display_clocks/inst/clk_out2_clk_wiz_0
    BUFGCTRL_X0Y0        BUFG (Prop_bufg_I_O)         0.029    -0.000 r  datapath/video_inst/mmcm_adv_inst_display_clocks/inst/clkout2_buf/O
                         net (fo=44, routed)          0.922     0.922    datapath/video_inst/inst_dvid/clk_out2
    SLICE_X162Y147       FDRE                                         r  datapath/video_inst/inst_dvid/shift_clock_reg[1]/C
                         clock pessimism             -0.273     0.649    
    SLICE_X162Y147       FDRE (Hold_fdre_C_D)         0.052     0.701    datapath/video_inst/inst_dvid/shift_clock_reg[1]
  -------------------------------------------------------------------
                         required time                         -0.701    
                         arrival time                           0.934    
  -------------------------------------------------------------------
                         slack                                  0.233    

Slack (MET) :             0.256ns  (arrival time - required time)
  Source:                 datapath/video_inst/inst_dvid/shift_green_reg[9]/C
                            (rising edge-triggered cell FDRE clocked by clk_out2_clk_wiz_0  {rise@0.000ns fall@4.000ns period=8.000ns})
  Destination:            datapath/video_inst/inst_dvid/shift_green_reg[7]/D
                            (rising edge-triggered cell FDRE clocked by clk_out2_clk_wiz_0  {rise@0.000ns fall@4.000ns period=8.000ns})
  Path Group:             clk_out2_clk_wiz_0
  Path Type:              Hold (Min at Fast Process Corner)
  Requirement:            0.000ns  (clk_out2_clk_wiz_0 rise@0.000ns - clk_out2_clk_wiz_0 rise@0.000ns)
  Data Path Delay:        0.402ns  (logic 0.183ns (45.531%)  route 0.219ns (54.469%))
  Logic Levels:           1  (LUT3=1)
  Clock Path Skew:        0.039ns (DCD - SCD - CPR)
    Destination Clock Delay (DCD):    0.917ns
    Source Clock Delay      (SCD):    0.644ns
    Clock Pessimism Removal (CPR):    0.234ns

    Location             Delay type                Incr(ns)  Path(ns)    Netlist Resource(s)
  -------------------------------------------------------------------    -------------------
                         (clock clk_out2_clk_wiz_0 rise edge)
                                                      0.000     0.000 r  
    BUFGCTRL_X0Y4        BUFG                         0.000     0.000 r  clk_IBUF_BUFG_inst/O
                         net (fo=85, routed)          0.745     0.745    datapath/video_inst/mmcm_adv_inst_display_clocks/inst/clk_in1
    MMCME2_ADV_X1Y0      MMCME2_ADV (Prop_mmcme2_adv_CLKIN1_CLKOUT1)
                                                     -1.683    -0.938 r  datapath/video_inst/mmcm_adv_inst_display_clocks/inst/mmcm_adv_inst/CLKOUT1
                         net (fo=1, routed)           0.912    -0.026    datapath/video_inst/mmcm_adv_inst_display_clocks/inst/clk_out2_clk_wiz_0
    BUFGCTRL_X0Y0        BUFG (Prop_bufg_I_O)         0.026    -0.000 r  datapath/video_inst/mmcm_adv_inst_display_clocks/inst/clkout2_buf/O
                         net (fo=44, routed)          0.644     0.644    datapath/video_inst/inst_dvid/clk_out2
    SLICE_X159Y137       FDRE                                         r  datapath/video_inst/inst_dvid/shift_green_reg[9]/C
  -------------------------------------------------------------------    -------------------
    SLICE_X159Y137       FDRE (Prop_fdre_C_Q)         0.141     0.785 r  datapath/video_inst/inst_dvid/shift_green_reg[9]/Q
                         net (fo=1, routed)           0.219     1.004    datapath/video_inst/inst_dvid/shift_green[9]
    SLICE_X160Y137       LUT3 (Prop_lut3_I0_O)        0.042     1.046 r  datapath/video_inst/inst_dvid/shift_green[7]_i_1/O
                         net (fo=1, routed)           0.000     1.046    datapath/video_inst/inst_dvid/shift_green_1[7]
    SLICE_X160Y137       FDRE                                         r  datapath/video_inst/inst_dvid/shift_green_reg[7]/D
  -------------------------------------------------------------------    -------------------

                         (clock clk_out2_clk_wiz_0 rise edge)
                                                      0.000     0.000 r  
    BUFGCTRL_X0Y4        BUFG                         0.000     0.000 r  clk_IBUF_BUFG_inst/O
                         net (fo=85, routed)          1.022     1.022    datapath/video_inst/mmcm_adv_inst_display_clocks/inst/clk_in1
    MMCME2_ADV_X1Y0      MMCME2_ADV (Prop_mmcme2_adv_CLKIN1_CLKOUT1)
                                                     -2.040    -1.018 r  datapath/video_inst/mmcm_adv_inst_display_clocks/inst/mmcm_adv_inst/CLKOUT1
                         net (fo=1, routed)           0.989    -0.029    datapath/video_inst/mmcm_adv_inst_display_clocks/inst/clk_out2_clk_wiz_0
    BUFGCTRL_X0Y0        BUFG (Prop_bufg_I_O)         0.029    -0.000 r  datapath/video_inst/mmcm_adv_inst_display_clocks/inst/clkout2_buf/O
                         net (fo=44, routed)          0.917     0.917    datapath/video_inst/inst_dvid/clk_out2
    SLICE_X160Y137       FDRE                                         r  datapath/video_inst/inst_dvid/shift_green_reg[7]/C
                         clock pessimism             -0.234     0.683    
    SLICE_X160Y137       FDRE (Hold_fdre_C_D)         0.107     0.790    datapath/video_inst/inst_dvid/shift_green_reg[7]
  -------------------------------------------------------------------
                         required time                         -0.790    
                         arrival time                           1.046    
  -------------------------------------------------------------------
                         slack                                  0.256    

Slack (MET) :             0.274ns  (arrival time - required time)
  Source:                 datapath/video_inst/inst_dvid/shift_red_reg[7]/C
                            (rising edge-triggered cell FDSE clocked by clk_out2_clk_wiz_0  {rise@0.000ns fall@4.000ns period=8.000ns})
  Destination:            datapath/video_inst/inst_dvid/shift_red_reg[5]/D
                            (rising edge-triggered cell FDSE clocked by clk_out2_clk_wiz_0  {rise@0.000ns fall@4.000ns period=8.000ns})
  Path Group:             clk_out2_clk_wiz_0
  Path Type:              Hold (Min at Fast Process Corner)
  Requirement:            0.000ns  (clk_out2_clk_wiz_0 rise@0.000ns - clk_out2_clk_wiz_0 rise@0.000ns)
  Data Path Delay:        0.381ns  (logic 0.186ns (48.770%)  route 0.195ns (51.230%))
  Logic Levels:           1  (LUT2=1)
  Clock Path Skew:        0.000ns (DCD - SCD - CPR)
    Destination Clock Delay (DCD):    0.915ns
    Source Clock Delay      (SCD):    0.644ns
    Clock Pessimism Removal (CPR):    0.271ns

    Location             Delay type                Incr(ns)  Path(ns)    Netlist Resource(s)
  -------------------------------------------------------------------    -------------------
                         (clock clk_out2_clk_wiz_0 rise edge)
                                                      0.000     0.000 r  
    BUFGCTRL_X0Y4        BUFG                         0.000     0.000 r  clk_IBUF_BUFG_inst/O
                         net (fo=85, routed)          0.745     0.745    datapath/video_inst/mmcm_adv_inst_display_clocks/inst/clk_in1
    MMCME2_ADV_X1Y0      MMCME2_ADV (Prop_mmcme2_adv_CLKIN1_CLKOUT1)
                                                     -1.683    -0.938 r  datapath/video_inst/mmcm_adv_inst_display_clocks/inst/mmcm_adv_inst/CLKOUT1
                         net (fo=1, routed)           0.912    -0.026    datapath/video_inst/mmcm_adv_inst_display_clocks/inst/clk_out2_clk_wiz_0
    BUFGCTRL_X0Y0        BUFG (Prop_bufg_I_O)         0.026    -0.000 r  datapath/video_inst/mmcm_adv_inst_display_clocks/inst/clkout2_buf/O
                         net (fo=44, routed)          0.644     0.644    datapath/video_inst/inst_dvid/clk_out2
    SLICE_X163Y134       FDSE                                         r  datapath/video_inst/inst_dvid/shift_red_reg[7]/C
  -------------------------------------------------------------------    -------------------
    SLICE_X163Y134       FDSE (Prop_fdse_C_Q)         0.141     0.785 r  datapath/video_inst/inst_dvid/shift_red_reg[7]/Q
                         net (fo=1, routed)           0.195     0.980    datapath/video_inst/inst_dvid/data1[5]
    SLICE_X163Y134       LUT2 (Prop_lut2_I1_O)        0.045     1.025 r  datapath/video_inst/inst_dvid/shift_red[5]_i_1/O
                         net (fo=1, routed)           0.000     1.025    datapath/video_inst/inst_dvid/shift_red[5]_i_1_n_0
    SLICE_X163Y134       FDSE                                         r  datapath/video_inst/inst_dvid/shift_red_reg[5]/D
  -------------------------------------------------------------------    -------------------

                         (clock clk_out2_clk_wiz_0 rise edge)
                                                      0.000     0.000 r  
    BUFGCTRL_X0Y4        BUFG                         0.000     0.000 r  clk_IBUF_BUFG_inst/O
                         net (fo=85, routed)          1.022     1.022    datapath/video_inst/mmcm_adv_inst_display_clocks/inst/clk_in1
    MMCME2_ADV_X1Y0      MMCME2_ADV (Prop_mmcme2_adv_CLKIN1_CLKOUT1)
                                                     -2.040    -1.018 r  datapath/video_inst/mmcm_adv_inst_display_clocks/inst/mmcm_adv_inst/CLKOUT1
                         net (fo=1, routed)           0.989    -0.029    datapath/video_inst/mmcm_adv_inst_display_clocks/inst/clk_out2_clk_wiz_0
    BUFGCTRL_X0Y0        BUFG (Prop_bufg_I_O)         0.029    -0.000 r  datapath/video_inst/mmcm_adv_inst_display_clocks/inst/clkout2_buf/O
                         net (fo=44, routed)          0.915     0.915    datapath/video_inst/inst_dvid/clk_out2
    SLICE_X163Y134       FDSE                                         r  datapath/video_inst/inst_dvid/shift_red_reg[5]/C
                         clock pessimism             -0.271     0.644    
    SLICE_X163Y134       FDSE (Hold_fdse_C_D)         0.107     0.751    datapath/video_inst/inst_dvid/shift_red_reg[5]
  -------------------------------------------------------------------
                         required time                         -0.751    
                         arrival time                           1.025    
  -------------------------------------------------------------------
                         slack                                  0.274    

Slack (MET) :             0.294ns  (arrival time - required time)
  Source:                 datapath/video_inst/inst_dvid/shift_blue_reg[5]/C
                            (rising edge-triggered cell FDRE clocked by clk_out2_clk_wiz_0  {rise@0.000ns fall@4.000ns period=8.000ns})
  Destination:            datapath/video_inst/inst_dvid/shift_blue_reg[3]/D
                            (rising edge-triggered cell FDRE clocked by clk_out2_clk_wiz_0  {rise@0.000ns fall@4.000ns period=8.000ns})
  Path Group:             clk_out2_clk_wiz_0
  Path Type:              Hold (Min at Fast Process Corner)
  Requirement:            0.000ns  (clk_out2_clk_wiz_0 rise@0.000ns - clk_out2_clk_wiz_0 rise@0.000ns)
  Data Path Delay:        0.401ns  (logic 0.184ns (45.885%)  route 0.217ns (54.115%))
  Logic Levels:           1  (LUT3=1)
  Clock Path Skew:        0.000ns (DCD - SCD - CPR)
    Destination Clock Delay (DCD):    0.919ns
    Source Clock Delay      (SCD):    0.646ns
    Clock Pessimism Removal (CPR):    0.273ns

    Location             Delay type                Incr(ns)  Path(ns)    Netlist Resource(s)
  -------------------------------------------------------------------    -------------------
                         (clock clk_out2_clk_wiz_0 rise edge)
                                                      0.000     0.000 r  
    BUFGCTRL_X0Y4        BUFG                         0.000     0.000 r  clk_IBUF_BUFG_inst/O
                         net (fo=85, routed)          0.745     0.745    datapath/video_inst/mmcm_adv_inst_display_clocks/inst/clk_in1
    MMCME2_ADV_X1Y0      MMCME2_ADV (Prop_mmcme2_adv_CLKIN1_CLKOUT1)
                                                     -1.683    -0.938 r  datapath/video_inst/mmcm_adv_inst_display_clocks/inst/mmcm_adv_inst/CLKOUT1
                         net (fo=1, routed)           0.912    -0.026    datapath/video_inst/mmcm_adv_inst_display_clocks/inst/clk_out2_clk_wiz_0
    BUFGCTRL_X0Y0        BUFG (Prop_bufg_I_O)         0.026    -0.000 r  datapath/video_inst/mmcm_adv_inst_display_clocks/inst/clkout2_buf/O
                         net (fo=44, routed)          0.646     0.646    datapath/video_inst/inst_dvid/clk_out2
    SLICE_X160Y139       FDRE                                         r  datapath/video_inst/inst_dvid/shift_blue_reg[5]/C
  -------------------------------------------------------------------    -------------------
    SLICE_X160Y139       FDRE (Prop_fdre_C_Q)         0.141     0.787 r  datapath/video_inst/inst_dvid/shift_blue_reg[5]/Q
                         net (fo=1, routed)           0.217     1.004    datapath/video_inst/inst_dvid/shift_blue[5]
    SLICE_X160Y139       LUT3 (Prop_lut3_I0_O)        0.043     1.047 r  datapath/video_inst/inst_dvid/shift_blue[3]_i_1/O
                         net (fo=1, routed)           0.000     1.047    datapath/video_inst/inst_dvid/shift_blue_0[3]
    SLICE_X160Y139       FDRE                                         r  datapath/video_inst/inst_dvid/shift_blue_reg[3]/D
  -------------------------------------------------------------------    -------------------

                         (clock clk_out2_clk_wiz_0 rise edge)
                                                      0.000     0.000 r  
    BUFGCTRL_X0Y4        BUFG                         0.000     0.000 r  clk_IBUF_BUFG_inst/O
                         net (fo=85, routed)          1.022     1.022    datapath/video_inst/mmcm_adv_inst_display_clocks/inst/clk_in1
    MMCME2_ADV_X1Y0      MMCME2_ADV (Prop_mmcme2_adv_CLKIN1_CLKOUT1)
                                                     -2.040    -1.018 r  datapath/video_inst/mmcm_adv_inst_display_clocks/inst/mmcm_adv_inst/CLKOUT1
                         net (fo=1, routed)           0.989    -0.029    datapath/video_inst/mmcm_adv_inst_display_clocks/inst/clk_out2_clk_wiz_0
    BUFGCTRL_X0Y0        BUFG (Prop_bufg_I_O)         0.029    -0.000 r  datapath/video_inst/mmcm_adv_inst_display_clocks/inst/clkout2_buf/O
                         net (fo=44, routed)          0.919     0.919    datapath/video_inst/inst_dvid/clk_out2
    SLICE_X160Y139       FDRE                                         r  datapath/video_inst/inst_dvid/shift_blue_reg[3]/C
                         clock pessimism             -0.273     0.646    
    SLICE_X160Y139       FDRE (Hold_fdre_C_D)         0.107     0.753    datapath/video_inst/inst_dvid/shift_blue_reg[3]
  -------------------------------------------------------------------
                         required time                         -0.753    
                         arrival time                           1.047    
  -------------------------------------------------------------------
                         slack                                  0.294    

Slack (MET) :             0.297ns  (arrival time - required time)
  Source:                 datapath/video_inst/inst_dvid/shift_red_reg[3]/C
                            (rising edge-triggered cell FDSE clocked by clk_out2_clk_wiz_0  {rise@0.000ns fall@4.000ns period=8.000ns})
  Destination:            datapath/video_inst/inst_dvid/shift_red_reg[1]/D
                            (rising edge-triggered cell FDSE clocked by clk_out2_clk_wiz_0  {rise@0.000ns fall@4.000ns period=8.000ns})
  Path Group:             clk_out2_clk_wiz_0
  Path Type:              Hold (Min at Fast Process Corner)
  Requirement:            0.000ns  (clk_out2_clk_wiz_0 rise@0.000ns - clk_out2_clk_wiz_0 rise@0.000ns)
  Data Path Delay:        0.404ns  (logic 0.185ns (45.780%)  route 0.219ns (54.220%))
  Logic Levels:           1  (LUT2=1)
  Clock Path Skew:        0.000ns (DCD - SCD - CPR)
    Destination Clock Delay (DCD):    0.915ns
    Source Clock Delay      (SCD):    0.644ns
    Clock Pessimism Removal (CPR):    0.271ns

    Location             Delay type                Incr(ns)  Path(ns)    Netlist Resource(s)
  -------------------------------------------------------------------    -------------------
                         (clock clk_out2_clk_wiz_0 rise edge)
                                                      0.000     0.000 r  
    BUFGCTRL_X0Y4        BUFG                         0.000     0.000 r  clk_IBUF_BUFG_inst/O
                         net (fo=85, routed)          0.745     0.745    datapath/video_inst/mmcm_adv_inst_display_clocks/inst/clk_in1
    MMCME2_ADV_X1Y0      MMCME2_ADV (Prop_mmcme2_adv_CLKIN1_CLKOUT1)
                                                     -1.683    -0.938 r  datapath/video_inst/mmcm_adv_inst_display_clocks/inst/mmcm_adv_inst/CLKOUT1
                         net (fo=1, routed)           0.912    -0.026    datapath/video_inst/mmcm_adv_inst_display_clocks/inst/clk_out2_clk_wiz_0
    BUFGCTRL_X0Y0        BUFG (Prop_bufg_I_O)         0.026    -0.000 r  datapath/video_inst/mmcm_adv_inst_display_clocks/inst/clkout2_buf/O
                         net (fo=44, routed)          0.644     0.644    datapath/video_inst/inst_dvid/clk_out2
    SLICE_X163Y134       FDSE                                         r  datapath/video_inst/inst_dvid/shift_red_reg[3]/C
  -------------------------------------------------------------------    -------------------
    SLICE_X163Y134       FDSE (Prop_fdse_C_Q)         0.141     0.785 r  datapath/video_inst/inst_dvid/shift_red_reg[3]/Q
                         net (fo=1, routed)           0.219     1.004    datapath/video_inst/inst_dvid/data1[1]
    SLICE_X163Y134       LUT2 (Prop_lut2_I1_O)        0.044     1.048 r  datapath/video_inst/inst_dvid/shift_red[1]_i_1/O
                         net (fo=1, routed)           0.000     1.048    datapath/video_inst/inst_dvid/shift_red[1]_i_1_n_0
    SLICE_X163Y134       FDSE                                         r  datapath/video_inst/inst_dvid/shift_red_reg[1]/D
  -------------------------------------------------------------------    -------------------

                         (clock clk_out2_clk_wiz_0 rise edge)
                                                      0.000     0.000 r  
    BUFGCTRL_X0Y4        BUFG                         0.000     0.000 r  clk_IBUF_BUFG_inst/O
                         net (fo=85, routed)          1.022     1.022    datapath/video_inst/mmcm_adv_inst_display_clocks/inst/clk_in1
    MMCME2_ADV_X1Y0      MMCME2_ADV (Prop_mmcme2_adv_CLKIN1_CLKOUT1)
                                                     -2.040    -1.018 r  datapath/video_inst/mmcm_adv_inst_display_clocks/inst/mmcm_adv_inst/CLKOUT1
                         net (fo=1, routed)           0.989    -0.029    datapath/video_inst/mmcm_adv_inst_display_clocks/inst/clk_out2_clk_wiz_0
    BUFGCTRL_X0Y0        BUFG (Prop_bufg_I_O)         0.029    -0.000 r  datapath/video_inst/mmcm_adv_inst_display_clocks/inst/clkout2_buf/O
                         net (fo=44, routed)          0.915     0.915    datapath/video_inst/inst_dvid/clk_out2
    SLICE_X163Y134       FDSE                                         r  datapath/video_inst/inst_dvid/shift_red_reg[1]/C
                         clock pessimism             -0.271     0.644    
    SLICE_X163Y134       FDSE (Hold_fdse_C_D)         0.107     0.751    datapath/video_inst/inst_dvid/shift_red_reg[1]
  -------------------------------------------------------------------
                         required time                         -0.751    
                         arrival time                           1.048    
  -------------------------------------------------------------------
                         slack                                  0.297    

Slack (MET) :             0.299ns  (arrival time - required time)
  Source:                 datapath/video_inst/inst_dvid/shift_clock_reg[7]/C
                            (rising edge-triggered cell FDRE clocked by clk_out2_clk_wiz_0  {rise@0.000ns fall@4.000ns period=8.000ns})
  Destination:            datapath/video_inst/inst_dvid/shift_clock_reg[5]/D
                            (rising edge-triggered cell FDRE clocked by clk_out2_clk_wiz_0  {rise@0.000ns fall@4.000ns period=8.000ns})
  Path Group:             clk_out2_clk_wiz_0
  Path Type:              Hold (Min at Fast Process Corner)
  Requirement:            0.000ns  (clk_out2_clk_wiz_0 rise@0.000ns - clk_out2_clk_wiz_0 rise@0.000ns)
  Data Path Delay:        0.346ns  (logic 0.141ns (40.718%)  route 0.205ns (59.282%))
  Logic Levels:           0  
  Clock Path Skew:        0.000ns (DCD - SCD - CPR)
    Destination Clock Delay (DCD):    0.922ns
    Source Clock Delay      (SCD):    0.649ns
    Clock Pessimism Removal (CPR):    0.273ns

    Location             Delay type                Incr(ns)  Path(ns)    Netlist Resource(s)
  -------------------------------------------------------------------    -------------------
                         (clock clk_out2_clk_wiz_0 rise edge)
                                                      0.000     0.000 r  
    BUFGCTRL_X0Y4        BUFG                         0.000     0.000 r  clk_IBUF_BUFG_inst/O
                         net (fo=85, routed)          0.745     0.745    datapath/video_inst/mmcm_adv_inst_display_clocks/inst/clk_in1
    MMCME2_ADV_X1Y0      MMCME2_ADV (Prop_mmcme2_adv_CLKIN1_CLKOUT1)
                                                     -1.683    -0.938 r  datapath/video_inst/mmcm_adv_inst_display_clocks/inst/mmcm_adv_inst/CLKOUT1
                         net (fo=1, routed)           0.912    -0.026    datapath/video_inst/mmcm_adv_inst_display_clocks/inst/clk_out2_clk_wiz_0
    BUFGCTRL_X0Y0        BUFG (Prop_bufg_I_O)         0.026    -0.000 r  datapath/video_inst/mmcm_adv_inst_display_clocks/inst/clkout2_buf/O
                         net (fo=44, routed)          0.649     0.649    datapath/video_inst/inst_dvid/clk_out2
    SLICE_X163Y147       FDRE                                         r  datapath/video_inst/inst_dvid/shift_clock_reg[7]/C
  -------------------------------------------------------------------    -------------------
    SLICE_X163Y147       FDRE (Prop_fdre_C_Q)         0.141     0.790 r  datapath/video_inst/inst_dvid/shift_clock_reg[7]/Q
                         net (fo=2, routed)           0.205     0.995    datapath/video_inst/inst_dvid/shift_clock_reg_n_0_[7]
    SLICE_X163Y147       FDRE                                         r  datapath/video_inst/inst_dvid/shift_clock_reg[5]/D
  -------------------------------------------------------------------    -------------------

                         (clock clk_out2_clk_wiz_0 rise edge)
                                                      0.000     0.000 r  
    BUFGCTRL_X0Y4        BUFG                         0.000     0.000 r  clk_IBUF_BUFG_inst/O
                         net (fo=85, routed)          1.022     1.022    datapath/video_inst/mmcm_adv_inst_display_clocks/inst/clk_in1
    MMCME2_ADV_X1Y0      MMCME2_ADV (Prop_mmcme2_adv_CLKIN1_CLKOUT1)
                                                     -2.040    -1.018 r  datapath/video_inst/mmcm_adv_inst_display_clocks/inst/mmcm_adv_inst/CLKOUT1
                         net (fo=1, routed)           0.989    -0.029    datapath/video_inst/mmcm_adv_inst_display_clocks/inst/clk_out2_clk_wiz_0
    BUFGCTRL_X0Y0        BUFG (Prop_bufg_I_O)         0.029    -0.000 r  datapath/video_inst/mmcm_adv_inst_display_clocks/inst/clkout2_buf/O
                         net (fo=44, routed)          0.922     0.922    datapath/video_inst/inst_dvid/clk_out2
    SLICE_X163Y147       FDRE                                         r  datapath/video_inst/inst_dvid/shift_clock_reg[5]/C
                         clock pessimism             -0.273     0.649    
    SLICE_X163Y147       FDRE (Hold_fdre_C_D)         0.047     0.696    datapath/video_inst/inst_dvid/shift_clock_reg[5]
  -------------------------------------------------------------------
                         required time                         -0.696    
                         arrival time                           0.995    
  -------------------------------------------------------------------
                         slack                                  0.299    

Slack (MET) :             0.300ns  (arrival time - required time)
  Source:                 datapath/video_inst/inst_dvid/shift_red_reg[6]/C
                            (rising edge-triggered cell FDRE clocked by clk_out2_clk_wiz_0  {rise@0.000ns fall@4.000ns period=8.000ns})
  Destination:            datapath/video_inst/inst_dvid/shift_red_reg[4]/D
                            (rising edge-triggered cell FDRE clocked by clk_out2_clk_wiz_0  {rise@0.000ns fall@4.000ns period=8.000ns})
  Path Group:             clk_out2_clk_wiz_0
  Path Type:              Hold (Min at Fast Process Corner)
  Requirement:            0.000ns  (clk_out2_clk_wiz_0 rise@0.000ns - clk_out2_clk_wiz_0 rise@0.000ns)
  Data Path Delay:        0.431ns  (logic 0.208ns (48.248%)  route 0.223ns (51.752%))
  Logic Levels:           1  (LUT3=1)
  Clock Path Skew:        0.000ns (DCD - SCD - CPR)
    Destination Clock Delay (DCD):    0.916ns
    Source Clock Delay      (SCD):    0.644ns
    Clock Pessimism Removal (CPR):    0.272ns

    Location             Delay type                Incr(ns)  Path(ns)    Netlist Resource(s)
  -------------------------------------------------------------------    -------------------
                         (clock clk_out2_clk_wiz_0 rise edge)
                                                      0.000     0.000 r  
    BUFGCTRL_X0Y4        BUFG                         0.000     0.000 r  clk_IBUF_BUFG_inst/O
                         net (fo=85, routed)          0.745     0.745    datapath/video_inst/mmcm_adv_inst_display_clocks/inst/clk_in1
    MMCME2_ADV_X1Y0      MMCME2_ADV (Prop_mmcme2_adv_CLKIN1_CLKOUT1)
                                                     -1.683    -0.938 r  datapath/video_inst/mmcm_adv_inst_display_clocks/inst/mmcm_adv_inst/CLKOUT1
                         net (fo=1, routed)           0.912    -0.026    datapath/video_inst/mmcm_adv_inst_display_clocks/inst/clk_out2_clk_wiz_0
    BUFGCTRL_X0Y0        BUFG (Prop_bufg_I_O)         0.026    -0.000 r  datapath/video_inst/mmcm_adv_inst_display_clocks/inst/clkout2_buf/O
                         net (fo=44, routed)          0.644     0.644    datapath/video_inst/inst_dvid/clk_out2
    SLICE_X162Y135       FDRE                                         r  datapath/video_inst/inst_dvid/shift_red_reg[6]/C
  -------------------------------------------------------------------    -------------------
    SLICE_X162Y135       FDRE (Prop_fdre_C_Q)         0.164     0.808 r  datapath/video_inst/inst_dvid/shift_red_reg[6]/Q
                         net (fo=1, routed)           0.223     1.031    datapath/video_inst/inst_dvid/data1[4]
    SLICE_X162Y135       LUT3 (Prop_lut3_I0_O)        0.044     1.075 r  datapath/video_inst/inst_dvid/shift_red[4]_i_1/O
                         net (fo=1, routed)           0.000     1.075    datapath/video_inst/inst_dvid/shift_red[4]
    SLICE_X162Y135       FDRE                                         r  datapath/video_inst/inst_dvid/shift_red_reg[4]/D
  -------------------------------------------------------------------    -------------------

                         (clock clk_out2_clk_wiz_0 rise edge)
                                                      0.000     0.000 r  
    BUFGCTRL_X0Y4        BUFG                         0.000     0.000 r  clk_IBUF_BUFG_inst/O
                         net (fo=85, routed)          1.022     1.022    datapath/video_inst/mmcm_adv_inst_display_clocks/inst/clk_in1
    MMCME2_ADV_X1Y0      MMCME2_ADV (Prop_mmcme2_adv_CLKIN1_CLKOUT1)
                                                     -2.040    -1.018 r  datapath/video_inst/mmcm_adv_inst_display_clocks/inst/mmcm_adv_inst/CLKOUT1
                         net (fo=1, routed)           0.989    -0.029    datapath/video_inst/mmcm_adv_inst_display_clocks/inst/clk_out2_clk_wiz_0
    BUFGCTRL_X0Y0        BUFG (Prop_bufg_I_O)         0.029    -0.000 r  datapath/video_inst/mmcm_adv_inst_display_clocks/inst/clkout2_buf/O
                         net (fo=44, routed)          0.916     0.916    datapath/video_inst/inst_dvid/clk_out2
    SLICE_X162Y135       FDRE                                         r  datapath/video_inst/inst_dvid/shift_red_reg[4]/C
                         clock pessimism             -0.272     0.644    
    SLICE_X162Y135       FDRE (Hold_fdre_C_D)         0.131     0.775    datapath/video_inst/inst_dvid/shift_red_reg[4]
  -------------------------------------------------------------------
                         required time                         -0.775    
                         arrival time                           1.075    
  -------------------------------------------------------------------
                         slack                                  0.300    





Pulse Width Checks
--------------------------------------------------------------------------------------
Clock Name:         clk_out2_clk_wiz_0
Waveform(ns):       { 0.000 4.000 }
Period(ns):         8.000
Sources:            { datapath/video_inst/mmcm_adv_inst_display_clocks/inst/mmcm_adv_inst/CLKOUT1 }

Check Type        Corner  Lib Pin             Reference Pin  Required(ns)  Actual(ns)  Slack(ns)  Location         Pin
Min Period        n/a     BUFG/I              n/a            2.155         8.000       5.845      BUFGCTRL_X0Y0    datapath/video_inst/mmcm_adv_inst_display_clocks/inst/clkout2_buf/I
Min Period        n/a     ODDR/C              n/a            1.474         8.000       6.526      OLOGIC_X1Y140    datapath/video_inst/inst_dvid/ODDR2_blue/C
Min Period        n/a     ODDR/C              n/a            1.474         8.000       6.526      OLOGIC_X1Y148    datapath/video_inst/inst_dvid/ODDR2_clock/C
Min Period        n/a     ODDR/C              n/a            1.474         8.000       6.526      OLOGIC_X1Y136    datapath/video_inst/inst_dvid/ODDR2_green/C
Min Period        n/a     ODDR/C              n/a            1.474         8.000       6.526      OLOGIC_X1Y134    datapath/video_inst/inst_dvid/ODDR2_red/C
Min Period        n/a     MMCME2_ADV/CLKOUT1  n/a            1.249         8.000       6.751      MMCME2_ADV_X1Y0  datapath/video_inst/mmcm_adv_inst_display_clocks/inst/mmcm_adv_inst/CLKOUT1
Min Period        n/a     FDRE/C              n/a            1.000         8.000       7.000      SLICE_X160Y139   datapath/video_inst/inst_dvid/shift_blue_reg[0]/C
Min Period        n/a     FDRE/C              n/a            1.000         8.000       7.000      SLICE_X160Y139   datapath/video_inst/inst_dvid/shift_blue_reg[1]/C
Min Period        n/a     FDRE/C              n/a            1.000         8.000       7.000      SLICE_X160Y139   datapath/video_inst/inst_dvid/shift_blue_reg[2]/C
Min Period        n/a     FDRE/C              n/a            1.000         8.000       7.000      SLICE_X160Y139   datapath/video_inst/inst_dvid/shift_blue_reg[3]/C
Max Period        n/a     MMCME2_ADV/CLKOUT1  n/a            213.360       8.000       205.360    MMCME2_ADV_X1Y0  datapath/video_inst/mmcm_adv_inst_display_clocks/inst/mmcm_adv_inst/CLKOUT1
Low Pulse Width   Slow    FDRE/C              n/a            0.500         4.000       3.500      SLICE_X160Y139   datapath/video_inst/inst_dvid/shift_blue_reg[0]/C
Low Pulse Width   Fast    FDRE/C              n/a            0.500         4.000       3.500      SLICE_X160Y139   datapath/video_inst/inst_dvid/shift_blue_reg[0]/C
Low Pulse Width   Slow    FDRE/C              n/a            0.500         4.000       3.500      SLICE_X160Y139   datapath/video_inst/inst_dvid/shift_blue_reg[1]/C
Low Pulse Width   Fast    FDRE/C              n/a            0.500         4.000       3.500      SLICE_X160Y139   datapath/video_inst/inst_dvid/shift_blue_reg[1]/C
Low Pulse Width   Slow    FDRE/C              n/a            0.500         4.000       3.500      SLICE_X160Y139   datapath/video_inst/inst_dvid/shift_blue_reg[2]/C
Low Pulse Width   Fast    FDRE/C              n/a            0.500         4.000       3.500      SLICE_X160Y139   datapath/video_inst/inst_dvid/shift_blue_reg[2]/C
Low Pulse Width   Slow    FDRE/C              n/a            0.500         4.000       3.500      SLICE_X160Y139   datapath/video_inst/inst_dvid/shift_blue_reg[3]/C
Low Pulse Width   Fast    FDRE/C              n/a            0.500         4.000       3.500      SLICE_X160Y139   datapath/video_inst/inst_dvid/shift_blue_reg[3]/C
Low Pulse Width   Slow    FDRE/C              n/a            0.500         4.000       3.500      SLICE_X160Y139   datapath/video_inst/inst_dvid/shift_blue_reg[4]/C
Low Pulse Width   Fast    FDRE/C              n/a            0.500         4.000       3.500      SLICE_X160Y139   datapath/video_inst/inst_dvid/shift_blue_reg[4]/C
High Pulse Width  Slow    FDRE/C              n/a            0.500         4.000       3.500      SLICE_X160Y139   datapath/video_inst/inst_dvid/shift_blue_reg[0]/C
High Pulse Width  Fast    FDRE/C              n/a            0.500         4.000       3.500      SLICE_X160Y139   datapath/video_inst/inst_dvid/shift_blue_reg[0]/C
High Pulse Width  Slow    FDRE/C              n/a            0.500         4.000       3.500      SLICE_X160Y139   datapath/video_inst/inst_dvid/shift_blue_reg[1]/C
High Pulse Width  Fast    FDRE/C              n/a            0.500         4.000       3.500      SLICE_X160Y139   datapath/video_inst/inst_dvid/shift_blue_reg[1]/C
High Pulse Width  Slow    FDRE/C              n/a            0.500         4.000       3.500      SLICE_X160Y139   datapath/video_inst/inst_dvid/shift_blue_reg[2]/C
High Pulse Width  Fast    FDRE/C              n/a            0.500         4.000       3.500      SLICE_X160Y139   datapath/video_inst/inst_dvid/shift_blue_reg[2]/C
High Pulse Width  Slow    FDRE/C              n/a            0.500         4.000       3.500      SLICE_X160Y139   datapath/video_inst/inst_dvid/shift_blue_reg[3]/C
High Pulse Width  Fast    FDRE/C              n/a            0.500         4.000       3.500      SLICE_X160Y139   datapath/video_inst/inst_dvid/shift_blue_reg[3]/C
High Pulse Width  Slow    FDRE/C              n/a            0.500         4.000       3.500      SLICE_X160Y139   datapath/video_inst/inst_dvid/shift_blue_reg[4]/C
High Pulse Width  Fast    FDRE/C              n/a            0.500         4.000       3.500      SLICE_X160Y139   datapath/video_inst/inst_dvid/shift_blue_reg[4]/C



---------------------------------------------------------------------------------------------------
From Clock:  clkfbout_clk_wiz_0
  To Clock:  clkfbout_clk_wiz_0

Setup :           NA  Failing Endpoints,  Worst Slack           NA  ,  Total Violation           NA
Hold  :           NA  Failing Endpoints,  Worst Slack           NA  ,  Total Violation           NA
PW    :            0  Failing Endpoints,  Worst Slack        7.845ns,  Total Violation        0.000ns
---------------------------------------------------------------------------------------------------


Pulse Width Checks
--------------------------------------------------------------------------------------
Clock Name:         clkfbout_clk_wiz_0
Waveform(ns):       { 0.000 5.000 }
Period(ns):         10.000
Sources:            { datapath/video_inst/mmcm_adv_inst_display_clocks/inst/mmcm_adv_inst/CLKFBOUT }

Check Type  Corner  Lib Pin              Reference Pin  Required(ns)  Actual(ns)  Slack(ns)  Location         Pin
Min Period  n/a     BUFG/I               n/a            2.155         10.000      7.845      BUFGCTRL_X0Y6    datapath/video_inst/mmcm_adv_inst_display_clocks/inst/clkf_buf/I
Min Period  n/a     MMCME2_ADV/CLKFBOUT  n/a            1.249         10.000      8.751      MMCME2_ADV_X1Y0  datapath/video_inst/mmcm_adv_inst_display_clocks/inst/mmcm_adv_inst/CLKFBOUT
Min Period  n/a     MMCME2_ADV/CLKFBIN   n/a            1.249         10.000      8.751      MMCME2_ADV_X1Y0  datapath/video_inst/mmcm_adv_inst_display_clocks/inst/mmcm_adv_inst/CLKFBIN
Max Period  n/a     MMCME2_ADV/CLKFBIN   n/a            100.000       10.000      90.000     MMCME2_ADV_X1Y0  datapath/video_inst/mmcm_adv_inst_display_clocks/inst/mmcm_adv_inst/CLKFBIN
Max Period  n/a     MMCME2_ADV/CLKFBOUT  n/a            213.360       10.000      203.360    MMCME2_ADV_X1Y0  datapath/video_inst/mmcm_adv_inst_display_clocks/inst/mmcm_adv_inst/CLKFBOUT



---------------------------------------------------------------------------------------------------
From Clock:  clk_out1_clk_wiz_0
  To Clock:  clk_out2_clk_wiz_0

Setup :            0  Failing Endpoints,  Worst Slack        4.393ns,  Total Violation        0.000ns
Hold  :            0  Failing Endpoints,  Worst Slack        0.156ns,  Total Violation        0.000ns
---------------------------------------------------------------------------------------------------


Max Delay Paths
--------------------------------------------------------------------------------------
Slack (MET) :             4.393ns  (required time - arrival time)
  Source:                 datapath/video_inst/inst_dvid/latched_red_reg[0]/C
                            (rising edge-triggered cell FDRE clocked by clk_out1_clk_wiz_0  {rise@0.000ns fall@20.000ns period=40.000ns})
  Destination:            datapath/video_inst/inst_dvid/shift_red_reg[0]/S
                            (rising edge-triggered cell FDSE clocked by clk_out2_clk_wiz_0  {rise@0.000ns fall@4.000ns period=8.000ns})
  Path Group:             clk_out2_clk_wiz_0
  Path Type:              Setup (Max at Slow Process Corner)
  Requirement:            8.000ns  (clk_out2_clk_wiz_0 rise@8.000ns - clk_out1_clk_wiz_0 rise@0.000ns)
  Data Path Delay:        2.718ns  (logic 0.642ns (23.624%)  route 2.076ns (76.376%))
  Logic Levels:           1  (LUT2=1)
  Clock Path Skew:        -0.246ns (DCD - SCD + CPR)
    Destination Clock Delay (DCD):    1.707ns = ( 9.707 - 8.000 ) 
    Source Clock Delay      (SCD):    1.825ns
    Clock Pessimism Removal (CPR):    -0.128ns
  Clock Uncertainty:      0.215ns  ((TSJ^2 + DJ^2)^1/2) / 2 + PE
    Total System Jitter     (TSJ):    0.071ns
    Discrete Jitter          (DJ):    0.175ns
    Phase Error              (PE):    0.120ns

    Location             Delay type                Incr(ns)  Path(ns)    Netlist Resource(s)
  -------------------------------------------------------------------    -------------------
                         (clock clk_out1_clk_wiz_0 rise edge)
                                                      0.000     0.000 r  
    BUFGCTRL_X0Y4        BUFG                         0.000     0.000 r  clk_IBUF_BUFG_inst/O
                         net (fo=85, routed)          2.106     2.106    datapath/video_inst/mmcm_adv_inst_display_clocks/inst/clk_in1
    MMCME2_ADV_X1Y0      MMCME2_ADV (Prop_mmcme2_adv_CLKIN1_CLKOUT0)
                                                     -4.900    -2.793 r  datapath/video_inst/mmcm_adv_inst_display_clocks/inst/mmcm_adv_inst/CLKOUT0
                         net (fo=1, routed)           2.697    -0.096    datapath/video_inst/mmcm_adv_inst_display_clocks/inst/clk_out1_clk_wiz_0
    BUFGCTRL_X0Y3        BUFG (Prop_bufg_I_O)         0.096    -0.000 r  datapath/video_inst/mmcm_adv_inst_display_clocks/inst/clkout1_buf/O
                         net (fo=84, routed)          1.825     1.825    datapath/video_inst/inst_dvid/CLK
    SLICE_X162Y134       FDRE                                         r  datapath/video_inst/inst_dvid/latched_red_reg[0]/C
  -------------------------------------------------------------------    -------------------
    SLICE_X162Y134       FDRE (Prop_fdre_C_Q)         0.518     2.343 r  datapath/video_inst/inst_dvid/latched_red_reg[0]/Q
                         net (fo=1, routed)           1.139     3.483    datapath/video_inst/inst_dvid/latched_red[0]
    SLICE_X163Y134       LUT2 (Prop_lut2_I0_O)        0.124     3.607 r  datapath/video_inst/inst_dvid/shift_red[7]_i_1/O
                         net (fo=5, routed)           0.936     4.543    datapath/video_inst/inst_dvid/shift_red[7]_i_1_n_0
    SLICE_X163Y134       FDSE                                         r  datapath/video_inst/inst_dvid/shift_red_reg[0]/S
  -------------------------------------------------------------------    -------------------

                         (clock clk_out2_clk_wiz_0 rise edge)
                                                      8.000     8.000 r  
    BUFGCTRL_X0Y4        BUFG                         0.000     8.000 r  clk_IBUF_BUFG_inst/O
                         net (fo=85, routed)          1.972     9.972    datapath/video_inst/mmcm_adv_inst_display_clocks/inst/clk_in1
    MMCME2_ADV_X1Y0      MMCME2_ADV (Prop_mmcme2_adv_CLKIN1_CLKOUT1)
                                                     -4.637     5.335 r  datapath/video_inst/mmcm_adv_inst_display_clocks/inst/mmcm_adv_inst/CLKOUT1
                         net (fo=1, routed)           2.574     7.909    datapath/video_inst/mmcm_adv_inst_display_clocks/inst/clk_out2_clk_wiz_0
    BUFGCTRL_X0Y0        BUFG (Prop_bufg_I_O)         0.091     8.000 r  datapath/video_inst/mmcm_adv_inst_display_clocks/inst/clkout2_buf/O
                         net (fo=44, routed)          1.707     9.707    datapath/video_inst/inst_dvid/clk_out2
    SLICE_X163Y134       FDSE                                         r  datapath/video_inst/inst_dvid/shift_red_reg[0]/C
                         clock pessimism             -0.128     9.579    
                         clock uncertainty           -0.215     9.365    
    SLICE_X163Y134       FDSE (Setup_fdse_C_S)       -0.429     8.936    datapath/video_inst/inst_dvid/shift_red_reg[0]
  -------------------------------------------------------------------
                         required time                          8.936    
                         arrival time                          -4.543    
  -------------------------------------------------------------------
                         slack                                  4.393    

Slack (MET) :             4.393ns  (required time - arrival time)
  Source:                 datapath/video_inst/inst_dvid/latched_red_reg[0]/C
                            (rising edge-triggered cell FDRE clocked by clk_out1_clk_wiz_0  {rise@0.000ns fall@20.000ns period=40.000ns})
  Destination:            datapath/video_inst/inst_dvid/shift_red_reg[1]/S
                            (rising edge-triggered cell FDSE clocked by clk_out2_clk_wiz_0  {rise@0.000ns fall@4.000ns period=8.000ns})
  Path Group:             clk_out2_clk_wiz_0
  Path Type:              Setup (Max at Slow Process Corner)
  Requirement:            8.000ns  (clk_out2_clk_wiz_0 rise@8.000ns - clk_out1_clk_wiz_0 rise@0.000ns)
  Data Path Delay:        2.718ns  (logic 0.642ns (23.624%)  route 2.076ns (76.376%))
  Logic Levels:           1  (LUT2=1)
  Clock Path Skew:        -0.246ns (DCD - SCD + CPR)
    Destination Clock Delay (DCD):    1.707ns = ( 9.707 - 8.000 ) 
    Source Clock Delay      (SCD):    1.825ns
    Clock Pessimism Removal (CPR):    -0.128ns
  Clock Uncertainty:      0.215ns  ((TSJ^2 + DJ^2)^1/2) / 2 + PE
    Total System Jitter     (TSJ):    0.071ns
    Discrete Jitter          (DJ):    0.175ns
    Phase Error              (PE):    0.120ns

    Location             Delay type                Incr(ns)  Path(ns)    Netlist Resource(s)
  -------------------------------------------------------------------    -------------------
                         (clock clk_out1_clk_wiz_0 rise edge)
                                                      0.000     0.000 r  
    BUFGCTRL_X0Y4        BUFG                         0.000     0.000 r  clk_IBUF_BUFG_inst/O
                         net (fo=85, routed)          2.106     2.106    datapath/video_inst/mmcm_adv_inst_display_clocks/inst/clk_in1
    MMCME2_ADV_X1Y0      MMCME2_ADV (Prop_mmcme2_adv_CLKIN1_CLKOUT0)
                                                     -4.900    -2.793 r  datapath/video_inst/mmcm_adv_inst_display_clocks/inst/mmcm_adv_inst/CLKOUT0
                         net (fo=1, routed)           2.697    -0.096    datapath/video_inst/mmcm_adv_inst_display_clocks/inst/clk_out1_clk_wiz_0
    BUFGCTRL_X0Y3        BUFG (Prop_bufg_I_O)         0.096    -0.000 r  datapath/video_inst/mmcm_adv_inst_display_clocks/inst/clkout1_buf/O
                         net (fo=84, routed)          1.825     1.825    datapath/video_inst/inst_dvid/CLK
    SLICE_X162Y134       FDRE                                         r  datapath/video_inst/inst_dvid/latched_red_reg[0]/C
  -------------------------------------------------------------------    -------------------
    SLICE_X162Y134       FDRE (Prop_fdre_C_Q)         0.518     2.343 r  datapath/video_inst/inst_dvid/latched_red_reg[0]/Q
                         net (fo=1, routed)           1.139     3.483    datapath/video_inst/inst_dvid/latched_red[0]
    SLICE_X163Y134       LUT2 (Prop_lut2_I0_O)        0.124     3.607 r  datapath/video_inst/inst_dvid/shift_red[7]_i_1/O
                         net (fo=5, routed)           0.936     4.543    datapath/video_inst/inst_dvid/shift_red[7]_i_1_n_0
    SLICE_X163Y134       FDSE                                         r  datapath/video_inst/inst_dvid/shift_red_reg[1]/S
  -------------------------------------------------------------------    -------------------

                         (clock clk_out2_clk_wiz_0 rise edge)
                                                      8.000     8.000 r  
    BUFGCTRL_X0Y4        BUFG                         0.000     8.000 r  clk_IBUF_BUFG_inst/O
                         net (fo=85, routed)          1.972     9.972    datapath/video_inst/mmcm_adv_inst_display_clocks/inst/clk_in1
    MMCME2_ADV_X1Y0      MMCME2_ADV (Prop_mmcme2_adv_CLKIN1_CLKOUT1)
                                                     -4.637     5.335 r  datapath/video_inst/mmcm_adv_inst_display_clocks/inst/mmcm_adv_inst/CLKOUT1
                         net (fo=1, routed)           2.574     7.909    datapath/video_inst/mmcm_adv_inst_display_clocks/inst/clk_out2_clk_wiz_0
    BUFGCTRL_X0Y0        BUFG (Prop_bufg_I_O)         0.091     8.000 r  datapath/video_inst/mmcm_adv_inst_display_clocks/inst/clkout2_buf/O
                         net (fo=44, routed)          1.707     9.707    datapath/video_inst/inst_dvid/clk_out2
    SLICE_X163Y134       FDSE                                         r  datapath/video_inst/inst_dvid/shift_red_reg[1]/C
                         clock pessimism             -0.128     9.579    
                         clock uncertainty           -0.215     9.365    
    SLICE_X163Y134       FDSE (Setup_fdse_C_S)       -0.429     8.936    datapath/video_inst/inst_dvid/shift_red_reg[1]
  -------------------------------------------------------------------
                         required time                          8.936    
                         arrival time                          -4.543    
  -------------------------------------------------------------------
                         slack                                  4.393    

Slack (MET) :             4.393ns  (required time - arrival time)
  Source:                 datapath/video_inst/inst_dvid/latched_red_reg[0]/C
                            (rising edge-triggered cell FDRE clocked by clk_out1_clk_wiz_0  {rise@0.000ns fall@20.000ns period=40.000ns})
  Destination:            datapath/video_inst/inst_dvid/shift_red_reg[3]/S
                            (rising edge-triggered cell FDSE clocked by clk_out2_clk_wiz_0  {rise@0.000ns fall@4.000ns period=8.000ns})
  Path Group:             clk_out2_clk_wiz_0
  Path Type:              Setup (Max at Slow Process Corner)
  Requirement:            8.000ns  (clk_out2_clk_wiz_0 rise@8.000ns - clk_out1_clk_wiz_0 rise@0.000ns)
  Data Path Delay:        2.718ns  (logic 0.642ns (23.624%)  route 2.076ns (76.376%))
  Logic Levels:           1  (LUT2=1)
  Clock Path Skew:        -0.246ns (DCD - SCD + CPR)
    Destination Clock Delay (DCD):    1.707ns = ( 9.707 - 8.000 ) 
    Source Clock Delay      (SCD):    1.825ns
    Clock Pessimism Removal (CPR):    -0.128ns
  Clock Uncertainty:      0.215ns  ((TSJ^2 + DJ^2)^1/2) / 2 + PE
    Total System Jitter     (TSJ):    0.071ns
    Discrete Jitter          (DJ):    0.175ns
    Phase Error              (PE):    0.120ns

    Location             Delay type                Incr(ns)  Path(ns)    Netlist Resource(s)
  -------------------------------------------------------------------    -------------------
                         (clock clk_out1_clk_wiz_0 rise edge)
                                                      0.000     0.000 r  
    BUFGCTRL_X0Y4        BUFG                         0.000     0.000 r  clk_IBUF_BUFG_inst/O
                         net (fo=85, routed)          2.106     2.106    datapath/video_inst/mmcm_adv_inst_display_clocks/inst/clk_in1
    MMCME2_ADV_X1Y0      MMCME2_ADV (Prop_mmcme2_adv_CLKIN1_CLKOUT0)
                                                     -4.900    -2.793 r  datapath/video_inst/mmcm_adv_inst_display_clocks/inst/mmcm_adv_inst/CLKOUT0
                         net (fo=1, routed)           2.697    -0.096    datapath/video_inst/mmcm_adv_inst_display_clocks/inst/clk_out1_clk_wiz_0
    BUFGCTRL_X0Y3        BUFG (Prop_bufg_I_O)         0.096    -0.000 r  datapath/video_inst/mmcm_adv_inst_display_clocks/inst/clkout1_buf/O
                         net (fo=84, routed)          1.825     1.825    datapath/video_inst/inst_dvid/CLK
    SLICE_X162Y134       FDRE                                         r  datapath/video_inst/inst_dvid/latched_red_reg[0]/C
  -------------------------------------------------------------------    -------------------
    SLICE_X162Y134       FDRE (Prop_fdre_C_Q)         0.518     2.343 r  datapath/video_inst/inst_dvid/latched_red_reg[0]/Q
                         net (fo=1, routed)           1.139     3.483    datapath/video_inst/inst_dvid/latched_red[0]
    SLICE_X163Y134       LUT2 (Prop_lut2_I0_O)        0.124     3.607 r  datapath/video_inst/inst_dvid/shift_red[7]_i_1/O
                         net (fo=5, routed)           0.936     4.543    datapath/video_inst/inst_dvid/shift_red[7]_i_1_n_0
    SLICE_X163Y134       FDSE                                         r  datapath/video_inst/inst_dvid/shift_red_reg[3]/S
  -------------------------------------------------------------------    -------------------

                         (clock clk_out2_clk_wiz_0 rise edge)
                                                      8.000     8.000 r  
    BUFGCTRL_X0Y4        BUFG                         0.000     8.000 r  clk_IBUF_BUFG_inst/O
                         net (fo=85, routed)          1.972     9.972    datapath/video_inst/mmcm_adv_inst_display_clocks/inst/clk_in1
    MMCME2_ADV_X1Y0      MMCME2_ADV (Prop_mmcme2_adv_CLKIN1_CLKOUT1)
                                                     -4.637     5.335 r  datapath/video_inst/mmcm_adv_inst_display_clocks/inst/mmcm_adv_inst/CLKOUT1
                         net (fo=1, routed)           2.574     7.909    datapath/video_inst/mmcm_adv_inst_display_clocks/inst/clk_out2_clk_wiz_0
    BUFGCTRL_X0Y0        BUFG (Prop_bufg_I_O)         0.091     8.000 r  datapath/video_inst/mmcm_adv_inst_display_clocks/inst/clkout2_buf/O
                         net (fo=44, routed)          1.707     9.707    datapath/video_inst/inst_dvid/clk_out2
    SLICE_X163Y134       FDSE                                         r  datapath/video_inst/inst_dvid/shift_red_reg[3]/C
                         clock pessimism             -0.128     9.579    
                         clock uncertainty           -0.215     9.365    
    SLICE_X163Y134       FDSE (Setup_fdse_C_S)       -0.429     8.936    datapath/video_inst/inst_dvid/shift_red_reg[3]
  -------------------------------------------------------------------
                         required time                          8.936    
                         arrival time                          -4.543    
  -------------------------------------------------------------------
                         slack                                  4.393    

Slack (MET) :             4.393ns  (required time - arrival time)
  Source:                 datapath/video_inst/inst_dvid/latched_red_reg[0]/C
                            (rising edge-triggered cell FDRE clocked by clk_out1_clk_wiz_0  {rise@0.000ns fall@20.000ns period=40.000ns})
  Destination:            datapath/video_inst/inst_dvid/shift_red_reg[5]/S
                            (rising edge-triggered cell FDSE clocked by clk_out2_clk_wiz_0  {rise@0.000ns fall@4.000ns period=8.000ns})
  Path Group:             clk_out2_clk_wiz_0
  Path Type:              Setup (Max at Slow Process Corner)
  Requirement:            8.000ns  (clk_out2_clk_wiz_0 rise@8.000ns - clk_out1_clk_wiz_0 rise@0.000ns)
  Data Path Delay:        2.718ns  (logic 0.642ns (23.624%)  route 2.076ns (76.376%))
  Logic Levels:           1  (LUT2=1)
  Clock Path Skew:        -0.246ns (DCD - SCD + CPR)
    Destination Clock Delay (DCD):    1.707ns = ( 9.707 - 8.000 ) 
    Source Clock Delay      (SCD):    1.825ns
    Clock Pessimism Removal (CPR):    -0.128ns
  Clock Uncertainty:      0.215ns  ((TSJ^2 + DJ^2)^1/2) / 2 + PE
    Total System Jitter     (TSJ):    0.071ns
    Discrete Jitter          (DJ):    0.175ns
    Phase Error              (PE):    0.120ns

    Location             Delay type                Incr(ns)  Path(ns)    Netlist Resource(s)
  -------------------------------------------------------------------    -------------------
                         (clock clk_out1_clk_wiz_0 rise edge)
                                                      0.000     0.000 r  
    BUFGCTRL_X0Y4        BUFG                         0.000     0.000 r  clk_IBUF_BUFG_inst/O
                         net (fo=85, routed)          2.106     2.106    datapath/video_inst/mmcm_adv_inst_display_clocks/inst/clk_in1
    MMCME2_ADV_X1Y0      MMCME2_ADV (Prop_mmcme2_adv_CLKIN1_CLKOUT0)
                                                     -4.900    -2.793 r  datapath/video_inst/mmcm_adv_inst_display_clocks/inst/mmcm_adv_inst/CLKOUT0
                         net (fo=1, routed)           2.697    -0.096    datapath/video_inst/mmcm_adv_inst_display_clocks/inst/clk_out1_clk_wiz_0
    BUFGCTRL_X0Y3        BUFG (Prop_bufg_I_O)         0.096    -0.000 r  datapath/video_inst/mmcm_adv_inst_display_clocks/inst/clkout1_buf/O
                         net (fo=84, routed)          1.825     1.825    datapath/video_inst/inst_dvid/CLK
    SLICE_X162Y134       FDRE                                         r  datapath/video_inst/inst_dvid/latched_red_reg[0]/C
  -------------------------------------------------------------------    -------------------
    SLICE_X162Y134       FDRE (Prop_fdre_C_Q)         0.518     2.343 r  datapath/video_inst/inst_dvid/latched_red_reg[0]/Q
                         net (fo=1, routed)           1.139     3.483    datapath/video_inst/inst_dvid/latched_red[0]
    SLICE_X163Y134       LUT2 (Prop_lut2_I0_O)        0.124     3.607 r  datapath/video_inst/inst_dvid/shift_red[7]_i_1/O
                         net (fo=5, routed)           0.936     4.543    datapath/video_inst/inst_dvid/shift_red[7]_i_1_n_0
    SLICE_X163Y134       FDSE                                         r  datapath/video_inst/inst_dvid/shift_red_reg[5]/S
  -------------------------------------------------------------------    -------------------

                         (clock clk_out2_clk_wiz_0 rise edge)
                                                      8.000     8.000 r  
    BUFGCTRL_X0Y4        BUFG                         0.000     8.000 r  clk_IBUF_BUFG_inst/O
                         net (fo=85, routed)          1.972     9.972    datapath/video_inst/mmcm_adv_inst_display_clocks/inst/clk_in1
    MMCME2_ADV_X1Y0      MMCME2_ADV (Prop_mmcme2_adv_CLKIN1_CLKOUT1)
                                                     -4.637     5.335 r  datapath/video_inst/mmcm_adv_inst_display_clocks/inst/mmcm_adv_inst/CLKOUT1
                         net (fo=1, routed)           2.574     7.909    datapath/video_inst/mmcm_adv_inst_display_clocks/inst/clk_out2_clk_wiz_0
    BUFGCTRL_X0Y0        BUFG (Prop_bufg_I_O)         0.091     8.000 r  datapath/video_inst/mmcm_adv_inst_display_clocks/inst/clkout2_buf/O
                         net (fo=44, routed)          1.707     9.707    datapath/video_inst/inst_dvid/clk_out2
    SLICE_X163Y134       FDSE                                         r  datapath/video_inst/inst_dvid/shift_red_reg[5]/C
                         clock pessimism             -0.128     9.579    
                         clock uncertainty           -0.215     9.365    
    SLICE_X163Y134       FDSE (Setup_fdse_C_S)       -0.429     8.936    datapath/video_inst/inst_dvid/shift_red_reg[5]
  -------------------------------------------------------------------
                         required time                          8.936    
                         arrival time                          -4.543    
  -------------------------------------------------------------------
                         slack                                  4.393    

Slack (MET) :             4.393ns  (required time - arrival time)
  Source:                 datapath/video_inst/inst_dvid/latched_red_reg[0]/C
                            (rising edge-triggered cell FDRE clocked by clk_out1_clk_wiz_0  {rise@0.000ns fall@20.000ns period=40.000ns})
  Destination:            datapath/video_inst/inst_dvid/shift_red_reg[7]/S
                            (rising edge-triggered cell FDSE clocked by clk_out2_clk_wiz_0  {rise@0.000ns fall@4.000ns period=8.000ns})
  Path Group:             clk_out2_clk_wiz_0
  Path Type:              Setup (Max at Slow Process Corner)
  Requirement:            8.000ns  (clk_out2_clk_wiz_0 rise@8.000ns - clk_out1_clk_wiz_0 rise@0.000ns)
  Data Path Delay:        2.718ns  (logic 0.642ns (23.624%)  route 2.076ns (76.376%))
  Logic Levels:           1  (LUT2=1)
  Clock Path Skew:        -0.246ns (DCD - SCD + CPR)
    Destination Clock Delay (DCD):    1.707ns = ( 9.707 - 8.000 ) 
    Source Clock Delay      (SCD):    1.825ns
    Clock Pessimism Removal (CPR):    -0.128ns
  Clock Uncertainty:      0.215ns  ((TSJ^2 + DJ^2)^1/2) / 2 + PE
    Total System Jitter     (TSJ):    0.071ns
    Discrete Jitter          (DJ):    0.175ns
    Phase Error              (PE):    0.120ns

    Location             Delay type                Incr(ns)  Path(ns)    Netlist Resource(s)
  -------------------------------------------------------------------    -------------------
                         (clock clk_out1_clk_wiz_0 rise edge)
                                                      0.000     0.000 r  
    BUFGCTRL_X0Y4        BUFG                         0.000     0.000 r  clk_IBUF_BUFG_inst/O
                         net (fo=85, routed)          2.106     2.106    datapath/video_inst/mmcm_adv_inst_display_clocks/inst/clk_in1
    MMCME2_ADV_X1Y0      MMCME2_ADV (Prop_mmcme2_adv_CLKIN1_CLKOUT0)
                                                     -4.900    -2.793 r  datapath/video_inst/mmcm_adv_inst_display_clocks/inst/mmcm_adv_inst/CLKOUT0
                         net (fo=1, routed)           2.697    -0.096    datapath/video_inst/mmcm_adv_inst_display_clocks/inst/clk_out1_clk_wiz_0
    BUFGCTRL_X0Y3        BUFG (Prop_bufg_I_O)         0.096    -0.000 r  datapath/video_inst/mmcm_adv_inst_display_clocks/inst/clkout1_buf/O
                         net (fo=84, routed)          1.825     1.825    datapath/video_inst/inst_dvid/CLK
    SLICE_X162Y134       FDRE                                         r  datapath/video_inst/inst_dvid/latched_red_reg[0]/C
  -------------------------------------------------------------------    -------------------
    SLICE_X162Y134       FDRE (Prop_fdre_C_Q)         0.518     2.343 r  datapath/video_inst/inst_dvid/latched_red_reg[0]/Q
                         net (fo=1, routed)           1.139     3.483    datapath/video_inst/inst_dvid/latched_red[0]
    SLICE_X163Y134       LUT2 (Prop_lut2_I0_O)        0.124     3.607 r  datapath/video_inst/inst_dvid/shift_red[7]_i_1/O
                         net (fo=5, routed)           0.936     4.543    datapath/video_inst/inst_dvid/shift_red[7]_i_1_n_0
    SLICE_X163Y134       FDSE                                         r  datapath/video_inst/inst_dvid/shift_red_reg[7]/S
  -------------------------------------------------------------------    -------------------

                         (clock clk_out2_clk_wiz_0 rise edge)
                                                      8.000     8.000 r  
    BUFGCTRL_X0Y4        BUFG                         0.000     8.000 r  clk_IBUF_BUFG_inst/O
                         net (fo=85, routed)          1.972     9.972    datapath/video_inst/mmcm_adv_inst_display_clocks/inst/clk_in1
    MMCME2_ADV_X1Y0      MMCME2_ADV (Prop_mmcme2_adv_CLKIN1_CLKOUT1)
                                                     -4.637     5.335 r  datapath/video_inst/mmcm_adv_inst_display_clocks/inst/mmcm_adv_inst/CLKOUT1
                         net (fo=1, routed)           2.574     7.909    datapath/video_inst/mmcm_adv_inst_display_clocks/inst/clk_out2_clk_wiz_0
    BUFGCTRL_X0Y0        BUFG (Prop_bufg_I_O)         0.091     8.000 r  datapath/video_inst/mmcm_adv_inst_display_clocks/inst/clkout2_buf/O
                         net (fo=44, routed)          1.707     9.707    datapath/video_inst/inst_dvid/clk_out2
    SLICE_X163Y134       FDSE                                         r  datapath/video_inst/inst_dvid/shift_red_reg[7]/C
                         clock pessimism             -0.128     9.579    
                         clock uncertainty           -0.215     9.365    
    SLICE_X163Y134       FDSE (Setup_fdse_C_S)       -0.429     8.936    datapath/video_inst/inst_dvid/shift_red_reg[7]
  -------------------------------------------------------------------
                         required time                          8.936    
                         arrival time                          -4.543    
  -------------------------------------------------------------------
                         slack                                  4.393    

Slack (MET) :             4.994ns  (required time - arrival time)
  Source:                 datapath/video_inst/inst_dvid/latched_green_reg[0]/C
                            (rising edge-triggered cell FDRE clocked by clk_out1_clk_wiz_0  {rise@0.000ns fall@20.000ns period=40.000ns})
  Destination:            datapath/video_inst/inst_dvid/shift_green_reg[3]/D
                            (rising edge-triggered cell FDRE clocked by clk_out2_clk_wiz_0  {rise@0.000ns fall@4.000ns period=8.000ns})
  Path Group:             clk_out2_clk_wiz_0
  Path Type:              Setup (Max at Slow Process Corner)
  Requirement:            8.000ns  (clk_out2_clk_wiz_0 rise@8.000ns - clk_out1_clk_wiz_0 rise@0.000ns)
  Data Path Delay:        2.577ns  (logic 0.642ns (24.910%)  route 1.935ns (75.090%))
  Logic Levels:           1  (LUT3=1)
  Clock Path Skew:        -0.245ns (DCD - SCD + CPR)
    Destination Clock Delay (DCD):    1.709ns = ( 9.709 - 8.000 ) 
    Source Clock Delay      (SCD):    1.826ns
    Clock Pessimism Removal (CPR):    -0.128ns
  Clock Uncertainty:      0.215ns  ((TSJ^2 + DJ^2)^1/2) / 2 + PE
    Total System Jitter     (TSJ):    0.071ns
    Discrete Jitter          (DJ):    0.175ns
    Phase Error              (PE):    0.120ns

    Location             Delay type                Incr(ns)  Path(ns)    Netlist Resource(s)
  -------------------------------------------------------------------    -------------------
                         (clock clk_out1_clk_wiz_0 rise edge)
                                                      0.000     0.000 r  
    BUFGCTRL_X0Y4        BUFG                         0.000     0.000 r  clk_IBUF_BUFG_inst/O
                         net (fo=85, routed)          2.106     2.106    datapath/video_inst/mmcm_adv_inst_display_clocks/inst/clk_in1
    MMCME2_ADV_X1Y0      MMCME2_ADV (Prop_mmcme2_adv_CLKIN1_CLKOUT0)
                                                     -4.900    -2.793 r  datapath/video_inst/mmcm_adv_inst_display_clocks/inst/mmcm_adv_inst/CLKOUT0
                         net (fo=1, routed)           2.697    -0.096    datapath/video_inst/mmcm_adv_inst_display_clocks/inst/clk_out1_clk_wiz_0
    BUFGCTRL_X0Y3        BUFG (Prop_bufg_I_O)         0.096    -0.000 r  datapath/video_inst/mmcm_adv_inst_display_clocks/inst/clkout1_buf/O
                         net (fo=84, routed)          1.826     1.826    datapath/video_inst/inst_dvid/CLK
    SLICE_X158Y137       FDRE                                         r  datapath/video_inst/inst_dvid/latched_green_reg[0]/C
  -------------------------------------------------------------------    -------------------
    SLICE_X158Y137       FDRE (Prop_fdre_C_Q)         0.518     2.344 r  datapath/video_inst/inst_dvid/latched_green_reg[0]/Q
                         net (fo=5, routed)           1.935     4.280    datapath/video_inst/inst_dvid/latched_green[0]
    SLICE_X160Y137       LUT3 (Prop_lut3_I2_O)        0.124     4.404 r  datapath/video_inst/inst_dvid/shift_green[3]_i_1/O
                         net (fo=1, routed)           0.000     4.404    datapath/video_inst/inst_dvid/shift_green_1[3]
    SLICE_X160Y137       FDRE                                         r  datapath/video_inst/inst_dvid/shift_green_reg[3]/D
  -------------------------------------------------------------------    -------------------

                         (clock clk_out2_clk_wiz_0 rise edge)
                                                      8.000     8.000 r  
    BUFGCTRL_X0Y4        BUFG                         0.000     8.000 r  clk_IBUF_BUFG_inst/O
                         net (fo=85, routed)          1.972     9.972    datapath/video_inst/mmcm_adv_inst_display_clocks/inst/clk_in1
    MMCME2_ADV_X1Y0      MMCME2_ADV (Prop_mmcme2_adv_CLKIN1_CLKOUT1)
                                                     -4.637     5.335 r  datapath/video_inst/mmcm_adv_inst_display_clocks/inst/mmcm_adv_inst/CLKOUT1
                         net (fo=1, routed)           2.574     7.909    datapath/video_inst/mmcm_adv_inst_display_clocks/inst/clk_out2_clk_wiz_0
    BUFGCTRL_X0Y0        BUFG (Prop_bufg_I_O)         0.091     8.000 r  datapath/video_inst/mmcm_adv_inst_display_clocks/inst/clkout2_buf/O
                         net (fo=44, routed)          1.709     9.709    datapath/video_inst/inst_dvid/clk_out2
    SLICE_X160Y137       FDRE                                         r  datapath/video_inst/inst_dvid/shift_green_reg[3]/C
                         clock pessimism             -0.128     9.581    
                         clock uncertainty           -0.215     9.367    
    SLICE_X160Y137       FDRE (Setup_fdre_C_D)        0.031     9.398    datapath/video_inst/inst_dvid/shift_green_reg[3]
  -------------------------------------------------------------------
                         required time                          9.398    
                         arrival time                          -4.404    
  -------------------------------------------------------------------
                         slack                                  4.994    

Slack (MET) :             5.009ns  (required time - arrival time)
  Source:                 datapath/video_inst/inst_dvid/latched_green_reg[0]/C
                            (rising edge-triggered cell FDRE clocked by clk_out1_clk_wiz_0  {rise@0.000ns fall@20.000ns period=40.000ns})
  Destination:            datapath/video_inst/inst_dvid/shift_green_reg[5]/D
                            (rising edge-triggered cell FDRE clocked by clk_out2_clk_wiz_0  {rise@0.000ns fall@4.000ns period=8.000ns})
  Path Group:             clk_out2_clk_wiz_0
  Path Type:              Setup (Max at Slow Process Corner)
  Requirement:            8.000ns  (clk_out2_clk_wiz_0 rise@8.000ns - clk_out1_clk_wiz_0 rise@0.000ns)
  Data Path Delay:        2.606ns  (logic 0.671ns (25.746%)  route 1.935ns (74.254%))
  Logic Levels:           1  (LUT3=1)
  Clock Path Skew:        -0.245ns (DCD - SCD + CPR)
    Destination Clock Delay (DCD):    1.709ns = ( 9.709 - 8.000 ) 
    Source Clock Delay      (SCD):    1.826ns
    Clock Pessimism Removal (CPR):    -0.128ns
  Clock Uncertainty:      0.215ns  ((TSJ^2 + DJ^2)^1/2) / 2 + PE
    Total System Jitter     (TSJ):    0.071ns
    Discrete Jitter          (DJ):    0.175ns
    Phase Error              (PE):    0.120ns

    Location             Delay type                Incr(ns)  Path(ns)    Netlist Resource(s)
  -------------------------------------------------------------------    -------------------
                         (clock clk_out1_clk_wiz_0 rise edge)
                                                      0.000     0.000 r  
    BUFGCTRL_X0Y4        BUFG                         0.000     0.000 r  clk_IBUF_BUFG_inst/O
                         net (fo=85, routed)          2.106     2.106    datapath/video_inst/mmcm_adv_inst_display_clocks/inst/clk_in1
    MMCME2_ADV_X1Y0      MMCME2_ADV (Prop_mmcme2_adv_CLKIN1_CLKOUT0)
                                                     -4.900    -2.793 r  datapath/video_inst/mmcm_adv_inst_display_clocks/inst/mmcm_adv_inst/CLKOUT0
                         net (fo=1, routed)           2.697    -0.096    datapath/video_inst/mmcm_adv_inst_display_clocks/inst/clk_out1_clk_wiz_0
    BUFGCTRL_X0Y3        BUFG (Prop_bufg_I_O)         0.096    -0.000 r  datapath/video_inst/mmcm_adv_inst_display_clocks/inst/clkout1_buf/O
                         net (fo=84, routed)          1.826     1.826    datapath/video_inst/inst_dvid/CLK
    SLICE_X158Y137       FDRE                                         r  datapath/video_inst/inst_dvid/latched_green_reg[0]/C
  -------------------------------------------------------------------    -------------------
    SLICE_X158Y137       FDRE (Prop_fdre_C_Q)         0.518     2.344 r  datapath/video_inst/inst_dvid/latched_green_reg[0]/Q
                         net (fo=5, routed)           1.935     4.280    datapath/video_inst/inst_dvid/latched_green[0]
    SLICE_X160Y137       LUT3 (Prop_lut3_I2_O)        0.153     4.433 r  datapath/video_inst/inst_dvid/shift_green[5]_i_1/O
                         net (fo=1, routed)           0.000     4.433    datapath/video_inst/inst_dvid/shift_green_1[5]
    SLICE_X160Y137       FDRE                                         r  datapath/video_inst/inst_dvid/shift_green_reg[5]/D
  -------------------------------------------------------------------    -------------------

                         (clock clk_out2_clk_wiz_0 rise edge)
                                                      8.000     8.000 r  
    BUFGCTRL_X0Y4        BUFG                         0.000     8.000 r  clk_IBUF_BUFG_inst/O
                         net (fo=85, routed)          1.972     9.972    datapath/video_inst/mmcm_adv_inst_display_clocks/inst/clk_in1
    MMCME2_ADV_X1Y0      MMCME2_ADV (Prop_mmcme2_adv_CLKIN1_CLKOUT1)
                                                     -4.637     5.335 r  datapath/video_inst/mmcm_adv_inst_display_clocks/inst/mmcm_adv_inst/CLKOUT1
                         net (fo=1, routed)           2.574     7.909    datapath/video_inst/mmcm_adv_inst_display_clocks/inst/clk_out2_clk_wiz_0
    BUFGCTRL_X0Y0        BUFG (Prop_bufg_I_O)         0.091     8.000 r  datapath/video_inst/mmcm_adv_inst_display_clocks/inst/clkout2_buf/O
                         net (fo=44, routed)          1.709     9.709    datapath/video_inst/inst_dvid/clk_out2
    SLICE_X160Y137       FDRE                                         r  datapath/video_inst/inst_dvid/shift_green_reg[5]/C
                         clock pessimism             -0.128     9.581    
                         clock uncertainty           -0.215     9.367    
    SLICE_X160Y137       FDRE (Setup_fdre_C_D)        0.075     9.442    datapath/video_inst/inst_dvid/shift_green_reg[5]
  -------------------------------------------------------------------
                         required time                          9.442    
                         arrival time                          -4.433    
  -------------------------------------------------------------------
                         slack                                  5.009    

Slack (MET) :             5.025ns  (required time - arrival time)
  Source:                 datapath/video_inst/inst_dvid/latched_green_reg[0]/C
                            (rising edge-triggered cell FDRE clocked by clk_out1_clk_wiz_0  {rise@0.000ns fall@20.000ns period=40.000ns})
  Destination:            datapath/video_inst/inst_dvid/shift_green_reg[7]/D
                            (rising edge-triggered cell FDRE clocked by clk_out2_clk_wiz_0  {rise@0.000ns fall@4.000ns period=8.000ns})
  Path Group:             clk_out2_clk_wiz_0
  Path Type:              Setup (Max at Slow Process Corner)
  Requirement:            8.000ns  (clk_out2_clk_wiz_0 rise@8.000ns - clk_out1_clk_wiz_0 rise@0.000ns)
  Data Path Delay:        2.590ns  (logic 0.667ns (25.748%)  route 1.923ns (74.252%))
  Logic Levels:           1  (LUT3=1)
  Clock Path Skew:        -0.245ns (DCD - SCD + CPR)
    Destination Clock Delay (DCD):    1.709ns = ( 9.709 - 8.000 ) 
    Source Clock Delay      (SCD):    1.826ns
    Clock Pessimism Removal (CPR):    -0.128ns
  Clock Uncertainty:      0.215ns  ((TSJ^2 + DJ^2)^1/2) / 2 + PE
    Total System Jitter     (TSJ):    0.071ns
    Discrete Jitter          (DJ):    0.175ns
    Phase Error              (PE):    0.120ns

    Location             Delay type                Incr(ns)  Path(ns)    Netlist Resource(s)
  -------------------------------------------------------------------    -------------------
                         (clock clk_out1_clk_wiz_0 rise edge)
                                                      0.000     0.000 r  
    BUFGCTRL_X0Y4        BUFG                         0.000     0.000 r  clk_IBUF_BUFG_inst/O
                         net (fo=85, routed)          2.106     2.106    datapath/video_inst/mmcm_adv_inst_display_clocks/inst/clk_in1
    MMCME2_ADV_X1Y0      MMCME2_ADV (Prop_mmcme2_adv_CLKIN1_CLKOUT0)
                                                     -4.900    -2.793 r  datapath/video_inst/mmcm_adv_inst_display_clocks/inst/mmcm_adv_inst/CLKOUT0
                         net (fo=1, routed)           2.697    -0.096    datapath/video_inst/mmcm_adv_inst_display_clocks/inst/clk_out1_clk_wiz_0
    BUFGCTRL_X0Y3        BUFG (Prop_bufg_I_O)         0.096    -0.000 r  datapath/video_inst/mmcm_adv_inst_display_clocks/inst/clkout1_buf/O
                         net (fo=84, routed)          1.826     1.826    datapath/video_inst/inst_dvid/CLK
    SLICE_X158Y137       FDRE                                         r  datapath/video_inst/inst_dvid/latched_green_reg[0]/C
  -------------------------------------------------------------------    -------------------
    SLICE_X158Y137       FDRE (Prop_fdre_C_Q)         0.518     2.344 r  datapath/video_inst/inst_dvid/latched_green_reg[0]/Q
                         net (fo=5, routed)           1.923     4.268    datapath/video_inst/inst_dvid/latched_green[0]
    SLICE_X160Y137       LUT3 (Prop_lut3_I2_O)        0.149     4.417 r  datapath/video_inst/inst_dvid/shift_green[7]_i_1/O
                         net (fo=1, routed)           0.000     4.417    datapath/video_inst/inst_dvid/shift_green_1[7]
    SLICE_X160Y137       FDRE                                         r  datapath/video_inst/inst_dvid/shift_green_reg[7]/D
  -------------------------------------------------------------------    -------------------

                         (clock clk_out2_clk_wiz_0 rise edge)
                                                      8.000     8.000 r  
    BUFGCTRL_X0Y4        BUFG                         0.000     8.000 r  clk_IBUF_BUFG_inst/O
                         net (fo=85, routed)          1.972     9.972    datapath/video_inst/mmcm_adv_inst_display_clocks/inst/clk_in1
    MMCME2_ADV_X1Y0      MMCME2_ADV (Prop_mmcme2_adv_CLKIN1_CLKOUT1)
                                                     -4.637     5.335 r  datapath/video_inst/mmcm_adv_inst_display_clocks/inst/mmcm_adv_inst/CLKOUT1
                         net (fo=1, routed)           2.574     7.909    datapath/video_inst/mmcm_adv_inst_display_clocks/inst/clk_out2_clk_wiz_0
    BUFGCTRL_X0Y0        BUFG (Prop_bufg_I_O)         0.091     8.000 r  datapath/video_inst/mmcm_adv_inst_display_clocks/inst/clkout2_buf/O
                         net (fo=44, routed)          1.709     9.709    datapath/video_inst/inst_dvid/clk_out2
    SLICE_X160Y137       FDRE                                         r  datapath/video_inst/inst_dvid/shift_green_reg[7]/C
                         clock pessimism             -0.128     9.581    
                         clock uncertainty           -0.215     9.367    
    SLICE_X160Y137       FDRE (Setup_fdre_C_D)        0.075     9.442    datapath/video_inst/inst_dvid/shift_green_reg[7]
  -------------------------------------------------------------------
                         required time                          9.442    
                         arrival time                          -4.417    
  -------------------------------------------------------------------
                         slack                                  5.025    

Slack (MET) :             5.082ns  (required time - arrival time)
  Source:                 datapath/video_inst/inst_dvid/latched_red_reg[8]/C
                            (rising edge-triggered cell FDRE clocked by clk_out1_clk_wiz_0  {rise@0.000ns fall@20.000ns period=40.000ns})
  Destination:            datapath/video_inst/inst_dvid/shift_red_reg[8]/D
                            (rising edge-triggered cell FDRE clocked by clk_out2_clk_wiz_0  {rise@0.000ns fall@4.000ns period=8.000ns})
  Path Group:             clk_out2_clk_wiz_0
  Path Type:              Setup (Max at Slow Process Corner)
  Requirement:            8.000ns  (clk_out2_clk_wiz_0 rise@8.000ns - clk_out1_clk_wiz_0 rise@0.000ns)
  Data Path Delay:        2.216ns  (logic 0.419ns (18.909%)  route 1.797ns (81.090%))
  Logic Levels:           0  
  Clock Path Skew:        -0.245ns (DCD - SCD + CPR)
    Destination Clock Delay (DCD):    1.708ns = ( 9.708 - 8.000 ) 
    Source Clock Delay      (SCD):    1.825ns
    Clock Pessimism Removal (CPR):    -0.128ns
  Clock Uncertainty:      0.215ns  ((TSJ^2 + DJ^2)^1/2) / 2 + PE
    Total System Jitter     (TSJ):    0.071ns
    Discrete Jitter          (DJ):    0.175ns
    Phase Error              (PE):    0.120ns

    Location             Delay type                Incr(ns)  Path(ns)    Netlist Resource(s)
  -------------------------------------------------------------------    -------------------
                         (clock clk_out1_clk_wiz_0 rise edge)
                                                      0.000     0.000 r  
    BUFGCTRL_X0Y4        BUFG                         0.000     0.000 r  clk_IBUF_BUFG_inst/O
                         net (fo=85, routed)          2.106     2.106    datapath/video_inst/mmcm_adv_inst_display_clocks/inst/clk_in1
    MMCME2_ADV_X1Y0      MMCME2_ADV (Prop_mmcme2_adv_CLKIN1_CLKOUT0)
                                                     -4.900    -2.793 r  datapath/video_inst/mmcm_adv_inst_display_clocks/inst/mmcm_adv_inst/CLKOUT0
                         net (fo=1, routed)           2.697    -0.096    datapath/video_inst/mmcm_adv_inst_display_clocks/inst/clk_out1_clk_wiz_0
    BUFGCTRL_X0Y3        BUFG (Prop_bufg_I_O)         0.096    -0.000 r  datapath/video_inst/mmcm_adv_inst_display_clocks/inst/clkout1_buf/O
                         net (fo=84, routed)          1.825     1.825    datapath/video_inst/inst_dvid/CLK
    SLICE_X161Y134       FDRE                                         r  datapath/video_inst/inst_dvid/latched_red_reg[8]/C
  -------------------------------------------------------------------    -------------------
    SLICE_X161Y134       FDRE (Prop_fdre_C_Q)         0.419     2.244 r  datapath/video_inst/inst_dvid/latched_red_reg[8]/Q
                         net (fo=1, routed)           1.797     4.041    datapath/video_inst/inst_dvid/latched_red[8]
    SLICE_X161Y135       FDRE                                         r  datapath/video_inst/inst_dvid/shift_red_reg[8]/D
  -------------------------------------------------------------------    -------------------

                         (clock clk_out2_clk_wiz_0 rise edge)
                                                      8.000     8.000 r  
    BUFGCTRL_X0Y4        BUFG                         0.000     8.000 r  clk_IBUF_BUFG_inst/O
                         net (fo=85, routed)          1.972     9.972    datapath/video_inst/mmcm_adv_inst_display_clocks/inst/clk_in1
    MMCME2_ADV_X1Y0      MMCME2_ADV (Prop_mmcme2_adv_CLKIN1_CLKOUT1)
                                                     -4.637     5.335 r  datapath/video_inst/mmcm_adv_inst_display_clocks/inst/mmcm_adv_inst/CLKOUT1
                         net (fo=1, routed)           2.574     7.909    datapath/video_inst/mmcm_adv_inst_display_clocks/inst/clk_out2_clk_wiz_0
    BUFGCTRL_X0Y0        BUFG (Prop_bufg_I_O)         0.091     8.000 r  datapath/video_inst/mmcm_adv_inst_display_clocks/inst/clkout2_buf/O
                         net (fo=44, routed)          1.708     9.708    datapath/video_inst/inst_dvid/clk_out2
    SLICE_X161Y135       FDRE                                         r  datapath/video_inst/inst_dvid/shift_red_reg[8]/C
                         clock pessimism             -0.128     9.580    
                         clock uncertainty           -0.215     9.366    
    SLICE_X161Y135       FDRE (Setup_fdre_C_D)       -0.242     9.124    datapath/video_inst/inst_dvid/shift_red_reg[8]
  -------------------------------------------------------------------
                         required time                          9.124    
                         arrival time                          -4.041    
  -------------------------------------------------------------------
                         slack                                  5.082    

Slack (MET) :             5.121ns  (required time - arrival time)
  Source:                 datapath/video_inst/inst_dvid/latched_blue_reg[1]/C
                            (rising edge-triggered cell FDRE clocked by clk_out1_clk_wiz_0  {rise@0.000ns fall@20.000ns period=40.000ns})
  Destination:            datapath/video_inst/inst_dvid/shift_blue_reg[3]/D
                            (rising edge-triggered cell FDRE clocked by clk_out2_clk_wiz_0  {rise@0.000ns fall@4.000ns period=8.000ns})
  Path Group:             clk_out2_clk_wiz_0
  Path Type:              Setup (Max at Slow Process Corner)
  Requirement:            8.000ns  (clk_out2_clk_wiz_0 rise@8.000ns - clk_out1_clk_wiz_0 rise@0.000ns)
  Data Path Delay:        2.495ns  (logic 0.608ns (24.372%)  route 1.887ns (75.628%))
  Logic Levels:           1  (LUT3=1)
  Clock Path Skew:        -0.244ns (DCD - SCD + CPR)
    Destination Clock Delay (DCD):    1.711ns = ( 9.711 - 8.000 ) 
    Source Clock Delay      (SCD):    1.827ns
    Clock Pessimism Removal (CPR):    -0.128ns
  Clock Uncertainty:      0.215ns  ((TSJ^2 + DJ^2)^1/2) / 2 + PE
    Total System Jitter     (TSJ):    0.071ns
    Discrete Jitter          (DJ):    0.175ns
    Phase Error              (PE):    0.120ns

    Location             Delay type                Incr(ns)  Path(ns)    Netlist Resource(s)
  -------------------------------------------------------------------    -------------------
                         (clock clk_out1_clk_wiz_0 rise edge)
                                                      0.000     0.000 r  
    BUFGCTRL_X0Y4        BUFG                         0.000     0.000 r  clk_IBUF_BUFG_inst/O
                         net (fo=85, routed)          2.106     2.106    datapath/video_inst/mmcm_adv_inst_display_clocks/inst/clk_in1
    MMCME2_ADV_X1Y0      MMCME2_ADV (Prop_mmcme2_adv_CLKIN1_CLKOUT0)
                                                     -4.900    -2.793 r  datapath/video_inst/mmcm_adv_inst_display_clocks/inst/mmcm_adv_inst/CLKOUT0
                         net (fo=1, routed)           2.697    -0.096    datapath/video_inst/mmcm_adv_inst_display_clocks/inst/clk_out1_clk_wiz_0
    BUFGCTRL_X0Y3        BUFG (Prop_bufg_I_O)         0.096    -0.000 r  datapath/video_inst/mmcm_adv_inst_display_clocks/inst/clkout1_buf/O
                         net (fo=84, routed)          1.827     1.827    datapath/video_inst/inst_dvid/CLK
    SLICE_X161Y136       FDRE                                         r  datapath/video_inst/inst_dvid/latched_blue_reg[1]/C
  -------------------------------------------------------------------    -------------------
    SLICE_X161Y136       FDRE (Prop_fdre_C_Q)         0.456     2.283 r  datapath/video_inst/inst_dvid/latched_blue_reg[1]/Q
                         net (fo=4, routed)           1.887     4.170    datapath/video_inst/inst_dvid/latched_blue[1]
    SLICE_X160Y139       LUT3 (Prop_lut3_I2_O)        0.152     4.322 r  datapath/video_inst/inst_dvid/shift_blue[3]_i_1/O
                         net (fo=1, routed)           0.000     4.322    datapath/video_inst/inst_dvid/shift_blue_0[3]
    SLICE_X160Y139       FDRE                                         r  datapath/video_inst/inst_dvid/shift_blue_reg[3]/D
  -------------------------------------------------------------------    -------------------

                         (clock clk_out2_clk_wiz_0 rise edge)
                                                      8.000     8.000 r  
    BUFGCTRL_X0Y4        BUFG                         0.000     8.000 r  clk_IBUF_BUFG_inst/O
                         net (fo=85, routed)          1.972     9.972    datapath/video_inst/mmcm_adv_inst_display_clocks/inst/clk_in1
    MMCME2_ADV_X1Y0      MMCME2_ADV (Prop_mmcme2_adv_CLKIN1_CLKOUT1)
                                                     -4.637     5.335 r  datapath/video_inst/mmcm_adv_inst_display_clocks/inst/mmcm_adv_inst/CLKOUT1
                         net (fo=1, routed)           2.574     7.909    datapath/video_inst/mmcm_adv_inst_display_clocks/inst/clk_out2_clk_wiz_0
    BUFGCTRL_X0Y0        BUFG (Prop_bufg_I_O)         0.091     8.000 r  datapath/video_inst/mmcm_adv_inst_display_clocks/inst/clkout2_buf/O
                         net (fo=44, routed)          1.711     9.711    datapath/video_inst/inst_dvid/clk_out2
    SLICE_X160Y139       FDRE                                         r  datapath/video_inst/inst_dvid/shift_blue_reg[3]/C
                         clock pessimism             -0.128     9.583    
                         clock uncertainty           -0.215     9.369    
    SLICE_X160Y139       FDRE (Setup_fdre_C_D)        0.075     9.444    datapath/video_inst/inst_dvid/shift_blue_reg[3]
  -------------------------------------------------------------------
                         required time                          9.444    
                         arrival time                          -4.322    
  -------------------------------------------------------------------
                         slack                                  5.121    





Min Delay Paths
--------------------------------------------------------------------------------------
Slack (MET) :             0.156ns  (arrival time - required time)
  Source:                 datapath/video_inst/inst_dvid/latched_blue_reg[2]/C
                            (rising edge-triggered cell FDRE clocked by clk_out1_clk_wiz_0  {rise@0.000ns fall@20.000ns period=40.000ns})
  Destination:            datapath/video_inst/inst_dvid/shift_blue_reg[2]/D
                            (rising edge-triggered cell FDRE clocked by clk_out2_clk_wiz_0  {rise@0.000ns fall@4.000ns period=8.000ns})
  Path Group:             clk_out2_clk_wiz_0
  Path Type:              Hold (Min at Fast Process Corner)
  Requirement:            0.000ns  (clk_out2_clk_wiz_0 rise@0.000ns - clk_out1_clk_wiz_0 rise@0.000ns)
  Data Path Delay:        0.815ns  (logic 0.186ns (22.812%)  route 0.629ns (77.188%))
  Logic Levels:           1  (LUT3=1)
  Clock Path Skew:        0.353ns (DCD - SCD - CPR)
    Destination Clock Delay (DCD):    0.919ns
    Source Clock Delay      (SCD):    0.646ns
    Clock Pessimism Removal (CPR):    -0.080ns
  Clock Uncertainty:      0.215ns  ((TSJ^2 + DJ^2)^1/2) / 2 + PE
    Total System Jitter     (TSJ):    0.071ns
    Discrete Jitter          (DJ):    0.175ns
    Phase Error              (PE):    0.120ns

    Location             Delay type                Incr(ns)  Path(ns)    Netlist Resource(s)
  -------------------------------------------------------------------    -------------------
                         (clock clk_out1_clk_wiz_0 rise edge)
                                                      0.000     0.000 r  
    BUFGCTRL_X0Y4        BUFG                         0.000     0.000 r  clk_IBUF_BUFG_inst/O
                         net (fo=85, routed)          0.745     0.745    datapath/video_inst/mmcm_adv_inst_display_clocks/inst/clk_in1
    MMCME2_ADV_X1Y0      MMCME2_ADV (Prop_mmcme2_adv_CLKIN1_CLKOUT0)
                                                     -1.683    -0.938 r  datapath/video_inst/mmcm_adv_inst_display_clocks/inst/mmcm_adv_inst/CLKOUT0
                         net (fo=1, routed)           0.912    -0.026    datapath/video_inst/mmcm_adv_inst_display_clocks/inst/clk_out1_clk_wiz_0
    BUFGCTRL_X0Y3        BUFG (Prop_bufg_I_O)         0.026    -0.000 r  datapath/video_inst/mmcm_adv_inst_display_clocks/inst/clkout1_buf/O
                         net (fo=84, routed)          0.646     0.646    datapath/video_inst/inst_dvid/CLK
    SLICE_X160Y138       FDRE                                         r  datapath/video_inst/inst_dvid/latched_blue_reg[2]/C
  -------------------------------------------------------------------    -------------------
    SLICE_X160Y138       FDRE (Prop_fdre_C_Q)         0.141     0.787 r  datapath/video_inst/inst_dvid/latched_blue_reg[2]/Q
                         net (fo=1, routed)           0.629     1.416    datapath/video_inst/inst_dvid/latched_blue[2]
    SLICE_X160Y139       LUT3 (Prop_lut3_I2_O)        0.045     1.461 r  datapath/video_inst/inst_dvid/shift_blue[2]_i_1/O
                         net (fo=1, routed)           0.000     1.461    datapath/video_inst/inst_dvid/shift_blue_0[2]
    SLICE_X160Y139       FDRE                                         r  datapath/video_inst/inst_dvid/shift_blue_reg[2]/D
  -------------------------------------------------------------------    -------------------

                         (clock clk_out2_clk_wiz_0 rise edge)
                                                      0.000     0.000 r  
    BUFGCTRL_X0Y4        BUFG                         0.000     0.000 r  clk_IBUF_BUFG_inst/O
                         net (fo=85, routed)          1.022     1.022    datapath/video_inst/mmcm_adv_inst_display_clocks/inst/clk_in1
    MMCME2_ADV_X1Y0      MMCME2_ADV (Prop_mmcme2_adv_CLKIN1_CLKOUT1)
                                                     -2.040    -1.018 r  datapath/video_inst/mmcm_adv_inst_display_clocks/inst/mmcm_adv_inst/CLKOUT1
                         net (fo=1, routed)           0.989    -0.029    datapath/video_inst/mmcm_adv_inst_display_clocks/inst/clk_out2_clk_wiz_0
    BUFGCTRL_X0Y0        BUFG (Prop_bufg_I_O)         0.029    -0.000 r  datapath/video_inst/mmcm_adv_inst_display_clocks/inst/clkout2_buf/O
                         net (fo=44, routed)          0.919     0.919    datapath/video_inst/inst_dvid/clk_out2
    SLICE_X160Y139       FDRE                                         r  datapath/video_inst/inst_dvid/shift_blue_reg[2]/C
                         clock pessimism              0.080     0.999    
                         clock uncertainty            0.215     1.213    
    SLICE_X160Y139       FDRE (Hold_fdre_C_D)         0.092     1.305    datapath/video_inst/inst_dvid/shift_blue_reg[2]
  -------------------------------------------------------------------
                         required time                         -1.305    
                         arrival time                           1.461    
  -------------------------------------------------------------------
                         slack                                  0.156    

Slack (MET) :             0.180ns  (arrival time - required time)
  Source:                 datapath/video_inst/inst_dvid/latched_red_reg[9]/C
                            (rising edge-triggered cell FDRE clocked by clk_out1_clk_wiz_0  {rise@0.000ns fall@20.000ns period=40.000ns})
  Destination:            datapath/video_inst/inst_dvid/shift_red_reg[9]/D
                            (rising edge-triggered cell FDRE clocked by clk_out2_clk_wiz_0  {rise@0.000ns fall@4.000ns period=8.000ns})
  Path Group:             clk_out2_clk_wiz_0
  Path Type:              Hold (Min at Fast Process Corner)
  Requirement:            0.000ns  (clk_out2_clk_wiz_0 rise@0.000ns - clk_out1_clk_wiz_0 rise@0.000ns)
  Data Path Delay:        0.760ns  (logic 0.128ns (16.836%)  route 0.632ns (83.164%))
  Logic Levels:           0  
  Clock Path Skew:        0.352ns (DCD - SCD - CPR)
    Destination Clock Delay (DCD):    0.916ns
    Source Clock Delay      (SCD):    0.644ns
    Clock Pessimism Removal (CPR):    -0.080ns
  Clock Uncertainty:      0.215ns  ((TSJ^2 + DJ^2)^1/2) / 2 + PE
    Total System Jitter     (TSJ):    0.071ns
    Discrete Jitter          (DJ):    0.175ns
    Phase Error              (PE):    0.120ns

    Location             Delay type                Incr(ns)  Path(ns)    Netlist Resource(s)
  -------------------------------------------------------------------    -------------------
                         (clock clk_out1_clk_wiz_0 rise edge)
                                                      0.000     0.000 r  
    BUFGCTRL_X0Y4        BUFG                         0.000     0.000 r  clk_IBUF_BUFG_inst/O
                         net (fo=85, routed)          0.745     0.745    datapath/video_inst/mmcm_adv_inst_display_clocks/inst/clk_in1
    MMCME2_ADV_X1Y0      MMCME2_ADV (Prop_mmcme2_adv_CLKIN1_CLKOUT0)
                                                     -1.683    -0.938 r  datapath/video_inst/mmcm_adv_inst_display_clocks/inst/mmcm_adv_inst/CLKOUT0
                         net (fo=1, routed)           0.912    -0.026    datapath/video_inst/mmcm_adv_inst_display_clocks/inst/clk_out1_clk_wiz_0
    BUFGCTRL_X0Y3        BUFG (Prop_bufg_I_O)         0.026    -0.000 r  datapath/video_inst/mmcm_adv_inst_display_clocks/inst/clkout1_buf/O
                         net (fo=84, routed)          0.644     0.644    datapath/video_inst/inst_dvid/CLK
    SLICE_X161Y134       FDRE                                         r  datapath/video_inst/inst_dvid/latched_red_reg[9]/C
  -------------------------------------------------------------------    -------------------
    SLICE_X161Y134       FDRE (Prop_fdre_C_Q)         0.128     0.772 r  datapath/video_inst/inst_dvid/latched_red_reg[9]/Q
                         net (fo=1, routed)           0.632     1.404    datapath/video_inst/inst_dvid/latched_red[9]
    SLICE_X161Y135       FDRE                                         r  datapath/video_inst/inst_dvid/shift_red_reg[9]/D
  -------------------------------------------------------------------    -------------------

                         (clock clk_out2_clk_wiz_0 rise edge)
                                                      0.000     0.000 r  
    BUFGCTRL_X0Y4        BUFG                         0.000     0.000 r  clk_IBUF_BUFG_inst/O
                         net (fo=85, routed)          1.022     1.022    datapath/video_inst/mmcm_adv_inst_display_clocks/inst/clk_in1
    MMCME2_ADV_X1Y0      MMCME2_ADV (Prop_mmcme2_adv_CLKIN1_CLKOUT1)
                                                     -2.040    -1.018 r  datapath/video_inst/mmcm_adv_inst_display_clocks/inst/mmcm_adv_inst/CLKOUT1
                         net (fo=1, routed)           0.989    -0.029    datapath/video_inst/mmcm_adv_inst_display_clocks/inst/clk_out2_clk_wiz_0
    BUFGCTRL_X0Y0        BUFG (Prop_bufg_I_O)         0.029    -0.000 r  datapath/video_inst/mmcm_adv_inst_display_clocks/inst/clkout2_buf/O
                         net (fo=44, routed)          0.916     0.916    datapath/video_inst/inst_dvid/clk_out2
    SLICE_X161Y135       FDRE                                         r  datapath/video_inst/inst_dvid/shift_red_reg[9]/C
                         clock pessimism              0.080     0.996    
                         clock uncertainty            0.215     1.210    
    SLICE_X161Y135       FDRE (Hold_fdre_C_D)         0.013     1.223    datapath/video_inst/inst_dvid/shift_red_reg[9]
  -------------------------------------------------------------------
                         required time                         -1.223    
                         arrival time                           1.404    
  -------------------------------------------------------------------
                         slack                                  0.180    

Slack (MET) :             0.202ns  (arrival time - required time)
  Source:                 datapath/video_inst/inst_dvid/latched_blue_reg[1]/C
                            (rising edge-triggered cell FDRE clocked by clk_out1_clk_wiz_0  {rise@0.000ns fall@20.000ns period=40.000ns})
  Destination:            datapath/video_inst/inst_dvid/shift_blue_reg[3]/D
                            (rising edge-triggered cell FDRE clocked by clk_out2_clk_wiz_0  {rise@0.000ns fall@4.000ns period=8.000ns})
  Path Group:             clk_out2_clk_wiz_0
  Path Type:              Hold (Min at Fast Process Corner)
  Requirement:            0.000ns  (clk_out2_clk_wiz_0 rise@0.000ns - clk_out1_clk_wiz_0 rise@0.000ns)
  Data Path Delay:        0.879ns  (logic 0.184ns (20.940%)  route 0.695ns (79.060%))
  Logic Levels:           1  (LUT3=1)
  Clock Path Skew:        0.355ns (DCD - SCD - CPR)
    Destination Clock Delay (DCD):    0.919ns
    Source Clock Delay      (SCD):    0.644ns
    Clock Pessimism Removal (CPR):    -0.080ns
  Clock Uncertainty:      0.215ns  ((TSJ^2 + DJ^2)^1/2) / 2 + PE
    Total System Jitter     (TSJ):    0.071ns
    Discrete Jitter          (DJ):    0.175ns
    Phase Error              (PE):    0.120ns

    Location             Delay type                Incr(ns)  Path(ns)    Netlist Resource(s)
  -------------------------------------------------------------------    -------------------
                         (clock clk_out1_clk_wiz_0 rise edge)
                                                      0.000     0.000 r  
    BUFGCTRL_X0Y4        BUFG                         0.000     0.000 r  clk_IBUF_BUFG_inst/O
                         net (fo=85, routed)          0.745     0.745    datapath/video_inst/mmcm_adv_inst_display_clocks/inst/clk_in1
    MMCME2_ADV_X1Y0      MMCME2_ADV (Prop_mmcme2_adv_CLKIN1_CLKOUT0)
                                                     -1.683    -0.938 r  datapath/video_inst/mmcm_adv_inst_display_clocks/inst/mmcm_adv_inst/CLKOUT0
                         net (fo=1, routed)           0.912    -0.026    datapath/video_inst/mmcm_adv_inst_display_clocks/inst/clk_out1_clk_wiz_0
    BUFGCTRL_X0Y3        BUFG (Prop_bufg_I_O)         0.026    -0.000 r  datapath/video_inst/mmcm_adv_inst_display_clocks/inst/clkout1_buf/O
                         net (fo=84, routed)          0.644     0.644    datapath/video_inst/inst_dvid/CLK
    SLICE_X161Y136       FDRE                                         r  datapath/video_inst/inst_dvid/latched_blue_reg[1]/C
  -------------------------------------------------------------------    -------------------
    SLICE_X161Y136       FDRE (Prop_fdre_C_Q)         0.141     0.785 r  datapath/video_inst/inst_dvid/latched_blue_reg[1]/Q
                         net (fo=4, routed)           0.695     1.479    datapath/video_inst/inst_dvid/latched_blue[1]
    SLICE_X160Y139       LUT3 (Prop_lut3_I2_O)        0.043     1.522 r  datapath/video_inst/inst_dvid/shift_blue[3]_i_1/O
                         net (fo=1, routed)           0.000     1.522    datapath/video_inst/inst_dvid/shift_blue_0[3]
    SLICE_X160Y139       FDRE                                         r  datapath/video_inst/inst_dvid/shift_blue_reg[3]/D
  -------------------------------------------------------------------    -------------------

                         (clock clk_out2_clk_wiz_0 rise edge)
                                                      0.000     0.000 r  
    BUFGCTRL_X0Y4        BUFG                         0.000     0.000 r  clk_IBUF_BUFG_inst/O
                         net (fo=85, routed)          1.022     1.022    datapath/video_inst/mmcm_adv_inst_display_clocks/inst/clk_in1
    MMCME2_ADV_X1Y0      MMCME2_ADV (Prop_mmcme2_adv_CLKIN1_CLKOUT1)
                                                     -2.040    -1.018 r  datapath/video_inst/mmcm_adv_inst_display_clocks/inst/mmcm_adv_inst/CLKOUT1
                         net (fo=1, routed)           0.989    -0.029    datapath/video_inst/mmcm_adv_inst_display_clocks/inst/clk_out2_clk_wiz_0
    BUFGCTRL_X0Y0        BUFG (Prop_bufg_I_O)         0.029    -0.000 r  datapath/video_inst/mmcm_adv_inst_display_clocks/inst/clkout2_buf/O
                         net (fo=44, routed)          0.919     0.919    datapath/video_inst/inst_dvid/clk_out2
    SLICE_X160Y139       FDRE                                         r  datapath/video_inst/inst_dvid/shift_blue_reg[3]/C
                         clock pessimism              0.080     0.999    
                         clock uncertainty            0.215     1.213    
    SLICE_X160Y139       FDRE (Hold_fdre_C_D)         0.107     1.320    datapath/video_inst/inst_dvid/shift_blue_reg[3]
  -------------------------------------------------------------------
                         required time                         -1.320    
                         arrival time                           1.522    
  -------------------------------------------------------------------
                         slack                                  0.202    

Slack (MET) :             0.205ns  (arrival time - required time)
  Source:                 datapath/video_inst/inst_dvid/latched_green_reg[0]/C
                            (rising edge-triggered cell FDRE clocked by clk_out1_clk_wiz_0  {rise@0.000ns fall@20.000ns period=40.000ns})
  Destination:            datapath/video_inst/inst_dvid/shift_green_reg[1]/D
                            (rising edge-triggered cell FDRE clocked by clk_out2_clk_wiz_0  {rise@0.000ns fall@4.000ns period=8.000ns})
  Path Group:             clk_out2_clk_wiz_0
  Path Type:              Hold (Min at Fast Process Corner)
  Requirement:            0.000ns  (clk_out2_clk_wiz_0 rise@0.000ns - clk_out1_clk_wiz_0 rise@0.000ns)
  Data Path Delay:        0.880ns  (logic 0.210ns (23.861%)  route 0.670ns (76.139%))
  Logic Levels:           1  (LUT3=1)
  Clock Path Skew:        0.353ns (DCD - SCD - CPR)
    Destination Clock Delay (DCD):    0.917ns
    Source Clock Delay      (SCD):    0.644ns
    Clock Pessimism Removal (CPR):    -0.080ns
  Clock Uncertainty:      0.215ns  ((TSJ^2 + DJ^2)^1/2) / 2 + PE
    Total System Jitter     (TSJ):    0.071ns
    Discrete Jitter          (DJ):    0.175ns
    Phase Error              (PE):    0.120ns

    Location             Delay type                Incr(ns)  Path(ns)    Netlist Resource(s)
  -------------------------------------------------------------------    -------------------
                         (clock clk_out1_clk_wiz_0 rise edge)
                                                      0.000     0.000 r  
    BUFGCTRL_X0Y4        BUFG                         0.000     0.000 r  clk_IBUF_BUFG_inst/O
                         net (fo=85, routed)          0.745     0.745    datapath/video_inst/mmcm_adv_inst_display_clocks/inst/clk_in1
    MMCME2_ADV_X1Y0      MMCME2_ADV (Prop_mmcme2_adv_CLKIN1_CLKOUT0)
                                                     -1.683    -0.938 r  datapath/video_inst/mmcm_adv_inst_display_clocks/inst/mmcm_adv_inst/CLKOUT0
                         net (fo=1, routed)           0.912    -0.026    datapath/video_inst/mmcm_adv_inst_display_clocks/inst/clk_out1_clk_wiz_0
    BUFGCTRL_X0Y3        BUFG (Prop_bufg_I_O)         0.026    -0.000 r  datapath/video_inst/mmcm_adv_inst_display_clocks/inst/clkout1_buf/O
                         net (fo=84, routed)          0.644     0.644    datapath/video_inst/inst_dvid/CLK
    SLICE_X158Y137       FDRE                                         r  datapath/video_inst/inst_dvid/latched_green_reg[0]/C
  -------------------------------------------------------------------    -------------------
    SLICE_X158Y137       FDRE (Prop_fdre_C_Q)         0.164     0.808 r  datapath/video_inst/inst_dvid/latched_green_reg[0]/Q
                         net (fo=5, routed)           0.670     1.478    datapath/video_inst/inst_dvid/latched_green[0]
    SLICE_X160Y137       LUT3 (Prop_lut3_I2_O)        0.046     1.524 r  datapath/video_inst/inst_dvid/shift_green[1]_i_1/O
                         net (fo=1, routed)           0.000     1.524    datapath/video_inst/inst_dvid/shift_green_1[1]
    SLICE_X160Y137       FDRE                                         r  datapath/video_inst/inst_dvid/shift_green_reg[1]/D
  -------------------------------------------------------------------    -------------------

                         (clock clk_out2_clk_wiz_0 rise edge)
                                                      0.000     0.000 r  
    BUFGCTRL_X0Y4        BUFG                         0.000     0.000 r  clk_IBUF_BUFG_inst/O
                         net (fo=85, routed)          1.022     1.022    datapath/video_inst/mmcm_adv_inst_display_clocks/inst/clk_in1
    MMCME2_ADV_X1Y0      MMCME2_ADV (Prop_mmcme2_adv_CLKIN1_CLKOUT1)
                                                     -2.040    -1.018 r  datapath/video_inst/mmcm_adv_inst_display_clocks/inst/mmcm_adv_inst/CLKOUT1
                         net (fo=1, routed)           0.989    -0.029    datapath/video_inst/mmcm_adv_inst_display_clocks/inst/clk_out2_clk_wiz_0
    BUFGCTRL_X0Y0        BUFG (Prop_bufg_I_O)         0.029    -0.000 r  datapath/video_inst/mmcm_adv_inst_display_clocks/inst/clkout2_buf/O
                         net (fo=44, routed)          0.917     0.917    datapath/video_inst/inst_dvid/clk_out2
    SLICE_X160Y137       FDRE                                         r  datapath/video_inst/inst_dvid/shift_green_reg[1]/C
                         clock pessimism              0.080     0.997    
                         clock uncertainty            0.215     1.211    
    SLICE_X160Y137       FDRE (Hold_fdre_C_D)         0.107     1.318    datapath/video_inst/inst_dvid/shift_green_reg[1]
  -------------------------------------------------------------------
                         required time                         -1.318    
                         arrival time                           1.524    
  -------------------------------------------------------------------
                         slack                                  0.205    

Slack (MET) :             0.216ns  (arrival time - required time)
  Source:                 datapath/video_inst/inst_dvid/latched_green_reg[2]/C
                            (rising edge-triggered cell FDRE clocked by clk_out1_clk_wiz_0  {rise@0.000ns fall@20.000ns period=40.000ns})
  Destination:            datapath/video_inst/inst_dvid/shift_green_reg[4]/D
                            (rising edge-triggered cell FDRE clocked by clk_out2_clk_wiz_0  {rise@0.000ns fall@4.000ns period=8.000ns})
  Path Group:             clk_out2_clk_wiz_0
  Path Type:              Hold (Min at Fast Process Corner)
  Requirement:            0.000ns  (clk_out2_clk_wiz_0 rise@0.000ns - clk_out1_clk_wiz_0 rise@0.000ns)
  Data Path Delay:        0.891ns  (logic 0.207ns (23.224%)  route 0.684ns (76.776%))
  Logic Levels:           1  (LUT3=1)
  Clock Path Skew:        0.353ns (DCD - SCD - CPR)
    Destination Clock Delay (DCD):    0.917ns
    Source Clock Delay      (SCD):    0.644ns
    Clock Pessimism Removal (CPR):    -0.080ns
  Clock Uncertainty:      0.215ns  ((TSJ^2 + DJ^2)^1/2) / 2 + PE
    Total System Jitter     (TSJ):    0.071ns
    Discrete Jitter          (DJ):    0.175ns
    Phase Error              (PE):    0.120ns

    Location             Delay type                Incr(ns)  Path(ns)    Netlist Resource(s)
  -------------------------------------------------------------------    -------------------
                         (clock clk_out1_clk_wiz_0 rise edge)
                                                      0.000     0.000 r  
    BUFGCTRL_X0Y4        BUFG                         0.000     0.000 r  clk_IBUF_BUFG_inst/O
                         net (fo=85, routed)          0.745     0.745    datapath/video_inst/mmcm_adv_inst_display_clocks/inst/clk_in1
    MMCME2_ADV_X1Y0      MMCME2_ADV (Prop_mmcme2_adv_CLKIN1_CLKOUT0)
                                                     -1.683    -0.938 r  datapath/video_inst/mmcm_adv_inst_display_clocks/inst/mmcm_adv_inst/CLKOUT0
                         net (fo=1, routed)           0.912    -0.026    datapath/video_inst/mmcm_adv_inst_display_clocks/inst/clk_out1_clk_wiz_0
    BUFGCTRL_X0Y3        BUFG (Prop_bufg_I_O)         0.026    -0.000 r  datapath/video_inst/mmcm_adv_inst_display_clocks/inst/clkout1_buf/O
                         net (fo=84, routed)          0.644     0.644    datapath/video_inst/inst_dvid/CLK
    SLICE_X158Y137       FDRE                                         r  datapath/video_inst/inst_dvid/latched_green_reg[2]/C
  -------------------------------------------------------------------    -------------------
    SLICE_X158Y137       FDRE (Prop_fdre_C_Q)         0.164     0.808 r  datapath/video_inst/inst_dvid/latched_green_reg[2]/Q
                         net (fo=3, routed)           0.684     1.492    datapath/video_inst/inst_dvid/latched_green[2]
    SLICE_X160Y137       LUT3 (Prop_lut3_I2_O)        0.043     1.535 r  datapath/video_inst/inst_dvid/shift_green[4]_i_1/O
                         net (fo=1, routed)           0.000     1.535    datapath/video_inst/inst_dvid/shift_green_1[4]
    SLICE_X160Y137       FDRE                                         r  datapath/video_inst/inst_dvid/shift_green_reg[4]/D
  -------------------------------------------------------------------    -------------------

                         (clock clk_out2_clk_wiz_0 rise edge)
                                                      0.000     0.000 r  
    BUFGCTRL_X0Y4        BUFG                         0.000     0.000 r  clk_IBUF_BUFG_inst/O
                         net (fo=85, routed)          1.022     1.022    datapath/video_inst/mmcm_adv_inst_display_clocks/inst/clk_in1
    MMCME2_ADV_X1Y0      MMCME2_ADV (Prop_mmcme2_adv_CLKIN1_CLKOUT1)
                                                     -2.040    -1.018 r  datapath/video_inst/mmcm_adv_inst_display_clocks/inst/mmcm_adv_inst/CLKOUT1
                         net (fo=1, routed)           0.989    -0.029    datapath/video_inst/mmcm_adv_inst_display_clocks/inst/clk_out2_clk_wiz_0
    BUFGCTRL_X0Y0        BUFG (Prop_bufg_I_O)         0.029    -0.000 r  datapath/video_inst/mmcm_adv_inst_display_clocks/inst/clkout2_buf/O
                         net (fo=44, routed)          0.917     0.917    datapath/video_inst/inst_dvid/clk_out2
    SLICE_X160Y137       FDRE                                         r  datapath/video_inst/inst_dvid/shift_green_reg[4]/C
                         clock pessimism              0.080     0.997    
                         clock uncertainty            0.215     1.211    
    SLICE_X160Y137       FDRE (Hold_fdre_C_D)         0.107     1.318    datapath/video_inst/inst_dvid/shift_green_reg[4]
  -------------------------------------------------------------------
                         required time                         -1.318    
                         arrival time                           1.535    
  -------------------------------------------------------------------
                         slack                                  0.216    

Slack (MET) :             0.220ns  (arrival time - required time)
  Source:                 datapath/video_inst/inst_dvid/latched_green_reg[0]/C
                            (rising edge-triggered cell FDRE clocked by clk_out1_clk_wiz_0  {rise@0.000ns fall@20.000ns period=40.000ns})
  Destination:            datapath/video_inst/inst_dvid/shift_green_reg[0]/D
                            (rising edge-triggered cell FDRE clocked by clk_out2_clk_wiz_0  {rise@0.000ns fall@4.000ns period=8.000ns})
  Path Group:             clk_out2_clk_wiz_0
  Path Type:              Hold (Min at Fast Process Corner)
  Requirement:            0.000ns  (clk_out2_clk_wiz_0 rise@0.000ns - clk_out1_clk_wiz_0 rise@0.000ns)
  Data Path Delay:        0.879ns  (logic 0.209ns (23.775%)  route 0.670ns (76.225%))
  Logic Levels:           1  (LUT3=1)
  Clock Path Skew:        0.353ns (DCD - SCD - CPR)
    Destination Clock Delay (DCD):    0.917ns
    Source Clock Delay      (SCD):    0.644ns
    Clock Pessimism Removal (CPR):    -0.080ns
  Clock Uncertainty:      0.215ns  ((TSJ^2 + DJ^2)^1/2) / 2 + PE
    Total System Jitter     (TSJ):    0.071ns
    Discrete Jitter          (DJ):    0.175ns
    Phase Error              (PE):    0.120ns

    Location             Delay type                Incr(ns)  Path(ns)    Netlist Resource(s)
  -------------------------------------------------------------------    -------------------
                         (clock clk_out1_clk_wiz_0 rise edge)
                                                      0.000     0.000 r  
    BUFGCTRL_X0Y4        BUFG                         0.000     0.000 r  clk_IBUF_BUFG_inst/O
                         net (fo=85, routed)          0.745     0.745    datapath/video_inst/mmcm_adv_inst_display_clocks/inst/clk_in1
    MMCME2_ADV_X1Y0      MMCME2_ADV (Prop_mmcme2_adv_CLKIN1_CLKOUT0)
                                                     -1.683    -0.938 r  datapath/video_inst/mmcm_adv_inst_display_clocks/inst/mmcm_adv_inst/CLKOUT0
                         net (fo=1, routed)           0.912    -0.026    datapath/video_inst/mmcm_adv_inst_display_clocks/inst/clk_out1_clk_wiz_0
    BUFGCTRL_X0Y3        BUFG (Prop_bufg_I_O)         0.026    -0.000 r  datapath/video_inst/mmcm_adv_inst_display_clocks/inst/clkout1_buf/O
                         net (fo=84, routed)          0.644     0.644    datapath/video_inst/inst_dvid/CLK
    SLICE_X158Y137       FDRE                                         r  datapath/video_inst/inst_dvid/latched_green_reg[0]/C
  -------------------------------------------------------------------    -------------------
    SLICE_X158Y137       FDRE (Prop_fdre_C_Q)         0.164     0.808 r  datapath/video_inst/inst_dvid/latched_green_reg[0]/Q
                         net (fo=5, routed)           0.670     1.478    datapath/video_inst/inst_dvid/latched_green[0]
    SLICE_X160Y137       LUT3 (Prop_lut3_I2_O)        0.045     1.523 r  datapath/video_inst/inst_dvid/shift_green[0]_i_1/O
                         net (fo=1, routed)           0.000     1.523    datapath/video_inst/inst_dvid/shift_green_1[0]
    SLICE_X160Y137       FDRE                                         r  datapath/video_inst/inst_dvid/shift_green_reg[0]/D
  -------------------------------------------------------------------    -------------------

                         (clock clk_out2_clk_wiz_0 rise edge)
                                                      0.000     0.000 r  
    BUFGCTRL_X0Y4        BUFG                         0.000     0.000 r  clk_IBUF_BUFG_inst/O
                         net (fo=85, routed)          1.022     1.022    datapath/video_inst/mmcm_adv_inst_display_clocks/inst/clk_in1
    MMCME2_ADV_X1Y0      MMCME2_ADV (Prop_mmcme2_adv_CLKIN1_CLKOUT1)
                                                     -2.040    -1.018 r  datapath/video_inst/mmcm_adv_inst_display_clocks/inst/mmcm_adv_inst/CLKOUT1
                         net (fo=1, routed)           0.989    -0.029    datapath/video_inst/mmcm_adv_inst_display_clocks/inst/clk_out2_clk_wiz_0
    BUFGCTRL_X0Y0        BUFG (Prop_bufg_I_O)         0.029    -0.000 r  datapath/video_inst/mmcm_adv_inst_display_clocks/inst/clkout2_buf/O
                         net (fo=44, routed)          0.917     0.917    datapath/video_inst/inst_dvid/clk_out2
    SLICE_X160Y137       FDRE                                         r  datapath/video_inst/inst_dvid/shift_green_reg[0]/C
                         clock pessimism              0.080     0.997    
                         clock uncertainty            0.215     1.211    
    SLICE_X160Y137       FDRE (Hold_fdre_C_D)         0.091     1.302    datapath/video_inst/inst_dvid/shift_green_reg[0]
  -------------------------------------------------------------------
                         required time                         -1.302    
                         arrival time                           1.523    
  -------------------------------------------------------------------
                         slack                                  0.220    

Slack (MET) :             0.223ns  (arrival time - required time)
  Source:                 datapath/video_inst/inst_dvid/latched_blue_reg[1]/C
                            (rising edge-triggered cell FDRE clocked by clk_out1_clk_wiz_0  {rise@0.000ns fall@20.000ns period=40.000ns})
  Destination:            datapath/video_inst/inst_dvid/shift_blue_reg[7]/D
                            (rising edge-triggered cell FDRE clocked by clk_out2_clk_wiz_0  {rise@0.000ns fall@4.000ns period=8.000ns})
  Path Group:             clk_out2_clk_wiz_0
  Path Type:              Hold (Min at Fast Process Corner)
  Requirement:            0.000ns  (clk_out2_clk_wiz_0 rise@0.000ns - clk_out1_clk_wiz_0 rise@0.000ns)
  Data Path Delay:        0.900ns  (logic 0.184ns (20.444%)  route 0.716ns (79.556%))
  Logic Levels:           1  (LUT3=1)
  Clock Path Skew:        0.355ns (DCD - SCD - CPR)
    Destination Clock Delay (DCD):    0.919ns
    Source Clock Delay      (SCD):    0.644ns
    Clock Pessimism Removal (CPR):    -0.080ns
  Clock Uncertainty:      0.215ns  ((TSJ^2 + DJ^2)^1/2) / 2 + PE
    Total System Jitter     (TSJ):    0.071ns
    Discrete Jitter          (DJ):    0.175ns
    Phase Error              (PE):    0.120ns

    Location             Delay type                Incr(ns)  Path(ns)    Netlist Resource(s)
  -------------------------------------------------------------------    -------------------
                         (clock clk_out1_clk_wiz_0 rise edge)
                                                      0.000     0.000 r  
    BUFGCTRL_X0Y4        BUFG                         0.000     0.000 r  clk_IBUF_BUFG_inst/O
                         net (fo=85, routed)          0.745     0.745    datapath/video_inst/mmcm_adv_inst_display_clocks/inst/clk_in1
    MMCME2_ADV_X1Y0      MMCME2_ADV (Prop_mmcme2_adv_CLKIN1_CLKOUT0)
                                                     -1.683    -0.938 r  datapath/video_inst/mmcm_adv_inst_display_clocks/inst/mmcm_adv_inst/CLKOUT0
                         net (fo=1, routed)           0.912    -0.026    datapath/video_inst/mmcm_adv_inst_display_clocks/inst/clk_out1_clk_wiz_0
    BUFGCTRL_X0Y3        BUFG (Prop_bufg_I_O)         0.026    -0.000 r  datapath/video_inst/mmcm_adv_inst_display_clocks/inst/clkout1_buf/O
                         net (fo=84, routed)          0.644     0.644    datapath/video_inst/inst_dvid/CLK
    SLICE_X161Y136       FDRE                                         r  datapath/video_inst/inst_dvid/latched_blue_reg[1]/C
  -------------------------------------------------------------------    -------------------
    SLICE_X161Y136       FDRE (Prop_fdre_C_Q)         0.141     0.785 r  datapath/video_inst/inst_dvid/latched_blue_reg[1]/Q
                         net (fo=4, routed)           0.716     1.501    datapath/video_inst/inst_dvid/latched_blue[1]
    SLICE_X160Y139       LUT3 (Prop_lut3_I2_O)        0.043     1.544 r  datapath/video_inst/inst_dvid/shift_blue[7]_i_1/O
                         net (fo=1, routed)           0.000     1.544    datapath/video_inst/inst_dvid/shift_blue_0[7]
    SLICE_X160Y139       FDRE                                         r  datapath/video_inst/inst_dvid/shift_blue_reg[7]/D
  -------------------------------------------------------------------    -------------------

                         (clock clk_out2_clk_wiz_0 rise edge)
                                                      0.000     0.000 r  
    BUFGCTRL_X0Y4        BUFG                         0.000     0.000 r  clk_IBUF_BUFG_inst/O
                         net (fo=85, routed)          1.022     1.022    datapath/video_inst/mmcm_adv_inst_display_clocks/inst/clk_in1
    MMCME2_ADV_X1Y0      MMCME2_ADV (Prop_mmcme2_adv_CLKIN1_CLKOUT1)
                                                     -2.040    -1.018 r  datapath/video_inst/mmcm_adv_inst_display_clocks/inst/mmcm_adv_inst/CLKOUT1
                         net (fo=1, routed)           0.989    -0.029    datapath/video_inst/mmcm_adv_inst_display_clocks/inst/clk_out2_clk_wiz_0
    BUFGCTRL_X0Y0        BUFG (Prop_bufg_I_O)         0.029    -0.000 r  datapath/video_inst/mmcm_adv_inst_display_clocks/inst/clkout2_buf/O
                         net (fo=44, routed)          0.919     0.919    datapath/video_inst/inst_dvid/clk_out2
    SLICE_X160Y139       FDRE                                         r  datapath/video_inst/inst_dvid/shift_blue_reg[7]/C
                         clock pessimism              0.080     0.999    
                         clock uncertainty            0.215     1.213    
    SLICE_X160Y139       FDRE (Hold_fdre_C_D)         0.107     1.320    datapath/video_inst/inst_dvid/shift_blue_reg[7]
  -------------------------------------------------------------------
                         required time                         -1.320    
                         arrival time                           1.544    
  -------------------------------------------------------------------
                         slack                                  0.223    

Slack (MET) :             0.232ns  (arrival time - required time)
  Source:                 datapath/video_inst/inst_dvid/latched_blue_reg[1]/C
                            (rising edge-triggered cell FDRE clocked by clk_out1_clk_wiz_0  {rise@0.000ns fall@20.000ns period=40.000ns})
  Destination:            datapath/video_inst/inst_dvid/shift_blue_reg[1]/D
                            (rising edge-triggered cell FDRE clocked by clk_out2_clk_wiz_0  {rise@0.000ns fall@4.000ns period=8.000ns})
  Path Group:             clk_out2_clk_wiz_0
  Path Type:              Hold (Min at Fast Process Corner)
  Requirement:            0.000ns  (clk_out2_clk_wiz_0 rise@0.000ns - clk_out1_clk_wiz_0 rise@0.000ns)
  Data Path Delay:        0.909ns  (logic 0.183ns (20.141%)  route 0.726ns (79.859%))
  Logic Levels:           1  (LUT3=1)
  Clock Path Skew:        0.355ns (DCD - SCD - CPR)
    Destination Clock Delay (DCD):    0.919ns
    Source Clock Delay      (SCD):    0.644ns
    Clock Pessimism Removal (CPR):    -0.080ns
  Clock Uncertainty:      0.215ns  ((TSJ^2 + DJ^2)^1/2) / 2 + PE
    Total System Jitter     (TSJ):    0.071ns
    Discrete Jitter          (DJ):    0.175ns
    Phase Error              (PE):    0.120ns

    Location             Delay type                Incr(ns)  Path(ns)    Netlist Resource(s)
  -------------------------------------------------------------------    -------------------
                         (clock clk_out1_clk_wiz_0 rise edge)
                                                      0.000     0.000 r  
    BUFGCTRL_X0Y4        BUFG                         0.000     0.000 r  clk_IBUF_BUFG_inst/O
                         net (fo=85, routed)          0.745     0.745    datapath/video_inst/mmcm_adv_inst_display_clocks/inst/clk_in1
    MMCME2_ADV_X1Y0      MMCME2_ADV (Prop_mmcme2_adv_CLKIN1_CLKOUT0)
                                                     -1.683    -0.938 r  datapath/video_inst/mmcm_adv_inst_display_clocks/inst/mmcm_adv_inst/CLKOUT0
                         net (fo=1, routed)           0.912    -0.026    datapath/video_inst/mmcm_adv_inst_display_clocks/inst/clk_out1_clk_wiz_0
    BUFGCTRL_X0Y3        BUFG (Prop_bufg_I_O)         0.026    -0.000 r  datapath/video_inst/mmcm_adv_inst_display_clocks/inst/clkout1_buf/O
                         net (fo=84, routed)          0.644     0.644    datapath/video_inst/inst_dvid/CLK
    SLICE_X161Y136       FDRE                                         r  datapath/video_inst/inst_dvid/latched_blue_reg[1]/C
  -------------------------------------------------------------------    -------------------
    SLICE_X161Y136       FDRE (Prop_fdre_C_Q)         0.141     0.785 r  datapath/video_inst/inst_dvid/latched_blue_reg[1]/Q
                         net (fo=4, routed)           0.726     1.510    datapath/video_inst/inst_dvid/latched_blue[1]
    SLICE_X160Y139       LUT3 (Prop_lut3_I2_O)        0.042     1.552 r  datapath/video_inst/inst_dvid/shift_blue[1]_i_1/O
                         net (fo=1, routed)           0.000     1.552    datapath/video_inst/inst_dvid/shift_blue_0[1]
    SLICE_X160Y139       FDRE                                         r  datapath/video_inst/inst_dvid/shift_blue_reg[1]/D
  -------------------------------------------------------------------    -------------------

                         (clock clk_out2_clk_wiz_0 rise edge)
                                                      0.000     0.000 r  
    BUFGCTRL_X0Y4        BUFG                         0.000     0.000 r  clk_IBUF_BUFG_inst/O
                         net (fo=85, routed)          1.022     1.022    datapath/video_inst/mmcm_adv_inst_display_clocks/inst/clk_in1
    MMCME2_ADV_X1Y0      MMCME2_ADV (Prop_mmcme2_adv_CLKIN1_CLKOUT1)
                                                     -2.040    -1.018 r  datapath/video_inst/mmcm_adv_inst_display_clocks/inst/mmcm_adv_inst/CLKOUT1
                         net (fo=1, routed)           0.989    -0.029    datapath/video_inst/mmcm_adv_inst_display_clocks/inst/clk_out2_clk_wiz_0
    BUFGCTRL_X0Y0        BUFG (Prop_bufg_I_O)         0.029    -0.000 r  datapath/video_inst/mmcm_adv_inst_display_clocks/inst/clkout2_buf/O
                         net (fo=44, routed)          0.919     0.919    datapath/video_inst/inst_dvid/clk_out2
    SLICE_X160Y139       FDRE                                         r  datapath/video_inst/inst_dvid/shift_blue_reg[1]/C
                         clock pessimism              0.080     0.999    
                         clock uncertainty            0.215     1.213    
    SLICE_X160Y139       FDRE (Hold_fdre_C_D)         0.107     1.320    datapath/video_inst/inst_dvid/shift_blue_reg[1]
  -------------------------------------------------------------------
                         required time                         -1.320    
                         arrival time                           1.552    
  -------------------------------------------------------------------
                         slack                                  0.232    

Slack (MET) :             0.232ns  (arrival time - required time)
  Source:                 datapath/video_inst/inst_dvid/latched_blue_reg[0]/C
                            (rising edge-triggered cell FDRE clocked by clk_out1_clk_wiz_0  {rise@0.000ns fall@20.000ns period=40.000ns})
  Destination:            datapath/video_inst/inst_dvid/shift_blue_reg[0]/D
                            (rising edge-triggered cell FDRE clocked by clk_out2_clk_wiz_0  {rise@0.000ns fall@4.000ns period=8.000ns})
  Path Group:             clk_out2_clk_wiz_0
  Path Type:              Hold (Min at Fast Process Corner)
  Requirement:            0.000ns  (clk_out2_clk_wiz_0 rise@0.000ns - clk_out1_clk_wiz_0 rise@0.000ns)
  Data Path Delay:        0.891ns  (logic 0.186ns (20.877%)  route 0.705ns (79.123%))
  Logic Levels:           1  (LUT3=1)
  Clock Path Skew:        0.353ns (DCD - SCD - CPR)
    Destination Clock Delay (DCD):    0.919ns
    Source Clock Delay      (SCD):    0.646ns
    Clock Pessimism Removal (CPR):    -0.080ns
  Clock Uncertainty:      0.215ns  ((TSJ^2 + DJ^2)^1/2) / 2 + PE
    Total System Jitter     (TSJ):    0.071ns
    Discrete Jitter          (DJ):    0.175ns
    Phase Error              (PE):    0.120ns

    Location             Delay type                Incr(ns)  Path(ns)    Netlist Resource(s)
  -------------------------------------------------------------------    -------------------
                         (clock clk_out1_clk_wiz_0 rise edge)
                                                      0.000     0.000 r  
    BUFGCTRL_X0Y4        BUFG                         0.000     0.000 r  clk_IBUF_BUFG_inst/O
                         net (fo=85, routed)          0.745     0.745    datapath/video_inst/mmcm_adv_inst_display_clocks/inst/clk_in1
    MMCME2_ADV_X1Y0      MMCME2_ADV (Prop_mmcme2_adv_CLKIN1_CLKOUT0)
                                                     -1.683    -0.938 r  datapath/video_inst/mmcm_adv_inst_display_clocks/inst/mmcm_adv_inst/CLKOUT0
                         net (fo=1, routed)           0.912    -0.026    datapath/video_inst/mmcm_adv_inst_display_clocks/inst/clk_out1_clk_wiz_0
    BUFGCTRL_X0Y3        BUFG (Prop_bufg_I_O)         0.026    -0.000 r  datapath/video_inst/mmcm_adv_inst_display_clocks/inst/clkout1_buf/O
                         net (fo=84, routed)          0.646     0.646    datapath/video_inst/inst_dvid/CLK
    SLICE_X160Y138       FDRE                                         r  datapath/video_inst/inst_dvid/latched_blue_reg[0]/C
  -------------------------------------------------------------------    -------------------
    SLICE_X160Y138       FDRE (Prop_fdre_C_Q)         0.141     0.787 r  datapath/video_inst/inst_dvid/latched_blue_reg[0]/Q
                         net (fo=1, routed)           0.705     1.492    datapath/video_inst/inst_dvid/latched_blue[0]
    SLICE_X160Y139       LUT3 (Prop_lut3_I2_O)        0.045     1.537 r  datapath/video_inst/inst_dvid/shift_blue[0]_i_1/O
                         net (fo=1, routed)           0.000     1.537    datapath/video_inst/inst_dvid/shift_blue_0[0]
    SLICE_X160Y139       FDRE                                         r  datapath/video_inst/inst_dvid/shift_blue_reg[0]/D
  -------------------------------------------------------------------    -------------------

                         (clock clk_out2_clk_wiz_0 rise edge)
                                                      0.000     0.000 r  
    BUFGCTRL_X0Y4        BUFG                         0.000     0.000 r  clk_IBUF_BUFG_inst/O
                         net (fo=85, routed)          1.022     1.022    datapath/video_inst/mmcm_adv_inst_display_clocks/inst/clk_in1
    MMCME2_ADV_X1Y0      MMCME2_ADV (Prop_mmcme2_adv_CLKIN1_CLKOUT1)
                                                     -2.040    -1.018 r  datapath/video_inst/mmcm_adv_inst_display_clocks/inst/mmcm_adv_inst/CLKOUT1
                         net (fo=1, routed)           0.989    -0.029    datapath/video_inst/mmcm_adv_inst_display_clocks/inst/clk_out2_clk_wiz_0
    BUFGCTRL_X0Y0        BUFG (Prop_bufg_I_O)         0.029    -0.000 r  datapath/video_inst/mmcm_adv_inst_display_clocks/inst/clkout2_buf/O
                         net (fo=44, routed)          0.919     0.919    datapath/video_inst/inst_dvid/clk_out2
    SLICE_X160Y139       FDRE                                         r  datapath/video_inst/inst_dvid/shift_blue_reg[0]/C
                         clock pessimism              0.080     0.999    
                         clock uncertainty            0.215     1.213    
    SLICE_X160Y139       FDRE (Hold_fdre_C_D)         0.091     1.304    datapath/video_inst/inst_dvid/shift_blue_reg[0]
  -------------------------------------------------------------------
                         required time                         -1.304    
                         arrival time                           1.537    
  -------------------------------------------------------------------
                         slack                                  0.232    

Slack (MET) :             0.233ns  (arrival time - required time)
  Source:                 datapath/video_inst/inst_dvid/latched_green_reg[2]/C
                            (rising edge-triggered cell FDRE clocked by clk_out1_clk_wiz_0  {rise@0.000ns fall@20.000ns period=40.000ns})
  Destination:            datapath/video_inst/inst_dvid/shift_green_reg[2]/D
                            (rising edge-triggered cell FDRE clocked by clk_out2_clk_wiz_0  {rise@0.000ns fall@4.000ns period=8.000ns})
  Path Group:             clk_out2_clk_wiz_0
  Path Type:              Hold (Min at Fast Process Corner)
  Requirement:            0.000ns  (clk_out2_clk_wiz_0 rise@0.000ns - clk_out1_clk_wiz_0 rise@0.000ns)
  Data Path Delay:        0.893ns  (logic 0.209ns (23.396%)  route 0.684ns (76.604%))
  Logic Levels:           1  (LUT3=1)
  Clock Path Skew:        0.353ns (DCD - SCD - CPR)
    Destination Clock Delay (DCD):    0.917ns
    Source Clock Delay      (SCD):    0.644ns
    Clock Pessimism Removal (CPR):    -0.080ns
  Clock Uncertainty:      0.215ns  ((TSJ^2 + DJ^2)^1/2) / 2 + PE
    Total System Jitter     (TSJ):    0.071ns
    Discrete Jitter          (DJ):    0.175ns
    Phase Error              (PE):    0.120ns

    Location             Delay type                Incr(ns)  Path(ns)    Netlist Resource(s)
  -------------------------------------------------------------------    -------------------
                         (clock clk_out1_clk_wiz_0 rise edge)
                                                      0.000     0.000 r  
    BUFGCTRL_X0Y4        BUFG                         0.000     0.000 r  clk_IBUF_BUFG_inst/O
                         net (fo=85, routed)          0.745     0.745    datapath/video_inst/mmcm_adv_inst_display_clocks/inst/clk_in1
    MMCME2_ADV_X1Y0      MMCME2_ADV (Prop_mmcme2_adv_CLKIN1_CLKOUT0)
                                                     -1.683    -0.938 r  datapath/video_inst/mmcm_adv_inst_display_clocks/inst/mmcm_adv_inst/CLKOUT0
                         net (fo=1, routed)           0.912    -0.026    datapath/video_inst/mmcm_adv_inst_display_clocks/inst/clk_out1_clk_wiz_0
    BUFGCTRL_X0Y3        BUFG (Prop_bufg_I_O)         0.026    -0.000 r  datapath/video_inst/mmcm_adv_inst_display_clocks/inst/clkout1_buf/O
                         net (fo=84, routed)          0.644     0.644    datapath/video_inst/inst_dvid/CLK
    SLICE_X158Y137       FDRE                                         r  datapath/video_inst/inst_dvid/latched_green_reg[2]/C
  -------------------------------------------------------------------    -------------------
    SLICE_X158Y137       FDRE (Prop_fdre_C_Q)         0.164     0.808 r  datapath/video_inst/inst_dvid/latched_green_reg[2]/Q
                         net (fo=3, routed)           0.684     1.492    datapath/video_inst/inst_dvid/latched_green[2]
    SLICE_X160Y137       LUT3 (Prop_lut3_I2_O)        0.045     1.537 r  datapath/video_inst/inst_dvid/shift_green[2]_i_1/O
                         net (fo=1, routed)           0.000     1.537    datapath/video_inst/inst_dvid/shift_green_1[2]
    SLICE_X160Y137       FDRE                                         r  datapath/video_inst/inst_dvid/shift_green_reg[2]/D
  -------------------------------------------------------------------    -------------------

                         (clock clk_out2_clk_wiz_0 rise edge)
                                                      0.000     0.000 r  
    BUFGCTRL_X0Y4        BUFG                         0.000     0.000 r  clk_IBUF_BUFG_inst/O
                         net (fo=85, routed)          1.022     1.022    datapath/video_inst/mmcm_adv_inst_display_clocks/inst/clk_in1
    MMCME2_ADV_X1Y0      MMCME2_ADV (Prop_mmcme2_adv_CLKIN1_CLKOUT1)
                                                     -2.040    -1.018 r  datapath/video_inst/mmcm_adv_inst_display_clocks/inst/mmcm_adv_inst/CLKOUT1
                         net (fo=1, routed)           0.989    -0.029    datapath/video_inst/mmcm_adv_inst_display_clocks/inst/clk_out2_clk_wiz_0
    BUFGCTRL_X0Y0        BUFG (Prop_bufg_I_O)         0.029    -0.000 r  datapath/video_inst/mmcm_adv_inst_display_clocks/inst/clkout2_buf/O
                         net (fo=44, routed)          0.917     0.917    datapath/video_inst/inst_dvid/clk_out2
    SLICE_X160Y137       FDRE                                         r  datapath/video_inst/inst_dvid/shift_green_reg[2]/C
                         clock pessimism              0.080     0.997    
                         clock uncertainty            0.215     1.211    
    SLICE_X160Y137       FDRE (Hold_fdre_C_D)         0.092     1.303    datapath/video_inst/inst_dvid/shift_green_reg[2]
  -------------------------------------------------------------------
                         required time                         -1.303    
                         arrival time                           1.537    
  -------------------------------------------------------------------
                         slack                                  0.233    





--------------------------------------------------------------------------------------
Path Group:  (none)
From Clock:  
  To Clock:  

Max Delay           240 Endpoints
Min Delay           240 Endpoints
--------------------------------------------------------------------------------------


Max Delay Paths
--------------------------------------------------------------------------------------
Slack:                    inf
  Source:                 switch[2]
                            (input port)
  Destination:            datapath/leftChannelMemory/sdp_bl.ramb18_dp_bl.ram18_bl/DIBDI[4]
  Path Group:             (none)
  Path Type:              Max at Slow Process Corner
  Data Path Delay:        10.398ns  (logic 1.223ns (11.761%)  route 9.175ns (88.239%))
  Logic Levels:           2  (IBUF=1 LUT2=1)

    Location             Delay type                Incr(ns)  Path(ns)    Netlist Resource(s)
  -------------------------------------------------------------------    -------------------
    G21                                               0.000     0.000 r  switch[2] (IN)
                         net (fo=0)                   0.000     0.000    switch[2]
    G21                  IBUF (Prop_ibuf_I_O)         1.069     1.069 r  switch_IBUF[2]_inst/O
                         net (fo=16, routed)          8.417     9.486    datapath/leftChannelMemory/switch_IBUF[0]
    SLICE_X149Y128       LUT2 (Prop_lut2_I1_O)        0.154     9.640 r  datapath/leftChannelMemory/sdp_bl.ramb18_dp_bl.ram18_bl_i_12/O
                         net (fo=1, routed)           0.758    10.398    datapath/leftChannelMemory/sdp_bl.ramb18_dp_bl.ram18_bl_i_12_n_0
    RAMB18_X8Y50         RAMB18E1                                     r  datapath/leftChannelMemory/sdp_bl.ramb18_dp_bl.ram18_bl/DIBDI[4]
  -------------------------------------------------------------------    -------------------

Slack:                    inf
  Source:                 switch[2]
                            (input port)
  Destination:            datapath/leftChannelMemory/sdp_bl.ramb18_dp_bl.ram18_bl/DIBDI[12]
  Path Group:             (none)
  Path Type:              Max at Slow Process Corner
  Data Path Delay:        10.390ns  (logic 1.193ns (11.482%)  route 9.197ns (88.518%))
  Logic Levels:           2  (IBUF=1 LUT2=1)

    Location             Delay type                Incr(ns)  Path(ns)    Netlist Resource(s)
  -------------------------------------------------------------------    -------------------
    G21                                               0.000     0.000 r  switch[2] (IN)
                         net (fo=0)                   0.000     0.000    switch[2]
    G21                  IBUF (Prop_ibuf_I_O)         1.069     1.069 r  switch_IBUF[2]_inst/O
                         net (fo=16, routed)          8.422     9.491    datapath/leftChannelMemory/switch_IBUF[0]
    SLICE_X149Y128       LUT2 (Prop_lut2_I1_O)        0.124     9.615 r  datapath/leftChannelMemory/sdp_bl.ramb18_dp_bl.ram18_bl_i_4/O
                         net (fo=1, routed)           0.775    10.390    datapath/leftChannelMemory/sdp_bl.ramb18_dp_bl.ram18_bl_i_4_n_0
    RAMB18_X8Y50         RAMB18E1                                     r  datapath/leftChannelMemory/sdp_bl.ramb18_dp_bl.ram18_bl/DIBDI[12]
  -------------------------------------------------------------------    -------------------

Slack:                    inf
  Source:                 switch[2]
                            (input port)
  Destination:            datapath/leftChannelMemory/sdp_bl.ramb18_dp_bl.ram18_bl/DIBDI[11]
  Path Group:             (none)
  Path Type:              Max at Slow Process Corner
  Data Path Delay:        10.277ns  (logic 1.218ns (11.851%)  route 9.059ns (88.149%))
  Logic Levels:           2  (IBUF=1 LUT2=1)

    Location             Delay type                Incr(ns)  Path(ns)    Netlist Resource(s)
  -------------------------------------------------------------------    -------------------
    G21                                               0.000     0.000 r  switch[2] (IN)
                         net (fo=0)                   0.000     0.000    switch[2]
    G21                  IBUF (Prop_ibuf_I_O)         1.069     1.069 r  switch_IBUF[2]_inst/O
                         net (fo=16, routed)          8.422     9.491    datapath/leftChannelMemory/switch_IBUF[0]
    SLICE_X149Y128       LUT2 (Prop_lut2_I1_O)        0.149     9.640 r  datapath/leftChannelMemory/sdp_bl.ramb18_dp_bl.ram18_bl_i_5/O
                         net (fo=1, routed)           0.637    10.277    datapath/leftChannelMemory/sdp_bl.ramb18_dp_bl.ram18_bl_i_5_n_0
    RAMB18_X8Y50         RAMB18E1                                     r  datapath/leftChannelMemory/sdp_bl.ramb18_dp_bl.ram18_bl/DIBDI[11]
  -------------------------------------------------------------------    -------------------

Slack:                    inf
  Source:                 switch[2]
                            (input port)
  Destination:            datapath/leftChannelMemory/sdp_bl.ramb18_dp_bl.ram18_bl/DIBDI[5]
  Path Group:             (none)
  Path Type:              Max at Slow Process Corner
  Data Path Delay:        10.246ns  (logic 1.193ns (11.643%)  route 9.053ns (88.357%))
  Logic Levels:           2  (IBUF=1 LUT2=1)

    Location             Delay type                Incr(ns)  Path(ns)    Netlist Resource(s)
  -------------------------------------------------------------------    -------------------
    G21                                               0.000     0.000 r  switch[2] (IN)
                         net (fo=0)                   0.000     0.000    switch[2]
    G21                  IBUF (Prop_ibuf_I_O)         1.069     1.069 r  switch_IBUF[2]_inst/O
                         net (fo=16, routed)          8.417     9.486    datapath/leftChannelMemory/switch_IBUF[0]
    SLICE_X149Y128       LUT2 (Prop_lut2_I1_O)        0.124     9.610 r  datapath/leftChannelMemory/sdp_bl.ramb18_dp_bl.ram18_bl_i_11/O
                         net (fo=1, routed)           0.637    10.246    datapath/leftChannelMemory/sdp_bl.ramb18_dp_bl.ram18_bl_i_11_n_0
    RAMB18_X8Y50         RAMB18E1                                     r  datapath/leftChannelMemory/sdp_bl.ramb18_dp_bl.ram18_bl/DIBDI[5]
  -------------------------------------------------------------------    -------------------

Slack:                    inf
  Source:                 switch[2]
                            (input port)
  Destination:            datapath/leftChannelMemory/sdp_bl.ramb18_dp_bl.ram18_bl/DIBDI[3]
  Path Group:             (none)
  Path Type:              Max at Slow Process Corner
  Data Path Delay:        10.173ns  (logic 1.193ns (11.727%)  route 8.980ns (88.273%))
  Logic Levels:           2  (IBUF=1 LUT2=1)

    Location             Delay type                Incr(ns)  Path(ns)    Netlist Resource(s)
  -------------------------------------------------------------------    -------------------
    G21                                               0.000     0.000 r  switch[2] (IN)
                         net (fo=0)                   0.000     0.000    switch[2]
    G21                  IBUF (Prop_ibuf_I_O)         1.069     1.069 r  switch_IBUF[2]_inst/O
                         net (fo=16, routed)          8.252     9.321    datapath/leftChannelMemory/switch_IBUF[0]
    SLICE_X151Y129       LUT2 (Prop_lut2_I1_O)        0.124     9.445 r  datapath/leftChannelMemory/sdp_bl.ramb18_dp_bl.ram18_bl_i_13/O
                         net (fo=1, routed)           0.728    10.173    datapath/leftChannelMemory/sdp_bl.ramb18_dp_bl.ram18_bl_i_13_n_0
    RAMB18_X8Y50         RAMB18E1                                     r  datapath/leftChannelMemory/sdp_bl.ramb18_dp_bl.ram18_bl/DIBDI[3]
  -------------------------------------------------------------------    -------------------

Slack:                    inf
  Source:                 switch[2]
                            (input port)
  Destination:            datapath/leftChannelMemory/sdp_bl.ramb18_dp_bl.ram18_bl/DIBDI[14]
  Path Group:             (none)
  Path Type:              Max at Slow Process Corner
  Data Path Delay:        10.050ns  (logic 1.193ns (11.870%)  route 8.857ns (88.130%))
  Logic Levels:           2  (IBUF=1 LUT2=1)

    Location             Delay type                Incr(ns)  Path(ns)    Netlist Resource(s)
  -------------------------------------------------------------------    -------------------
    G21                                               0.000     0.000 r  switch[2] (IN)
                         net (fo=0)                   0.000     0.000    switch[2]
    G21                  IBUF (Prop_ibuf_I_O)         1.069     1.069 r  switch_IBUF[2]_inst/O
                         net (fo=16, routed)          8.107     9.176    datapath/leftChannelMemory/switch_IBUF[0]
    SLICE_X151Y128       LUT2 (Prop_lut2_I1_O)        0.124     9.300 r  datapath/leftChannelMemory/sdp_bl.ramb18_dp_bl.ram18_bl_i_2/O
                         net (fo=1, routed)           0.750    10.050    datapath/leftChannelMemory/sdp_bl.ramb18_dp_bl.ram18_bl_i_2_n_0
    RAMB18_X8Y50         RAMB18E1                                     r  datapath/leftChannelMemory/sdp_bl.ramb18_dp_bl.ram18_bl/DIBDI[14]
  -------------------------------------------------------------------    -------------------

Slack:                    inf
  Source:                 switch[2]
                            (input port)
  Destination:            datapath/leftChannelMemory/sdp_bl.ramb18_dp_bl.ram18_bl/DIBDI[0]
  Path Group:             (none)
  Path Type:              Max at Slow Process Corner
  Data Path Delay:        10.047ns  (logic 1.188ns (11.823%)  route 8.860ns (88.177%))
  Logic Levels:           2  (IBUF=1 LUT2=1)

    Location             Delay type                Incr(ns)  Path(ns)    Netlist Resource(s)
  -------------------------------------------------------------------    -------------------
    G21                                               0.000     0.000 r  switch[2] (IN)
                         net (fo=0)                   0.000     0.000    switch[2]
    G21                  IBUF (Prop_ibuf_I_O)         1.069     1.069 r  switch_IBUF[2]_inst/O
                         net (fo=16, routed)          8.024     9.093    datapath/leftChannelMemory/switch_IBUF[0]
    SLICE_X151Y129       LUT2 (Prop_lut2_I1_O)        0.119     9.212 r  datapath/leftChannelMemory/sdp_bl.ramb18_dp_bl.ram18_bl_i_16/O
                         net (fo=1, routed)           0.836    10.047    datapath/leftChannelMemory/sdp_bl.ramb18_dp_bl.ram18_bl_i_16_n_0
    RAMB18_X8Y50         RAMB18E1                                     r  datapath/leftChannelMemory/sdp_bl.ramb18_dp_bl.ram18_bl/DIBDI[0]
  -------------------------------------------------------------------    -------------------

Slack:                    inf
  Source:                 switch[2]
                            (input port)
  Destination:            datapath/leftChannelMemory/sdp_bl.ramb18_dp_bl.ram18_bl/DIBDI[13]
  Path Group:             (none)
  Path Type:              Max at Slow Process Corner
  Data Path Delay:        10.020ns  (logic 1.221ns (12.184%)  route 8.799ns (87.816%))
  Logic Levels:           2  (IBUF=1 LUT2=1)

    Location             Delay type                Incr(ns)  Path(ns)    Netlist Resource(s)
  -------------------------------------------------------------------    -------------------
    G21                                               0.000     0.000 r  switch[2] (IN)
                         net (fo=0)                   0.000     0.000    switch[2]
    G21                  IBUF (Prop_ibuf_I_O)         1.069     1.069 r  switch_IBUF[2]_inst/O
                         net (fo=16, routed)          8.107     9.176    datapath/leftChannelMemory/switch_IBUF[0]
    SLICE_X151Y128       LUT2 (Prop_lut2_I1_O)        0.152     9.328 r  datapath/leftChannelMemory/sdp_bl.ramb18_dp_bl.ram18_bl_i_3/O
                         net (fo=1, routed)           0.693    10.020    datapath/leftChannelMemory/sdp_bl.ramb18_dp_bl.ram18_bl_i_3_n_0
    RAMB18_X8Y50         RAMB18E1                                     r  datapath/leftChannelMemory/sdp_bl.ramb18_dp_bl.ram18_bl/DIBDI[13]
  -------------------------------------------------------------------    -------------------

Slack:                    inf
  Source:                 switch[2]
                            (input port)
  Destination:            datapath/leftChannelMemory/sdp_bl.ramb18_dp_bl.ram18_bl/DIBDI[2]
  Path Group:             (none)
  Path Type:              Max at Slow Process Corner
  Data Path Delay:        9.997ns  (logic 1.219ns (12.192%)  route 8.779ns (87.808%))
  Logic Levels:           2  (IBUF=1 LUT2=1)

    Location             Delay type                Incr(ns)  Path(ns)    Netlist Resource(s)
  -------------------------------------------------------------------    -------------------
    G21                                               0.000     0.000 r  switch[2] (IN)
                         net (fo=0)                   0.000     0.000    switch[2]
    G21                  IBUF (Prop_ibuf_I_O)         1.069     1.069 r  switch_IBUF[2]_inst/O
                         net (fo=16, routed)          8.252     9.321    datapath/leftChannelMemory/switch_IBUF[0]
    SLICE_X151Y129       LUT2 (Prop_lut2_I1_O)        0.150     9.471 r  datapath/leftChannelMemory/sdp_bl.ramb18_dp_bl.ram18_bl_i_14/O
                         net (fo=1, routed)           0.527     9.997    datapath/leftChannelMemory/sdp_bl.ramb18_dp_bl.ram18_bl_i_14_n_0
    RAMB18_X8Y50         RAMB18E1                                     r  datapath/leftChannelMemory/sdp_bl.ramb18_dp_bl.ram18_bl/DIBDI[2]
  -------------------------------------------------------------------    -------------------

Slack:                    inf
  Source:                 switch[2]
                            (input port)
  Destination:            datapath/leftChannelMemory/sdp_bl.ramb18_dp_bl.ram18_bl/DIBDI[1]
  Path Group:             (none)
  Path Type:              Max at Slow Process Corner
  Data Path Delay:        9.742ns  (logic 1.193ns (12.245%)  route 8.549ns (87.755%))
  Logic Levels:           2  (IBUF=1 LUT2=1)

    Location             Delay type                Incr(ns)  Path(ns)    Netlist Resource(s)
  -------------------------------------------------------------------    -------------------
    G21                                               0.000     0.000 r  switch[2] (IN)
                         net (fo=0)                   0.000     0.000    switch[2]
    G21                  IBUF (Prop_ibuf_I_O)         1.069     1.069 r  switch_IBUF[2]_inst/O
                         net (fo=16, routed)          8.024     9.093    datapath/leftChannelMemory/switch_IBUF[0]
    SLICE_X151Y129       LUT2 (Prop_lut2_I1_O)        0.124     9.217 r  datapath/leftChannelMemory/sdp_bl.ramb18_dp_bl.ram18_bl_i_15/O
                         net (fo=1, routed)           0.525     9.742    datapath/leftChannelMemory/sdp_bl.ramb18_dp_bl.ram18_bl_i_15_n_0
    RAMB18_X8Y50         RAMB18E1                                     r  datapath/leftChannelMemory/sdp_bl.ramb18_dp_bl.ram18_bl/DIBDI[1]
  -------------------------------------------------------------------    -------------------





Min Delay Paths
--------------------------------------------------------------------------------------
Slack:                    inf
  Source:                 datapath/Audio_Codec/audio_inout/Data_In_int_reg[18]/C
                            (rising edge-triggered cell FDRE)
  Destination:            datapath/Audio_Codec/audio_inout/Data_In_int_reg[19]/D
  Path Group:             (none)
  Path Type:              Min at Fast Process Corner
  Data Path Delay:        0.209ns  (logic 0.141ns (67.367%)  route 0.068ns (32.633%))
  Logic Levels:           1  (FDRE=1)

    Location             Delay type                Incr(ns)  Path(ns)    Netlist Resource(s)
  -------------------------------------------------------------------    -------------------
    SLICE_X151Y130       FDRE                         0.000     0.000 r  datapath/Audio_Codec/audio_inout/Data_In_int_reg[18]/C
    SLICE_X151Y130       FDRE (Prop_fdre_C_Q)         0.141     0.141 r  datapath/Audio_Codec/audio_inout/Data_In_int_reg[18]/Q
                         net (fo=2, routed)           0.068     0.209    datapath/Audio_Codec/audio_inout/Data_In_int[18]
    SLICE_X150Y130       FDRE                                         r  datapath/Audio_Codec/audio_inout/Data_In_int_reg[19]/D
  -------------------------------------------------------------------    -------------------

Slack:                    inf
  Source:                 datapath/Audio_Codec/audio_inout/D_L_O_int_reg[7]/C
                            (rising edge-triggered cell FDRE)
  Destination:            datapath/ch1_reg[current_sample][1]/D
  Path Group:             (none)
  Path Type:              Min at Fast Process Corner
  Data Path Delay:        0.227ns  (logic 0.128ns (56.497%)  route 0.099ns (43.503%))
  Logic Levels:           1  (FDRE=1)

    Location             Delay type                Incr(ns)  Path(ns)    Netlist Resource(s)
  -------------------------------------------------------------------    -------------------
    SLICE_X149Y129       FDRE                         0.000     0.000 r  datapath/Audio_Codec/audio_inout/D_L_O_int_reg[7]/C
    SLICE_X149Y129       FDRE (Prop_fdre_C_Q)         0.128     0.128 r  datapath/Audio_Codec/audio_inout/D_L_O_int_reg[7]/Q
                         net (fo=1, routed)           0.099     0.227    datapath/ch1[from_ac][1]
    SLICE_X151Y129       FDRE                                         r  datapath/ch1_reg[current_sample][1]/D
  -------------------------------------------------------------------    -------------------

Slack:                    inf
  Source:                 datapath/Audio_Codec/audio_inout/D_L_O_int_reg[20]/C
                            (rising edge-triggered cell FDRE)
  Destination:            datapath/ch1_reg[current_sample][14]/D
  Path Group:             (none)
  Path Type:              Min at Fast Process Corner
  Data Path Delay:        0.233ns  (logic 0.128ns (54.993%)  route 0.105ns (45.007%))
  Logic Levels:           1  (FDRE=1)

    Location             Delay type                Incr(ns)  Path(ns)    Netlist Resource(s)
  -------------------------------------------------------------------    -------------------
    SLICE_X149Y129       FDRE                         0.000     0.000 r  datapath/Audio_Codec/audio_inout/D_L_O_int_reg[20]/C
    SLICE_X149Y129       FDRE (Prop_fdre_C_Q)         0.128     0.128 r  datapath/Audio_Codec/audio_inout/D_L_O_int_reg[20]/Q
                         net (fo=1, routed)           0.105     0.233    datapath/ch1[from_ac][14]
    SLICE_X151Y129       FDRE                                         r  datapath/ch1_reg[current_sample][14]/D
  -------------------------------------------------------------------    -------------------

Slack:                    inf
  Source:                 datapath/Audio_Codec/audio_inout/Data_In_int_reg[10]/C
                            (rising edge-triggered cell FDRE)
  Destination:            datapath/Audio_Codec/audio_inout/Data_In_int_reg[11]/D
  Path Group:             (none)
  Path Type:              Min at Fast Process Corner
  Data Path Delay:        0.245ns  (logic 0.141ns (57.511%)  route 0.104ns (42.489%))
  Logic Levels:           1  (FDRE=1)

    Location             Delay type                Incr(ns)  Path(ns)    Netlist Resource(s)
  -------------------------------------------------------------------    -------------------
    SLICE_X149Y131       FDRE                         0.000     0.000 r  datapath/Audio_Codec/audio_inout/Data_In_int_reg[10]/C
    SLICE_X149Y131       FDRE (Prop_fdre_C_Q)         0.141     0.141 r  datapath/Audio_Codec/audio_inout/Data_In_int_reg[10]/Q
                         net (fo=1, routed)           0.104     0.245    datapath/Audio_Codec/audio_inout/Data_In_int[10]
    SLICE_X149Y131       FDRE                                         r  datapath/Audio_Codec/audio_inout/Data_In_int_reg[11]/D
  -------------------------------------------------------------------    -------------------

Slack:                    inf
  Source:                 datapath/Audio_Codec/audio_inout/Data_In_int_reg[18]/C
                            (rising edge-triggered cell FDRE)
  Destination:            datapath/Audio_Codec/audio_inout/D_L_O_int_reg[10]/D
  Path Group:             (none)
  Path Type:              Min at Fast Process Corner
  Data Path Delay:        0.247ns  (logic 0.141ns (57.197%)  route 0.106ns (42.803%))
  Logic Levels:           1  (FDRE=1)

    Location             Delay type                Incr(ns)  Path(ns)    Netlist Resource(s)
  -------------------------------------------------------------------    -------------------
    SLICE_X151Y130       FDRE                         0.000     0.000 r  datapath/Audio_Codec/audio_inout/Data_In_int_reg[18]/C
    SLICE_X151Y130       FDRE (Prop_fdre_C_Q)         0.141     0.141 r  datapath/Audio_Codec/audio_inout/Data_In_int_reg[18]/Q
                         net (fo=2, routed)           0.106     0.247    datapath/Audio_Codec/audio_inout/Data_In_int[18]
    SLICE_X149Y129       FDRE                                         r  datapath/Audio_Codec/audio_inout/D_L_O_int_reg[10]/D
  -------------------------------------------------------------------    -------------------

Slack:                    inf
  Source:                 datapath/Audio_Codec/audio_inout/D_L_O_int_reg[10]/C
                            (rising edge-triggered cell FDRE)
  Destination:            datapath/ch1_reg[current_sample][4]/D
  Path Group:             (none)
  Path Type:              Min at Fast Process Corner
  Data Path Delay:        0.253ns  (logic 0.141ns (55.730%)  route 0.112ns (44.270%))
  Logic Levels:           1  (FDRE=1)

    Location             Delay type                Incr(ns)  Path(ns)    Netlist Resource(s)
  -------------------------------------------------------------------    -------------------
    SLICE_X149Y129       FDRE                         0.000     0.000 r  datapath/Audio_Codec/audio_inout/D_L_O_int_reg[10]/C
    SLICE_X149Y129       FDRE (Prop_fdre_C_Q)         0.141     0.141 r  datapath/Audio_Codec/audio_inout/D_L_O_int_reg[10]/Q
                         net (fo=1, routed)           0.112     0.253    datapath/ch1[from_ac][4]
    SLICE_X149Y128       FDRE                                         r  datapath/ch1_reg[current_sample][4]/D
  -------------------------------------------------------------------    -------------------

Slack:                    inf
  Source:                 datapath/Audio_Codec/audio_inout/D_L_O_int_reg[13]/C
                            (rising edge-triggered cell FDRE)
  Destination:            datapath/ch1_reg[current_sample][7]/D
  Path Group:             (none)
  Path Type:              Min at Fast Process Corner
  Data Path Delay:        0.254ns  (logic 0.141ns (55.511%)  route 0.113ns (44.489%))
  Logic Levels:           1  (FDRE=1)

    Location             Delay type                Incr(ns)  Path(ns)    Netlist Resource(s)
  -------------------------------------------------------------------    -------------------
    SLICE_X149Y129       FDRE                         0.000     0.000 r  datapath/Audio_Codec/audio_inout/D_L_O_int_reg[13]/C
    SLICE_X149Y129       FDRE (Prop_fdre_C_Q)         0.141     0.141 r  datapath/Audio_Codec/audio_inout/D_L_O_int_reg[13]/Q
                         net (fo=1, routed)           0.113     0.254    datapath/ch1[from_ac][7]
    SLICE_X149Y128       FDRE                                         r  datapath/ch1_reg[current_sample][7]/D
  -------------------------------------------------------------------    -------------------

Slack:                    inf
  Source:                 datapath/Audio_Codec/audio_inout/Data_In_int_reg[14]/C
                            (rising edge-triggered cell FDRE)
  Destination:            datapath/Audio_Codec/audio_inout/Data_In_int_reg[15]/D
  Path Group:             (none)
  Path Type:              Min at Fast Process Corner
  Data Path Delay:        0.263ns  (logic 0.128ns (48.640%)  route 0.135ns (51.360%))
  Logic Levels:           1  (FDRE=1)

    Location             Delay type                Incr(ns)  Path(ns)    Netlist Resource(s)
  -------------------------------------------------------------------    -------------------
    SLICE_X149Y131       FDRE                         0.000     0.000 r  datapath/Audio_Codec/audio_inout/Data_In_int_reg[14]/C
    SLICE_X149Y131       FDRE (Prop_fdre_C_Q)         0.128     0.128 r  datapath/Audio_Codec/audio_inout/Data_In_int_reg[14]/Q
                         net (fo=2, routed)           0.135     0.263    datapath/Audio_Codec/audio_inout/Data_In_int[14]
    SLICE_X149Y131       FDRE                                         r  datapath/Audio_Codec/audio_inout/Data_In_int_reg[15]/D
  -------------------------------------------------------------------    -------------------

Slack:                    inf
  Source:                 datapath/Audio_Codec/audio_inout/Data_In_int_reg[28]/C
                            (rising edge-triggered cell FDRE)
  Destination:            datapath/Audio_Codec/audio_inout/Data_In_int_reg[29]/D
  Path Group:             (none)
  Path Type:              Min at Fast Process Corner
  Data Path Delay:        0.270ns  (logic 0.148ns (54.750%)  route 0.122ns (45.250%))
  Logic Levels:           1  (FDRE=1)

    Location             Delay type                Incr(ns)  Path(ns)    Netlist Resource(s)
  -------------------------------------------------------------------    -------------------
    SLICE_X148Y129       FDRE                         0.000     0.000 r  datapath/Audio_Codec/audio_inout/Data_In_int_reg[28]/C
    SLICE_X148Y129       FDRE (Prop_fdre_C_Q)         0.148     0.148 r  datapath/Audio_Codec/audio_inout/Data_In_int_reg[28]/Q
                         net (fo=2, routed)           0.122     0.270    datapath/Audio_Codec/audio_inout/Data_In_int[28]
    SLICE_X148Y129       FDRE                                         r  datapath/Audio_Codec/audio_inout/Data_In_int_reg[29]/D
  -------------------------------------------------------------------    -------------------

Slack:                    inf
  Source:                 datapath/Audio_Codec/audio_inout/D_L_O_int_reg[17]/C
                            (rising edge-triggered cell FDRE)
  Destination:            datapath/ch1_reg[current_sample][11]/D
  Path Group:             (none)
  Path Type:              Min at Fast Process Corner
  Data Path Delay:        0.274ns  (logic 0.164ns (59.853%)  route 0.110ns (40.147%))
  Logic Levels:           1  (FDRE=1)

    Location             Delay type                Incr(ns)  Path(ns)    Netlist Resource(s)
  -------------------------------------------------------------------    -------------------
    SLICE_X146Y129       FDRE                         0.000     0.000 r  datapath/Audio_Codec/audio_inout/D_L_O_int_reg[17]/C
    SLICE_X146Y129       FDRE (Prop_fdre_C_Q)         0.164     0.164 r  datapath/Audio_Codec/audio_inout/D_L_O_int_reg[17]/Q
                         net (fo=1, routed)           0.110     0.274    datapath/ch1[from_ac][11]
    SLICE_X146Y128       FDRE                                         r  datapath/ch1_reg[current_sample][11]/D
  -------------------------------------------------------------------    -------------------





--------------------------------------------------------------------------------------
Path Group:  (none)
From Clock:  clk_out1_clk_wiz_0
  To Clock:  

Max Delay            24 Endpoints
Min Delay            24 Endpoints
--------------------------------------------------------------------------------------


Max Delay Paths
--------------------------------------------------------------------------------------
Slack:                    inf
  Source:                 datapath/video_inst/Inst_vga/vga_signal_generator_inst/vertical_counter_inst/processQ_reg[3]/C
                            (rising edge-triggered cell FDRE clocked by clk_out1_clk_wiz_0  {rise@0.000ns fall@20.000ns period=40.000ns})
  Destination:            datapath/video_inst/Inst_vga/vga_signal_generator_inst/v_sync_is_low_reg/L7/D
  Path Group:             (none)
  Path Type:              Max at Slow Process Corner
  Data Path Delay:        5.225ns  (logic 1.444ns (27.636%)  route 3.781ns (72.364%))
  Logic Levels:           5  (LUT3=1 LUT4=2 LUT6=2)
  Clock Uncertainty:      0.190ns  ((TSJ^2 + DJ^2)^1/2) / 2 + PE
    Total System Jitter     (TSJ):    0.050ns
    Discrete Jitter          (DJ):    0.175ns
    Phase Error              (PE):    0.099ns

    Location             Delay type                Incr(ns)  Path(ns)    Netlist Resource(s)
  -------------------------------------------------------------------    -------------------
                         (clock clk_out1_clk_wiz_0 rise edge)
                                                      0.000     0.000 r  
    BUFGCTRL_X0Y4        BUFG                         0.000     0.000 r  clk_IBUF_BUFG_inst/O
                         net (fo=85, routed)          2.106     2.106    datapath/video_inst/mmcm_adv_inst_display_clocks/inst/clk_in1
    MMCME2_ADV_X1Y0      MMCME2_ADV (Prop_mmcme2_adv_CLKIN1_CLKOUT0)
                                                     -4.900    -2.793 r  datapath/video_inst/mmcm_adv_inst_display_clocks/inst/mmcm_adv_inst/CLKOUT0
                         net (fo=1, routed)           2.697    -0.096    datapath/video_inst/mmcm_adv_inst_display_clocks/inst/clk_out1_clk_wiz_0
    BUFGCTRL_X0Y3        BUFG (Prop_bufg_I_O)         0.096    -0.000 r  datapath/video_inst/mmcm_adv_inst_display_clocks/inst/clkout1_buf/O
                         net (fo=84, routed)          1.748     1.748    datapath/video_inst/Inst_vga/vga_signal_generator_inst/vertical_counter_inst/CLK
    SLICE_X153Y133       FDRE                                         r  datapath/video_inst/Inst_vga/vga_signal_generator_inst/vertical_counter_inst/processQ_reg[3]/C
  -------------------------------------------------------------------    -------------------
    SLICE_X153Y133       FDRE (Prop_fdre_C_Q)         0.419     2.167 r  datapath/video_inst/Inst_vga/vga_signal_generator_inst/vertical_counter_inst/processQ_reg[3]/Q
                         net (fo=12, routed)          1.072     3.239    datapath/video_inst/Inst_vga/vga_signal_generator_inst/vertical_counter_inst/Q[3]
    SLICE_X154Y132       LUT4 (Prop_lut4_I2_O)        0.325     3.564 f  datapath/video_inst/Inst_vga/vga_signal_generator_inst/vertical_counter_inst/v_blank_is_low_reg_i_5/O
                         net (fo=1, routed)           0.469     4.033    datapath/video_inst/Inst_vga/vga_signal_generator_inst/vertical_counter_inst/v_blank_is_low_reg_i_5_n_0
    SLICE_X154Y132       LUT6 (Prop_lut6_I2_O)        0.328     4.361 f  datapath/video_inst/Inst_vga/vga_signal_generator_inst/vertical_counter_inst/v_blank_is_low_reg_i_4/O
                         net (fo=1, routed)           0.644     5.005    datapath/video_inst/Inst_vga/vga_signal_generator_inst/vertical_counter_inst/v_blank_is_low_reg_i_4_n_0
    SLICE_X154Y133       LUT4 (Prop_lut4_I3_O)        0.124     5.129 f  datapath/video_inst/Inst_vga/vga_signal_generator_inst/vertical_counter_inst/v_blank_is_low_reg_i_2/O
                         net (fo=4, routed)           0.782     5.911    datapath/video_inst/Inst_vga/vga_signal_generator_inst/vertical_counter_inst/v_sync_is_low1
    SLICE_X154Y134       LUT6 (Prop_lut6_I0_O)        0.124     6.035 f  datapath/video_inst/Inst_vga/vga_signal_generator_inst/vertical_counter_inst/v_sync_is_low_reg_i_2/O
                         net (fo=2, routed)           0.814     6.849    datapath/video_inst/Inst_vga/vga_signal_generator_inst/v_sync_is_low_reg/CLR
    SLICE_X156Y134       LUT3 (Prop_lut3_I1_O)        0.124     6.973 r  datapath/video_inst/Inst_vga/vga_signal_generator_inst/v_sync_is_low_reg/L3_1/O
                         net (fo=1, routed)           0.000     6.973    datapath/video_inst/Inst_vga/vga_signal_generator_inst/v_sync_is_low_reg/D0
    SLICE_X156Y134       LDCE                                         r  datapath/video_inst/Inst_vga/vga_signal_generator_inst/v_sync_is_low_reg/L7/D
  -------------------------------------------------------------------    -------------------

Slack:                    inf
  Source:                 datapath/video_inst/Inst_vga/vga_signal_generator_inst/horizontal_counter_inst/processQ_reg[3]/C
                            (rising edge-triggered cell FDRE clocked by clk_out1_clk_wiz_0  {rise@0.000ns fall@20.000ns period=40.000ns})
  Destination:            datapath/video_inst/Inst_vga/vga_signal_generator_inst/h_blank_is_low_reg/L7/D
  Path Group:             (none)
  Path Type:              Max at Slow Process Corner
  Data Path Delay:        4.662ns  (logic 1.317ns (28.252%)  route 3.345ns (71.748%))
  Logic Levels:           4  (LUT3=1 LUT5=1 LUT6=2)
  Clock Uncertainty:      0.190ns  ((TSJ^2 + DJ^2)^1/2) / 2 + PE
    Total System Jitter     (TSJ):    0.050ns
    Discrete Jitter          (DJ):    0.175ns
    Phase Error              (PE):    0.099ns

    Location             Delay type                Incr(ns)  Path(ns)    Netlist Resource(s)
  -------------------------------------------------------------------    -------------------
                         (clock clk_out1_clk_wiz_0 rise edge)
                                                      0.000     0.000 r  
    BUFGCTRL_X0Y4        BUFG                         0.000     0.000 r  clk_IBUF_BUFG_inst/O
                         net (fo=85, routed)          2.106     2.106    datapath/video_inst/mmcm_adv_inst_display_clocks/inst/clk_in1
    MMCME2_ADV_X1Y0      MMCME2_ADV (Prop_mmcme2_adv_CLKIN1_CLKOUT0)
                                                     -4.900    -2.793 r  datapath/video_inst/mmcm_adv_inst_display_clocks/inst/mmcm_adv_inst/CLKOUT0
                         net (fo=1, routed)           2.697    -0.096    datapath/video_inst/mmcm_adv_inst_display_clocks/inst/clk_out1_clk_wiz_0
    BUFGCTRL_X0Y3        BUFG (Prop_bufg_I_O)         0.096    -0.000 r  datapath/video_inst/mmcm_adv_inst_display_clocks/inst/clkout1_buf/O
                         net (fo=84, routed)          1.810     1.810    datapath/video_inst/Inst_vga/vga_signal_generator_inst/horizontal_counter_inst/CLK
    SLICE_X159Y124       FDRE                                         r  datapath/video_inst/Inst_vga/vga_signal_generator_inst/horizontal_counter_inst/processQ_reg[3]/C
  -------------------------------------------------------------------    -------------------
    SLICE_X159Y124       FDRE (Prop_fdre_C_Q)         0.419     2.229 f  datapath/video_inst/Inst_vga/vga_signal_generator_inst/horizontal_counter_inst/processQ_reg[3]/Q
                         net (fo=6, routed)           1.072     3.302    datapath/video_inst/Inst_vga/vga_signal_generator_inst/horizontal_counter_inst/Q[3]
    SLICE_X160Y124       LUT5 (Prop_lut5_I3_O)        0.324     3.626 r  datapath/video_inst/Inst_vga/vga_signal_generator_inst/horizontal_counter_inst/h_sync_is_low_reg_i_5/O
                         net (fo=9, routed)           0.363     3.988    datapath/video_inst/Inst_vga/vga_signal_generator_inst/horizontal_counter_inst/h_sync_is_low_reg_i_5_n_0
    SLICE_X161Y125       LUT6 (Prop_lut6_I5_O)        0.326     4.314 r  datapath/video_inst/Inst_vga/vga_signal_generator_inst/horizontal_counter_inst/h_blank_is_low_reg_i_2/O
                         net (fo=3, routed)           0.509     4.823    datapath/video_inst/Inst_vga/vga_signal_generator_inst/horizontal_counter_inst/h_blank_is_low0
    SLICE_X160Y125       LUT6 (Prop_lut6_I5_O)        0.124     4.947 f  datapath/video_inst/Inst_vga/vga_signal_generator_inst/horizontal_counter_inst/h_blank_is_low_reg_i_1/O
                         net (fo=2, routed)           1.063     6.010    datapath/video_inst/Inst_vga/vga_signal_generator_inst/h_blank_is_low_reg/CLR
    SLICE_X160Y125       LUT3 (Prop_lut3_I1_O)        0.124     6.134 r  datapath/video_inst/Inst_vga/vga_signal_generator_inst/h_blank_is_low_reg/L3_1/O
                         net (fo=1, routed)           0.338     6.472    datapath/video_inst/Inst_vga/vga_signal_generator_inst/h_blank_is_low_reg/D0
    SLICE_X160Y125       LDCE                                         r  datapath/video_inst/Inst_vga/vga_signal_generator_inst/h_blank_is_low_reg/L7/D
  -------------------------------------------------------------------    -------------------

Slack:                    inf
  Source:                 datapath/video_inst/Inst_vga/vga_signal_generator_inst/vertical_counter_inst/processQ_reg[3]/C
                            (rising edge-triggered cell FDRE clocked by clk_out1_clk_wiz_0  {rise@0.000ns fall@20.000ns period=40.000ns})
  Destination:            datapath/video_inst/Inst_vga/vga_signal_generator_inst/v_blank_is_low_reg/L7/D
  Path Group:             (none)
  Path Type:              Max at Slow Process Corner
  Data Path Delay:        4.594ns  (logic 1.444ns (31.435%)  route 3.150ns (68.565%))
  Logic Levels:           5  (LUT3=1 LUT4=2 LUT6=2)
  Clock Uncertainty:      0.190ns  ((TSJ^2 + DJ^2)^1/2) / 2 + PE
    Total System Jitter     (TSJ):    0.050ns
    Discrete Jitter          (DJ):    0.175ns
    Phase Error              (PE):    0.099ns

    Location             Delay type                Incr(ns)  Path(ns)    Netlist Resource(s)
  -------------------------------------------------------------------    -------------------
                         (clock clk_out1_clk_wiz_0 rise edge)
                                                      0.000     0.000 r  
    BUFGCTRL_X0Y4        BUFG                         0.000     0.000 r  clk_IBUF_BUFG_inst/O
                         net (fo=85, routed)          2.106     2.106    datapath/video_inst/mmcm_adv_inst_display_clocks/inst/clk_in1
    MMCME2_ADV_X1Y0      MMCME2_ADV (Prop_mmcme2_adv_CLKIN1_CLKOUT0)
                                                     -4.900    -2.793 r  datapath/video_inst/mmcm_adv_inst_display_clocks/inst/mmcm_adv_inst/CLKOUT0
                         net (fo=1, routed)           2.697    -0.096    datapath/video_inst/mmcm_adv_inst_display_clocks/inst/clk_out1_clk_wiz_0
    BUFGCTRL_X0Y3        BUFG (Prop_bufg_I_O)         0.096    -0.000 r  datapath/video_inst/mmcm_adv_inst_display_clocks/inst/clkout1_buf/O
                         net (fo=84, routed)          1.748     1.748    datapath/video_inst/Inst_vga/vga_signal_generator_inst/vertical_counter_inst/CLK
    SLICE_X153Y133       FDRE                                         r  datapath/video_inst/Inst_vga/vga_signal_generator_inst/vertical_counter_inst/processQ_reg[3]/C
  -------------------------------------------------------------------    -------------------
    SLICE_X153Y133       FDRE (Prop_fdre_C_Q)         0.419     2.167 f  datapath/video_inst/Inst_vga/vga_signal_generator_inst/vertical_counter_inst/processQ_reg[3]/Q
                         net (fo=12, routed)          1.072     3.239    datapath/video_inst/Inst_vga/vga_signal_generator_inst/vertical_counter_inst/Q[3]
    SLICE_X154Y132       LUT4 (Prop_lut4_I2_O)        0.325     3.564 r  datapath/video_inst/Inst_vga/vga_signal_generator_inst/vertical_counter_inst/v_blank_is_low_reg_i_5/O
                         net (fo=1, routed)           0.469     4.033    datapath/video_inst/Inst_vga/vga_signal_generator_inst/vertical_counter_inst/v_blank_is_low_reg_i_5_n_0
    SLICE_X154Y132       LUT6 (Prop_lut6_I2_O)        0.328     4.361 r  datapath/video_inst/Inst_vga/vga_signal_generator_inst/vertical_counter_inst/v_blank_is_low_reg_i_4/O
                         net (fo=1, routed)           0.644     5.005    datapath/video_inst/Inst_vga/vga_signal_generator_inst/vertical_counter_inst/v_blank_is_low_reg_i_4_n_0
    SLICE_X154Y133       LUT4 (Prop_lut4_I3_O)        0.124     5.129 r  datapath/video_inst/Inst_vga/vga_signal_generator_inst/vertical_counter_inst/v_blank_is_low_reg_i_2/O
                         net (fo=4, routed)           0.460     5.589    datapath/video_inst/Inst_vga/vga_signal_generator_inst/vertical_counter_inst/v_sync_is_low1
    SLICE_X154Y134       LUT6 (Prop_lut6_I5_O)        0.124     5.713 f  datapath/video_inst/Inst_vga/vga_signal_generator_inst/vertical_counter_inst/v_blank_is_low_reg_i_1/O
                         net (fo=2, routed)           0.505     6.218    datapath/video_inst/Inst_vga/vga_signal_generator_inst/v_blank_is_low_reg/CLR
    SLICE_X155Y134       LUT3 (Prop_lut3_I1_O)        0.124     6.342 r  datapath/video_inst/Inst_vga/vga_signal_generator_inst/v_blank_is_low_reg/L3_1/O
                         net (fo=1, routed)           0.000     6.342    datapath/video_inst/Inst_vga/vga_signal_generator_inst/v_blank_is_low_reg/D0
    SLICE_X155Y134       LDCE                                         r  datapath/video_inst/Inst_vga/vga_signal_generator_inst/v_blank_is_low_reg/L7/D
  -------------------------------------------------------------------    -------------------

Slack:                    inf
  Source:                 datapath/video_inst/Inst_vga/vga_signal_generator_inst/horizontal_counter_inst/processQ_reg[3]/C
                            (rising edge-triggered cell FDRE clocked by clk_out1_clk_wiz_0  {rise@0.000ns fall@20.000ns period=40.000ns})
  Destination:            datapath/video_inst/Inst_vga/vga_signal_generator_inst/h_sync_is_low_reg/L7/D
  Path Group:             (none)
  Path Type:              Max at Slow Process Corner
  Data Path Delay:        3.610ns  (logic 1.193ns (33.048%)  route 2.417ns (66.952%))
  Logic Levels:           3  (LUT3=1 LUT5=1 LUT6=1)
  Clock Uncertainty:      0.190ns  ((TSJ^2 + DJ^2)^1/2) / 2 + PE
    Total System Jitter     (TSJ):    0.050ns
    Discrete Jitter          (DJ):    0.175ns
    Phase Error              (PE):    0.099ns

    Location             Delay type                Incr(ns)  Path(ns)    Netlist Resource(s)
  -------------------------------------------------------------------    -------------------
                         (clock clk_out1_clk_wiz_0 rise edge)
                                                      0.000     0.000 r  
    BUFGCTRL_X0Y4        BUFG                         0.000     0.000 r  clk_IBUF_BUFG_inst/O
                         net (fo=85, routed)          2.106     2.106    datapath/video_inst/mmcm_adv_inst_display_clocks/inst/clk_in1
    MMCME2_ADV_X1Y0      MMCME2_ADV (Prop_mmcme2_adv_CLKIN1_CLKOUT0)
                                                     -4.900    -2.793 r  datapath/video_inst/mmcm_adv_inst_display_clocks/inst/mmcm_adv_inst/CLKOUT0
                         net (fo=1, routed)           2.697    -0.096    datapath/video_inst/mmcm_adv_inst_display_clocks/inst/clk_out1_clk_wiz_0
    BUFGCTRL_X0Y3        BUFG (Prop_bufg_I_O)         0.096    -0.000 r  datapath/video_inst/mmcm_adv_inst_display_clocks/inst/clkout1_buf/O
                         net (fo=84, routed)          1.810     1.810    datapath/video_inst/Inst_vga/vga_signal_generator_inst/horizontal_counter_inst/CLK
    SLICE_X159Y124       FDRE                                         r  datapath/video_inst/Inst_vga/vga_signal_generator_inst/horizontal_counter_inst/processQ_reg[3]/C
  -------------------------------------------------------------------    -------------------
    SLICE_X159Y124       FDRE (Prop_fdre_C_Q)         0.419     2.229 f  datapath/video_inst/Inst_vga/vga_signal_generator_inst/horizontal_counter_inst/processQ_reg[3]/Q
                         net (fo=6, routed)           1.072     3.302    datapath/video_inst/Inst_vga/vga_signal_generator_inst/horizontal_counter_inst/Q[3]
    SLICE_X160Y124       LUT5 (Prop_lut5_I3_O)        0.324     3.626 r  datapath/video_inst/Inst_vga/vga_signal_generator_inst/horizontal_counter_inst/h_sync_is_low_reg_i_5/O
                         net (fo=9, routed)           0.670     4.296    datapath/video_inst/Inst_vga/vga_signal_generator_inst/horizontal_counter_inst/h_sync_is_low_reg_i_5_n_0
    SLICE_X159Y126       LUT6 (Prop_lut6_I0_O)        0.326     4.622 f  datapath/video_inst/Inst_vga/vga_signal_generator_inst/horizontal_counter_inst/h_sync_is_low_reg_i_2/O
                         net (fo=2, routed)           0.675     5.296    datapath/video_inst/Inst_vga/vga_signal_generator_inst/h_sync_is_low_reg/CLR
    SLICE_X160Y127       LUT3 (Prop_lut3_I1_O)        0.124     5.420 r  datapath/video_inst/Inst_vga/vga_signal_generator_inst/h_sync_is_low_reg/L3_1/O
                         net (fo=1, routed)           0.000     5.420    datapath/video_inst/Inst_vga/vga_signal_generator_inst/h_sync_is_low_reg/D0
    SLICE_X160Y127       LDCE                                         r  datapath/video_inst/Inst_vga/vga_signal_generator_inst/h_sync_is_low_reg/L7/D
  -------------------------------------------------------------------    -------------------

Slack:                    inf
  Source:                 datapath/video_inst/Inst_vga/vga_signal_generator_inst/position_reg[col][1]/C
                            (rising edge-triggered cell FDRE clocked by clk_out1_clk_wiz_0  {rise@0.000ns fall@20.000ns period=40.000ns})
  Destination:            datapath/leftChannelMemory/sdp_bl.ramb18_dp_bl.ram18_bl/ADDRARDADDR[5]
  Path Group:             (none)
  Path Type:              Max at Slow Process Corner
  Data Path Delay:        3.348ns  (logic 0.518ns (15.474%)  route 2.830ns (84.526%))
  Logic Levels:           0  
  Clock Uncertainty:      0.190ns  ((TSJ^2 + DJ^2)^1/2) / 2 + PE
    Total System Jitter     (TSJ):    0.050ns
    Discrete Jitter          (DJ):    0.175ns
    Phase Error              (PE):    0.099ns

    Location             Delay type                Incr(ns)  Path(ns)    Netlist Resource(s)
  -------------------------------------------------------------------    -------------------
                         (clock clk_out1_clk_wiz_0 rise edge)
                                                      0.000     0.000 r  
    BUFGCTRL_X0Y4        BUFG                         0.000     0.000 r  clk_IBUF_BUFG_inst/O
                         net (fo=85, routed)          2.106     2.106    datapath/video_inst/mmcm_adv_inst_display_clocks/inst/clk_in1
    MMCME2_ADV_X1Y0      MMCME2_ADV (Prop_mmcme2_adv_CLKIN1_CLKOUT0)
                                                     -4.900    -2.793 r  datapath/video_inst/mmcm_adv_inst_display_clocks/inst/mmcm_adv_inst/CLKOUT0
                         net (fo=1, routed)           2.697    -0.096    datapath/video_inst/mmcm_adv_inst_display_clocks/inst/clk_out1_clk_wiz_0
    BUFGCTRL_X0Y3        BUFG (Prop_bufg_I_O)         0.096    -0.000 r  datapath/video_inst/mmcm_adv_inst_display_clocks/inst/clkout1_buf/O
                         net (fo=84, routed)          1.810     1.810    datapath/video_inst/Inst_vga/vga_signal_generator_inst/CLK
    SLICE_X158Y124       FDRE                                         r  datapath/video_inst/Inst_vga/vga_signal_generator_inst/position_reg[col][1]/C
  -------------------------------------------------------------------    -------------------
    SLICE_X158Y124       FDRE (Prop_fdre_C_Q)         0.518     2.328 r  datapath/video_inst/Inst_vga/vga_signal_generator_inst/position_reg[col][1]/Q
                         net (fo=70, routed)          2.830     5.158    datapath/leftChannelMemory/Q[1]
    RAMB18_X8Y50         RAMB18E1                                     r  datapath/leftChannelMemory/sdp_bl.ramb18_dp_bl.ram18_bl/ADDRARDADDR[5]
  -------------------------------------------------------------------    -------------------

Slack:                    inf
  Source:                 datapath/video_inst/Inst_vga/vga_signal_generator_inst/position_reg[col][1]/C
                            (rising edge-triggered cell FDRE clocked by clk_out1_clk_wiz_0  {rise@0.000ns fall@20.000ns period=40.000ns})
  Destination:            datapath/rightChannelMemory/sdp_bl.ramb18_dp_bl.ram18_bl/ADDRARDADDR[5]
  Path Group:             (none)
  Path Type:              Max at Slow Process Corner
  Data Path Delay:        3.010ns  (logic 0.518ns (17.212%)  route 2.492ns (82.788%))
  Logic Levels:           0  
  Clock Uncertainty:      0.190ns  ((TSJ^2 + DJ^2)^1/2) / 2 + PE
    Total System Jitter     (TSJ):    0.050ns
    Discrete Jitter          (DJ):    0.175ns
    Phase Error              (PE):    0.099ns

    Location             Delay type                Incr(ns)  Path(ns)    Netlist Resource(s)
  -------------------------------------------------------------------    -------------------
                         (clock clk_out1_clk_wiz_0 rise edge)
                                                      0.000     0.000 r  
    BUFGCTRL_X0Y4        BUFG                         0.000     0.000 r  clk_IBUF_BUFG_inst/O
                         net (fo=85, routed)          2.106     2.106    datapath/video_inst/mmcm_adv_inst_display_clocks/inst/clk_in1
    MMCME2_ADV_X1Y0      MMCME2_ADV (Prop_mmcme2_adv_CLKIN1_CLKOUT0)
                                                     -4.900    -2.793 r  datapath/video_inst/mmcm_adv_inst_display_clocks/inst/mmcm_adv_inst/CLKOUT0
                         net (fo=1, routed)           2.697    -0.096    datapath/video_inst/mmcm_adv_inst_display_clocks/inst/clk_out1_clk_wiz_0
    BUFGCTRL_X0Y3        BUFG (Prop_bufg_I_O)         0.096    -0.000 r  datapath/video_inst/mmcm_adv_inst_display_clocks/inst/clkout1_buf/O
                         net (fo=84, routed)          1.810     1.810    datapath/video_inst/Inst_vga/vga_signal_generator_inst/CLK
    SLICE_X158Y124       FDRE                                         r  datapath/video_inst/Inst_vga/vga_signal_generator_inst/position_reg[col][1]/C
  -------------------------------------------------------------------    -------------------
    SLICE_X158Y124       FDRE (Prop_fdre_C_Q)         0.518     2.328 r  datapath/video_inst/Inst_vga/vga_signal_generator_inst/position_reg[col][1]/Q
                         net (fo=70, routed)          2.492     4.820    datapath/rightChannelMemory/Q[1]
    RAMB18_X8Y52         RAMB18E1                                     r  datapath/rightChannelMemory/sdp_bl.ramb18_dp_bl.ram18_bl/ADDRARDADDR[5]
  -------------------------------------------------------------------    -------------------

Slack:                    inf
  Source:                 datapath/video_inst/Inst_vga/vga_signal_generator_inst/position_reg[col][4]/C
                            (rising edge-triggered cell FDRE clocked by clk_out1_clk_wiz_0  {rise@0.000ns fall@20.000ns period=40.000ns})
  Destination:            datapath/leftChannelMemory/sdp_bl.ramb18_dp_bl.ram18_bl/ADDRARDADDR[8]
  Path Group:             (none)
  Path Type:              Max at Slow Process Corner
  Data Path Delay:        2.274ns  (logic 0.478ns (21.016%)  route 1.796ns (78.984%))
  Logic Levels:           0  
  Clock Uncertainty:      0.190ns  ((TSJ^2 + DJ^2)^1/2) / 2 + PE
    Total System Jitter     (TSJ):    0.050ns
    Discrete Jitter          (DJ):    0.175ns
    Phase Error              (PE):    0.099ns

    Location             Delay type                Incr(ns)  Path(ns)    Netlist Resource(s)
  -------------------------------------------------------------------    -------------------
                         (clock clk_out1_clk_wiz_0 rise edge)
                                                      0.000     0.000 r  
    BUFGCTRL_X0Y4        BUFG                         0.000     0.000 r  clk_IBUF_BUFG_inst/O
                         net (fo=85, routed)          2.106     2.106    datapath/video_inst/mmcm_adv_inst_display_clocks/inst/clk_in1
    MMCME2_ADV_X1Y0      MMCME2_ADV (Prop_mmcme2_adv_CLKIN1_CLKOUT0)
                                                     -4.900    -2.793 r  datapath/video_inst/mmcm_adv_inst_display_clocks/inst/mmcm_adv_inst/CLKOUT0
                         net (fo=1, routed)           2.697    -0.096    datapath/video_inst/mmcm_adv_inst_display_clocks/inst/clk_out1_clk_wiz_0
    BUFGCTRL_X0Y3        BUFG (Prop_bufg_I_O)         0.096    -0.000 r  datapath/video_inst/mmcm_adv_inst_display_clocks/inst/clkout1_buf/O
                         net (fo=84, routed)          1.810     1.810    datapath/video_inst/Inst_vga/vga_signal_generator_inst/CLK
    SLICE_X158Y124       FDRE                                         r  datapath/video_inst/Inst_vga/vga_signal_generator_inst/position_reg[col][4]/C
  -------------------------------------------------------------------    -------------------
    SLICE_X158Y124       FDRE (Prop_fdre_C_Q)         0.478     2.288 r  datapath/video_inst/Inst_vga/vga_signal_generator_inst/position_reg[col][4]/Q
                         net (fo=56, routed)          1.796     4.085    datapath/leftChannelMemory/Q[4]
    RAMB18_X8Y50         RAMB18E1                                     r  datapath/leftChannelMemory/sdp_bl.ramb18_dp_bl.ram18_bl/ADDRARDADDR[8]
  -------------------------------------------------------------------    -------------------

Slack:                    inf
  Source:                 datapath/video_inst/Inst_vga/vga_signal_generator_inst/position_reg[col][2]/C
                            (rising edge-triggered cell FDRE clocked by clk_out1_clk_wiz_0  {rise@0.000ns fall@20.000ns period=40.000ns})
  Destination:            datapath/rightChannelMemory/sdp_bl.ramb18_dp_bl.ram18_bl/ADDRARDADDR[6]
  Path Group:             (none)
  Path Type:              Max at Slow Process Corner
  Data Path Delay:        2.246ns  (logic 0.518ns (23.063%)  route 1.728ns (76.937%))
  Logic Levels:           0  
  Clock Uncertainty:      0.190ns  ((TSJ^2 + DJ^2)^1/2) / 2 + PE
    Total System Jitter     (TSJ):    0.050ns
    Discrete Jitter          (DJ):    0.175ns
    Phase Error              (PE):    0.099ns

    Location             Delay type                Incr(ns)  Path(ns)    Netlist Resource(s)
  -------------------------------------------------------------------    -------------------
                         (clock clk_out1_clk_wiz_0 rise edge)
                                                      0.000     0.000 r  
    BUFGCTRL_X0Y4        BUFG                         0.000     0.000 r  clk_IBUF_BUFG_inst/O
                         net (fo=85, routed)          2.106     2.106    datapath/video_inst/mmcm_adv_inst_display_clocks/inst/clk_in1
    MMCME2_ADV_X1Y0      MMCME2_ADV (Prop_mmcme2_adv_CLKIN1_CLKOUT0)
                                                     -4.900    -2.793 r  datapath/video_inst/mmcm_adv_inst_display_clocks/inst/mmcm_adv_inst/CLKOUT0
                         net (fo=1, routed)           2.697    -0.096    datapath/video_inst/mmcm_adv_inst_display_clocks/inst/clk_out1_clk_wiz_0
    BUFGCTRL_X0Y3        BUFG (Prop_bufg_I_O)         0.096    -0.000 r  datapath/video_inst/mmcm_adv_inst_display_clocks/inst/clkout1_buf/O
                         net (fo=84, routed)          1.810     1.810    datapath/video_inst/Inst_vga/vga_signal_generator_inst/CLK
    SLICE_X158Y124       FDRE                                         r  datapath/video_inst/Inst_vga/vga_signal_generator_inst/position_reg[col][2]/C
  -------------------------------------------------------------------    -------------------
    SLICE_X158Y124       FDRE (Prop_fdre_C_Q)         0.518     2.328 r  datapath/video_inst/Inst_vga/vga_signal_generator_inst/position_reg[col][2]/Q
                         net (fo=70, routed)          1.728     4.056    datapath/rightChannelMemory/Q[2]
    RAMB18_X8Y52         RAMB18E1                                     r  datapath/rightChannelMemory/sdp_bl.ramb18_dp_bl.ram18_bl/ADDRARDADDR[6]
  -------------------------------------------------------------------    -------------------

Slack:                    inf
  Source:                 datapath/video_inst/Inst_vga/vga_signal_generator_inst/position_reg[col][9]/C
                            (rising edge-triggered cell FDRE clocked by clk_out1_clk_wiz_0  {rise@0.000ns fall@20.000ns period=40.000ns})
  Destination:            datapath/rightChannelMemory/sdp_bl.ramb18_dp_bl.ram18_bl/ADDRARDADDR[13]
  Path Group:             (none)
  Path Type:              Max at Slow Process Corner
  Data Path Delay:        2.220ns  (logic 0.518ns (23.329%)  route 1.702ns (76.671%))
  Logic Levels:           0  
  Clock Uncertainty:      0.190ns  ((TSJ^2 + DJ^2)^1/2) / 2 + PE
    Total System Jitter     (TSJ):    0.050ns
    Discrete Jitter          (DJ):    0.175ns
    Phase Error              (PE):    0.099ns

    Location             Delay type                Incr(ns)  Path(ns)    Netlist Resource(s)
  -------------------------------------------------------------------    -------------------
                         (clock clk_out1_clk_wiz_0 rise edge)
                                                      0.000     0.000 r  
    BUFGCTRL_X0Y4        BUFG                         0.000     0.000 r  clk_IBUF_BUFG_inst/O
                         net (fo=85, routed)          2.106     2.106    datapath/video_inst/mmcm_adv_inst_display_clocks/inst/clk_in1
    MMCME2_ADV_X1Y0      MMCME2_ADV (Prop_mmcme2_adv_CLKIN1_CLKOUT0)
                                                     -4.900    -2.793 r  datapath/video_inst/mmcm_adv_inst_display_clocks/inst/mmcm_adv_inst/CLKOUT0
                         net (fo=1, routed)           2.697    -0.096    datapath/video_inst/mmcm_adv_inst_display_clocks/inst/clk_out1_clk_wiz_0
    BUFGCTRL_X0Y3        BUFG (Prop_bufg_I_O)         0.096    -0.000 r  datapath/video_inst/mmcm_adv_inst_display_clocks/inst/clkout1_buf/O
                         net (fo=84, routed)          1.810     1.810    datapath/video_inst/Inst_vga/vga_signal_generator_inst/CLK
    SLICE_X158Y125       FDRE                                         r  datapath/video_inst/Inst_vga/vga_signal_generator_inst/position_reg[col][9]/C
  -------------------------------------------------------------------    -------------------
    SLICE_X158Y125       FDRE (Prop_fdre_C_Q)         0.518     2.328 r  datapath/video_inst/Inst_vga/vga_signal_generator_inst/position_reg[col][9]/Q
                         net (fo=33, routed)          1.702     4.031    datapath/rightChannelMemory/Q[9]
    RAMB18_X8Y52         RAMB18E1                                     r  datapath/rightChannelMemory/sdp_bl.ramb18_dp_bl.ram18_bl/ADDRARDADDR[13]
  -------------------------------------------------------------------    -------------------

Slack:                    inf
  Source:                 datapath/video_inst/Inst_vga/vga_signal_generator_inst/position_reg[col][0]/C
                            (rising edge-triggered cell FDRE clocked by clk_out1_clk_wiz_0  {rise@0.000ns fall@20.000ns period=40.000ns})
  Destination:            datapath/rightChannelMemory/sdp_bl.ramb18_dp_bl.ram18_bl/ADDRARDADDR[4]
  Path Group:             (none)
  Path Type:              Max at Slow Process Corner
  Data Path Delay:        2.162ns  (logic 0.478ns (22.110%)  route 1.684ns (77.890%))
  Logic Levels:           0  
  Clock Uncertainty:      0.190ns  ((TSJ^2 + DJ^2)^1/2) / 2 + PE
    Total System Jitter     (TSJ):    0.050ns
    Discrete Jitter          (DJ):    0.175ns
    Phase Error              (PE):    0.099ns

    Location             Delay type                Incr(ns)  Path(ns)    Netlist Resource(s)
  -------------------------------------------------------------------    -------------------
                         (clock clk_out1_clk_wiz_0 rise edge)
                                                      0.000     0.000 r  
    BUFGCTRL_X0Y4        BUFG                         0.000     0.000 r  clk_IBUF_BUFG_inst/O
                         net (fo=85, routed)          2.106     2.106    datapath/video_inst/mmcm_adv_inst_display_clocks/inst/clk_in1
    MMCME2_ADV_X1Y0      MMCME2_ADV (Prop_mmcme2_adv_CLKIN1_CLKOUT0)
                                                     -4.900    -2.793 r  datapath/video_inst/mmcm_adv_inst_display_clocks/inst/mmcm_adv_inst/CLKOUT0
                         net (fo=1, routed)           2.697    -0.096    datapath/video_inst/mmcm_adv_inst_display_clocks/inst/clk_out1_clk_wiz_0
    BUFGCTRL_X0Y3        BUFG (Prop_bufg_I_O)         0.096    -0.000 r  datapath/video_inst/mmcm_adv_inst_display_clocks/inst/clkout1_buf/O
                         net (fo=84, routed)          1.810     1.810    datapath/video_inst/Inst_vga/vga_signal_generator_inst/CLK
    SLICE_X158Y124       FDRE                                         r  datapath/video_inst/Inst_vga/vga_signal_generator_inst/position_reg[col][0]/C
  -------------------------------------------------------------------    -------------------
    SLICE_X158Y124       FDRE (Prop_fdre_C_Q)         0.478     2.288 r  datapath/video_inst/Inst_vga/vga_signal_generator_inst/position_reg[col][0]/Q
                         net (fo=57, routed)          1.684     3.972    datapath/rightChannelMemory/Q[0]
    RAMB18_X8Y52         RAMB18E1                                     r  datapath/rightChannelMemory/sdp_bl.ramb18_dp_bl.ram18_bl/ADDRARDADDR[4]
  -------------------------------------------------------------------    -------------------





Min Delay Paths
--------------------------------------------------------------------------------------
Slack:                    inf
  Source:                 datapath/video_inst/Inst_vga/vga_signal_generator_inst/position_reg[col][8]/C
                            (rising edge-triggered cell FDRE clocked by clk_out1_clk_wiz_0  {rise@0.000ns fall@20.000ns period=40.000ns})
  Destination:            datapath/leftChannelMemory/sdp_bl.ramb18_dp_bl.ram18_bl/ADDRARDADDR[12]
  Path Group:             (none)
  Path Type:              Min at Fast Process Corner
  Data Path Delay:        0.494ns  (logic 0.164ns (33.165%)  route 0.330ns (66.835%))
  Logic Levels:           0  
  Clock Uncertainty:      0.190ns  ((TSJ^2 + DJ^2)^1/2) / 2 + PE
    Total System Jitter     (TSJ):    0.050ns
    Discrete Jitter          (DJ):    0.175ns
    Phase Error              (PE):    0.099ns

    Location             Delay type                Incr(ns)  Path(ns)    Netlist Resource(s)
  -------------------------------------------------------------------    -------------------
                         (clock clk_out1_clk_wiz_0 rise edge)
                                                      0.000     0.000 r  
    BUFGCTRL_X0Y4        BUFG                         0.000     0.000 r  clk_IBUF_BUFG_inst/O
                         net (fo=85, routed)          0.745     0.745    datapath/video_inst/mmcm_adv_inst_display_clocks/inst/clk_in1
    MMCME2_ADV_X1Y0      MMCME2_ADV (Prop_mmcme2_adv_CLKIN1_CLKOUT0)
                                                     -1.683    -0.938 r  datapath/video_inst/mmcm_adv_inst_display_clocks/inst/mmcm_adv_inst/CLKOUT0
                         net (fo=1, routed)           0.912    -0.026    datapath/video_inst/mmcm_adv_inst_display_clocks/inst/clk_out1_clk_wiz_0
    BUFGCTRL_X0Y3        BUFG (Prop_bufg_I_O)         0.026    -0.000 r  datapath/video_inst/mmcm_adv_inst_display_clocks/inst/clkout1_buf/O
                         net (fo=84, routed)          0.634     0.634    datapath/video_inst/Inst_vga/vga_signal_generator_inst/CLK
    SLICE_X158Y125       FDRE                                         r  datapath/video_inst/Inst_vga/vga_signal_generator_inst/position_reg[col][8]/C
  -------------------------------------------------------------------    -------------------
    SLICE_X158Y125       FDRE (Prop_fdre_C_Q)         0.164     0.798 r  datapath/video_inst/Inst_vga/vga_signal_generator_inst/position_reg[col][8]/Q
                         net (fo=33, routed)          0.330     1.128    datapath/leftChannelMemory/Q[8]
    RAMB18_X8Y50         RAMB18E1                                     r  datapath/leftChannelMemory/sdp_bl.ramb18_dp_bl.ram18_bl/ADDRARDADDR[12]
  -------------------------------------------------------------------    -------------------

Slack:                    inf
  Source:                 datapath/video_inst/Inst_vga/vga_signal_generator_inst/position_reg[col][6]/C
                            (rising edge-triggered cell FDRE clocked by clk_out1_clk_wiz_0  {rise@0.000ns fall@20.000ns period=40.000ns})
  Destination:            datapath/leftChannelMemory/sdp_bl.ramb18_dp_bl.ram18_bl/ADDRARDADDR[10]
  Path Group:             (none)
  Path Type:              Min at Fast Process Corner
  Data Path Delay:        0.544ns  (logic 0.164ns (30.155%)  route 0.380ns (69.845%))
  Logic Levels:           0  
  Clock Uncertainty:      0.190ns  ((TSJ^2 + DJ^2)^1/2) / 2 + PE
    Total System Jitter     (TSJ):    0.050ns
    Discrete Jitter          (DJ):    0.175ns
    Phase Error              (PE):    0.099ns

    Location             Delay type                Incr(ns)  Path(ns)    Netlist Resource(s)
  -------------------------------------------------------------------    -------------------
                         (clock clk_out1_clk_wiz_0 rise edge)
                                                      0.000     0.000 r  
    BUFGCTRL_X0Y4        BUFG                         0.000     0.000 r  clk_IBUF_BUFG_inst/O
                         net (fo=85, routed)          0.745     0.745    datapath/video_inst/mmcm_adv_inst_display_clocks/inst/clk_in1
    MMCME2_ADV_X1Y0      MMCME2_ADV (Prop_mmcme2_adv_CLKIN1_CLKOUT0)
                                                     -1.683    -0.938 r  datapath/video_inst/mmcm_adv_inst_display_clocks/inst/mmcm_adv_inst/CLKOUT0
                         net (fo=1, routed)           0.912    -0.026    datapath/video_inst/mmcm_adv_inst_display_clocks/inst/clk_out1_clk_wiz_0
    BUFGCTRL_X0Y3        BUFG (Prop_bufg_I_O)         0.026    -0.000 r  datapath/video_inst/mmcm_adv_inst_display_clocks/inst/clkout1_buf/O
                         net (fo=84, routed)          0.635     0.635    datapath/video_inst/Inst_vga/vga_signal_generator_inst/CLK
    SLICE_X158Y126       FDRE                                         r  datapath/video_inst/Inst_vga/vga_signal_generator_inst/position_reg[col][6]/C
  -------------------------------------------------------------------    -------------------
    SLICE_X158Y126       FDRE (Prop_fdre_C_Q)         0.164     0.799 r  datapath/video_inst/Inst_vga/vga_signal_generator_inst/position_reg[col][6]/Q
                         net (fo=54, routed)          0.380     1.178    datapath/leftChannelMemory/Q[6]
    RAMB18_X8Y50         RAMB18E1                                     r  datapath/leftChannelMemory/sdp_bl.ramb18_dp_bl.ram18_bl/ADDRARDADDR[10]
  -------------------------------------------------------------------    -------------------

Slack:                    inf
  Source:                 datapath/video_inst/Inst_vga/vga_signal_generator_inst/position_reg[col][7]/C
                            (rising edge-triggered cell FDRE clocked by clk_out1_clk_wiz_0  {rise@0.000ns fall@20.000ns period=40.000ns})
  Destination:            datapath/leftChannelMemory/sdp_bl.ramb18_dp_bl.ram18_bl/ADDRARDADDR[11]
  Path Group:             (none)
  Path Type:              Min at Fast Process Corner
  Data Path Delay:        0.577ns  (logic 0.164ns (28.439%)  route 0.413ns (71.561%))
  Logic Levels:           0  
  Clock Uncertainty:      0.190ns  ((TSJ^2 + DJ^2)^1/2) / 2 + PE
    Total System Jitter     (TSJ):    0.050ns
    Discrete Jitter          (DJ):    0.175ns
    Phase Error              (PE):    0.099ns

    Location             Delay type                Incr(ns)  Path(ns)    Netlist Resource(s)
  -------------------------------------------------------------------    -------------------
                         (clock clk_out1_clk_wiz_0 rise edge)
                                                      0.000     0.000 r  
    BUFGCTRL_X0Y4        BUFG                         0.000     0.000 r  clk_IBUF_BUFG_inst/O
                         net (fo=85, routed)          0.745     0.745    datapath/video_inst/mmcm_adv_inst_display_clocks/inst/clk_in1
    MMCME2_ADV_X1Y0      MMCME2_ADV (Prop_mmcme2_adv_CLKIN1_CLKOUT0)
                                                     -1.683    -0.938 r  datapath/video_inst/mmcm_adv_inst_display_clocks/inst/mmcm_adv_inst/CLKOUT0
                         net (fo=1, routed)           0.912    -0.026    datapath/video_inst/mmcm_adv_inst_display_clocks/inst/clk_out1_clk_wiz_0
    BUFGCTRL_X0Y3        BUFG (Prop_bufg_I_O)         0.026    -0.000 r  datapath/video_inst/mmcm_adv_inst_display_clocks/inst/clkout1_buf/O
                         net (fo=84, routed)          0.635     0.635    datapath/video_inst/Inst_vga/vga_signal_generator_inst/CLK
    SLICE_X158Y126       FDRE                                         r  datapath/video_inst/Inst_vga/vga_signal_generator_inst/position_reg[col][7]/C
  -------------------------------------------------------------------    -------------------
    SLICE_X158Y126       FDRE (Prop_fdre_C_Q)         0.164     0.799 r  datapath/video_inst/Inst_vga/vga_signal_generator_inst/position_reg[col][7]/Q
                         net (fo=51, routed)          0.413     1.211    datapath/leftChannelMemory/Q[7]
    RAMB18_X8Y50         RAMB18E1                                     r  datapath/leftChannelMemory/sdp_bl.ramb18_dp_bl.ram18_bl/ADDRARDADDR[11]
  -------------------------------------------------------------------    -------------------

Slack:                    inf
  Source:                 datapath/video_inst/Inst_vga/vga_signal_generator_inst/position_reg[col][5]/C
                            (rising edge-triggered cell FDRE clocked by clk_out1_clk_wiz_0  {rise@0.000ns fall@20.000ns period=40.000ns})
  Destination:            datapath/leftChannelMemory/sdp_bl.ramb18_dp_bl.ram18_bl/ADDRARDADDR[9]
  Path Group:             (none)
  Path Type:              Min at Fast Process Corner
  Data Path Delay:        0.593ns  (logic 0.164ns (27.644%)  route 0.429ns (72.356%))
  Logic Levels:           0  
  Clock Uncertainty:      0.190ns  ((TSJ^2 + DJ^2)^1/2) / 2 + PE
    Total System Jitter     (TSJ):    0.050ns
    Discrete Jitter          (DJ):    0.175ns
    Phase Error              (PE):    0.099ns

    Location             Delay type                Incr(ns)  Path(ns)    Netlist Resource(s)
  -------------------------------------------------------------------    -------------------
                         (clock clk_out1_clk_wiz_0 rise edge)
                                                      0.000     0.000 r  
    BUFGCTRL_X0Y4        BUFG                         0.000     0.000 r  clk_IBUF_BUFG_inst/O
                         net (fo=85, routed)          0.745     0.745    datapath/video_inst/mmcm_adv_inst_display_clocks/inst/clk_in1
    MMCME2_ADV_X1Y0      MMCME2_ADV (Prop_mmcme2_adv_CLKIN1_CLKOUT0)
                                                     -1.683    -0.938 r  datapath/video_inst/mmcm_adv_inst_display_clocks/inst/mmcm_adv_inst/CLKOUT0
                         net (fo=1, routed)           0.912    -0.026    datapath/video_inst/mmcm_adv_inst_display_clocks/inst/clk_out1_clk_wiz_0
    BUFGCTRL_X0Y3        BUFG (Prop_bufg_I_O)         0.026    -0.000 r  datapath/video_inst/mmcm_adv_inst_display_clocks/inst/clkout1_buf/O
                         net (fo=84, routed)          0.635     0.635    datapath/video_inst/Inst_vga/vga_signal_generator_inst/CLK
    SLICE_X158Y126       FDRE                                         r  datapath/video_inst/Inst_vga/vga_signal_generator_inst/position_reg[col][5]/C
  -------------------------------------------------------------------    -------------------
    SLICE_X158Y126       FDRE (Prop_fdre_C_Q)         0.164     0.799 r  datapath/video_inst/Inst_vga/vga_signal_generator_inst/position_reg[col][5]/Q
                         net (fo=56, routed)          0.429     1.228    datapath/leftChannelMemory/Q[5]
    RAMB18_X8Y50         RAMB18E1                                     r  datapath/leftChannelMemory/sdp_bl.ramb18_dp_bl.ram18_bl/ADDRARDADDR[9]
  -------------------------------------------------------------------    -------------------

Slack:                    inf
  Source:                 datapath/video_inst/Inst_vga/vga_signal_generator_inst/position_reg[col][6]/C
                            (rising edge-triggered cell FDRE clocked by clk_out1_clk_wiz_0  {rise@0.000ns fall@20.000ns period=40.000ns})
  Destination:            datapath/rightChannelMemory/sdp_bl.ramb18_dp_bl.ram18_bl/ADDRARDADDR[10]
  Path Group:             (none)
  Path Type:              Min at Fast Process Corner
  Data Path Delay:        0.650ns  (logic 0.164ns (25.236%)  route 0.486ns (74.764%))
  Logic Levels:           0  
  Clock Uncertainty:      0.190ns  ((TSJ^2 + DJ^2)^1/2) / 2 + PE
    Total System Jitter     (TSJ):    0.050ns
    Discrete Jitter          (DJ):    0.175ns
    Phase Error              (PE):    0.099ns

    Location             Delay type                Incr(ns)  Path(ns)    Netlist Resource(s)
  -------------------------------------------------------------------    -------------------
                         (clock clk_out1_clk_wiz_0 rise edge)
                                                      0.000     0.000 r  
    BUFGCTRL_X0Y4        BUFG                         0.000     0.000 r  clk_IBUF_BUFG_inst/O
                         net (fo=85, routed)          0.745     0.745    datapath/video_inst/mmcm_adv_inst_display_clocks/inst/clk_in1
    MMCME2_ADV_X1Y0      MMCME2_ADV (Prop_mmcme2_adv_CLKIN1_CLKOUT0)
                                                     -1.683    -0.938 r  datapath/video_inst/mmcm_adv_inst_display_clocks/inst/mmcm_adv_inst/CLKOUT0
                         net (fo=1, routed)           0.912    -0.026    datapath/video_inst/mmcm_adv_inst_display_clocks/inst/clk_out1_clk_wiz_0
    BUFGCTRL_X0Y3        BUFG (Prop_bufg_I_O)         0.026    -0.000 r  datapath/video_inst/mmcm_adv_inst_display_clocks/inst/clkout1_buf/O
                         net (fo=84, routed)          0.635     0.635    datapath/video_inst/Inst_vga/vga_signal_generator_inst/CLK
    SLICE_X158Y126       FDRE                                         r  datapath/video_inst/Inst_vga/vga_signal_generator_inst/position_reg[col][6]/C
  -------------------------------------------------------------------    -------------------
    SLICE_X158Y126       FDRE (Prop_fdre_C_Q)         0.164     0.799 r  datapath/video_inst/Inst_vga/vga_signal_generator_inst/position_reg[col][6]/Q
                         net (fo=54, routed)          0.486     1.284    datapath/rightChannelMemory/Q[6]
    RAMB18_X8Y52         RAMB18E1                                     r  datapath/rightChannelMemory/sdp_bl.ramb18_dp_bl.ram18_bl/ADDRARDADDR[10]
  -------------------------------------------------------------------    -------------------

Slack:                    inf
  Source:                 datapath/video_inst/Inst_vga/vga_signal_generator_inst/horizontal_counter_inst/processQ_reg[9]/C
                            (rising edge-triggered cell FDRE clocked by clk_out1_clk_wiz_0  {rise@0.000ns fall@20.000ns period=40.000ns})
  Destination:            datapath/video_inst/Inst_vga/vga_signal_generator_inst/h_sync_is_low_reg/L7/D
  Path Group:             (none)
  Path Type:              Min at Fast Process Corner
  Data Path Delay:        0.651ns  (logic 0.231ns (35.466%)  route 0.420ns (64.534%))
  Logic Levels:           2  (LUT3=1 LUT6=1)
  Clock Uncertainty:      0.190ns  ((TSJ^2 + DJ^2)^1/2) / 2 + PE
    Total System Jitter     (TSJ):    0.050ns
    Discrete Jitter          (DJ):    0.175ns
    Phase Error              (PE):    0.099ns

    Location             Delay type                Incr(ns)  Path(ns)    Netlist Resource(s)
  -------------------------------------------------------------------    -------------------
                         (clock clk_out1_clk_wiz_0 rise edge)
                                                      0.000     0.000 r  
    BUFGCTRL_X0Y4        BUFG                         0.000     0.000 r  clk_IBUF_BUFG_inst/O
                         net (fo=85, routed)          0.745     0.745    datapath/video_inst/mmcm_adv_inst_display_clocks/inst/clk_in1
    MMCME2_ADV_X1Y0      MMCME2_ADV (Prop_mmcme2_adv_CLKIN1_CLKOUT0)
                                                     -1.683    -0.938 r  datapath/video_inst/mmcm_adv_inst_display_clocks/inst/mmcm_adv_inst/CLKOUT0
                         net (fo=1, routed)           0.912    -0.026    datapath/video_inst/mmcm_adv_inst_display_clocks/inst/clk_out1_clk_wiz_0
    BUFGCTRL_X0Y3        BUFG (Prop_bufg_I_O)         0.026    -0.000 r  datapath/video_inst/mmcm_adv_inst_display_clocks/inst/clkout1_buf/O
                         net (fo=84, routed)          0.636     0.636    datapath/video_inst/Inst_vga/vga_signal_generator_inst/horizontal_counter_inst/CLK
    SLICE_X160Y126       FDRE                                         r  datapath/video_inst/Inst_vga/vga_signal_generator_inst/horizontal_counter_inst/processQ_reg[9]/C
  -------------------------------------------------------------------    -------------------
    SLICE_X160Y126       FDRE (Prop_fdre_C_Q)         0.141     0.777 r  datapath/video_inst/Inst_vga/vga_signal_generator_inst/horizontal_counter_inst/processQ_reg[9]/Q
                         net (fo=10, routed)          0.209     0.986    datapath/video_inst/Inst_vga/vga_signal_generator_inst/horizontal_counter_inst/Q[9]
    SLICE_X160Y126       LUT6 (Prop_lut6_I2_O)        0.045     1.031 r  datapath/video_inst/Inst_vga/vga_signal_generator_inst/horizontal_counter_inst/h_sync_is_low_reg_i_3/O
                         net (fo=2, routed)           0.211     1.242    datapath/video_inst/Inst_vga/vga_signal_generator_inst/h_sync_is_low_reg/PRE
    SLICE_X160Y127       LUT3 (Prop_lut3_I0_O)        0.045     1.287 r  datapath/video_inst/Inst_vga/vga_signal_generator_inst/h_sync_is_low_reg/L3_1/O
                         net (fo=1, routed)           0.000     1.287    datapath/video_inst/Inst_vga/vga_signal_generator_inst/h_sync_is_low_reg/D0
    SLICE_X160Y127       LDCE                                         r  datapath/video_inst/Inst_vga/vga_signal_generator_inst/h_sync_is_low_reg/L7/D
  -------------------------------------------------------------------    -------------------

Slack:                    inf
  Source:                 datapath/video_inst/Inst_vga/vga_signal_generator_inst/vertical_counter_inst/processQ_reg[3]/C
                            (rising edge-triggered cell FDRE clocked by clk_out1_clk_wiz_0  {rise@0.000ns fall@20.000ns period=40.000ns})
  Destination:            datapath/video_inst/Inst_vga/vga_signal_generator_inst/v_blank_is_low_reg/L7/D
  Path Group:             (none)
  Path Type:              Min at Fast Process Corner
  Data Path Delay:        0.692ns  (logic 0.272ns (39.279%)  route 0.420ns (60.721%))
  Logic Levels:           2  (LUT3=1 LUT6=1)
  Clock Uncertainty:      0.190ns  ((TSJ^2 + DJ^2)^1/2) / 2 + PE
    Total System Jitter     (TSJ):    0.050ns
    Discrete Jitter          (DJ):    0.175ns
    Phase Error              (PE):    0.099ns

    Location             Delay type                Incr(ns)  Path(ns)    Netlist Resource(s)
  -------------------------------------------------------------------    -------------------
                         (clock clk_out1_clk_wiz_0 rise edge)
                                                      0.000     0.000 r  
    BUFGCTRL_X0Y4        BUFG                         0.000     0.000 r  clk_IBUF_BUFG_inst/O
                         net (fo=85, routed)          0.745     0.745    datapath/video_inst/mmcm_adv_inst_display_clocks/inst/clk_in1
    MMCME2_ADV_X1Y0      MMCME2_ADV (Prop_mmcme2_adv_CLKIN1_CLKOUT0)
                                                     -1.683    -0.938 r  datapath/video_inst/mmcm_adv_inst_display_clocks/inst/mmcm_adv_inst/CLKOUT0
                         net (fo=1, routed)           0.912    -0.026    datapath/video_inst/mmcm_adv_inst_display_clocks/inst/clk_out1_clk_wiz_0
    BUFGCTRL_X0Y3        BUFG (Prop_bufg_I_O)         0.026    -0.000 r  datapath/video_inst/mmcm_adv_inst_display_clocks/inst/clkout1_buf/O
                         net (fo=84, routed)          0.616     0.616    datapath/video_inst/Inst_vga/vga_signal_generator_inst/vertical_counter_inst/CLK
    SLICE_X153Y133       FDRE                                         r  datapath/video_inst/Inst_vga/vga_signal_generator_inst/vertical_counter_inst/processQ_reg[3]/C
  -------------------------------------------------------------------    -------------------
    SLICE_X153Y133       FDRE (Prop_fdre_C_Q)         0.128     0.744 r  datapath/video_inst/Inst_vga/vga_signal_generator_inst/vertical_counter_inst/processQ_reg[3]/Q
                         net (fo=12, routed)          0.253     0.996    datapath/video_inst/Inst_vga/vga_signal_generator_inst/vertical_counter_inst/Q[3]
    SLICE_X154Y134       LUT6 (Prop_lut6_I1_O)        0.099     1.095 f  datapath/video_inst/Inst_vga/vga_signal_generator_inst/vertical_counter_inst/v_blank_is_low_reg_i_1/O
                         net (fo=2, routed)           0.168     1.263    datapath/video_inst/Inst_vga/vga_signal_generator_inst/v_blank_is_low_reg/CLR
    SLICE_X155Y134       LUT3 (Prop_lut3_I1_O)        0.045     1.308 r  datapath/video_inst/Inst_vga/vga_signal_generator_inst/v_blank_is_low_reg/L3_1/O
                         net (fo=1, routed)           0.000     1.308    datapath/video_inst/Inst_vga/vga_signal_generator_inst/v_blank_is_low_reg/D0
    SLICE_X155Y134       LDCE                                         r  datapath/video_inst/Inst_vga/vga_signal_generator_inst/v_blank_is_low_reg/L7/D
  -------------------------------------------------------------------    -------------------

Slack:                    inf
  Source:                 datapath/video_inst/Inst_vga/vga_signal_generator_inst/position_reg[col][7]/C
                            (rising edge-triggered cell FDRE clocked by clk_out1_clk_wiz_0  {rise@0.000ns fall@20.000ns period=40.000ns})
  Destination:            datapath/rightChannelMemory/sdp_bl.ramb18_dp_bl.ram18_bl/ADDRARDADDR[11]
  Path Group:             (none)
  Path Type:              Min at Fast Process Corner
  Data Path Delay:        0.683ns  (logic 0.164ns (24.024%)  route 0.519ns (75.977%))
  Logic Levels:           0  
  Clock Uncertainty:      0.190ns  ((TSJ^2 + DJ^2)^1/2) / 2 + PE
    Total System Jitter     (TSJ):    0.050ns
    Discrete Jitter          (DJ):    0.175ns
    Phase Error              (PE):    0.099ns

    Location             Delay type                Incr(ns)  Path(ns)    Netlist Resource(s)
  -------------------------------------------------------------------    -------------------
                         (clock clk_out1_clk_wiz_0 rise edge)
                                                      0.000     0.000 r  
    BUFGCTRL_X0Y4        BUFG                         0.000     0.000 r  clk_IBUF_BUFG_inst/O
                         net (fo=85, routed)          0.745     0.745    datapath/video_inst/mmcm_adv_inst_display_clocks/inst/clk_in1
    MMCME2_ADV_X1Y0      MMCME2_ADV (Prop_mmcme2_adv_CLKIN1_CLKOUT0)
                                                     -1.683    -0.938 r  datapath/video_inst/mmcm_adv_inst_display_clocks/inst/mmcm_adv_inst/CLKOUT0
                         net (fo=1, routed)           0.912    -0.026    datapath/video_inst/mmcm_adv_inst_display_clocks/inst/clk_out1_clk_wiz_0
    BUFGCTRL_X0Y3        BUFG (Prop_bufg_I_O)         0.026    -0.000 r  datapath/video_inst/mmcm_adv_inst_display_clocks/inst/clkout1_buf/O
                         net (fo=84, routed)          0.635     0.635    datapath/video_inst/Inst_vga/vga_signal_generator_inst/CLK
    SLICE_X158Y126       FDRE                                         r  datapath/video_inst/Inst_vga/vga_signal_generator_inst/position_reg[col][7]/C
  -------------------------------------------------------------------    -------------------
    SLICE_X158Y126       FDRE (Prop_fdre_C_Q)         0.164     0.799 r  datapath/video_inst/Inst_vga/vga_signal_generator_inst/position_reg[col][7]/Q
                         net (fo=51, routed)          0.519     1.317    datapath/rightChannelMemory/Q[7]
    RAMB18_X8Y52         RAMB18E1                                     r  datapath/rightChannelMemory/sdp_bl.ramb18_dp_bl.ram18_bl/ADDRARDADDR[11]
  -------------------------------------------------------------------    -------------------

Slack:                    inf
  Source:                 datapath/video_inst/Inst_vga/vga_signal_generator_inst/position_reg[col][5]/C
                            (rising edge-triggered cell FDRE clocked by clk_out1_clk_wiz_0  {rise@0.000ns fall@20.000ns period=40.000ns})
  Destination:            datapath/rightChannelMemory/sdp_bl.ramb18_dp_bl.ram18_bl/ADDRARDADDR[9]
  Path Group:             (none)
  Path Type:              Min at Fast Process Corner
  Data Path Delay:        0.699ns  (logic 0.164ns (23.454%)  route 0.535ns (76.546%))
  Logic Levels:           0  
  Clock Uncertainty:      0.190ns  ((TSJ^2 + DJ^2)^1/2) / 2 + PE
    Total System Jitter     (TSJ):    0.050ns
    Discrete Jitter          (DJ):    0.175ns
    Phase Error              (PE):    0.099ns

    Location             Delay type                Incr(ns)  Path(ns)    Netlist Resource(s)
  -------------------------------------------------------------------    -------------------
                         (clock clk_out1_clk_wiz_0 rise edge)
                                                      0.000     0.000 r  
    BUFGCTRL_X0Y4        BUFG                         0.000     0.000 r  clk_IBUF_BUFG_inst/O
                         net (fo=85, routed)          0.745     0.745    datapath/video_inst/mmcm_adv_inst_display_clocks/inst/clk_in1
    MMCME2_ADV_X1Y0      MMCME2_ADV (Prop_mmcme2_adv_CLKIN1_CLKOUT0)
                                                     -1.683    -0.938 r  datapath/video_inst/mmcm_adv_inst_display_clocks/inst/mmcm_adv_inst/CLKOUT0
                         net (fo=1, routed)           0.912    -0.026    datapath/video_inst/mmcm_adv_inst_display_clocks/inst/clk_out1_clk_wiz_0
    BUFGCTRL_X0Y3        BUFG (Prop_bufg_I_O)         0.026    -0.000 r  datapath/video_inst/mmcm_adv_inst_display_clocks/inst/clkout1_buf/O
                         net (fo=84, routed)          0.635     0.635    datapath/video_inst/Inst_vga/vga_signal_generator_inst/CLK
    SLICE_X158Y126       FDRE                                         r  datapath/video_inst/Inst_vga/vga_signal_generator_inst/position_reg[col][5]/C
  -------------------------------------------------------------------    -------------------
    SLICE_X158Y126       FDRE (Prop_fdre_C_Q)         0.164     0.799 r  datapath/video_inst/Inst_vga/vga_signal_generator_inst/position_reg[col][5]/Q
                         net (fo=56, routed)          0.535     1.334    datapath/rightChannelMemory/Q[5]
    RAMB18_X8Y52         RAMB18E1                                     r  datapath/rightChannelMemory/sdp_bl.ramb18_dp_bl.ram18_bl/ADDRARDADDR[9]
  -------------------------------------------------------------------    -------------------

Slack:                    inf
  Source:                 datapath/video_inst/Inst_vga/vga_signal_generator_inst/position_reg[col][3]/C
                            (rising edge-triggered cell FDRE clocked by clk_out1_clk_wiz_0  {rise@0.000ns fall@20.000ns period=40.000ns})
  Destination:            datapath/leftChannelMemory/sdp_bl.ramb18_dp_bl.ram18_bl/ADDRARDADDR[7]
  Path Group:             (none)
  Path Type:              Min at Fast Process Corner
  Data Path Delay:        0.722ns  (logic 0.164ns (22.727%)  route 0.558ns (77.273%))
  Logic Levels:           0  
  Clock Uncertainty:      0.190ns  ((TSJ^2 + DJ^2)^1/2) / 2 + PE
    Total System Jitter     (TSJ):    0.050ns
    Discrete Jitter          (DJ):    0.175ns
    Phase Error              (PE):    0.099ns

    Location             Delay type                Incr(ns)  Path(ns)    Netlist Resource(s)
  -------------------------------------------------------------------    -------------------
                         (clock clk_out1_clk_wiz_0 rise edge)
                                                      0.000     0.000 r  
    BUFGCTRL_X0Y4        BUFG                         0.000     0.000 r  clk_IBUF_BUFG_inst/O
                         net (fo=85, routed)          0.745     0.745    datapath/video_inst/mmcm_adv_inst_display_clocks/inst/clk_in1
    MMCME2_ADV_X1Y0      MMCME2_ADV (Prop_mmcme2_adv_CLKIN1_CLKOUT0)
                                                     -1.683    -0.938 r  datapath/video_inst/mmcm_adv_inst_display_clocks/inst/mmcm_adv_inst/CLKOUT0
                         net (fo=1, routed)           0.912    -0.026    datapath/video_inst/mmcm_adv_inst_display_clocks/inst/clk_out1_clk_wiz_0
    BUFGCTRL_X0Y3        BUFG (Prop_bufg_I_O)         0.026    -0.000 r  datapath/video_inst/mmcm_adv_inst_display_clocks/inst/clkout1_buf/O
                         net (fo=84, routed)          0.634     0.634    datapath/video_inst/Inst_vga/vga_signal_generator_inst/CLK
    SLICE_X158Y124       FDRE                                         r  datapath/video_inst/Inst_vga/vga_signal_generator_inst/position_reg[col][3]/C
  -------------------------------------------------------------------    -------------------
    SLICE_X158Y124       FDRE (Prop_fdre_C_Q)         0.164     0.798 r  datapath/video_inst/Inst_vga/vga_signal_generator_inst/position_reg[col][3]/Q
                         net (fo=71, routed)          0.558     1.355    datapath/leftChannelMemory/Q[3]
    RAMB18_X8Y50         RAMB18E1                                     r  datapath/leftChannelMemory/sdp_bl.ramb18_dp_bl.ram18_bl/ADDRARDADDR[7]
  -------------------------------------------------------------------    -------------------





--------------------------------------------------------------------------------------
Path Group:  (none)
From Clock:  clk_out1_clk_wiz_1
  To Clock:  

Max Delay             1 Endpoint
Min Delay             1 Endpoint
--------------------------------------------------------------------------------------


Max Delay Paths
--------------------------------------------------------------------------------------
Slack:                    inf
  Source:                 datapath/Audio_Codec/audiocodec_master_clock/inst/mmcm_adv_inst/CLKOUT0
                            (clock source 'clk_out1_clk_wiz_1'  {rise@0.000ns fall@20.000ns period=40.000ns})
  Destination:            ac_mclk
                            (output port)
  Path Group:             (none)
  Path Type:              Max at Slow Process Corner
  Data Path Delay:        8.601ns  (logic 3.632ns (42.233%)  route 4.969ns (57.767%))
  Logic Levels:           2  (BUFG=1 OBUF=1)
  Clock Uncertainty:      0.190ns  ((TSJ^2 + DJ^2)^1/2) / 2 + PE
    Total System Jitter     (TSJ):    0.050ns
    Discrete Jitter          (DJ):    0.175ns
    Phase Error              (PE):    0.099ns

    Location             Delay type                Incr(ns)  Path(ns)    Netlist Resource(s)
  -------------------------------------------------------------------    -------------------
                         (clock clk_out1_clk_wiz_1 fall edge)
                                                     20.000    20.000 f  
    BUFGCTRL_X0Y4        BUFG                         0.000    20.000 f  clk_IBUF_BUFG_inst/O
                         net (fo=85, routed)          1.761    21.761    datapath/Audio_Codec/audiocodec_master_clock/inst/clk_in1
  -------------------------------------------------------------------    -------------------
    MMCME2_ADV_X0Y2      MMCME2_ADV (Prop_mmcme2_adv_CLKIN1_CLKOUT0)
                                                     -3.701    18.061 f  datapath/Audio_Codec/audiocodec_master_clock/inst/mmcm_adv_inst/CLKOUT0
                         net (fo=1, routed)           1.843    19.904    datapath/Audio_Codec/audiocodec_master_clock/inst/clk_out1_clk_wiz_1
    BUFGCTRL_X0Y1        BUFG (Prop_bufg_I_O)         0.096    20.000 f  datapath/Audio_Codec/audiocodec_master_clock/inst/clkout1_buf/O
                         net (fo=1, routed)           3.125    23.125    ac_mclk_OBUF
    U6                   OBUF (Prop_obuf_I_O)         3.536    26.662 f  ac_mclk_OBUF_inst/O
                         net (fo=0)                   0.000    26.662    ac_mclk
    U6                                                                f  ac_mclk (OUT)
  -------------------------------------------------------------------    -------------------





Min Delay Paths
--------------------------------------------------------------------------------------
Slack:                    inf
  Source:                 datapath/Audio_Codec/audiocodec_master_clock/inst/mmcm_adv_inst/CLKOUT0
                            (clock source 'clk_out1_clk_wiz_1'  {rise@0.000ns fall@20.000ns period=40.000ns})
  Destination:            ac_mclk
                            (output port)
  Path Group:             (none)
  Path Type:              Min at Fast Process Corner
  Data Path Delay:        2.605ns  (logic 1.263ns (48.503%)  route 1.341ns (51.497%))
  Logic Levels:           2  (BUFG=1 OBUF=1)
  Clock Uncertainty:      0.190ns  ((TSJ^2 + DJ^2)^1/2) / 2 + PE
    Total System Jitter     (TSJ):    0.050ns
    Discrete Jitter          (DJ):    0.175ns
    Phase Error              (PE):    0.099ns

    Location             Delay type                Incr(ns)  Path(ns)    Netlist Resource(s)
  -------------------------------------------------------------------    -------------------
                         (clock clk_out1_clk_wiz_1 rise edge)
                                                      0.000     0.000 r  
    BUFGCTRL_X0Y4        BUFG                         0.000     0.000 r  clk_IBUF_BUFG_inst/O
                         net (fo=85, routed)          0.610     0.610    datapath/Audio_Codec/audiocodec_master_clock/inst/clk_in1
  -------------------------------------------------------------------    -------------------
    MMCME2_ADV_X0Y2      MMCME2_ADV (Prop_mmcme2_adv_CLKIN1_CLKOUT0)
                                                     -1.180    -0.571 r  datapath/Audio_Codec/audiocodec_master_clock/inst/mmcm_adv_inst/CLKOUT0
                         net (fo=1, routed)           0.545    -0.026    datapath/Audio_Codec/audiocodec_master_clock/inst/clk_out1_clk_wiz_1
    BUFGCTRL_X0Y1        BUFG (Prop_bufg_I_O)         0.026     0.000 r  datapath/Audio_Codec/audiocodec_master_clock/inst/clkout1_buf/O
                         net (fo=1, routed)           0.796     0.796    ac_mclk_OBUF
    U6                   OBUF (Prop_obuf_I_O)         1.237     2.034 r  ac_mclk_OBUF_inst/O
                         net (fo=0)                   0.000     2.034    ac_mclk
    U6                                                                r  ac_mclk (OUT)
  -------------------------------------------------------------------    -------------------





--------------------------------------------------------------------------------------
Path Group:  (none)
From Clock:  clk_out2_clk_wiz_0
  To Clock:  

Max Delay             8 Endpoints
Min Delay             8 Endpoints
--------------------------------------------------------------------------------------


Max Delay Paths
--------------------------------------------------------------------------------------
Slack:                    inf
  Source:                 datapath/video_inst/inst_dvid/ODDR2_red/C
                            (falling edge-triggered cell ODDR clocked by clk_out2_clk_wiz_0  {rise@0.000ns fall@4.000ns period=8.000ns})
  Destination:            tmdsb[2]
                            (output port)
  Path Group:             (none)
  Path Type:              Max at Slow Process Corner
  Data Path Delay:        2.370ns  (logic 2.369ns (99.958%)  route 0.001ns (0.042%))
  Logic Levels:           1  (OBUFDS=1)
  Clock Uncertainty:      0.166ns  ((TSJ^2 + DJ^2)^1/2) / 2 + PE
    Total System Jitter     (TSJ):    0.050ns
    Discrete Jitter          (DJ):    0.125ns
    Phase Error              (PE):    0.099ns

    Location             Delay type                Incr(ns)  Path(ns)    Netlist Resource(s)
  -------------------------------------------------------------------    -------------------
                         (clock clk_out2_clk_wiz_0 fall edge)
                                                      4.000     4.000 f  
    BUFGCTRL_X0Y4        BUFG                         0.000     4.000 f  clk_IBUF_BUFG_inst/O
                         net (fo=85, routed)          2.106     6.106    datapath/video_inst/mmcm_adv_inst_display_clocks/inst/clk_in1
    MMCME2_ADV_X1Y0      MMCME2_ADV (Prop_mmcme2_adv_CLKIN1_CLKOUT1)
                                                     -4.900     1.207 f  datapath/video_inst/mmcm_adv_inst_display_clocks/inst/mmcm_adv_inst/CLKOUT1
                         net (fo=1, routed)           2.697     3.904    datapath/video_inst/mmcm_adv_inst_display_clocks/inst/clk_out2_clk_wiz_0
    BUFGCTRL_X0Y0        BUFG (Prop_bufg_I_O)         0.096     4.000 f  datapath/video_inst/mmcm_adv_inst_display_clocks/inst/clkout2_buf/O
                         net (fo=44, routed)          1.831     5.831    datapath/video_inst/inst_dvid/clk_out2
    OLOGIC_X1Y134        ODDR                                         f  datapath/video_inst/inst_dvid/ODDR2_red/C
  -------------------------------------------------------------------    -------------------
    OLOGIC_X1Y134        ODDR (Prop_oddr_C_Q)         0.472     6.303 r  datapath/video_inst/inst_dvid/ODDR2_red/Q
                         net (fo=1, routed)           0.001     6.304    datapath/video_inst/red_s
    AB3                  OBUFDS (Prop_obufds_I_OB)    1.897     8.201 r  datapath/video_inst/OBUFDS_green/OB
                         net (fo=0)                   0.000     8.201    tmdsb[2]
    AB2                                                               r  tmdsb[2] (OUT)
  -------------------------------------------------------------------    -------------------

Slack:                    inf
  Source:                 datapath/video_inst/inst_dvid/ODDR2_green/C
                            (falling edge-triggered cell ODDR clocked by clk_out2_clk_wiz_0  {rise@0.000ns fall@4.000ns period=8.000ns})
  Destination:            tmdsb[1]
                            (output port)
  Path Group:             (none)
  Path Type:              Max at Slow Process Corner
  Data Path Delay:        2.369ns  (logic 2.368ns (99.958%)  route 0.001ns (0.042%))
  Logic Levels:           1  (OBUFDS=1)
  Clock Uncertainty:      0.166ns  ((TSJ^2 + DJ^2)^1/2) / 2 + PE
    Total System Jitter     (TSJ):    0.050ns
    Discrete Jitter          (DJ):    0.125ns
    Phase Error              (PE):    0.099ns

    Location             Delay type                Incr(ns)  Path(ns)    Netlist Resource(s)
  -------------------------------------------------------------------    -------------------
                         (clock clk_out2_clk_wiz_0 fall edge)
                                                      4.000     4.000 f  
    BUFGCTRL_X0Y4        BUFG                         0.000     4.000 f  clk_IBUF_BUFG_inst/O
                         net (fo=85, routed)          2.106     6.106    datapath/video_inst/mmcm_adv_inst_display_clocks/inst/clk_in1
    MMCME2_ADV_X1Y0      MMCME2_ADV (Prop_mmcme2_adv_CLKIN1_CLKOUT1)
                                                     -4.900     1.207 f  datapath/video_inst/mmcm_adv_inst_display_clocks/inst/mmcm_adv_inst/CLKOUT1
                         net (fo=1, routed)           2.697     3.904    datapath/video_inst/mmcm_adv_inst_display_clocks/inst/clk_out2_clk_wiz_0
    BUFGCTRL_X0Y0        BUFG (Prop_bufg_I_O)         0.096     4.000 f  datapath/video_inst/mmcm_adv_inst_display_clocks/inst/clkout2_buf/O
                         net (fo=44, routed)          1.832     5.832    datapath/video_inst/inst_dvid/clk_out2
    OLOGIC_X1Y136        ODDR                                         f  datapath/video_inst/inst_dvid/ODDR2_green/C
  -------------------------------------------------------------------    -------------------
    OLOGIC_X1Y136        ODDR (Prop_oddr_C_Q)         0.472     6.304 r  datapath/video_inst/inst_dvid/ODDR2_green/Q
                         net (fo=1, routed)           0.001     6.305    datapath/video_inst/green_s
    AA1                  OBUFDS (Prop_obufds_I_OB)    1.896     8.201 r  datapath/video_inst/OBUFDS_red/OB
                         net (fo=0)                   0.000     8.201    tmdsb[1]
    AB1                                                               r  tmdsb[1] (OUT)
  -------------------------------------------------------------------    -------------------

Slack:                    inf
  Source:                 datapath/video_inst/inst_dvid/ODDR2_red/C
                            (falling edge-triggered cell ODDR clocked by clk_out2_clk_wiz_0  {rise@0.000ns fall@4.000ns period=8.000ns})
  Destination:            tmds[2]
                            (output port)
  Path Group:             (none)
  Path Type:              Max at Slow Process Corner
  Data Path Delay:        2.369ns  (logic 2.368ns (99.958%)  route 0.001ns (0.042%))
  Logic Levels:           1  (OBUFDS=1)
  Clock Uncertainty:      0.166ns  ((TSJ^2 + DJ^2)^1/2) / 2 + PE
    Total System Jitter     (TSJ):    0.050ns
    Discrete Jitter          (DJ):    0.125ns
    Phase Error              (PE):    0.099ns

    Location             Delay type                Incr(ns)  Path(ns)    Netlist Resource(s)
  -------------------------------------------------------------------    -------------------
                         (clock clk_out2_clk_wiz_0 fall edge)
                                                      4.000     4.000 f  
    BUFGCTRL_X0Y4        BUFG                         0.000     4.000 f  clk_IBUF_BUFG_inst/O
                         net (fo=85, routed)          2.106     6.106    datapath/video_inst/mmcm_adv_inst_display_clocks/inst/clk_in1
    MMCME2_ADV_X1Y0      MMCME2_ADV (Prop_mmcme2_adv_CLKIN1_CLKOUT1)
                                                     -4.900     1.207 f  datapath/video_inst/mmcm_adv_inst_display_clocks/inst/mmcm_adv_inst/CLKOUT1
                         net (fo=1, routed)           2.697     3.904    datapath/video_inst/mmcm_adv_inst_display_clocks/inst/clk_out2_clk_wiz_0
    BUFGCTRL_X0Y0        BUFG (Prop_bufg_I_O)         0.096     4.000 f  datapath/video_inst/mmcm_adv_inst_display_clocks/inst/clkout2_buf/O
                         net (fo=44, routed)          1.831     5.831    datapath/video_inst/inst_dvid/clk_out2
    OLOGIC_X1Y134        ODDR                                         f  datapath/video_inst/inst_dvid/ODDR2_red/C
  -------------------------------------------------------------------    -------------------
    OLOGIC_X1Y134        ODDR (Prop_oddr_C_Q)         0.472     6.303 r  datapath/video_inst/inst_dvid/ODDR2_red/Q
                         net (fo=1, routed)           0.001     6.304    datapath/video_inst/red_s
    AB3                  OBUFDS (Prop_obufds_I_O)     1.896     8.200 r  datapath/video_inst/OBUFDS_green/O
                         net (fo=0)                   0.000     8.200    tmds[2]
    AB3                                                               r  tmds[2] (OUT)
  -------------------------------------------------------------------    -------------------

Slack:                    inf
  Source:                 datapath/video_inst/inst_dvid/ODDR2_green/C
                            (falling edge-triggered cell ODDR clocked by clk_out2_clk_wiz_0  {rise@0.000ns fall@4.000ns period=8.000ns})
  Destination:            tmds[1]
                            (output port)
  Path Group:             (none)
  Path Type:              Max at Slow Process Corner
  Data Path Delay:        2.368ns  (logic 2.367ns (99.958%)  route 0.001ns (0.042%))
  Logic Levels:           1  (OBUFDS=1)
  Clock Uncertainty:      0.166ns  ((TSJ^2 + DJ^2)^1/2) / 2 + PE
    Total System Jitter     (TSJ):    0.050ns
    Discrete Jitter          (DJ):    0.125ns
    Phase Error              (PE):    0.099ns

    Location             Delay type                Incr(ns)  Path(ns)    Netlist Resource(s)
  -------------------------------------------------------------------    -------------------
                         (clock clk_out2_clk_wiz_0 fall edge)
                                                      4.000     4.000 f  
    BUFGCTRL_X0Y4        BUFG                         0.000     4.000 f  clk_IBUF_BUFG_inst/O
                         net (fo=85, routed)          2.106     6.106    datapath/video_inst/mmcm_adv_inst_display_clocks/inst/clk_in1
    MMCME2_ADV_X1Y0      MMCME2_ADV (Prop_mmcme2_adv_CLKIN1_CLKOUT1)
                                                     -4.900     1.207 f  datapath/video_inst/mmcm_adv_inst_display_clocks/inst/mmcm_adv_inst/CLKOUT1
                         net (fo=1, routed)           2.697     3.904    datapath/video_inst/mmcm_adv_inst_display_clocks/inst/clk_out2_clk_wiz_0
    BUFGCTRL_X0Y0        BUFG (Prop_bufg_I_O)         0.096     4.000 f  datapath/video_inst/mmcm_adv_inst_display_clocks/inst/clkout2_buf/O
                         net (fo=44, routed)          1.832     5.832    datapath/video_inst/inst_dvid/clk_out2
    OLOGIC_X1Y136        ODDR                                         f  datapath/video_inst/inst_dvid/ODDR2_green/C
  -------------------------------------------------------------------    -------------------
    OLOGIC_X1Y136        ODDR (Prop_oddr_C_Q)         0.472     6.304 r  datapath/video_inst/inst_dvid/ODDR2_green/Q
                         net (fo=1, routed)           0.001     6.305    datapath/video_inst/green_s
    AA1                  OBUFDS (Prop_obufds_I_O)     1.895     8.200 r  datapath/video_inst/OBUFDS_red/O
                         net (fo=0)                   0.000     8.200    tmds[1]
    AA1                                                               r  tmds[1] (OUT)
  -------------------------------------------------------------------    -------------------

Slack:                    inf
  Source:                 datapath/video_inst/inst_dvid/ODDR2_blue/C
                            (falling edge-triggered cell ODDR clocked by clk_out2_clk_wiz_0  {rise@0.000ns fall@4.000ns period=8.000ns})
  Destination:            tmdsb[0]
                            (output port)
  Path Group:             (none)
  Path Type:              Max at Slow Process Corner
  Data Path Delay:        2.358ns  (logic 2.357ns (99.958%)  route 0.001ns (0.042%))
  Logic Levels:           1  (OBUFDS=1)
  Clock Uncertainty:      0.166ns  ((TSJ^2 + DJ^2)^1/2) / 2 + PE
    Total System Jitter     (TSJ):    0.050ns
    Discrete Jitter          (DJ):    0.125ns
    Phase Error              (PE):    0.099ns

    Location             Delay type                Incr(ns)  Path(ns)    Netlist Resource(s)
  -------------------------------------------------------------------    -------------------
                         (clock clk_out2_clk_wiz_0 fall edge)
                                                      4.000     4.000 f  
    BUFGCTRL_X0Y4        BUFG                         0.000     4.000 f  clk_IBUF_BUFG_inst/O
                         net (fo=85, routed)          2.106     6.106    datapath/video_inst/mmcm_adv_inst_display_clocks/inst/clk_in1
    MMCME2_ADV_X1Y0      MMCME2_ADV (Prop_mmcme2_adv_CLKIN1_CLKOUT1)
                                                     -4.900     1.207 f  datapath/video_inst/mmcm_adv_inst_display_clocks/inst/mmcm_adv_inst/CLKOUT1
                         net (fo=1, routed)           2.697     3.904    datapath/video_inst/mmcm_adv_inst_display_clocks/inst/clk_out2_clk_wiz_0
    BUFGCTRL_X0Y0        BUFG (Prop_bufg_I_O)         0.096     4.000 f  datapath/video_inst/mmcm_adv_inst_display_clocks/inst/clkout2_buf/O
                         net (fo=44, routed)          1.835     5.835    datapath/video_inst/inst_dvid/clk_out2
    OLOGIC_X1Y140        ODDR                                         f  datapath/video_inst/inst_dvid/ODDR2_blue/C
  -------------------------------------------------------------------    -------------------
    OLOGIC_X1Y140        ODDR (Prop_oddr_C_Q)         0.472     6.307 r  datapath/video_inst/inst_dvid/ODDR2_blue/Q
                         net (fo=1, routed)           0.001     6.308    datapath/video_inst/blue_s
    W1                   OBUFDS (Prop_obufds_I_OB)    1.885     8.193 r  datapath/video_inst/OBUFDS_blue/OB
                         net (fo=0)                   0.000     8.193    tmdsb[0]
    Y1                                                                r  tmdsb[0] (OUT)
  -------------------------------------------------------------------    -------------------

Slack:                    inf
  Source:                 datapath/video_inst/inst_dvid/ODDR2_blue/C
                            (falling edge-triggered cell ODDR clocked by clk_out2_clk_wiz_0  {rise@0.000ns fall@4.000ns period=8.000ns})
  Destination:            tmds[0]
                            (output port)
  Path Group:             (none)
  Path Type:              Max at Slow Process Corner
  Data Path Delay:        2.357ns  (logic 2.356ns (99.958%)  route 0.001ns (0.042%))
  Logic Levels:           1  (OBUFDS=1)
  Clock Uncertainty:      0.166ns  ((TSJ^2 + DJ^2)^1/2) / 2 + PE
    Total System Jitter     (TSJ):    0.050ns
    Discrete Jitter          (DJ):    0.125ns
    Phase Error              (PE):    0.099ns

    Location             Delay type                Incr(ns)  Path(ns)    Netlist Resource(s)
  -------------------------------------------------------------------    -------------------
                         (clock clk_out2_clk_wiz_0 fall edge)
                                                      4.000     4.000 f  
    BUFGCTRL_X0Y4        BUFG                         0.000     4.000 f  clk_IBUF_BUFG_inst/O
                         net (fo=85, routed)          2.106     6.106    datapath/video_inst/mmcm_adv_inst_display_clocks/inst/clk_in1
    MMCME2_ADV_X1Y0      MMCME2_ADV (Prop_mmcme2_adv_CLKIN1_CLKOUT1)
                                                     -4.900     1.207 f  datapath/video_inst/mmcm_adv_inst_display_clocks/inst/mmcm_adv_inst/CLKOUT1
                         net (fo=1, routed)           2.697     3.904    datapath/video_inst/mmcm_adv_inst_display_clocks/inst/clk_out2_clk_wiz_0
    BUFGCTRL_X0Y0        BUFG (Prop_bufg_I_O)         0.096     4.000 f  datapath/video_inst/mmcm_adv_inst_display_clocks/inst/clkout2_buf/O
                         net (fo=44, routed)          1.835     5.835    datapath/video_inst/inst_dvid/clk_out2
    OLOGIC_X1Y140        ODDR                                         f  datapath/video_inst/inst_dvid/ODDR2_blue/C
  -------------------------------------------------------------------    -------------------
    OLOGIC_X1Y140        ODDR (Prop_oddr_C_Q)         0.472     6.307 r  datapath/video_inst/inst_dvid/ODDR2_blue/Q
                         net (fo=1, routed)           0.001     6.308    datapath/video_inst/blue_s
    W1                   OBUFDS (Prop_obufds_I_O)     1.884     8.192 r  datapath/video_inst/OBUFDS_blue/O
                         net (fo=0)                   0.000     8.192    tmds[0]
    W1                                                                r  tmds[0] (OUT)
  -------------------------------------------------------------------    -------------------

Slack:                    inf
  Source:                 datapath/video_inst/inst_dvid/ODDR2_clock/C
                            (falling edge-triggered cell ODDR clocked by clk_out2_clk_wiz_0  {rise@0.000ns fall@4.000ns period=8.000ns})
  Destination:            tmdsb[3]
                            (output port)
  Path Group:             (none)
  Path Type:              Max at Slow Process Corner
  Data Path Delay:        2.341ns  (logic 2.340ns (99.957%)  route 0.001ns (0.043%))
  Logic Levels:           1  (OBUFDS=1)
  Clock Uncertainty:      0.166ns  ((TSJ^2 + DJ^2)^1/2) / 2 + PE
    Total System Jitter     (TSJ):    0.050ns
    Discrete Jitter          (DJ):    0.125ns
    Phase Error              (PE):    0.099ns

    Location             Delay type                Incr(ns)  Path(ns)    Netlist Resource(s)
  -------------------------------------------------------------------    -------------------
                         (clock clk_out2_clk_wiz_0 fall edge)
                                                      4.000     4.000 f  
    BUFGCTRL_X0Y4        BUFG                         0.000     4.000 f  clk_IBUF_BUFG_inst/O
                         net (fo=85, routed)          2.106     6.106    datapath/video_inst/mmcm_adv_inst_display_clocks/inst/clk_in1
    MMCME2_ADV_X1Y0      MMCME2_ADV (Prop_mmcme2_adv_CLKIN1_CLKOUT1)
                                                     -4.900     1.207 f  datapath/video_inst/mmcm_adv_inst_display_clocks/inst/mmcm_adv_inst/CLKOUT1
                         net (fo=1, routed)           2.697     3.904    datapath/video_inst/mmcm_adv_inst_display_clocks/inst/clk_out2_clk_wiz_0
    BUFGCTRL_X0Y0        BUFG (Prop_bufg_I_O)         0.096     4.000 f  datapath/video_inst/mmcm_adv_inst_display_clocks/inst/clkout2_buf/O
                         net (fo=44, routed)          1.838     5.838    datapath/video_inst/inst_dvid/clk_out2
    OLOGIC_X1Y148        ODDR                                         f  datapath/video_inst/inst_dvid/ODDR2_clock/C
  -------------------------------------------------------------------    -------------------
    OLOGIC_X1Y148        ODDR (Prop_oddr_C_Q)         0.472     6.310 r  datapath/video_inst/inst_dvid/ODDR2_clock/Q
                         net (fo=1, routed)           0.001     6.311    datapath/video_inst/clock_s
    T1                   OBUFDS (Prop_obufds_I_OB)    1.868     8.179 r  datapath/video_inst/OBUFDS_clock/OB
                         net (fo=0)                   0.000     8.179    tmdsb[3]
    U1                                                                r  tmdsb[3] (OUT)
  -------------------------------------------------------------------    -------------------

Slack:                    inf
  Source:                 datapath/video_inst/inst_dvid/ODDR2_clock/C
                            (falling edge-triggered cell ODDR clocked by clk_out2_clk_wiz_0  {rise@0.000ns fall@4.000ns period=8.000ns})
  Destination:            tmds[3]
                            (output port)
  Path Group:             (none)
  Path Type:              Max at Slow Process Corner
  Data Path Delay:        2.340ns  (logic 2.339ns (99.957%)  route 0.001ns (0.043%))
  Logic Levels:           1  (OBUFDS=1)
  Clock Uncertainty:      0.166ns  ((TSJ^2 + DJ^2)^1/2) / 2 + PE
    Total System Jitter     (TSJ):    0.050ns
    Discrete Jitter          (DJ):    0.125ns
    Phase Error              (PE):    0.099ns

    Location             Delay type                Incr(ns)  Path(ns)    Netlist Resource(s)
  -------------------------------------------------------------------    -------------------
                         (clock clk_out2_clk_wiz_0 fall edge)
                                                      4.000     4.000 f  
    BUFGCTRL_X0Y4        BUFG                         0.000     4.000 f  clk_IBUF_BUFG_inst/O
                         net (fo=85, routed)          2.106     6.106    datapath/video_inst/mmcm_adv_inst_display_clocks/inst/clk_in1
    MMCME2_ADV_X1Y0      MMCME2_ADV (Prop_mmcme2_adv_CLKIN1_CLKOUT1)
                                                     -4.900     1.207 f  datapath/video_inst/mmcm_adv_inst_display_clocks/inst/mmcm_adv_inst/CLKOUT1
                         net (fo=1, routed)           2.697     3.904    datapath/video_inst/mmcm_adv_inst_display_clocks/inst/clk_out2_clk_wiz_0
    BUFGCTRL_X0Y0        BUFG (Prop_bufg_I_O)         0.096     4.000 f  datapath/video_inst/mmcm_adv_inst_display_clocks/inst/clkout2_buf/O
                         net (fo=44, routed)          1.838     5.838    datapath/video_inst/inst_dvid/clk_out2
    OLOGIC_X1Y148        ODDR                                         f  datapath/video_inst/inst_dvid/ODDR2_clock/C
  -------------------------------------------------------------------    -------------------
    OLOGIC_X1Y148        ODDR (Prop_oddr_C_Q)         0.472     6.310 r  datapath/video_inst/inst_dvid/ODDR2_clock/Q
                         net (fo=1, routed)           0.001     6.311    datapath/video_inst/clock_s
    T1                   OBUFDS (Prop_obufds_I_O)     1.867     8.178 r  datapath/video_inst/OBUFDS_clock/O
                         net (fo=0)                   0.000     8.178    tmds[3]
    T1                                                                r  tmds[3] (OUT)
  -------------------------------------------------------------------    -------------------





Min Delay Paths
--------------------------------------------------------------------------------------
Slack:                    inf
  Source:                 datapath/video_inst/inst_dvid/ODDR2_clock/C
                            (rising edge-triggered cell ODDR clocked by clk_out2_clk_wiz_0  {rise@0.000ns fall@4.000ns period=8.000ns})
  Destination:            tmds[3]
                            (output port)
  Path Group:             (none)
  Path Type:              Min at Fast Process Corner
  Data Path Delay:        0.994ns  (logic 0.993ns (99.899%)  route 0.001ns (0.101%))
  Logic Levels:           1  (OBUFDS=1)
  Clock Uncertainty:      0.166ns  ((TSJ^2 + DJ^2)^1/2) / 2 + PE
    Total System Jitter     (TSJ):    0.050ns
    Discrete Jitter          (DJ):    0.125ns
    Phase Error              (PE):    0.099ns

    Location             Delay type                Incr(ns)  Path(ns)    Netlist Resource(s)
  -------------------------------------------------------------------    -------------------
                         (clock clk_out2_clk_wiz_0 rise edge)
                                                      0.000     0.000 r  
    BUFGCTRL_X0Y4        BUFG                         0.000     0.000 r  clk_IBUF_BUFG_inst/O
                         net (fo=85, routed)          0.745     0.745    datapath/video_inst/mmcm_adv_inst_display_clocks/inst/clk_in1
    MMCME2_ADV_X1Y0      MMCME2_ADV (Prop_mmcme2_adv_CLKIN1_CLKOUT1)
                                                     -1.683    -0.938 r  datapath/video_inst/mmcm_adv_inst_display_clocks/inst/mmcm_adv_inst/CLKOUT1
                         net (fo=1, routed)           0.912    -0.026    datapath/video_inst/mmcm_adv_inst_display_clocks/inst/clk_out2_clk_wiz_0
    BUFGCTRL_X0Y0        BUFG (Prop_bufg_I_O)         0.026    -0.000 r  datapath/video_inst/mmcm_adv_inst_display_clocks/inst/clkout2_buf/O
                         net (fo=44, routed)          0.640     0.640    datapath/video_inst/inst_dvid/clk_out2
    OLOGIC_X1Y148        ODDR                                         r  datapath/video_inst/inst_dvid/ODDR2_clock/C
  -------------------------------------------------------------------    -------------------
    OLOGIC_X1Y148        ODDR (Prop_oddr_C_Q)         0.177     0.817 r  datapath/video_inst/inst_dvid/ODDR2_clock/Q
                         net (fo=1, routed)           0.001     0.818    datapath/video_inst/clock_s
    T1                   OBUFDS (Prop_obufds_I_O)     0.816     1.634 r  datapath/video_inst/OBUFDS_clock/O
                         net (fo=0)                   0.000     1.634    tmds[3]
    T1                                                                r  tmds[3] (OUT)
  -------------------------------------------------------------------    -------------------

Slack:                    inf
  Source:                 datapath/video_inst/inst_dvid/ODDR2_clock/C
                            (rising edge-triggered cell ODDR clocked by clk_out2_clk_wiz_0  {rise@0.000ns fall@4.000ns period=8.000ns})
  Destination:            tmdsb[3]
                            (output port)
  Path Group:             (none)
  Path Type:              Min at Fast Process Corner
  Data Path Delay:        0.995ns  (logic 0.994ns (99.899%)  route 0.001ns (0.101%))
  Logic Levels:           1  (OBUFDS=1)
  Clock Uncertainty:      0.166ns  ((TSJ^2 + DJ^2)^1/2) / 2 + PE
    Total System Jitter     (TSJ):    0.050ns
    Discrete Jitter          (DJ):    0.125ns
    Phase Error              (PE):    0.099ns

    Location             Delay type                Incr(ns)  Path(ns)    Netlist Resource(s)
  -------------------------------------------------------------------    -------------------
                         (clock clk_out2_clk_wiz_0 rise edge)
                                                      0.000     0.000 r  
    BUFGCTRL_X0Y4        BUFG                         0.000     0.000 r  clk_IBUF_BUFG_inst/O
                         net (fo=85, routed)          0.745     0.745    datapath/video_inst/mmcm_adv_inst_display_clocks/inst/clk_in1
    MMCME2_ADV_X1Y0      MMCME2_ADV (Prop_mmcme2_adv_CLKIN1_CLKOUT1)
                                                     -1.683    -0.938 r  datapath/video_inst/mmcm_adv_inst_display_clocks/inst/mmcm_adv_inst/CLKOUT1
                         net (fo=1, routed)           0.912    -0.026    datapath/video_inst/mmcm_adv_inst_display_clocks/inst/clk_out2_clk_wiz_0
    BUFGCTRL_X0Y0        BUFG (Prop_bufg_I_O)         0.026    -0.000 r  datapath/video_inst/mmcm_adv_inst_display_clocks/inst/clkout2_buf/O
                         net (fo=44, routed)          0.640     0.640    datapath/video_inst/inst_dvid/clk_out2
    OLOGIC_X1Y148        ODDR                                         r  datapath/video_inst/inst_dvid/ODDR2_clock/C
  -------------------------------------------------------------------    -------------------
    OLOGIC_X1Y148        ODDR (Prop_oddr_C_Q)         0.177     0.817 r  datapath/video_inst/inst_dvid/ODDR2_clock/Q
                         net (fo=1, routed)           0.001     0.818    datapath/video_inst/clock_s
    T1                   OBUFDS (Prop_obufds_I_OB)    0.817     1.635 r  datapath/video_inst/OBUFDS_clock/OB
                         net (fo=0)                   0.000     1.635    tmdsb[3]
    U1                                                                r  tmdsb[3] (OUT)
  -------------------------------------------------------------------    -------------------

Slack:                    inf
  Source:                 datapath/video_inst/inst_dvid/ODDR2_blue/C
                            (rising edge-triggered cell ODDR clocked by clk_out2_clk_wiz_0  {rise@0.000ns fall@4.000ns period=8.000ns})
  Destination:            tmds[0]
                            (output port)
  Path Group:             (none)
  Path Type:              Min at Fast Process Corner
  Data Path Delay:        1.010ns  (logic 1.009ns (99.901%)  route 0.001ns (0.099%))
  Logic Levels:           1  (OBUFDS=1)
  Clock Uncertainty:      0.166ns  ((TSJ^2 + DJ^2)^1/2) / 2 + PE
    Total System Jitter     (TSJ):    0.050ns
    Discrete Jitter          (DJ):    0.125ns
    Phase Error              (PE):    0.099ns

    Location             Delay type                Incr(ns)  Path(ns)    Netlist Resource(s)
  -------------------------------------------------------------------    -------------------
                         (clock clk_out2_clk_wiz_0 rise edge)
                                                      0.000     0.000 r  
    BUFGCTRL_X0Y4        BUFG                         0.000     0.000 r  clk_IBUF_BUFG_inst/O
                         net (fo=85, routed)          0.745     0.745    datapath/video_inst/mmcm_adv_inst_display_clocks/inst/clk_in1
    MMCME2_ADV_X1Y0      MMCME2_ADV (Prop_mmcme2_adv_CLKIN1_CLKOUT1)
                                                     -1.683    -0.938 r  datapath/video_inst/mmcm_adv_inst_display_clocks/inst/mmcm_adv_inst/CLKOUT1
                         net (fo=1, routed)           0.912    -0.026    datapath/video_inst/mmcm_adv_inst_display_clocks/inst/clk_out2_clk_wiz_0
    BUFGCTRL_X0Y0        BUFG (Prop_bufg_I_O)         0.026    -0.000 r  datapath/video_inst/mmcm_adv_inst_display_clocks/inst/clkout2_buf/O
                         net (fo=44, routed)          0.638     0.638    datapath/video_inst/inst_dvid/clk_out2
    OLOGIC_X1Y140        ODDR                                         r  datapath/video_inst/inst_dvid/ODDR2_blue/C
  -------------------------------------------------------------------    -------------------
    OLOGIC_X1Y140        ODDR (Prop_oddr_C_Q)         0.177     0.815 r  datapath/video_inst/inst_dvid/ODDR2_blue/Q
                         net (fo=1, routed)           0.001     0.816    datapath/video_inst/blue_s
    W1                   OBUFDS (Prop_obufds_I_O)     0.832     1.648 r  datapath/video_inst/OBUFDS_blue/O
                         net (fo=0)                   0.000     1.648    tmds[0]
    W1                                                                r  tmds[0] (OUT)
  -------------------------------------------------------------------    -------------------

Slack:                    inf
  Source:                 datapath/video_inst/inst_dvid/ODDR2_blue/C
                            (rising edge-triggered cell ODDR clocked by clk_out2_clk_wiz_0  {rise@0.000ns fall@4.000ns period=8.000ns})
  Destination:            tmdsb[0]
                            (output port)
  Path Group:             (none)
  Path Type:              Min at Fast Process Corner
  Data Path Delay:        1.011ns  (logic 1.010ns (99.901%)  route 0.001ns (0.099%))
  Logic Levels:           1  (OBUFDS=1)
  Clock Uncertainty:      0.166ns  ((TSJ^2 + DJ^2)^1/2) / 2 + PE
    Total System Jitter     (TSJ):    0.050ns
    Discrete Jitter          (DJ):    0.125ns
    Phase Error              (PE):    0.099ns

    Location             Delay type                Incr(ns)  Path(ns)    Netlist Resource(s)
  -------------------------------------------------------------------    -------------------
                         (clock clk_out2_clk_wiz_0 rise edge)
                                                      0.000     0.000 r  
    BUFGCTRL_X0Y4        BUFG                         0.000     0.000 r  clk_IBUF_BUFG_inst/O
                         net (fo=85, routed)          0.745     0.745    datapath/video_inst/mmcm_adv_inst_display_clocks/inst/clk_in1
    MMCME2_ADV_X1Y0      MMCME2_ADV (Prop_mmcme2_adv_CLKIN1_CLKOUT1)
                                                     -1.683    -0.938 r  datapath/video_inst/mmcm_adv_inst_display_clocks/inst/mmcm_adv_inst/CLKOUT1
                         net (fo=1, routed)           0.912    -0.026    datapath/video_inst/mmcm_adv_inst_display_clocks/inst/clk_out2_clk_wiz_0
    BUFGCTRL_X0Y0        BUFG (Prop_bufg_I_O)         0.026    -0.000 r  datapath/video_inst/mmcm_adv_inst_display_clocks/inst/clkout2_buf/O
                         net (fo=44, routed)          0.638     0.638    datapath/video_inst/inst_dvid/clk_out2
    OLOGIC_X1Y140        ODDR                                         r  datapath/video_inst/inst_dvid/ODDR2_blue/C
  -------------------------------------------------------------------    -------------------
    OLOGIC_X1Y140        ODDR (Prop_oddr_C_Q)         0.177     0.815 r  datapath/video_inst/inst_dvid/ODDR2_blue/Q
                         net (fo=1, routed)           0.001     0.816    datapath/video_inst/blue_s
    W1                   OBUFDS (Prop_obufds_I_OB)    0.833     1.649 r  datapath/video_inst/OBUFDS_blue/OB
                         net (fo=0)                   0.000     1.649    tmdsb[0]
    Y1                                                                r  tmdsb[0] (OUT)
  -------------------------------------------------------------------    -------------------

Slack:                    inf
  Source:                 datapath/video_inst/inst_dvid/ODDR2_green/C
                            (rising edge-triggered cell ODDR clocked by clk_out2_clk_wiz_0  {rise@0.000ns fall@4.000ns period=8.000ns})
  Destination:            tmds[1]
                            (output port)
  Path Group:             (none)
  Path Type:              Min at Fast Process Corner
  Data Path Delay:        1.022ns  (logic 1.021ns (99.902%)  route 0.001ns (0.098%))
  Logic Levels:           1  (OBUFDS=1)
  Clock Uncertainty:      0.166ns  ((TSJ^2 + DJ^2)^1/2) / 2 + PE
    Total System Jitter     (TSJ):    0.050ns
    Discrete Jitter          (DJ):    0.125ns
    Phase Error              (PE):    0.099ns

    Location             Delay type                Incr(ns)  Path(ns)    Netlist Resource(s)
  -------------------------------------------------------------------    -------------------
                         (clock clk_out2_clk_wiz_0 rise edge)
                                                      0.000     0.000 r  
    BUFGCTRL_X0Y4        BUFG                         0.000     0.000 r  clk_IBUF_BUFG_inst/O
                         net (fo=85, routed)          0.745     0.745    datapath/video_inst/mmcm_adv_inst_display_clocks/inst/clk_in1
    MMCME2_ADV_X1Y0      MMCME2_ADV (Prop_mmcme2_adv_CLKIN1_CLKOUT1)
                                                     -1.683    -0.938 r  datapath/video_inst/mmcm_adv_inst_display_clocks/inst/mmcm_adv_inst/CLKOUT1
                         net (fo=1, routed)           0.912    -0.026    datapath/video_inst/mmcm_adv_inst_display_clocks/inst/clk_out2_clk_wiz_0
    BUFGCTRL_X0Y0        BUFG (Prop_bufg_I_O)         0.026    -0.000 r  datapath/video_inst/mmcm_adv_inst_display_clocks/inst/clkout2_buf/O
                         net (fo=44, routed)          0.636     0.636    datapath/video_inst/inst_dvid/clk_out2
    OLOGIC_X1Y136        ODDR                                         r  datapath/video_inst/inst_dvid/ODDR2_green/C
  -------------------------------------------------------------------    -------------------
    OLOGIC_X1Y136        ODDR (Prop_oddr_C_Q)         0.177     0.813 r  datapath/video_inst/inst_dvid/ODDR2_green/Q
                         net (fo=1, routed)           0.001     0.814    datapath/video_inst/green_s
    AA1                  OBUFDS (Prop_obufds_I_O)     0.844     1.657 r  datapath/video_inst/OBUFDS_red/O
                         net (fo=0)                   0.000     1.657    tmds[1]
    AA1                                                               r  tmds[1] (OUT)
  -------------------------------------------------------------------    -------------------

Slack:                    inf
  Source:                 datapath/video_inst/inst_dvid/ODDR2_green/C
                            (rising edge-triggered cell ODDR clocked by clk_out2_clk_wiz_0  {rise@0.000ns fall@4.000ns period=8.000ns})
  Destination:            tmdsb[1]
                            (output port)
  Path Group:             (none)
  Path Type:              Min at Fast Process Corner
  Data Path Delay:        1.023ns  (logic 1.022ns (99.902%)  route 0.001ns (0.098%))
  Logic Levels:           1  (OBUFDS=1)
  Clock Uncertainty:      0.166ns  ((TSJ^2 + DJ^2)^1/2) / 2 + PE
    Total System Jitter     (TSJ):    0.050ns
    Discrete Jitter          (DJ):    0.125ns
    Phase Error              (PE):    0.099ns

    Location             Delay type                Incr(ns)  Path(ns)    Netlist Resource(s)
  -------------------------------------------------------------------    -------------------
                         (clock clk_out2_clk_wiz_0 rise edge)
                                                      0.000     0.000 r  
    BUFGCTRL_X0Y4        BUFG                         0.000     0.000 r  clk_IBUF_BUFG_inst/O
                         net (fo=85, routed)          0.745     0.745    datapath/video_inst/mmcm_adv_inst_display_clocks/inst/clk_in1
    MMCME2_ADV_X1Y0      MMCME2_ADV (Prop_mmcme2_adv_CLKIN1_CLKOUT1)
                                                     -1.683    -0.938 r  datapath/video_inst/mmcm_adv_inst_display_clocks/inst/mmcm_adv_inst/CLKOUT1
                         net (fo=1, routed)           0.912    -0.026    datapath/video_inst/mmcm_adv_inst_display_clocks/inst/clk_out2_clk_wiz_0
    BUFGCTRL_X0Y0        BUFG (Prop_bufg_I_O)         0.026    -0.000 r  datapath/video_inst/mmcm_adv_inst_display_clocks/inst/clkout2_buf/O
                         net (fo=44, routed)          0.636     0.636    datapath/video_inst/inst_dvid/clk_out2
    OLOGIC_X1Y136        ODDR                                         r  datapath/video_inst/inst_dvid/ODDR2_green/C
  -------------------------------------------------------------------    -------------------
    OLOGIC_X1Y136        ODDR (Prop_oddr_C_Q)         0.177     0.813 r  datapath/video_inst/inst_dvid/ODDR2_green/Q
                         net (fo=1, routed)           0.001     0.814    datapath/video_inst/green_s
    AA1                  OBUFDS (Prop_obufds_I_OB)    0.845     1.658 r  datapath/video_inst/OBUFDS_red/OB
                         net (fo=0)                   0.000     1.658    tmdsb[1]
    AB1                                                               r  tmdsb[1] (OUT)
  -------------------------------------------------------------------    -------------------

Slack:                    inf
  Source:                 datapath/video_inst/inst_dvid/ODDR2_red/C
                            (rising edge-triggered cell ODDR clocked by clk_out2_clk_wiz_0  {rise@0.000ns fall@4.000ns period=8.000ns})
  Destination:            tmds[2]
                            (output port)
  Path Group:             (none)
  Path Type:              Min at Fast Process Corner
  Data Path Delay:        1.023ns  (logic 1.022ns (99.902%)  route 0.001ns (0.098%))
  Logic Levels:           1  (OBUFDS=1)
  Clock Uncertainty:      0.166ns  ((TSJ^2 + DJ^2)^1/2) / 2 + PE
    Total System Jitter     (TSJ):    0.050ns
    Discrete Jitter          (DJ):    0.125ns
    Phase Error              (PE):    0.099ns

    Location             Delay type                Incr(ns)  Path(ns)    Netlist Resource(s)
  -------------------------------------------------------------------    -------------------
                         (clock clk_out2_clk_wiz_0 rise edge)
                                                      0.000     0.000 r  
    BUFGCTRL_X0Y4        BUFG                         0.000     0.000 r  clk_IBUF_BUFG_inst/O
                         net (fo=85, routed)          0.745     0.745    datapath/video_inst/mmcm_adv_inst_display_clocks/inst/clk_in1
    MMCME2_ADV_X1Y0      MMCME2_ADV (Prop_mmcme2_adv_CLKIN1_CLKOUT1)
                                                     -1.683    -0.938 r  datapath/video_inst/mmcm_adv_inst_display_clocks/inst/mmcm_adv_inst/CLKOUT1
                         net (fo=1, routed)           0.912    -0.026    datapath/video_inst/mmcm_adv_inst_display_clocks/inst/clk_out2_clk_wiz_0
    BUFGCTRL_X0Y0        BUFG (Prop_bufg_I_O)         0.026    -0.000 r  datapath/video_inst/mmcm_adv_inst_display_clocks/inst/clkout2_buf/O
                         net (fo=44, routed)          0.636     0.636    datapath/video_inst/inst_dvid/clk_out2
    OLOGIC_X1Y134        ODDR                                         r  datapath/video_inst/inst_dvid/ODDR2_red/C
  -------------------------------------------------------------------    -------------------
    OLOGIC_X1Y134        ODDR (Prop_oddr_C_Q)         0.177     0.813 r  datapath/video_inst/inst_dvid/ODDR2_red/Q
                         net (fo=1, routed)           0.001     0.814    datapath/video_inst/red_s
    AB3                  OBUFDS (Prop_obufds_I_O)     0.845     1.659 r  datapath/video_inst/OBUFDS_green/O
                         net (fo=0)                   0.000     1.659    tmds[2]
    AB3                                                               r  tmds[2] (OUT)
  -------------------------------------------------------------------    -------------------

Slack:                    inf
  Source:                 datapath/video_inst/inst_dvid/ODDR2_red/C
                            (rising edge-triggered cell ODDR clocked by clk_out2_clk_wiz_0  {rise@0.000ns fall@4.000ns period=8.000ns})
  Destination:            tmdsb[2]
                            (output port)
  Path Group:             (none)
  Path Type:              Min at Fast Process Corner
  Data Path Delay:        1.024ns  (logic 1.023ns (99.902%)  route 0.001ns (0.098%))
  Logic Levels:           1  (OBUFDS=1)
  Clock Uncertainty:      0.166ns  ((TSJ^2 + DJ^2)^1/2) / 2 + PE
    Total System Jitter     (TSJ):    0.050ns
    Discrete Jitter          (DJ):    0.125ns
    Phase Error              (PE):    0.099ns

    Location             Delay type                Incr(ns)  Path(ns)    Netlist Resource(s)
  -------------------------------------------------------------------    -------------------
                         (clock clk_out2_clk_wiz_0 rise edge)
                                                      0.000     0.000 r  
    BUFGCTRL_X0Y4        BUFG                         0.000     0.000 r  clk_IBUF_BUFG_inst/O
                         net (fo=85, routed)          0.745     0.745    datapath/video_inst/mmcm_adv_inst_display_clocks/inst/clk_in1
    MMCME2_ADV_X1Y0      MMCME2_ADV (Prop_mmcme2_adv_CLKIN1_CLKOUT1)
                                                     -1.683    -0.938 r  datapath/video_inst/mmcm_adv_inst_display_clocks/inst/mmcm_adv_inst/CLKOUT1
                         net (fo=1, routed)           0.912    -0.026    datapath/video_inst/mmcm_adv_inst_display_clocks/inst/clk_out2_clk_wiz_0
    BUFGCTRL_X0Y0        BUFG (Prop_bufg_I_O)         0.026    -0.000 r  datapath/video_inst/mmcm_adv_inst_display_clocks/inst/clkout2_buf/O
                         net (fo=44, routed)          0.636     0.636    datapath/video_inst/inst_dvid/clk_out2
    OLOGIC_X1Y134        ODDR                                         r  datapath/video_inst/inst_dvid/ODDR2_red/C
  -------------------------------------------------------------------    -------------------
    OLOGIC_X1Y134        ODDR (Prop_oddr_C_Q)         0.177     0.813 r  datapath/video_inst/inst_dvid/ODDR2_red/Q
                         net (fo=1, routed)           0.001     0.814    datapath/video_inst/red_s
    AB3                  OBUFDS (Prop_obufds_I_OB)    0.846     1.660 r  datapath/video_inst/OBUFDS_green/OB
                         net (fo=0)                   0.000     1.660    tmdsb[2]
    AB2                                                               r  tmdsb[2] (OUT)
  -------------------------------------------------------------------    -------------------





--------------------------------------------------------------------------------------
Path Group:  (none)
From Clock:  clk_out2_clk_wiz_1
  To Clock:  

Max Delay             2 Endpoints
Min Delay             2 Endpoints
--------------------------------------------------------------------------------------


Max Delay Paths
--------------------------------------------------------------------------------------
Slack:                    inf
  Source:                 datapath/Audio_Codec/initialize_audio/twi_controller/rScl_reg/C
                            (rising edge-triggered cell FDRE clocked by clk_out2_clk_wiz_1  {rise@0.000ns fall@4.000ns period=8.000ns})
  Destination:            scl
                            (output port)
  Path Group:             (none)
  Path Type:              Max at Slow Process Corner
  Data Path Delay:        5.929ns  (logic 4.021ns (67.820%)  route 1.908ns (32.180%))
  Logic Levels:           1  (OBUFT=1)
  Clock Uncertainty:      0.166ns  ((TSJ^2 + DJ^2)^1/2) / 2 + PE
    Total System Jitter     (TSJ):    0.050ns
    Discrete Jitter          (DJ):    0.125ns
    Phase Error              (PE):    0.099ns

    Location             Delay type                Incr(ns)  Path(ns)    Netlist Resource(s)
  -------------------------------------------------------------------    -------------------
                         (clock clk_out2_clk_wiz_1 rise edge)
                                                      0.000     0.000 r  
    BUFGCTRL_X0Y4        BUFG                         0.000     0.000 r  clk_IBUF_BUFG_inst/O
                         net (fo=85, routed)          1.761     1.761    datapath/Audio_Codec/audiocodec_master_clock/inst/clk_in1
    MMCME2_ADV_X0Y2      MMCME2_ADV (Prop_mmcme2_adv_CLKIN1_CLKOUT1)
                                                     -3.701    -1.939 r  datapath/Audio_Codec/audiocodec_master_clock/inst/mmcm_adv_inst/CLKOUT1
                         net (fo=1, routed)           1.843    -0.096    datapath/Audio_Codec/audiocodec_master_clock/inst/clk_out2_clk_wiz_1
    BUFGCTRL_X0Y2        BUFG (Prop_bufg_I_O)         0.096    -0.000 r  datapath/Audio_Codec/audiocodec_master_clock/inst/clkout2_buf/O
                         net (fo=115, routed)         1.821     1.821    datapath/Audio_Codec/initialize_audio/twi_controller/CLK
    SLICE_X163Y118       FDRE                                         r  datapath/Audio_Codec/initialize_audio/twi_controller/rScl_reg/C
  -------------------------------------------------------------------    -------------------
    SLICE_X163Y118       FDRE (Prop_fdre_C_Q)         0.456     2.277 f  datapath/Audio_Codec/initialize_audio/twi_controller/rScl_reg/Q
                         net (fo=3, routed)           1.908     4.185    scl_IOBUF_inst/T
    W5                   OBUFT (TriStatE_obuft_T_O)
                                                      3.565     7.750 r  scl_IOBUF_inst/OBUFT/O
                         net (fo=1, unset)            0.000     7.750    scl
    W5                                                                r  scl (INOUT)
  -------------------------------------------------------------------    -------------------

Slack:                    inf
  Source:                 datapath/Audio_Codec/initialize_audio/twi_controller/rSda_reg/C
                            (rising edge-triggered cell FDRE clocked by clk_out2_clk_wiz_1  {rise@0.000ns fall@4.000ns period=8.000ns})
  Destination:            sda
                            (output port)
  Path Group:             (none)
  Path Type:              Max at Slow Process Corner
  Data Path Delay:        5.770ns  (logic 4.004ns (69.394%)  route 1.766ns (30.606%))
  Logic Levels:           1  (OBUFT=1)
  Clock Uncertainty:      0.166ns  ((TSJ^2 + DJ^2)^1/2) / 2 + PE
    Total System Jitter     (TSJ):    0.050ns
    Discrete Jitter          (DJ):    0.125ns
    Phase Error              (PE):    0.099ns

    Location             Delay type                Incr(ns)  Path(ns)    Netlist Resource(s)
  -------------------------------------------------------------------    -------------------
                         (clock clk_out2_clk_wiz_1 rise edge)
                                                      0.000     0.000 r  
    BUFGCTRL_X0Y4        BUFG                         0.000     0.000 r  clk_IBUF_BUFG_inst/O
                         net (fo=85, routed)          1.761     1.761    datapath/Audio_Codec/audiocodec_master_clock/inst/clk_in1
    MMCME2_ADV_X0Y2      MMCME2_ADV (Prop_mmcme2_adv_CLKIN1_CLKOUT1)
                                                     -3.701    -1.939 r  datapath/Audio_Codec/audiocodec_master_clock/inst/mmcm_adv_inst/CLKOUT1
                         net (fo=1, routed)           1.843    -0.096    datapath/Audio_Codec/audiocodec_master_clock/inst/clk_out2_clk_wiz_1
    BUFGCTRL_X0Y2        BUFG (Prop_bufg_I_O)         0.096    -0.000 r  datapath/Audio_Codec/audiocodec_master_clock/inst/clkout2_buf/O
                         net (fo=115, routed)         1.819     1.819    datapath/Audio_Codec/initialize_audio/twi_controller/CLK
    SLICE_X159Y118       FDRE                                         r  datapath/Audio_Codec/initialize_audio/twi_controller/rSda_reg/C
  -------------------------------------------------------------------    -------------------
    SLICE_X159Y118       FDRE (Prop_fdre_C_Q)         0.456     2.275 f  datapath/Audio_Codec/initialize_audio/twi_controller/rSda_reg/Q
                         net (fo=3, routed)           1.766     4.041    sda_IOBUF_inst/T
    V5                   OBUFT (TriStatE_obuft_T_O)
                                                      3.548     7.589 r  sda_IOBUF_inst/OBUFT/O
                         net (fo=1, unset)            0.000     7.589    sda
    V5                                                                r  sda (INOUT)
  -------------------------------------------------------------------    -------------------





Min Delay Paths
--------------------------------------------------------------------------------------
Slack:                    inf
  Source:                 datapath/Audio_Codec/initialize_audio/twi_controller/rSda_reg/C
                            (rising edge-triggered cell FDRE clocked by clk_out2_clk_wiz_1  {rise@0.000ns fall@4.000ns period=8.000ns})
  Destination:            sda
                            (output port)
  Path Group:             (none)
  Path Type:              Min at Fast Process Corner
  Data Path Delay:        1.618ns  (logic 0.965ns (59.645%)  route 0.653ns (40.355%))
  Logic Levels:           1  (OBUFT=1)
  Clock Uncertainty:      0.166ns  ((TSJ^2 + DJ^2)^1/2) / 2 + PE
    Total System Jitter     (TSJ):    0.050ns
    Discrete Jitter          (DJ):    0.125ns
    Phase Error              (PE):    0.099ns

    Location             Delay type                Incr(ns)  Path(ns)    Netlist Resource(s)
  -------------------------------------------------------------------    -------------------
                         (clock clk_out2_clk_wiz_1 rise edge)
                                                      0.000     0.000 r  
    BUFGCTRL_X0Y4        BUFG                         0.000     0.000 r  clk_IBUF_BUFG_inst/O
                         net (fo=85, routed)          0.610     0.610    datapath/Audio_Codec/audiocodec_master_clock/inst/clk_in1
    MMCME2_ADV_X0Y2      MMCME2_ADV (Prop_mmcme2_adv_CLKIN1_CLKOUT1)
                                                     -1.180    -0.571 r  datapath/Audio_Codec/audiocodec_master_clock/inst/mmcm_adv_inst/CLKOUT1
                         net (fo=1, routed)           0.545    -0.026    datapath/Audio_Codec/audiocodec_master_clock/inst/clk_out2_clk_wiz_1
    BUFGCTRL_X0Y2        BUFG (Prop_bufg_I_O)         0.026     0.000 r  datapath/Audio_Codec/audiocodec_master_clock/inst/clkout2_buf/O
                         net (fo=115, routed)         0.640     0.640    datapath/Audio_Codec/initialize_audio/twi_controller/CLK
    SLICE_X159Y118       FDRE                                         r  datapath/Audio_Codec/initialize_audio/twi_controller/rSda_reg/C
  -------------------------------------------------------------------    -------------------
    SLICE_X159Y118       FDRE (Prop_fdre_C_Q)         0.141     0.781 r  datapath/Audio_Codec/initialize_audio/twi_controller/rSda_reg/Q
                         net (fo=3, routed)           0.653     1.434    sda_IOBUF_inst/T
    V5                   OBUFT (TriStatD_obuft_T_O)
                                                      0.824     2.258 r  sda_IOBUF_inst/OBUFT/O
                         net (fo=1, unset)            0.000     2.258    sda
    V5                                                                r  sda (INOUT)
  -------------------------------------------------------------------    -------------------

Slack:                    inf
  Source:                 datapath/Audio_Codec/initialize_audio/twi_controller/rScl_reg/C
                            (rising edge-triggered cell FDRE clocked by clk_out2_clk_wiz_1  {rise@0.000ns fall@4.000ns period=8.000ns})
  Destination:            scl
                            (output port)
  Path Group:             (none)
  Path Type:              Min at Fast Process Corner
  Data Path Delay:        1.660ns  (logic 0.965ns (58.136%)  route 0.695ns (41.864%))
  Logic Levels:           1  (OBUFT=1)
  Clock Uncertainty:      0.166ns  ((TSJ^2 + DJ^2)^1/2) / 2 + PE
    Total System Jitter     (TSJ):    0.050ns
    Discrete Jitter          (DJ):    0.125ns
    Phase Error              (PE):    0.099ns

    Location             Delay type                Incr(ns)  Path(ns)    Netlist Resource(s)
  -------------------------------------------------------------------    -------------------
                         (clock clk_out2_clk_wiz_1 rise edge)
                                                      0.000     0.000 r  
    BUFGCTRL_X0Y4        BUFG                         0.000     0.000 r  clk_IBUF_BUFG_inst/O
                         net (fo=85, routed)          0.610     0.610    datapath/Audio_Codec/audiocodec_master_clock/inst/clk_in1
    MMCME2_ADV_X0Y2      MMCME2_ADV (Prop_mmcme2_adv_CLKIN1_CLKOUT1)
                                                     -1.180    -0.571 r  datapath/Audio_Codec/audiocodec_master_clock/inst/mmcm_adv_inst/CLKOUT1
                         net (fo=1, routed)           0.545    -0.026    datapath/Audio_Codec/audiocodec_master_clock/inst/clk_out2_clk_wiz_1
    BUFGCTRL_X0Y2        BUFG (Prop_bufg_I_O)         0.026     0.000 r  datapath/Audio_Codec/audiocodec_master_clock/inst/clkout2_buf/O
                         net (fo=115, routed)         0.641     0.641    datapath/Audio_Codec/initialize_audio/twi_controller/CLK
    SLICE_X163Y118       FDRE                                         r  datapath/Audio_Codec/initialize_audio/twi_controller/rScl_reg/C
  -------------------------------------------------------------------    -------------------
    SLICE_X163Y118       FDRE (Prop_fdre_C_Q)         0.141     0.782 r  datapath/Audio_Codec/initialize_audio/twi_controller/rScl_reg/Q
                         net (fo=3, routed)           0.695     1.476    scl_IOBUF_inst/T
    W5                   OBUFT (TriStatD_obuft_T_O)
                                                      0.824     2.300 r  scl_IOBUF_inst/OBUFT/O
                         net (fo=1, unset)            0.000     2.300    scl
    W5                                                                r  scl (INOUT)
  -------------------------------------------------------------------    -------------------





--------------------------------------------------------------------------------------
Path Group:  (none)
From Clock:  clkfbout_clk_wiz_0
  To Clock:  

Max Delay             1 Endpoint
Min Delay             1 Endpoint
--------------------------------------------------------------------------------------


Max Delay Paths
--------------------------------------------------------------------------------------
Slack:                    inf
  Source:                 datapath/video_inst/mmcm_adv_inst_display_clocks/inst/mmcm_adv_inst/CLKFBOUT
                            (clock source 'clkfbout_clk_wiz_0'  {rise@0.000ns fall@5.000ns period=10.000ns})
  Destination:            datapath/video_inst/mmcm_adv_inst_display_clocks/inst/mmcm_adv_inst/CLKFBIN
  Path Group:             (none)
  Path Type:              Max at Slow Process Corner
  Data Path Delay:        4.900ns  (logic 0.096ns (1.959%)  route 4.804ns (98.041%))
  Logic Levels:           1  (BUFG=1)
  Clock Uncertainty:      0.148ns  ((TSJ^2 + DJ^2)^1/2) / 2 + PE
    Total System Jitter     (TSJ):    0.050ns
    Discrete Jitter          (DJ):    0.086ns
    Phase Error              (PE):    0.099ns

    Location             Delay type                Incr(ns)  Path(ns)    Netlist Resource(s)
  -------------------------------------------------------------------    -------------------
                         (clock clkfbout_clk_wiz_0 fall edge)
                                                      5.000     5.000 f  
    BUFGCTRL_X0Y4        BUFG                         0.000     5.000 f  clk_IBUF_BUFG_inst/O
                         net (fo=85, routed)          2.106     7.106    datapath/video_inst/mmcm_adv_inst_display_clocks/inst/clk_in1
  -------------------------------------------------------------------    -------------------
    MMCME2_ADV_X1Y0      MMCME2_ADV (Prop_mmcme2_adv_CLKIN1_CLKFBOUT)
                                                     -4.900     2.207 f  datapath/video_inst/mmcm_adv_inst_display_clocks/inst/mmcm_adv_inst/CLKFBOUT
                         net (fo=1, routed)           2.697     4.904    datapath/video_inst/mmcm_adv_inst_display_clocks/inst/clkfbout_clk_wiz_0
    BUFGCTRL_X0Y6        BUFG (Prop_bufg_I_O)         0.096     5.000 f  datapath/video_inst/mmcm_adv_inst_display_clocks/inst/clkf_buf/O
                         net (fo=1, routed)           2.106     7.106    datapath/video_inst/mmcm_adv_inst_display_clocks/inst/clkfbout_buf_clk_wiz_0
    MMCME2_ADV_X1Y0      MMCME2_ADV                                   f  datapath/video_inst/mmcm_adv_inst_display_clocks/inst/mmcm_adv_inst/CLKFBIN
  -------------------------------------------------------------------    -------------------





Min Delay Paths
--------------------------------------------------------------------------------------
Slack:                    inf
  Source:                 datapath/video_inst/mmcm_adv_inst_display_clocks/inst/mmcm_adv_inst/CLKFBOUT
                            (clock source 'clkfbout_clk_wiz_0'  {rise@0.000ns fall@5.000ns period=10.000ns})
  Destination:            datapath/video_inst/mmcm_adv_inst_display_clocks/inst/mmcm_adv_inst/CLKFBIN
  Path Group:             (none)
  Path Type:              Min at Fast Process Corner
  Data Path Delay:        1.683ns  (logic 0.026ns (1.545%)  route 1.657ns (98.455%))
  Logic Levels:           1  (BUFG=1)
  Clock Uncertainty:      0.148ns  ((TSJ^2 + DJ^2)^1/2) / 2 + PE
    Total System Jitter     (TSJ):    0.050ns
    Discrete Jitter          (DJ):    0.086ns
    Phase Error              (PE):    0.099ns

    Location             Delay type                Incr(ns)  Path(ns)    Netlist Resource(s)
  -------------------------------------------------------------------    -------------------
                         (clock clkfbout_clk_wiz_0 rise edge)
                                                      0.000     0.000 r  
    BUFGCTRL_X0Y4        BUFG                         0.000     0.000 r  clk_IBUF_BUFG_inst/O
                         net (fo=85, routed)          0.745     0.745    datapath/video_inst/mmcm_adv_inst_display_clocks/inst/clk_in1
  -------------------------------------------------------------------    -------------------
    MMCME2_ADV_X1Y0      MMCME2_ADV (Prop_mmcme2_adv_CLKIN1_CLKFBOUT)
                                                     -1.683    -0.938 r  datapath/video_inst/mmcm_adv_inst_display_clocks/inst/mmcm_adv_inst/CLKFBOUT
                         net (fo=1, routed)           0.912    -0.026    datapath/video_inst/mmcm_adv_inst_display_clocks/inst/clkfbout_clk_wiz_0
    BUFGCTRL_X0Y6        BUFG (Prop_bufg_I_O)         0.026    -0.000 r  datapath/video_inst/mmcm_adv_inst_display_clocks/inst/clkf_buf/O
                         net (fo=1, routed)           0.745     0.745    datapath/video_inst/mmcm_adv_inst_display_clocks/inst/clkfbout_buf_clk_wiz_0
    MMCME2_ADV_X1Y0      MMCME2_ADV                                   r  datapath/video_inst/mmcm_adv_inst_display_clocks/inst/mmcm_adv_inst/CLKFBIN
  -------------------------------------------------------------------    -------------------





--------------------------------------------------------------------------------------
Path Group:  (none)
From Clock:  clkfbout_clk_wiz_1
  To Clock:  

Max Delay             1 Endpoint
Min Delay             1 Endpoint
--------------------------------------------------------------------------------------


Max Delay Paths
--------------------------------------------------------------------------------------
Slack:                    inf
  Source:                 datapath/Audio_Codec/audiocodec_master_clock/inst/mmcm_adv_inst/CLKFBOUT
                            (clock source 'clkfbout_clk_wiz_1'  {rise@0.000ns fall@5.000ns period=10.000ns})
  Destination:            datapath/Audio_Codec/audiocodec_master_clock/inst/mmcm_adv_inst/CLKFBIN
  Path Group:             (none)
  Path Type:              Max at Slow Process Corner
  Data Path Delay:        3.701ns  (logic 0.096ns (2.594%)  route 3.605ns (97.406%))
  Logic Levels:           1  (BUFG=1)
  Clock Uncertainty:      0.148ns  ((TSJ^2 + DJ^2)^1/2) / 2 + PE
    Total System Jitter     (TSJ):    0.050ns
    Discrete Jitter          (DJ):    0.086ns
    Phase Error              (PE):    0.099ns

    Location             Delay type                Incr(ns)  Path(ns)    Netlist Resource(s)
  -------------------------------------------------------------------    -------------------
                         (clock clkfbout_clk_wiz_1 fall edge)
                                                      5.000     5.000 f  
    BUFGCTRL_X0Y4        BUFG                         0.000     5.000 f  clk_IBUF_BUFG_inst/O
                         net (fo=85, routed)          1.761     6.761    datapath/Audio_Codec/audiocodec_master_clock/inst/clk_in1
  -------------------------------------------------------------------    -------------------
    MMCME2_ADV_X0Y2      MMCME2_ADV (Prop_mmcme2_adv_CLKIN1_CLKFBOUT)
                                                     -3.701     3.061 f  datapath/Audio_Codec/audiocodec_master_clock/inst/mmcm_adv_inst/CLKFBOUT
                         net (fo=1, routed)           1.843     4.904    datapath/Audio_Codec/audiocodec_master_clock/inst/clkfbout_clk_wiz_1
    BUFGCTRL_X0Y5        BUFG (Prop_bufg_I_O)         0.096     5.000 f  datapath/Audio_Codec/audiocodec_master_clock/inst/clkf_buf/O
                         net (fo=1, routed)           1.761     6.761    datapath/Audio_Codec/audiocodec_master_clock/inst/clkfbout_buf_clk_wiz_1
    MMCME2_ADV_X0Y2      MMCME2_ADV                                   f  datapath/Audio_Codec/audiocodec_master_clock/inst/mmcm_adv_inst/CLKFBIN
  -------------------------------------------------------------------    -------------------





Min Delay Paths
--------------------------------------------------------------------------------------
Slack:                    inf
  Source:                 datapath/Audio_Codec/audiocodec_master_clock/inst/mmcm_adv_inst/CLKFBOUT
                            (clock source 'clkfbout_clk_wiz_1'  {rise@0.000ns fall@5.000ns period=10.000ns})
  Destination:            datapath/Audio_Codec/audiocodec_master_clock/inst/mmcm_adv_inst/CLKFBIN
  Path Group:             (none)
  Path Type:              Min at Fast Process Corner
  Data Path Delay:        1.180ns  (logic 0.026ns (2.202%)  route 1.155ns (97.798%))
  Logic Levels:           1  (BUFG=1)
  Clock Uncertainty:      0.148ns  ((TSJ^2 + DJ^2)^1/2) / 2 + PE
    Total System Jitter     (TSJ):    0.050ns
    Discrete Jitter          (DJ):    0.086ns
    Phase Error              (PE):    0.099ns

    Location             Delay type                Incr(ns)  Path(ns)    Netlist Resource(s)
  -------------------------------------------------------------------    -------------------
                         (clock clkfbout_clk_wiz_1 rise edge)
                                                      0.000     0.000 r  
    BUFGCTRL_X0Y4        BUFG                         0.000     0.000 r  clk_IBUF_BUFG_inst/O
                         net (fo=85, routed)          0.610     0.610    datapath/Audio_Codec/audiocodec_master_clock/inst/clk_in1
  -------------------------------------------------------------------    -------------------
    MMCME2_ADV_X0Y2      MMCME2_ADV (Prop_mmcme2_adv_CLKIN1_CLKFBOUT)
                                                     -1.180    -0.571 r  datapath/Audio_Codec/audiocodec_master_clock/inst/mmcm_adv_inst/CLKFBOUT
                         net (fo=1, routed)           0.545    -0.026    datapath/Audio_Codec/audiocodec_master_clock/inst/clkfbout_clk_wiz_1
    BUFGCTRL_X0Y5        BUFG (Prop_bufg_I_O)         0.026     0.000 r  datapath/Audio_Codec/audiocodec_master_clock/inst/clkf_buf/O
                         net (fo=1, routed)           0.610     0.610    datapath/Audio_Codec/audiocodec_master_clock/inst/clkfbout_buf_clk_wiz_1
    MMCME2_ADV_X0Y2      MMCME2_ADV                                   r  datapath/Audio_Codec/audiocodec_master_clock/inst/mmcm_adv_inst/CLKFBIN
  -------------------------------------------------------------------    -------------------





--------------------------------------------------------------------------------------
Path Group:  (none)
From Clock:  
  To Clock:  clk_out1_clk_wiz_0

Max Delay            47 Endpoints
Min Delay            47 Endpoints
--------------------------------------------------------------------------------------


Max Delay Paths
--------------------------------------------------------------------------------------
Slack:                    inf
  Source:                 switch[1]
                            (input port)
  Destination:            datapath/video_inst/inst_dvid/TDMS_encoder_blue/dc_bias_reg[2]/D
                            (rising edge-triggered cell FDRE clocked by clk_out1_clk_wiz_0  {rise@0.000ns fall@20.000ns period=40.000ns})
  Path Group:             (none)
  Path Type:              Setup (Max at Slow Process Corner)
  Data Path Delay:        12.567ns  (logic 1.687ns (13.428%)  route 10.880ns (86.572%))
  Logic Levels:           6  (IBUF=1 LUT2=2 LUT4=1 LUT6=2)
  Clock Path Skew:        1.705ns (DCD - SCD + CPR)
    Destination Clock Delay (DCD):    1.705ns
    Source Clock Delay      (SCD):    0.000ns
    Clock Pessimism Removal (CPR):    0.000ns
  Clock Uncertainty:      0.190ns  ((TSJ^2 + DJ^2)^1/2) / 2 + PE
    Total System Jitter     (TSJ):    0.050ns
    Discrete Jitter          (DJ):    0.175ns
    Phase Error              (PE):    0.099ns

    Location             Delay type                Incr(ns)  Path(ns)    Netlist Resource(s)
  -------------------------------------------------------------------    -------------------
    F21                                               0.000     0.000 f  switch[1] (IN)
                         net (fo=0)                   0.000     0.000    switch[1]
    F21                  IBUF (Prop_ibuf_I_O)         1.067     1.067 f  switch_IBUF[1]_inst/O
                         net (fo=2, routed)           7.516     8.584    datapath/rightChannelMemory/switch_IBUF[0]
    SLICE_X155Y132       LUT2 (Prop_lut2_I1_O)        0.124     8.708 f  datapath/rightChannelMemory/dc_bias[3]_i_8__0/O
                         net (fo=1, routed)           0.810     9.518    datapath/video_inst/Inst_vga/vga_signal_generator_inst/dc_bias[3]_i_6__1
    SLICE_X155Y130       LUT6 (Prop_lut6_I5_O)        0.124     9.642 r  datapath/video_inst/Inst_vga/vga_signal_generator_inst/dc_bias[3]_i_3__0/O
                         net (fo=5, routed)           1.035    10.676    datapath/video_inst/Inst_vga/vga_signal_generator_inst/position_reg[row][4]_0
    SLICE_X158Y135       LUT2 (Prop_lut2_I0_O)        0.124    10.800 r  datapath/video_inst/Inst_vga/vga_signal_generator_inst/dc_bias[1]_i_3/O
                         net (fo=7, routed)           0.854    11.654    datapath/video_inst/inst_dvid/TDMS_encoder_blue/dc_bias_reg[1]_1
    SLICE_X159Y134       LUT4 (Prop_lut4_I2_O)        0.124    11.778 r  datapath/video_inst/inst_dvid/TDMS_encoder_blue/dc_bias[2]_i_3__0/O
                         net (fo=1, routed)           0.665    12.443    datapath/video_inst/inst_dvid/TDMS_encoder_blue/dc_bias[2]_i_3__0_n_0
    SLICE_X159Y134       LUT6 (Prop_lut6_I1_O)        0.124    12.567 r  datapath/video_inst/inst_dvid/TDMS_encoder_blue/dc_bias[2]_i_1__0/O
                         net (fo=1, routed)           0.000    12.567    datapath/video_inst/inst_dvid/TDMS_encoder_blue/dc_bias[2]_i_1__0_n_0
    SLICE_X159Y134       FDRE                                         r  datapath/video_inst/inst_dvid/TDMS_encoder_blue/dc_bias_reg[2]/D
  -------------------------------------------------------------------    -------------------

                         (clock clk_out1_clk_wiz_0 rise edge)
                                                      0.000     0.000 r  
    BUFGCTRL_X0Y4        BUFG                         0.000     0.000 r  clk_IBUF_BUFG_inst/O
                         net (fo=85, routed)          1.972     1.972    datapath/video_inst/mmcm_adv_inst_display_clocks/inst/clk_in1
    MMCME2_ADV_X1Y0      MMCME2_ADV (Prop_mmcme2_adv_CLKIN1_CLKOUT0)
                                                     -4.637    -2.665 r  datapath/video_inst/mmcm_adv_inst_display_clocks/inst/mmcm_adv_inst/CLKOUT0
                         net (fo=1, routed)           2.574    -0.091    datapath/video_inst/mmcm_adv_inst_display_clocks/inst/clk_out1_clk_wiz_0
    BUFGCTRL_X0Y3        BUFG (Prop_bufg_I_O)         0.091     0.000 r  datapath/video_inst/mmcm_adv_inst_display_clocks/inst/clkout1_buf/O
                         net (fo=84, routed)          1.705     1.705    datapath/video_inst/inst_dvid/TDMS_encoder_blue/CLK
    SLICE_X159Y134       FDRE                                         r  datapath/video_inst/inst_dvid/TDMS_encoder_blue/dc_bias_reg[2]/C

Slack:                    inf
  Source:                 switch[1]
                            (input port)
  Destination:            datapath/video_inst/inst_dvid/TDMS_encoder_blue/dc_bias_reg[3]/D
                            (rising edge-triggered cell FDRE clocked by clk_out1_clk_wiz_0  {rise@0.000ns fall@20.000ns period=40.000ns})
  Path Group:             (none)
  Path Type:              Setup (Max at Slow Process Corner)
  Data Path Delay:        12.473ns  (logic 1.917ns (15.373%)  route 10.556ns (84.627%))
  Logic Levels:           6  (IBUF=1 LUT2=2 LUT5=1 LUT6=2)
  Clock Path Skew:        1.706ns (DCD - SCD + CPR)
    Destination Clock Delay (DCD):    1.706ns
    Source Clock Delay      (SCD):    0.000ns
    Clock Pessimism Removal (CPR):    0.000ns
  Clock Uncertainty:      0.190ns  ((TSJ^2 + DJ^2)^1/2) / 2 + PE
    Total System Jitter     (TSJ):    0.050ns
    Discrete Jitter          (DJ):    0.175ns
    Phase Error              (PE):    0.099ns

    Location             Delay type                Incr(ns)  Path(ns)    Netlist Resource(s)
  -------------------------------------------------------------------    -------------------
    F21                                               0.000     0.000 r  switch[1] (IN)
                         net (fo=0)                   0.000     0.000    switch[1]
    F21                  IBUF (Prop_ibuf_I_O)         1.067     1.067 r  switch_IBUF[1]_inst/O
                         net (fo=2, routed)           7.516     8.584    datapath/rightChannelMemory/switch_IBUF[0]
    SLICE_X155Y132       LUT2 (Prop_lut2_I1_O)        0.124     8.708 r  datapath/rightChannelMemory/dc_bias[3]_i_8__0/O
                         net (fo=1, routed)           0.810     9.518    datapath/video_inst/Inst_vga/vga_signal_generator_inst/dc_bias[3]_i_6__1
    SLICE_X155Y130       LUT6 (Prop_lut6_I5_O)        0.124     9.642 f  datapath/video_inst/Inst_vga/vga_signal_generator_inst/dc_bias[3]_i_3__0/O
                         net (fo=5, routed)           0.903    10.544    datapath/video_inst/Inst_vga/vga_signal_generator_inst/position_reg[row][4]_0
    SLICE_X158Y134       LUT2 (Prop_lut2_I0_O)        0.150    10.694 r  datapath/video_inst/Inst_vga/vga_signal_generator_inst/dc_bias[3]_i_2__1/O
                         net (fo=11, routed)          0.497    11.192    datapath/video_inst/inst_dvid/TDMS_encoder_blue/dc_bias_reg[1]_2
    SLICE_X158Y134       LUT5 (Prop_lut5_I4_O)        0.328    11.520 f  datapath/video_inst/inst_dvid/TDMS_encoder_blue/dc_bias[3]_i_2__0/O
                         net (fo=1, routed)           0.830    12.349    datapath/video_inst/inst_dvid/TDMS_encoder_blue/dc_bias[3]_i_2__0_n_0
    SLICE_X158Y135       LUT6 (Prop_lut6_I0_O)        0.124    12.473 r  datapath/video_inst/inst_dvid/TDMS_encoder_blue/dc_bias[3]_i_1__0/O
                         net (fo=1, routed)           0.000    12.473    datapath/video_inst/inst_dvid/TDMS_encoder_blue/dc_bias[3]_i_1__0_n_0
    SLICE_X158Y135       FDRE                                         r  datapath/video_inst/inst_dvid/TDMS_encoder_blue/dc_bias_reg[3]/D
  -------------------------------------------------------------------    -------------------

                         (clock clk_out1_clk_wiz_0 rise edge)
                                                      0.000     0.000 r  
    BUFGCTRL_X0Y4        BUFG                         0.000     0.000 r  clk_IBUF_BUFG_inst/O
                         net (fo=85, routed)          1.972     1.972    datapath/video_inst/mmcm_adv_inst_display_clocks/inst/clk_in1
    MMCME2_ADV_X1Y0      MMCME2_ADV (Prop_mmcme2_adv_CLKIN1_CLKOUT0)
                                                     -4.637    -2.665 r  datapath/video_inst/mmcm_adv_inst_display_clocks/inst/mmcm_adv_inst/CLKOUT0
                         net (fo=1, routed)           2.574    -0.091    datapath/video_inst/mmcm_adv_inst_display_clocks/inst/clk_out1_clk_wiz_0
    BUFGCTRL_X0Y3        BUFG (Prop_bufg_I_O)         0.091     0.000 r  datapath/video_inst/mmcm_adv_inst_display_clocks/inst/clkout1_buf/O
                         net (fo=84, routed)          1.706     1.706    datapath/video_inst/inst_dvid/TDMS_encoder_blue/CLK
    SLICE_X158Y135       FDRE                                         r  datapath/video_inst/inst_dvid/TDMS_encoder_blue/dc_bias_reg[3]/C

Slack:                    inf
  Source:                 switch[1]
                            (input port)
  Destination:            datapath/video_inst/inst_dvid/TDMS_encoder_blue/encoded_reg[9]/D
                            (rising edge-triggered cell FDRE clocked by clk_out1_clk_wiz_0  {rise@0.000ns fall@20.000ns period=40.000ns})
  Path Group:             (none)
  Path Type:              Setup (Max at Slow Process Corner)
  Data Path Delay:        12.012ns  (logic 1.793ns (14.931%)  route 10.218ns (85.069%))
  Logic Levels:           5  (IBUF=1 LUT2=1 LUT3=1 LUT6=2)
  Clock Path Skew:        1.706ns (DCD - SCD + CPR)
    Destination Clock Delay (DCD):    1.706ns
    Source Clock Delay      (SCD):    0.000ns
    Clock Pessimism Removal (CPR):    0.000ns
  Clock Uncertainty:      0.190ns  ((TSJ^2 + DJ^2)^1/2) / 2 + PE
    Total System Jitter     (TSJ):    0.050ns
    Discrete Jitter          (DJ):    0.175ns
    Phase Error              (PE):    0.099ns

    Location             Delay type                Incr(ns)  Path(ns)    Netlist Resource(s)
  -------------------------------------------------------------------    -------------------
    F21                                               0.000     0.000 f  switch[1] (IN)
                         net (fo=0)                   0.000     0.000    switch[1]
    F21                  IBUF (Prop_ibuf_I_O)         1.067     1.067 f  switch_IBUF[1]_inst/O
                         net (fo=2, routed)           7.516     8.584    datapath/rightChannelMemory/switch_IBUF[0]
    SLICE_X155Y132       LUT2 (Prop_lut2_I1_O)        0.124     8.708 f  datapath/rightChannelMemory/dc_bias[3]_i_8__0/O
                         net (fo=1, routed)           0.810     9.518    datapath/video_inst/Inst_vga/vga_signal_generator_inst/dc_bias[3]_i_6__1
    SLICE_X155Y130       LUT6 (Prop_lut6_I5_O)        0.124     9.642 r  datapath/video_inst/Inst_vga/vga_signal_generator_inst/dc_bias[3]_i_3__0/O
                         net (fo=5, routed)           1.035    10.676    datapath/video_inst/Inst_vga/vga_signal_generator_inst/position_reg[row][4]_0
    SLICE_X158Y135       LUT3 (Prop_lut3_I2_O)        0.150    10.826 f  datapath/video_inst/Inst_vga/vga_signal_generator_inst/encoded[9]_i_2/O
                         net (fo=1, routed)           0.857    11.684    datapath/video_inst/inst_dvid/TDMS_encoder_blue/encoded_reg[9]_0
    SLICE_X159Y135       LUT6 (Prop_lut6_I0_O)        0.328    12.012 r  datapath/video_inst/inst_dvid/TDMS_encoder_blue/encoded[9]_i_1/O
                         net (fo=1, routed)           0.000    12.012    datapath/video_inst/inst_dvid/TDMS_encoder_blue/encoded[9]_i_1_n_0
    SLICE_X159Y135       FDRE                                         r  datapath/video_inst/inst_dvid/TDMS_encoder_blue/encoded_reg[9]/D
  -------------------------------------------------------------------    -------------------

                         (clock clk_out1_clk_wiz_0 rise edge)
                                                      0.000     0.000 r  
    BUFGCTRL_X0Y4        BUFG                         0.000     0.000 r  clk_IBUF_BUFG_inst/O
                         net (fo=85, routed)          1.972     1.972    datapath/video_inst/mmcm_adv_inst_display_clocks/inst/clk_in1
    MMCME2_ADV_X1Y0      MMCME2_ADV (Prop_mmcme2_adv_CLKIN1_CLKOUT0)
                                                     -4.637    -2.665 r  datapath/video_inst/mmcm_adv_inst_display_clocks/inst/mmcm_adv_inst/CLKOUT0
                         net (fo=1, routed)           2.574    -0.091    datapath/video_inst/mmcm_adv_inst_display_clocks/inst/clk_out1_clk_wiz_0
    BUFGCTRL_X0Y3        BUFG (Prop_bufg_I_O)         0.091     0.000 r  datapath/video_inst/mmcm_adv_inst_display_clocks/inst/clkout1_buf/O
                         net (fo=84, routed)          1.706     1.706    datapath/video_inst/inst_dvid/TDMS_encoder_blue/CLK
    SLICE_X159Y135       FDRE                                         r  datapath/video_inst/inst_dvid/TDMS_encoder_blue/encoded_reg[9]/C

Slack:                    inf
  Source:                 switch[1]
                            (input port)
  Destination:            datapath/video_inst/inst_dvid/TDMS_encoder_red/encoded_reg[9]/D
                            (rising edge-triggered cell FDRE clocked by clk_out1_clk_wiz_0  {rise@0.000ns fall@20.000ns period=40.000ns})
  Path Group:             (none)
  Path Type:              Setup (Max at Slow Process Corner)
  Data Path Delay:        11.927ns  (logic 1.821ns (15.272%)  route 10.106ns (84.728%))
  Logic Levels:           5  (IBUF=1 LUT2=2 LUT3=1 LUT6=1)
  Clock Path Skew:        1.707ns (DCD - SCD + CPR)
    Destination Clock Delay (DCD):    1.707ns
    Source Clock Delay      (SCD):    0.000ns
    Clock Pessimism Removal (CPR):    0.000ns
  Clock Uncertainty:      0.190ns  ((TSJ^2 + DJ^2)^1/2) / 2 + PE
    Total System Jitter     (TSJ):    0.050ns
    Discrete Jitter          (DJ):    0.175ns
    Phase Error              (PE):    0.099ns

    Location             Delay type                Incr(ns)  Path(ns)    Netlist Resource(s)
  -------------------------------------------------------------------    -------------------
    F21                                               0.000     0.000 r  switch[1] (IN)
                         net (fo=0)                   0.000     0.000    switch[1]
    F21                  IBUF (Prop_ibuf_I_O)         1.067     1.067 r  switch_IBUF[1]_inst/O
                         net (fo=2, routed)           7.516     8.584    datapath/rightChannelMemory/switch_IBUF[0]
    SLICE_X155Y132       LUT2 (Prop_lut2_I1_O)        0.124     8.708 r  datapath/rightChannelMemory/dc_bias[3]_i_8__0/O
                         net (fo=1, routed)           0.810     9.518    datapath/video_inst/Inst_vga/vga_signal_generator_inst/dc_bias[3]_i_6__1
    SLICE_X155Y130       LUT6 (Prop_lut6_I5_O)        0.124     9.642 f  datapath/video_inst/Inst_vga/vga_signal_generator_inst/dc_bias[3]_i_3__0/O
                         net (fo=5, routed)           0.903    10.544    datapath/video_inst/Inst_vga/vga_signal_generator_inst/position_reg[row][4]_0
    SLICE_X158Y134       LUT2 (Prop_lut2_I0_O)        0.150    10.694 r  datapath/video_inst/Inst_vga/vga_signal_generator_inst/dc_bias[3]_i_2__1/O
                         net (fo=11, routed)          0.877    11.571    datapath/video_inst/inst_dvid/TDMS_encoder_red/encoded_reg[9]_0
    SLICE_X161Y134       LUT3 (Prop_lut3_I2_O)        0.356    11.927 r  datapath/video_inst/inst_dvid/TDMS_encoder_red/encoded[9]_i_1/O
                         net (fo=1, routed)           0.000    11.927    datapath/video_inst/inst_dvid/TDMS_encoder_red/encoded[9]_i_1_n_0
    SLICE_X161Y134       FDRE                                         r  datapath/video_inst/inst_dvid/TDMS_encoder_red/encoded_reg[9]/D
  -------------------------------------------------------------------    -------------------

                         (clock clk_out1_clk_wiz_0 rise edge)
                                                      0.000     0.000 r  
    BUFGCTRL_X0Y4        BUFG                         0.000     0.000 r  clk_IBUF_BUFG_inst/O
                         net (fo=85, routed)          1.972     1.972    datapath/video_inst/mmcm_adv_inst_display_clocks/inst/clk_in1
    MMCME2_ADV_X1Y0      MMCME2_ADV (Prop_mmcme2_adv_CLKIN1_CLKOUT0)
                                                     -4.637    -2.665 r  datapath/video_inst/mmcm_adv_inst_display_clocks/inst/mmcm_adv_inst/CLKOUT0
                         net (fo=1, routed)           2.574    -0.091    datapath/video_inst/mmcm_adv_inst_display_clocks/inst/clk_out1_clk_wiz_0
    BUFGCTRL_X0Y3        BUFG (Prop_bufg_I_O)         0.091     0.000 r  datapath/video_inst/mmcm_adv_inst_display_clocks/inst/clkout1_buf/O
                         net (fo=84, routed)          1.707     1.707    datapath/video_inst/inst_dvid/TDMS_encoder_red/CLK
    SLICE_X161Y134       FDRE                                         r  datapath/video_inst/inst_dvid/TDMS_encoder_red/encoded_reg[9]/C

Slack:                    inf
  Source:                 switch[1]
                            (input port)
  Destination:            datapath/video_inst/inst_dvid/TDMS_encoder_red/encoded_reg[8]/D
                            (rising edge-triggered cell FDRE clocked by clk_out1_clk_wiz_0  {rise@0.000ns fall@20.000ns period=40.000ns})
  Path Group:             (none)
  Path Type:              Setup (Max at Slow Process Corner)
  Data Path Delay:        11.910ns  (logic 1.793ns (15.058%)  route 10.117ns (84.942%))
  Logic Levels:           5  (IBUF=1 LUT2=3 LUT6=1)
  Clock Path Skew:        1.707ns (DCD - SCD + CPR)
    Destination Clock Delay (DCD):    1.707ns
    Source Clock Delay      (SCD):    0.000ns
    Clock Pessimism Removal (CPR):    0.000ns
  Clock Uncertainty:      0.190ns  ((TSJ^2 + DJ^2)^1/2) / 2 + PE
    Total System Jitter     (TSJ):    0.050ns
    Discrete Jitter          (DJ):    0.175ns
    Phase Error              (PE):    0.099ns

    Location             Delay type                Incr(ns)  Path(ns)    Netlist Resource(s)
  -------------------------------------------------------------------    -------------------
    F21                                               0.000     0.000 r  switch[1] (IN)
                         net (fo=0)                   0.000     0.000    switch[1]
    F21                  IBUF (Prop_ibuf_I_O)         1.067     1.067 r  switch_IBUF[1]_inst/O
                         net (fo=2, routed)           7.516     8.584    datapath/rightChannelMemory/switch_IBUF[0]
    SLICE_X155Y132       LUT2 (Prop_lut2_I1_O)        0.124     8.708 r  datapath/rightChannelMemory/dc_bias[3]_i_8__0/O
                         net (fo=1, routed)           0.810     9.518    datapath/video_inst/Inst_vga/vga_signal_generator_inst/dc_bias[3]_i_6__1
    SLICE_X155Y130       LUT6 (Prop_lut6_I5_O)        0.124     9.642 f  datapath/video_inst/Inst_vga/vga_signal_generator_inst/dc_bias[3]_i_3__0/O
                         net (fo=5, routed)           0.903    10.544    datapath/video_inst/Inst_vga/vga_signal_generator_inst/position_reg[row][4]_0
    SLICE_X158Y134       LUT2 (Prop_lut2_I0_O)        0.150    10.694 r  datapath/video_inst/Inst_vga/vga_signal_generator_inst/dc_bias[3]_i_2__1/O
                         net (fo=11, routed)          0.888    11.582    datapath/video_inst/inst_dvid/TDMS_encoder_red/encoded_reg[9]_0
    SLICE_X161Y134       LUT2 (Prop_lut2_I1_O)        0.328    11.910 r  datapath/video_inst/inst_dvid/TDMS_encoder_red/encoded[8]_i_1/O
                         net (fo=1, routed)           0.000    11.910    datapath/video_inst/inst_dvid/TDMS_encoder_red/encoded[8]_i_1_n_0
    SLICE_X161Y134       FDRE                                         r  datapath/video_inst/inst_dvid/TDMS_encoder_red/encoded_reg[8]/D
  -------------------------------------------------------------------    -------------------

                         (clock clk_out1_clk_wiz_0 rise edge)
                                                      0.000     0.000 r  
    BUFGCTRL_X0Y4        BUFG                         0.000     0.000 r  clk_IBUF_BUFG_inst/O
                         net (fo=85, routed)          1.972     1.972    datapath/video_inst/mmcm_adv_inst_display_clocks/inst/clk_in1
    MMCME2_ADV_X1Y0      MMCME2_ADV (Prop_mmcme2_adv_CLKIN1_CLKOUT0)
                                                     -4.637    -2.665 r  datapath/video_inst/mmcm_adv_inst_display_clocks/inst/mmcm_adv_inst/CLKOUT0
                         net (fo=1, routed)           2.574    -0.091    datapath/video_inst/mmcm_adv_inst_display_clocks/inst/clk_out1_clk_wiz_0
    BUFGCTRL_X0Y3        BUFG (Prop_bufg_I_O)         0.091     0.000 r  datapath/video_inst/mmcm_adv_inst_display_clocks/inst/clkout1_buf/O
                         net (fo=84, routed)          1.707     1.707    datapath/video_inst/inst_dvid/TDMS_encoder_red/CLK
    SLICE_X161Y134       FDRE                                         r  datapath/video_inst/inst_dvid/TDMS_encoder_red/encoded_reg[8]/C

Slack:                    inf
  Source:                 switch[1]
                            (input port)
  Destination:            datapath/video_inst/inst_dvid/TDMS_encoder_red/dc_bias_reg[3]/D
                            (rising edge-triggered cell FDRE clocked by clk_out1_clk_wiz_0  {rise@0.000ns fall@20.000ns period=40.000ns})
  Path Group:             (none)
  Path Type:              Setup (Max at Slow Process Corner)
  Data Path Delay:        11.893ns  (logic 1.819ns (15.299%)  route 10.073ns (84.701%))
  Logic Levels:           5  (IBUF=1 LUT2=2 LUT5=1 LUT6=1)
  Clock Path Skew:        1.707ns (DCD - SCD + CPR)
    Destination Clock Delay (DCD):    1.707ns
    Source Clock Delay      (SCD):    0.000ns
    Clock Pessimism Removal (CPR):    0.000ns
  Clock Uncertainty:      0.190ns  ((TSJ^2 + DJ^2)^1/2) / 2 + PE
    Total System Jitter     (TSJ):    0.050ns
    Discrete Jitter          (DJ):    0.175ns
    Phase Error              (PE):    0.099ns

    Location             Delay type                Incr(ns)  Path(ns)    Netlist Resource(s)
  -------------------------------------------------------------------    -------------------
    F21                                               0.000     0.000 f  switch[1] (IN)
                         net (fo=0)                   0.000     0.000    switch[1]
    F21                  IBUF (Prop_ibuf_I_O)         1.067     1.067 f  switch_IBUF[1]_inst/O
                         net (fo=2, routed)           7.516     8.584    datapath/rightChannelMemory/switch_IBUF[0]
    SLICE_X155Y132       LUT2 (Prop_lut2_I1_O)        0.124     8.708 f  datapath/rightChannelMemory/dc_bias[3]_i_8__0/O
                         net (fo=1, routed)           0.810     9.518    datapath/video_inst/Inst_vga/vga_signal_generator_inst/dc_bias[3]_i_6__1
    SLICE_X155Y130       LUT6 (Prop_lut6_I5_O)        0.124     9.642 r  datapath/video_inst/Inst_vga/vga_signal_generator_inst/dc_bias[3]_i_3__0/O
                         net (fo=5, routed)           0.903    10.544    datapath/video_inst/Inst_vga/vga_signal_generator_inst/position_reg[row][4]_0
    SLICE_X158Y134       LUT2 (Prop_lut2_I0_O)        0.150    10.694 f  datapath/video_inst/Inst_vga/vga_signal_generator_inst/dc_bias[3]_i_2__1/O
                         net (fo=11, routed)          0.844    11.539    datapath/video_inst/inst_dvid/TDMS_encoder_red/encoded_reg[9]_0
    SLICE_X160Y134       LUT5 (Prop_lut5_I0_O)        0.354    11.893 r  datapath/video_inst/inst_dvid/TDMS_encoder_red/dc_bias[3]_i_1__1/O
                         net (fo=1, routed)           0.000    11.893    datapath/video_inst/inst_dvid/TDMS_encoder_red/dc_bias[3]_i_1__1_n_0
    SLICE_X160Y134       FDRE                                         r  datapath/video_inst/inst_dvid/TDMS_encoder_red/dc_bias_reg[3]/D
  -------------------------------------------------------------------    -------------------

                         (clock clk_out1_clk_wiz_0 rise edge)
                                                      0.000     0.000 r  
    BUFGCTRL_X0Y4        BUFG                         0.000     0.000 r  clk_IBUF_BUFG_inst/O
                         net (fo=85, routed)          1.972     1.972    datapath/video_inst/mmcm_adv_inst_display_clocks/inst/clk_in1
    MMCME2_ADV_X1Y0      MMCME2_ADV (Prop_mmcme2_adv_CLKIN1_CLKOUT0)
                                                     -4.637    -2.665 r  datapath/video_inst/mmcm_adv_inst_display_clocks/inst/mmcm_adv_inst/CLKOUT0
                         net (fo=1, routed)           2.574    -0.091    datapath/video_inst/mmcm_adv_inst_display_clocks/inst/clk_out1_clk_wiz_0
    BUFGCTRL_X0Y3        BUFG (Prop_bufg_I_O)         0.091     0.000 r  datapath/video_inst/mmcm_adv_inst_display_clocks/inst/clkout1_buf/O
                         net (fo=84, routed)          1.707     1.707    datapath/video_inst/inst_dvid/TDMS_encoder_red/CLK
    SLICE_X160Y134       FDRE                                         r  datapath/video_inst/inst_dvid/TDMS_encoder_red/dc_bias_reg[3]/C

Slack:                    inf
  Source:                 switch[1]
                            (input port)
  Destination:            datapath/video_inst/inst_dvid/TDMS_encoder_red/dc_bias_reg[2]/D
                            (rising edge-triggered cell FDRE clocked by clk_out1_clk_wiz_0  {rise@0.000ns fall@20.000ns period=40.000ns})
  Path Group:             (none)
  Path Type:              Setup (Max at Slow Process Corner)
  Data Path Delay:        11.867ns  (logic 1.793ns (15.114%)  route 10.073ns (84.886%))
  Logic Levels:           5  (IBUF=1 LUT2=2 LUT5=1 LUT6=1)
  Clock Path Skew:        1.707ns (DCD - SCD + CPR)
    Destination Clock Delay (DCD):    1.707ns
    Source Clock Delay      (SCD):    0.000ns
    Clock Pessimism Removal (CPR):    0.000ns
  Clock Uncertainty:      0.190ns  ((TSJ^2 + DJ^2)^1/2) / 2 + PE
    Total System Jitter     (TSJ):    0.050ns
    Discrete Jitter          (DJ):    0.175ns
    Phase Error              (PE):    0.099ns

    Location             Delay type                Incr(ns)  Path(ns)    Netlist Resource(s)
  -------------------------------------------------------------------    -------------------
    F21                                               0.000     0.000 r  switch[1] (IN)
                         net (fo=0)                   0.000     0.000    switch[1]
    F21                  IBUF (Prop_ibuf_I_O)         1.067     1.067 r  switch_IBUF[1]_inst/O
                         net (fo=2, routed)           7.516     8.584    datapath/rightChannelMemory/switch_IBUF[0]
    SLICE_X155Y132       LUT2 (Prop_lut2_I1_O)        0.124     8.708 r  datapath/rightChannelMemory/dc_bias[3]_i_8__0/O
                         net (fo=1, routed)           0.810     9.518    datapath/video_inst/Inst_vga/vga_signal_generator_inst/dc_bias[3]_i_6__1
    SLICE_X155Y130       LUT6 (Prop_lut6_I5_O)        0.124     9.642 f  datapath/video_inst/Inst_vga/vga_signal_generator_inst/dc_bias[3]_i_3__0/O
                         net (fo=5, routed)           0.903    10.544    datapath/video_inst/Inst_vga/vga_signal_generator_inst/position_reg[row][4]_0
    SLICE_X158Y134       LUT2 (Prop_lut2_I0_O)        0.150    10.694 r  datapath/video_inst/Inst_vga/vga_signal_generator_inst/dc_bias[3]_i_2__1/O
                         net (fo=11, routed)          0.844    11.539    datapath/video_inst/inst_dvid/TDMS_encoder_red/encoded_reg[9]_0
    SLICE_X160Y134       LUT5 (Prop_lut5_I4_O)        0.328    11.867 r  datapath/video_inst/inst_dvid/TDMS_encoder_red/dc_bias[2]_i_1__1/O
                         net (fo=1, routed)           0.000    11.867    datapath/video_inst/inst_dvid/TDMS_encoder_red/dc_bias[2]_i_1__1_n_0
    SLICE_X160Y134       FDRE                                         r  datapath/video_inst/inst_dvid/TDMS_encoder_red/dc_bias_reg[2]/D
  -------------------------------------------------------------------    -------------------

                         (clock clk_out1_clk_wiz_0 rise edge)
                                                      0.000     0.000 r  
    BUFGCTRL_X0Y4        BUFG                         0.000     0.000 r  clk_IBUF_BUFG_inst/O
                         net (fo=85, routed)          1.972     1.972    datapath/video_inst/mmcm_adv_inst_display_clocks/inst/clk_in1
    MMCME2_ADV_X1Y0      MMCME2_ADV (Prop_mmcme2_adv_CLKIN1_CLKOUT0)
                                                     -4.637    -2.665 r  datapath/video_inst/mmcm_adv_inst_display_clocks/inst/mmcm_adv_inst/CLKOUT0
                         net (fo=1, routed)           2.574    -0.091    datapath/video_inst/mmcm_adv_inst_display_clocks/inst/clk_out1_clk_wiz_0
    BUFGCTRL_X0Y3        BUFG (Prop_bufg_I_O)         0.091     0.000 r  datapath/video_inst/mmcm_adv_inst_display_clocks/inst/clkout1_buf/O
                         net (fo=84, routed)          1.707     1.707    datapath/video_inst/inst_dvid/TDMS_encoder_red/CLK
    SLICE_X160Y134       FDRE                                         r  datapath/video_inst/inst_dvid/TDMS_encoder_red/dc_bias_reg[2]/C

Slack:                    inf
  Source:                 switch[1]
                            (input port)
  Destination:            datapath/video_inst/inst_dvid/TDMS_encoder_blue/dc_bias_reg[0]/D
                            (rising edge-triggered cell FDRE clocked by clk_out1_clk_wiz_0  {rise@0.000ns fall@20.000ns period=40.000ns})
  Path Group:             (none)
  Path Type:              Setup (Max at Slow Process Corner)
  Data Path Delay:        11.776ns  (logic 1.563ns (13.277%)  route 10.213ns (86.723%))
  Logic Levels:           5  (IBUF=1 LUT2=2 LUT6=2)
  Clock Path Skew:        1.705ns (DCD - SCD + CPR)
    Destination Clock Delay (DCD):    1.705ns
    Source Clock Delay      (SCD):    0.000ns
    Clock Pessimism Removal (CPR):    0.000ns
  Clock Uncertainty:      0.190ns  ((TSJ^2 + DJ^2)^1/2) / 2 + PE
    Total System Jitter     (TSJ):    0.050ns
    Discrete Jitter          (DJ):    0.175ns
    Phase Error              (PE):    0.099ns

    Location             Delay type                Incr(ns)  Path(ns)    Netlist Resource(s)
  -------------------------------------------------------------------    -------------------
    F21                                               0.000     0.000 f  switch[1] (IN)
                         net (fo=0)                   0.000     0.000    switch[1]
    F21                  IBUF (Prop_ibuf_I_O)         1.067     1.067 f  switch_IBUF[1]_inst/O
                         net (fo=2, routed)           7.516     8.584    datapath/rightChannelMemory/switch_IBUF[0]
    SLICE_X155Y132       LUT2 (Prop_lut2_I1_O)        0.124     8.708 f  datapath/rightChannelMemory/dc_bias[3]_i_8__0/O
                         net (fo=1, routed)           0.810     9.518    datapath/video_inst/Inst_vga/vga_signal_generator_inst/dc_bias[3]_i_6__1
    SLICE_X155Y130       LUT6 (Prop_lut6_I5_O)        0.124     9.642 r  datapath/video_inst/Inst_vga/vga_signal_generator_inst/dc_bias[3]_i_3__0/O
                         net (fo=5, routed)           1.035    10.676    datapath/video_inst/Inst_vga/vga_signal_generator_inst/position_reg[row][4]_0
    SLICE_X158Y135       LUT2 (Prop_lut2_I0_O)        0.124    10.800 r  datapath/video_inst/Inst_vga/vga_signal_generator_inst/dc_bias[1]_i_3/O
                         net (fo=7, routed)           0.852    11.652    datapath/video_inst/inst_dvid/TDMS_encoder_blue/dc_bias_reg[1]_1
    SLICE_X159Y134       LUT6 (Prop_lut6_I3_O)        0.124    11.776 r  datapath/video_inst/inst_dvid/TDMS_encoder_blue/dc_bias[0]_i_1__1/O
                         net (fo=1, routed)           0.000    11.776    datapath/video_inst/inst_dvid/TDMS_encoder_blue/dc_bias[0]_i_1__1_n_0
    SLICE_X159Y134       FDRE                                         r  datapath/video_inst/inst_dvid/TDMS_encoder_blue/dc_bias_reg[0]/D
  -------------------------------------------------------------------    -------------------

                         (clock clk_out1_clk_wiz_0 rise edge)
                                                      0.000     0.000 r  
    BUFGCTRL_X0Y4        BUFG                         0.000     0.000 r  clk_IBUF_BUFG_inst/O
                         net (fo=85, routed)          1.972     1.972    datapath/video_inst/mmcm_adv_inst_display_clocks/inst/clk_in1
    MMCME2_ADV_X1Y0      MMCME2_ADV (Prop_mmcme2_adv_CLKIN1_CLKOUT0)
                                                     -4.637    -2.665 r  datapath/video_inst/mmcm_adv_inst_display_clocks/inst/mmcm_adv_inst/CLKOUT0
                         net (fo=1, routed)           2.574    -0.091    datapath/video_inst/mmcm_adv_inst_display_clocks/inst/clk_out1_clk_wiz_0
    BUFGCTRL_X0Y3        BUFG (Prop_bufg_I_O)         0.091     0.000 r  datapath/video_inst/mmcm_adv_inst_display_clocks/inst/clkout1_buf/O
                         net (fo=84, routed)          1.705     1.705    datapath/video_inst/inst_dvid/TDMS_encoder_blue/CLK
    SLICE_X159Y134       FDRE                                         r  datapath/video_inst/inst_dvid/TDMS_encoder_blue/dc_bias_reg[0]/C

Slack:                    inf
  Source:                 switch[0]
                            (input port)
  Destination:            datapath/video_inst/inst_dvid/TDMS_encoder_green/dc_bias_reg[3]/D
                            (rising edge-triggered cell FDRE clocked by clk_out1_clk_wiz_0  {rise@0.000ns fall@20.000ns period=40.000ns})
  Path Group:             (none)
  Path Type:              Setup (Max at Slow Process Corner)
  Data Path Delay:        11.768ns  (logic 1.452ns (12.338%)  route 10.316ns (87.662%))
  Logic Levels:           4  (IBUF=1 LUT6=3)
  Clock Path Skew:        1.706ns (DCD - SCD + CPR)
    Destination Clock Delay (DCD):    1.706ns
    Source Clock Delay      (SCD):    0.000ns
    Clock Pessimism Removal (CPR):    0.000ns
  Clock Uncertainty:      0.190ns  ((TSJ^2 + DJ^2)^1/2) / 2 + PE
    Total System Jitter     (TSJ):    0.050ns
    Discrete Jitter          (DJ):    0.175ns
    Phase Error              (PE):    0.099ns

    Location             Delay type                Incr(ns)  Path(ns)    Netlist Resource(s)
  -------------------------------------------------------------------    -------------------
    E22                                               0.000     0.000 f  switch[0] (IN)
                         net (fo=0)                   0.000     0.000    switch[0]
    E22                  IBUF (Prop_ibuf_I_O)         1.080     1.080 f  switch_IBUF[0]_inst/O
                         net (fo=2, routed)           8.175     9.255    datapath/video_inst/Inst_vga/vga_signal_generator_inst/switch_IBUF[0]
    SLICE_X156Y133       LUT6 (Prop_lut6_I4_O)        0.124     9.379 r  datapath/video_inst/Inst_vga/vga_signal_generator_inst/dc_bias[3]_i_9/O
                         net (fo=7, routed)           1.476    10.855    datapath/video_inst/inst_dvid/TDMS_encoder_green/dc_bias_reg[3]_2
    SLICE_X157Y136       LUT6 (Prop_lut6_I5_O)        0.124    10.979 r  datapath/video_inst/inst_dvid/TDMS_encoder_green/dc_bias[3]_i_3/O
                         net (fo=1, routed)           0.665    11.644    datapath/video_inst/inst_dvid/TDMS_encoder_green/dc_bias[3]_i_3_n_0
    SLICE_X157Y136       LUT6 (Prop_lut6_I1_O)        0.124    11.768 r  datapath/video_inst/inst_dvid/TDMS_encoder_green/dc_bias[3]_i_1/O
                         net (fo=1, routed)           0.000    11.768    datapath/video_inst/inst_dvid/TDMS_encoder_green/dc_bias[3]_i_1_n_0
    SLICE_X157Y136       FDRE                                         r  datapath/video_inst/inst_dvid/TDMS_encoder_green/dc_bias_reg[3]/D
  -------------------------------------------------------------------    -------------------

                         (clock clk_out1_clk_wiz_0 rise edge)
                                                      0.000     0.000 r  
    BUFGCTRL_X0Y4        BUFG                         0.000     0.000 r  clk_IBUF_BUFG_inst/O
                         net (fo=85, routed)          1.972     1.972    datapath/video_inst/mmcm_adv_inst_display_clocks/inst/clk_in1
    MMCME2_ADV_X1Y0      MMCME2_ADV (Prop_mmcme2_adv_CLKIN1_CLKOUT0)
                                                     -4.637    -2.665 r  datapath/video_inst/mmcm_adv_inst_display_clocks/inst/mmcm_adv_inst/CLKOUT0
                         net (fo=1, routed)           2.574    -0.091    datapath/video_inst/mmcm_adv_inst_display_clocks/inst/clk_out1_clk_wiz_0
    BUFGCTRL_X0Y3        BUFG (Prop_bufg_I_O)         0.091     0.000 r  datapath/video_inst/mmcm_adv_inst_display_clocks/inst/clkout1_buf/O
                         net (fo=84, routed)          1.706     1.706    datapath/video_inst/inst_dvid/TDMS_encoder_green/CLK
    SLICE_X157Y136       FDRE                                         r  datapath/video_inst/inst_dvid/TDMS_encoder_green/dc_bias_reg[3]/C

Slack:                    inf
  Source:                 switch[1]
                            (input port)
  Destination:            datapath/video_inst/inst_dvid/TDMS_encoder_red/dc_bias_reg[1]/D
                            (rising edge-triggered cell FDRE clocked by clk_out1_clk_wiz_0  {rise@0.000ns fall@20.000ns period=40.000ns})
  Path Group:             (none)
  Path Type:              Setup (Max at Slow Process Corner)
  Data Path Delay:        11.714ns  (logic 1.819ns (15.532%)  route 9.895ns (84.468%))
  Logic Levels:           5  (IBUF=1 LUT2=2 LUT4=1 LUT6=1)
  Clock Path Skew:        1.707ns (DCD - SCD + CPR)
    Destination Clock Delay (DCD):    1.707ns
    Source Clock Delay      (SCD):    0.000ns
    Clock Pessimism Removal (CPR):    0.000ns
  Clock Uncertainty:      0.190ns  ((TSJ^2 + DJ^2)^1/2) / 2 + PE
    Total System Jitter     (TSJ):    0.050ns
    Discrete Jitter          (DJ):    0.175ns
    Phase Error              (PE):    0.099ns

    Location             Delay type                Incr(ns)  Path(ns)    Netlist Resource(s)
  -------------------------------------------------------------------    -------------------
    F21                                               0.000     0.000 r  switch[1] (IN)
                         net (fo=0)                   0.000     0.000    switch[1]
    F21                  IBUF (Prop_ibuf_I_O)         1.067     1.067 r  switch_IBUF[1]_inst/O
                         net (fo=2, routed)           7.516     8.584    datapath/rightChannelMemory/switch_IBUF[0]
    SLICE_X155Y132       LUT2 (Prop_lut2_I1_O)        0.124     8.708 r  datapath/rightChannelMemory/dc_bias[3]_i_8__0/O
                         net (fo=1, routed)           0.810     9.518    datapath/video_inst/Inst_vga/vga_signal_generator_inst/dc_bias[3]_i_6__1
    SLICE_X155Y130       LUT6 (Prop_lut6_I5_O)        0.124     9.642 f  datapath/video_inst/Inst_vga/vga_signal_generator_inst/dc_bias[3]_i_3__0/O
                         net (fo=5, routed)           0.903    10.544    datapath/video_inst/Inst_vga/vga_signal_generator_inst/position_reg[row][4]_0
    SLICE_X158Y134       LUT2 (Prop_lut2_I0_O)        0.150    10.694 r  datapath/video_inst/Inst_vga/vga_signal_generator_inst/dc_bias[3]_i_2__1/O
                         net (fo=11, routed)          0.666    11.360    datapath/video_inst/inst_dvid/TDMS_encoder_red/encoded_reg[9]_0
    SLICE_X160Y134       LUT4 (Prop_lut4_I2_O)        0.354    11.714 r  datapath/video_inst/inst_dvid/TDMS_encoder_red/dc_bias[1]_i_1__0/O
                         net (fo=1, routed)           0.000    11.714    datapath/video_inst/inst_dvid/TDMS_encoder_red/dc_bias[1]_i_1__0_n_0
    SLICE_X160Y134       FDRE                                         r  datapath/video_inst/inst_dvid/TDMS_encoder_red/dc_bias_reg[1]/D
  -------------------------------------------------------------------    -------------------

                         (clock clk_out1_clk_wiz_0 rise edge)
                                                      0.000     0.000 r  
    BUFGCTRL_X0Y4        BUFG                         0.000     0.000 r  clk_IBUF_BUFG_inst/O
                         net (fo=85, routed)          1.972     1.972    datapath/video_inst/mmcm_adv_inst_display_clocks/inst/clk_in1
    MMCME2_ADV_X1Y0      MMCME2_ADV (Prop_mmcme2_adv_CLKIN1_CLKOUT0)
                                                     -4.637    -2.665 r  datapath/video_inst/mmcm_adv_inst_display_clocks/inst/mmcm_adv_inst/CLKOUT0
                         net (fo=1, routed)           2.574    -0.091    datapath/video_inst/mmcm_adv_inst_display_clocks/inst/clk_out1_clk_wiz_0
    BUFGCTRL_X0Y3        BUFG (Prop_bufg_I_O)         0.091     0.000 r  datapath/video_inst/mmcm_adv_inst_display_clocks/inst/clkout1_buf/O
                         net (fo=84, routed)          1.707     1.707    datapath/video_inst/inst_dvid/TDMS_encoder_red/CLK
    SLICE_X160Y134       FDRE                                         r  datapath/video_inst/inst_dvid/TDMS_encoder_red/dc_bias_reg[1]/C





Min Delay Paths
--------------------------------------------------------------------------------------
Slack:                    inf
  Source:                 datapath/video_inst/Inst_vga/vga_signal_generator_inst/v_sync_is_low_reg/L7/G
                            (positive level-sensitive latch)
  Destination:            datapath/video_inst/Inst_vga/vga_signal_generator_inst/vga_reg[vsync]__0/D
                            (rising edge-triggered cell FDRE clocked by clk_out1_clk_wiz_0  {rise@0.000ns fall@20.000ns period=40.000ns})
  Path Group:             (none)
  Path Type:              Hold (Min at Fast Process Corner)
  Data Path Delay:        0.289ns  (logic 0.203ns (70.320%)  route 0.086ns (29.680%))
  Logic Levels:           2  (LDCE=1 LUT1=1)
  Clock Uncertainty:      0.190ns  ((TSJ^2 + DJ^2)^1/2) / 2 + PE
    Total System Jitter     (TSJ):    0.050ns
    Discrete Jitter          (DJ):    0.175ns
    Phase Error              (PE):    0.099ns

    Location             Delay type                Incr(ns)  Path(ns)    Netlist Resource(s)
  -------------------------------------------------------------------    -------------------
    SLICE_X156Y134       LDCE                         0.000     0.000 r  datapath/video_inst/Inst_vga/vga_signal_generator_inst/v_sync_is_low_reg/L7/G
    SLICE_X156Y134       LDCE (EnToQ_ldce_G_Q)        0.158     0.158 f  datapath/video_inst/Inst_vga/vga_signal_generator_inst/v_sync_is_low_reg/L7/Q
                         net (fo=1, routed)           0.086     0.244    datapath/video_inst/Inst_vga/vga_signal_generator_inst/v_sync_is_low
    SLICE_X157Y134       LUT1 (Prop_lut1_I0_O)        0.045     0.289 r  datapath/video_inst/Inst_vga/vga_signal_generator_inst/vga[vsync]_i_1/O
                         net (fo=1, routed)           0.000     0.289    datapath/video_inst/Inst_vga/vga_signal_generator_inst/vga[vsync]_i_1_n_0
    SLICE_X157Y134       FDRE                                         r  datapath/video_inst/Inst_vga/vga_signal_generator_inst/vga_reg[vsync]__0/D
  -------------------------------------------------------------------    -------------------

                         (clock clk_out1_clk_wiz_0 rise edge)
                                                      0.000     0.000 r  
    BUFGCTRL_X0Y4        BUFG                         0.000     0.000 r  clk_IBUF_BUFG_inst/O
                         net (fo=85, routed)          1.022     1.022    datapath/video_inst/mmcm_adv_inst_display_clocks/inst/clk_in1
    MMCME2_ADV_X1Y0      MMCME2_ADV (Prop_mmcme2_adv_CLKIN1_CLKOUT0)
                                                     -2.040    -1.018 r  datapath/video_inst/mmcm_adv_inst_display_clocks/inst/mmcm_adv_inst/CLKOUT0
                         net (fo=1, routed)           0.989    -0.029    datapath/video_inst/mmcm_adv_inst_display_clocks/inst/clk_out1_clk_wiz_0
    BUFGCTRL_X0Y3        BUFG (Prop_bufg_I_O)         0.029    -0.000 r  datapath/video_inst/mmcm_adv_inst_display_clocks/inst/clkout1_buf/O
                         net (fo=84, routed)          0.914     0.914    datapath/video_inst/Inst_vga/vga_signal_generator_inst/CLK
    SLICE_X157Y134       FDRE                                         r  datapath/video_inst/Inst_vga/vga_signal_generator_inst/vga_reg[vsync]__0/C

Slack:                    inf
  Source:                 datapath/video_inst/Inst_vga/vga_signal_generator_inst/v_blank_is_low_reg/L7/G
                            (positive level-sensitive latch)
  Destination:            datapath/video_inst/Inst_vga/vga_signal_generator_inst/vga_reg[blank]/D
                            (rising edge-triggered cell FDRE clocked by clk_out1_clk_wiz_0  {rise@0.000ns fall@20.000ns period=40.000ns})
  Path Group:             (none)
  Path Type:              Hold (Min at Fast Process Corner)
  Data Path Delay:        0.489ns  (logic 0.203ns (41.553%)  route 0.286ns (58.447%))
  Logic Levels:           2  (LDCE=1 LUT2=1)
  Clock Uncertainty:      0.190ns  ((TSJ^2 + DJ^2)^1/2) / 2 + PE
    Total System Jitter     (TSJ):    0.050ns
    Discrete Jitter          (DJ):    0.175ns
    Phase Error              (PE):    0.099ns

    Location             Delay type                Incr(ns)  Path(ns)    Netlist Resource(s)
  -------------------------------------------------------------------    -------------------
    SLICE_X155Y134       LDCE                         0.000     0.000 r  datapath/video_inst/Inst_vga/vga_signal_generator_inst/v_blank_is_low_reg/L7/G
    SLICE_X155Y134       LDCE (EnToQ_ldce_G_Q)        0.158     0.158 f  datapath/video_inst/Inst_vga/vga_signal_generator_inst/v_blank_is_low_reg/L7/Q
                         net (fo=1, routed)           0.286     0.444    datapath/video_inst/Inst_vga/vga_signal_generator_inst/v_blank_is_low
    SLICE_X161Y134       LUT2 (Prop_lut2_I0_O)        0.045     0.489 r  datapath/video_inst/Inst_vga/vga_signal_generator_inst/vga[blank]_i_1/O
                         net (fo=1, routed)           0.000     0.489    datapath/video_inst/Inst_vga/vga_signal_generator_inst/vga_reg[blank]0
    SLICE_X161Y134       FDRE                                         r  datapath/video_inst/Inst_vga/vga_signal_generator_inst/vga_reg[blank]/D
  -------------------------------------------------------------------    -------------------

                         (clock clk_out1_clk_wiz_0 rise edge)
                                                      0.000     0.000 r  
    BUFGCTRL_X0Y4        BUFG                         0.000     0.000 r  clk_IBUF_BUFG_inst/O
                         net (fo=85, routed)          1.022     1.022    datapath/video_inst/mmcm_adv_inst_display_clocks/inst/clk_in1
    MMCME2_ADV_X1Y0      MMCME2_ADV (Prop_mmcme2_adv_CLKIN1_CLKOUT0)
                                                     -2.040    -1.018 r  datapath/video_inst/mmcm_adv_inst_display_clocks/inst/mmcm_adv_inst/CLKOUT0
                         net (fo=1, routed)           0.989    -0.029    datapath/video_inst/mmcm_adv_inst_display_clocks/inst/clk_out1_clk_wiz_0
    BUFGCTRL_X0Y3        BUFG (Prop_bufg_I_O)         0.029    -0.000 r  datapath/video_inst/mmcm_adv_inst_display_clocks/inst/clkout1_buf/O
                         net (fo=84, routed)          0.915     0.915    datapath/video_inst/Inst_vga/vga_signal_generator_inst/CLK
    SLICE_X161Y134       FDRE                                         r  datapath/video_inst/Inst_vga/vga_signal_generator_inst/vga_reg[blank]/C

Slack:                    inf
  Source:                 datapath/video_inst/Inst_vga/vga_signal_generator_inst/h_sync_is_low_reg/L7/G
                            (positive level-sensitive latch)
  Destination:            datapath/video_inst/Inst_vga/vga_signal_generator_inst/vga_reg[hsync]/D
                            (rising edge-triggered cell FDRE clocked by clk_out1_clk_wiz_0  {rise@0.000ns fall@20.000ns period=40.000ns})
  Path Group:             (none)
  Path Type:              Hold (Min at Fast Process Corner)
  Data Path Delay:        0.519ns  (logic 0.203ns (39.143%)  route 0.316ns (60.857%))
  Logic Levels:           2  (LDCE=1 LUT1=1)
  Clock Uncertainty:      0.190ns  ((TSJ^2 + DJ^2)^1/2) / 2 + PE
    Total System Jitter     (TSJ):    0.050ns
    Discrete Jitter          (DJ):    0.175ns
    Phase Error              (PE):    0.099ns

    Location             Delay type                Incr(ns)  Path(ns)    Netlist Resource(s)
  -------------------------------------------------------------------    -------------------
    SLICE_X160Y127       LDCE                         0.000     0.000 r  datapath/video_inst/Inst_vga/vga_signal_generator_inst/h_sync_is_low_reg/L7/G
    SLICE_X160Y127       LDCE (EnToQ_ldce_G_Q)        0.158     0.158 f  datapath/video_inst/Inst_vga/vga_signal_generator_inst/h_sync_is_low_reg/L7/Q
                         net (fo=1, routed)           0.316     0.474    datapath/video_inst/Inst_vga/vga_signal_generator_inst/h_sync_is_low
    SLICE_X160Y135       LUT1 (Prop_lut1_I0_O)        0.045     0.519 r  datapath/video_inst/Inst_vga/vga_signal_generator_inst/vga[hsync]_i_1/O
                         net (fo=1, routed)           0.000     0.519    datapath/video_inst/Inst_vga/vga_signal_generator_inst/vga[hsync]_i_1_n_0
    SLICE_X160Y135       FDRE                                         r  datapath/video_inst/Inst_vga/vga_signal_generator_inst/vga_reg[hsync]/D
  -------------------------------------------------------------------    -------------------

                         (clock clk_out1_clk_wiz_0 rise edge)
                                                      0.000     0.000 r  
    BUFGCTRL_X0Y4        BUFG                         0.000     0.000 r  clk_IBUF_BUFG_inst/O
                         net (fo=85, routed)          1.022     1.022    datapath/video_inst/mmcm_adv_inst_display_clocks/inst/clk_in1
    MMCME2_ADV_X1Y0      MMCME2_ADV (Prop_mmcme2_adv_CLKIN1_CLKOUT0)
                                                     -2.040    -1.018 r  datapath/video_inst/mmcm_adv_inst_display_clocks/inst/mmcm_adv_inst/CLKOUT0
                         net (fo=1, routed)           0.989    -0.029    datapath/video_inst/mmcm_adv_inst_display_clocks/inst/clk_out1_clk_wiz_0
    BUFGCTRL_X0Y3        BUFG (Prop_bufg_I_O)         0.029    -0.000 r  datapath/video_inst/mmcm_adv_inst_display_clocks/inst/clkout1_buf/O
                         net (fo=84, routed)          0.916     0.916    datapath/video_inst/Inst_vga/vga_signal_generator_inst/CLK
    SLICE_X160Y135       FDRE                                         r  datapath/video_inst/Inst_vga/vga_signal_generator_inst/vga_reg[hsync]/C

Slack:                    inf
  Source:                 datapath/leftChannelMemory/sdp_bl.ramb18_dp_bl.ram18_bl/CLKARDCLK
                            (rising edge-triggered cell RAMB18E1)
  Destination:            datapath/video_inst/inst_dvid/TDMS_encoder_blue/dc_bias_reg[1]/D
                            (rising edge-triggered cell FDRE clocked by clk_out1_clk_wiz_0  {rise@0.000ns fall@20.000ns period=40.000ns})
  Path Group:             (none)
  Path Type:              Hold (Min at Fast Process Corner)
  Data Path Delay:        1.829ns  (logic 0.835ns (45.649%)  route 0.994ns (54.351%))
  Logic Levels:           5  (CARRY4=1 LUT6=3 RAMB18E1=1)
  Clock Uncertainty:      0.190ns  ((TSJ^2 + DJ^2)^1/2) / 2 + PE
    Total System Jitter     (TSJ):    0.050ns
    Discrete Jitter          (DJ):    0.175ns
    Phase Error              (PE):    0.099ns

    Location             Delay type                Incr(ns)  Path(ns)    Netlist Resource(s)
  -------------------------------------------------------------------    -------------------
    RAMB18_X8Y50         RAMB18E1                     0.000     0.000 r  datapath/leftChannelMemory/sdp_bl.ramb18_dp_bl.ram18_bl/CLKARDCLK
    RAMB18_X8Y50         RAMB18E1 (Prop_ramb18e1_CLKARDCLK_DOADO[6])
                                                      0.585     0.585 r  datapath/leftChannelMemory/sdp_bl.ramb18_dp_bl.ram18_bl/DOADO[6]
                         net (fo=1, routed)           0.280     0.865    datapath/leftChannelMemory/ch1[from_bram][6]
    SLICE_X156Y126       LUT6 (Prop_lut6_I0_O)        0.045     0.910 r  datapath/leftChannelMemory/dc_bias[1]_i_16/O
                         net (fo=1, routed)           0.000     0.910    datapath/leftChannelMemory/dc_bias[1]_i_16_n_0
    SLICE_X156Y126       CARRY4 (Prop_carry4_S[2]_CO[3])
                                                      0.115     1.025 r  datapath/leftChannelMemory/dc_bias_reg[1]_i_6/CO[3]
                         net (fo=2, routed)           0.478     1.503    datapath/video_inst/Inst_vga/vga_signal_generator_inst/dc_bias_reg[1]_0[0]
    SLICE_X156Y133       LUT6 (Prop_lut6_I3_O)        0.045     1.548 r  datapath/video_inst/Inst_vga/vga_signal_generator_inst/dc_bias[1]_i_2__0/O
                         net (fo=15, routed)          0.236     1.784    datapath/video_inst/inst_dvid/TDMS_encoder_blue/dc_bias_reg[1]_3
    SLICE_X158Y134       LUT6 (Prop_lut6_I1_O)        0.045     1.829 r  datapath/video_inst/inst_dvid/TDMS_encoder_blue/dc_bias[1]_i_1__1/O
                         net (fo=1, routed)           0.000     1.829    datapath/video_inst/inst_dvid/TDMS_encoder_blue/dc_bias[1]_i_1__1_n_0
    SLICE_X158Y134       FDRE                                         r  datapath/video_inst/inst_dvid/TDMS_encoder_blue/dc_bias_reg[1]/D
  -------------------------------------------------------------------    -------------------

                         (clock clk_out1_clk_wiz_0 rise edge)
                                                      0.000     0.000 r  
    BUFGCTRL_X0Y4        BUFG                         0.000     0.000 r  clk_IBUF_BUFG_inst/O
                         net (fo=85, routed)          1.022     1.022    datapath/video_inst/mmcm_adv_inst_display_clocks/inst/clk_in1
    MMCME2_ADV_X1Y0      MMCME2_ADV (Prop_mmcme2_adv_CLKIN1_CLKOUT0)
                                                     -2.040    -1.018 r  datapath/video_inst/mmcm_adv_inst_display_clocks/inst/mmcm_adv_inst/CLKOUT0
                         net (fo=1, routed)           0.989    -0.029    datapath/video_inst/mmcm_adv_inst_display_clocks/inst/clk_out1_clk_wiz_0
    BUFGCTRL_X0Y3        BUFG (Prop_bufg_I_O)         0.029    -0.000 r  datapath/video_inst/mmcm_adv_inst_display_clocks/inst/clkout1_buf/O
                         net (fo=84, routed)          0.914     0.914    datapath/video_inst/inst_dvid/TDMS_encoder_blue/CLK
    SLICE_X158Y134       FDRE                                         r  datapath/video_inst/inst_dvid/TDMS_encoder_blue/dc_bias_reg[1]/C

Slack:                    inf
  Source:                 reset_n
                            (input port)
  Destination:            datapath/video_inst/Inst_vga/vga_signal_generator_inst/horizontal_counter_inst/roll_reg/D
                            (rising edge-triggered cell FDRE clocked by clk_out1_clk_wiz_0  {rise@0.000ns fall@20.000ns period=40.000ns})
  Path Group:             (none)
  Path Type:              Hold (Min at Fast Process Corner)
  Data Path Delay:        1.868ns  (logic 0.231ns (12.363%)  route 1.637ns (87.637%))
  Logic Levels:           2  (IBUF=1 LUT5=1)
  Clock Path Skew:        0.904ns (DCD - SCD - CPR)
    Destination Clock Delay (DCD):    0.904ns
    Source Clock Delay      (SCD):    0.000ns
    Clock Pessimism Removal (CPR):    -0.000ns

    Location             Delay type                Incr(ns)  Path(ns)    Netlist Resource(s)
  -------------------------------------------------------------------    -------------------
    G4                                                0.000     0.000 r  reset_n (IN)
                         net (fo=0)                   0.000     0.000    reset_n
    G4                   IBUF (Prop_ibuf_I_O)         0.186     0.186 r  reset_n_IBUF_inst/O
                         net (fo=32, routed)          1.637     1.823    datapath/video_inst/Inst_vga/vga_signal_generator_inst/horizontal_counter_inst/reset_n_IBUF
    SLICE_X158Y124       LUT5 (Prop_lut5_I1_O)        0.045     1.868 r  datapath/video_inst/Inst_vga/vga_signal_generator_inst/horizontal_counter_inst/roll_i_1/O
                         net (fo=1, routed)           0.000     1.868    datapath/video_inst/Inst_vga/vga_signal_generator_inst/horizontal_counter_inst/roll_i_1_n_0
    SLICE_X158Y124       FDRE                                         r  datapath/video_inst/Inst_vga/vga_signal_generator_inst/horizontal_counter_inst/roll_reg/D
  -------------------------------------------------------------------    -------------------

                         (clock clk_out1_clk_wiz_0 rise edge)
                                                      0.000     0.000 r  
    BUFGCTRL_X0Y4        BUFG                         0.000     0.000 r  clk_IBUF_BUFG_inst/O
                         net (fo=85, routed)          1.022     1.022    datapath/video_inst/mmcm_adv_inst_display_clocks/inst/clk_in1
    MMCME2_ADV_X1Y0      MMCME2_ADV (Prop_mmcme2_adv_CLKIN1_CLKOUT0)
                                                     -2.040    -1.018 r  datapath/video_inst/mmcm_adv_inst_display_clocks/inst/mmcm_adv_inst/CLKOUT0
                         net (fo=1, routed)           0.989    -0.029    datapath/video_inst/mmcm_adv_inst_display_clocks/inst/clk_out1_clk_wiz_0
    BUFGCTRL_X0Y3        BUFG (Prop_bufg_I_O)         0.029    -0.000 r  datapath/video_inst/mmcm_adv_inst_display_clocks/inst/clkout1_buf/O
                         net (fo=84, routed)          0.904     0.904    datapath/video_inst/Inst_vga/vga_signal_generator_inst/horizontal_counter_inst/CLK
    SLICE_X158Y124       FDRE                                         r  datapath/video_inst/Inst_vga/vga_signal_generator_inst/horizontal_counter_inst/roll_reg/C

Slack:                    inf
  Source:                 datapath/rightChannelMemory/sdp_bl.ramb18_dp_bl.ram18_bl/CLKARDCLK
                            (rising edge-triggered cell RAMB18E1)
  Destination:            datapath/video_inst/inst_dvid/TDMS_encoder_green/dc_bias_reg[0]/D
                            (rising edge-triggered cell FDRE clocked by clk_out1_clk_wiz_0  {rise@0.000ns fall@20.000ns period=40.000ns})
  Path Group:             (none)
  Path Type:              Hold (Min at Fast Process Corner)
  Data Path Delay:        1.908ns  (logic 0.983ns (51.515%)  route 0.925ns (48.485%))
  Logic Levels:           6  (CARRY4=1 LUT3=1 LUT4=1 LUT6=2 RAMB18E1=1)
  Clock Uncertainty:      0.190ns  ((TSJ^2 + DJ^2)^1/2) / 2 + PE
    Total System Jitter     (TSJ):    0.050ns
    Discrete Jitter          (DJ):    0.175ns
    Phase Error              (PE):    0.099ns

    Location             Delay type                Incr(ns)  Path(ns)    Netlist Resource(s)
  -------------------------------------------------------------------    -------------------
    RAMB18_X8Y52         RAMB18E1                     0.000     0.000 r  datapath/rightChannelMemory/sdp_bl.ramb18_dp_bl.ram18_bl/CLKARDCLK
    RAMB18_X8Y52         RAMB18E1 (Prop_ramb18e1_CLKARDCLK_DOADO[4])
                                                      0.585     0.585 r  datapath/rightChannelMemory/sdp_bl.ramb18_dp_bl.ram18_bl/DOADO[4]
                         net (fo=1, routed)           0.178     0.763    datapath/rightChannelMemory/ch2[from_bram][4]
    SLICE_X155Y131       LUT6 (Prop_lut6_I5_O)        0.045     0.808 r  datapath/rightChannelMemory/dc_bias[3]_i_16__0/O
                         net (fo=1, routed)           0.000     0.808    datapath/rightChannelMemory/dc_bias[3]_i_16__0_n_0
    SLICE_X155Y131       CARRY4 (Prop_carry4_S[1]_CO[3])
                                                      0.155     0.963 f  datapath/rightChannelMemory/dc_bias_reg[3]_i_10/CO[3]
                         net (fo=2, routed)           0.300     1.263    datapath/video_inst/Inst_vga/vga_signal_generator_inst/CO[0]
    SLICE_X155Y132       LUT4 (Prop_lut4_I1_O)        0.046     1.309 r  datapath/video_inst/Inst_vga/vga_signal_generator_inst/dc_bias[3]_i_8/O
                         net (fo=8, routed)           0.332     1.641    datapath/video_inst/Inst_vga/vga_signal_generator_inst/position_reg[row][7]_0
    SLICE_X157Y135       LUT3 (Prop_lut3_I1_O)        0.107     1.748 r  datapath/video_inst/Inst_vga/vga_signal_generator_inst/dc_bias[3]_i_7__0/O
                         net (fo=5, routed)           0.115     1.863    datapath/video_inst/inst_dvid/TDMS_encoder_green/dc_bias_reg[0]_0
    SLICE_X157Y135       LUT6 (Prop_lut6_I1_O)        0.045     1.908 r  datapath/video_inst/inst_dvid/TDMS_encoder_green/dc_bias[0]_i_1/O
                         net (fo=1, routed)           0.000     1.908    datapath/video_inst/inst_dvid/TDMS_encoder_green/dc_bias[0]_i_1_n_0
    SLICE_X157Y135       FDRE                                         r  datapath/video_inst/inst_dvid/TDMS_encoder_green/dc_bias_reg[0]/D
  -------------------------------------------------------------------    -------------------

                         (clock clk_out1_clk_wiz_0 rise edge)
                                                      0.000     0.000 r  
    BUFGCTRL_X0Y4        BUFG                         0.000     0.000 r  clk_IBUF_BUFG_inst/O
                         net (fo=85, routed)          1.022     1.022    datapath/video_inst/mmcm_adv_inst_display_clocks/inst/clk_in1
    MMCME2_ADV_X1Y0      MMCME2_ADV (Prop_mmcme2_adv_CLKIN1_CLKOUT0)
                                                     -2.040    -1.018 r  datapath/video_inst/mmcm_adv_inst_display_clocks/inst/mmcm_adv_inst/CLKOUT0
                         net (fo=1, routed)           0.989    -0.029    datapath/video_inst/mmcm_adv_inst_display_clocks/inst/clk_out1_clk_wiz_0
    BUFGCTRL_X0Y3        BUFG (Prop_bufg_I_O)         0.029    -0.000 r  datapath/video_inst/mmcm_adv_inst_display_clocks/inst/clkout1_buf/O
                         net (fo=84, routed)          0.915     0.915    datapath/video_inst/inst_dvid/TDMS_encoder_green/CLK
    SLICE_X157Y135       FDRE                                         r  datapath/video_inst/inst_dvid/TDMS_encoder_green/dc_bias_reg[0]/C

Slack:                    inf
  Source:                 datapath/rightChannelMemory/sdp_bl.ramb18_dp_bl.ram18_bl/CLKARDCLK
                            (rising edge-triggered cell RAMB18E1)
  Destination:            datapath/video_inst/inst_dvid/TDMS_encoder_green/dc_bias_reg[3]/D
                            (rising edge-triggered cell FDRE clocked by clk_out1_clk_wiz_0  {rise@0.000ns fall@20.000ns period=40.000ns})
  Path Group:             (none)
  Path Type:              Hold (Min at Fast Process Corner)
  Data Path Delay:        1.941ns  (logic 0.983ns (50.635%)  route 0.958ns (49.365%))
  Logic Levels:           6  (CARRY4=1 LUT4=1 LUT6=3 RAMB18E1=1)
  Clock Uncertainty:      0.190ns  ((TSJ^2 + DJ^2)^1/2) / 2 + PE
    Total System Jitter     (TSJ):    0.050ns
    Discrete Jitter          (DJ):    0.175ns
    Phase Error              (PE):    0.099ns

    Location             Delay type                Incr(ns)  Path(ns)    Netlist Resource(s)
  -------------------------------------------------------------------    -------------------
    RAMB18_X8Y52         RAMB18E1                     0.000     0.000 r  datapath/rightChannelMemory/sdp_bl.ramb18_dp_bl.ram18_bl/CLKARDCLK
    RAMB18_X8Y52         RAMB18E1 (Prop_ramb18e1_CLKARDCLK_DOADO[4])
                                                      0.585     0.585 r  datapath/rightChannelMemory/sdp_bl.ramb18_dp_bl.ram18_bl/DOADO[4]
                         net (fo=1, routed)           0.178     0.763    datapath/rightChannelMemory/ch2[from_bram][4]
    SLICE_X155Y131       LUT6 (Prop_lut6_I5_O)        0.045     0.808 r  datapath/rightChannelMemory/dc_bias[3]_i_16__0/O
                         net (fo=1, routed)           0.000     0.808    datapath/rightChannelMemory/dc_bias[3]_i_16__0_n_0
    SLICE_X155Y131       CARRY4 (Prop_carry4_S[1]_CO[3])
                                                      0.155     0.963 f  datapath/rightChannelMemory/dc_bias_reg[3]_i_10/CO[3]
                         net (fo=2, routed)           0.300     1.263    datapath/video_inst/Inst_vga/vga_signal_generator_inst/CO[0]
    SLICE_X155Y132       LUT4 (Prop_lut4_I1_O)        0.046     1.309 r  datapath/video_inst/Inst_vga/vga_signal_generator_inst/dc_bias[3]_i_8/O
                         net (fo=8, routed)           0.429     1.738    datapath/video_inst/inst_dvid/TDMS_encoder_green/dc_bias_reg[3]_1
    SLICE_X157Y136       LUT6 (Prop_lut6_I2_O)        0.107     1.845 r  datapath/video_inst/inst_dvid/TDMS_encoder_green/dc_bias[3]_i_2/O
                         net (fo=1, routed)           0.051     1.896    datapath/video_inst/inst_dvid/TDMS_encoder_green/dc_bias[3]_i_2_n_0
    SLICE_X157Y136       LUT6 (Prop_lut6_I0_O)        0.045     1.941 r  datapath/video_inst/inst_dvid/TDMS_encoder_green/dc_bias[3]_i_1/O
                         net (fo=1, routed)           0.000     1.941    datapath/video_inst/inst_dvid/TDMS_encoder_green/dc_bias[3]_i_1_n_0
    SLICE_X157Y136       FDRE                                         r  datapath/video_inst/inst_dvid/TDMS_encoder_green/dc_bias_reg[3]/D
  -------------------------------------------------------------------    -------------------

                         (clock clk_out1_clk_wiz_0 rise edge)
                                                      0.000     0.000 r  
    BUFGCTRL_X0Y4        BUFG                         0.000     0.000 r  clk_IBUF_BUFG_inst/O
                         net (fo=85, routed)          1.022     1.022    datapath/video_inst/mmcm_adv_inst_display_clocks/inst/clk_in1
    MMCME2_ADV_X1Y0      MMCME2_ADV (Prop_mmcme2_adv_CLKIN1_CLKOUT0)
                                                     -2.040    -1.018 r  datapath/video_inst/mmcm_adv_inst_display_clocks/inst/mmcm_adv_inst/CLKOUT0
                         net (fo=1, routed)           0.989    -0.029    datapath/video_inst/mmcm_adv_inst_display_clocks/inst/clk_out1_clk_wiz_0
    BUFGCTRL_X0Y3        BUFG (Prop_bufg_I_O)         0.029    -0.000 r  datapath/video_inst/mmcm_adv_inst_display_clocks/inst/clkout1_buf/O
                         net (fo=84, routed)          0.915     0.915    datapath/video_inst/inst_dvid/TDMS_encoder_green/CLK
    SLICE_X157Y136       FDRE                                         r  datapath/video_inst/inst_dvid/TDMS_encoder_green/dc_bias_reg[3]/C

Slack:                    inf
  Source:                 datapath/rightChannelMemory/sdp_bl.ramb18_dp_bl.ram18_bl/CLKARDCLK
                            (rising edge-triggered cell RAMB18E1)
  Destination:            datapath/video_inst/inst_dvid/TDMS_encoder_green/dc_bias_reg[2]/D
                            (rising edge-triggered cell FDRE clocked by clk_out1_clk_wiz_0  {rise@0.000ns fall@20.000ns period=40.000ns})
  Path Group:             (none)
  Path Type:              Hold (Min at Fast Process Corner)
  Data Path Delay:        1.956ns  (logic 0.983ns (50.253%)  route 0.973ns (49.747%))
  Logic Levels:           6  (CARRY4=1 LUT4=1 LUT5=1 LUT6=2 RAMB18E1=1)
  Clock Uncertainty:      0.190ns  ((TSJ^2 + DJ^2)^1/2) / 2 + PE
    Total System Jitter     (TSJ):    0.050ns
    Discrete Jitter          (DJ):    0.175ns
    Phase Error              (PE):    0.099ns

    Location             Delay type                Incr(ns)  Path(ns)    Netlist Resource(s)
  -------------------------------------------------------------------    -------------------
    RAMB18_X8Y52         RAMB18E1                     0.000     0.000 r  datapath/rightChannelMemory/sdp_bl.ramb18_dp_bl.ram18_bl/CLKARDCLK
    RAMB18_X8Y52         RAMB18E1 (Prop_ramb18e1_CLKARDCLK_DOADO[4])
                                                      0.585     0.585 r  datapath/rightChannelMemory/sdp_bl.ramb18_dp_bl.ram18_bl/DOADO[4]
                         net (fo=1, routed)           0.178     0.763    datapath/rightChannelMemory/ch2[from_bram][4]
    SLICE_X155Y131       LUT6 (Prop_lut6_I5_O)        0.045     0.808 r  datapath/rightChannelMemory/dc_bias[3]_i_16__0/O
                         net (fo=1, routed)           0.000     0.808    datapath/rightChannelMemory/dc_bias[3]_i_16__0_n_0
    SLICE_X155Y131       CARRY4 (Prop_carry4_S[1]_CO[3])
                                                      0.155     0.963 f  datapath/rightChannelMemory/dc_bias_reg[3]_i_10/CO[3]
                         net (fo=2, routed)           0.300     1.263    datapath/video_inst/Inst_vga/vga_signal_generator_inst/CO[0]
    SLICE_X155Y132       LUT4 (Prop_lut4_I1_O)        0.046     1.309 r  datapath/video_inst/Inst_vga/vga_signal_generator_inst/dc_bias[3]_i_8/O
                         net (fo=8, routed)           0.437     1.745    datapath/video_inst/inst_dvid/TDMS_encoder_green/dc_bias_reg[3]_1
    SLICE_X156Y136       LUT5 (Prop_lut5_I1_O)        0.107     1.852 r  datapath/video_inst/inst_dvid/TDMS_encoder_green/dc_bias[2]_i_3/O
                         net (fo=1, routed)           0.059     1.911    datapath/video_inst/Inst_vga/vga_signal_generator_inst/dc_bias_reg[2]_0
    SLICE_X156Y136       LUT6 (Prop_lut6_I1_O)        0.045     1.956 r  datapath/video_inst/Inst_vga/vga_signal_generator_inst/dc_bias[2]_i_1/O
                         net (fo=1, routed)           0.000     1.956    datapath/video_inst/inst_dvid/TDMS_encoder_green/D[0]
    SLICE_X156Y136       FDRE                                         r  datapath/video_inst/inst_dvid/TDMS_encoder_green/dc_bias_reg[2]/D
  -------------------------------------------------------------------    -------------------

                         (clock clk_out1_clk_wiz_0 rise edge)
                                                      0.000     0.000 r  
    BUFGCTRL_X0Y4        BUFG                         0.000     0.000 r  clk_IBUF_BUFG_inst/O
                         net (fo=85, routed)          1.022     1.022    datapath/video_inst/mmcm_adv_inst_display_clocks/inst/clk_in1
    MMCME2_ADV_X1Y0      MMCME2_ADV (Prop_mmcme2_adv_CLKIN1_CLKOUT0)
                                                     -2.040    -1.018 r  datapath/video_inst/mmcm_adv_inst_display_clocks/inst/mmcm_adv_inst/CLKOUT0
                         net (fo=1, routed)           0.989    -0.029    datapath/video_inst/mmcm_adv_inst_display_clocks/inst/clk_out1_clk_wiz_0
    BUFGCTRL_X0Y3        BUFG (Prop_bufg_I_O)         0.029    -0.000 r  datapath/video_inst/mmcm_adv_inst_display_clocks/inst/clkout1_buf/O
                         net (fo=84, routed)          0.915     0.915    datapath/video_inst/inst_dvid/TDMS_encoder_green/CLK
    SLICE_X156Y136       FDRE                                         r  datapath/video_inst/inst_dvid/TDMS_encoder_green/dc_bias_reg[2]/C

Slack:                    inf
  Source:                 datapath/rightChannelMemory/sdp_bl.ramb18_dp_bl.ram18_bl/CLKARDCLK
                            (rising edge-triggered cell RAMB18E1)
  Destination:            datapath/video_inst/inst_dvid/TDMS_encoder_green/encoded_reg[8]/D
                            (rising edge-triggered cell FDRE clocked by clk_out1_clk_wiz_0  {rise@0.000ns fall@20.000ns period=40.000ns})
  Path Group:             (none)
  Path Type:              Hold (Min at Fast Process Corner)
  Data Path Delay:        2.024ns  (logic 1.048ns (51.789%)  route 0.976ns (48.211%))
  Logic Levels:           6  (CARRY4=1 LUT2=2 LUT4=1 LUT6=1 RAMB18E1=1)
  Clock Uncertainty:      0.190ns  ((TSJ^2 + DJ^2)^1/2) / 2 + PE
    Total System Jitter     (TSJ):    0.050ns
    Discrete Jitter          (DJ):    0.175ns
    Phase Error              (PE):    0.099ns

    Location             Delay type                Incr(ns)  Path(ns)    Netlist Resource(s)
  -------------------------------------------------------------------    -------------------
    RAMB18_X8Y52         RAMB18E1                     0.000     0.000 r  datapath/rightChannelMemory/sdp_bl.ramb18_dp_bl.ram18_bl/CLKARDCLK
    RAMB18_X8Y52         RAMB18E1 (Prop_ramb18e1_CLKARDCLK_DOADO[4])
                                                      0.585     0.585 r  datapath/rightChannelMemory/sdp_bl.ramb18_dp_bl.ram18_bl/DOADO[4]
                         net (fo=1, routed)           0.178     0.763    datapath/rightChannelMemory/ch2[from_bram][4]
    SLICE_X155Y131       LUT6 (Prop_lut6_I5_O)        0.045     0.808 r  datapath/rightChannelMemory/dc_bias[3]_i_16__0/O
                         net (fo=1, routed)           0.000     0.808    datapath/rightChannelMemory/dc_bias[3]_i_16__0_n_0
    SLICE_X155Y131       CARRY4 (Prop_carry4_S[1]_CO[3])
                                                      0.155     0.963 f  datapath/rightChannelMemory/dc_bias_reg[3]_i_10/CO[3]
                         net (fo=2, routed)           0.300     1.263    datapath/video_inst/Inst_vga/vga_signal_generator_inst/CO[0]
    SLICE_X155Y132       LUT4 (Prop_lut4_I1_O)        0.046     1.309 r  datapath/video_inst/Inst_vga/vga_signal_generator_inst/dc_bias[3]_i_8/O
                         net (fo=8, routed)           0.332     1.641    datapath/video_inst/Inst_vga/vga_signal_generator_inst/position_reg[row][7]_0
    SLICE_X157Y135       LUT2 (Prop_lut2_I0_O)        0.110     1.751 r  datapath/video_inst/Inst_vga/vga_signal_generator_inst/dc_bias[1]_i_2/O
                         net (fo=4, routed)           0.166     1.917    datapath/video_inst/inst_dvid/TDMS_encoder_green/encoded_reg[8]_0
    SLICE_X158Y136       LUT2 (Prop_lut2_I1_O)        0.107     2.024 r  datapath/video_inst/inst_dvid/TDMS_encoder_green/encoded[8]_i_1/O
                         net (fo=1, routed)           0.000     2.024    datapath/video_inst/inst_dvid/TDMS_encoder_green/encoded[8]_i_1_n_0
    SLICE_X158Y136       FDRE                                         r  datapath/video_inst/inst_dvid/TDMS_encoder_green/encoded_reg[8]/D
  -------------------------------------------------------------------    -------------------

                         (clock clk_out1_clk_wiz_0 rise edge)
                                                      0.000     0.000 r  
    BUFGCTRL_X0Y4        BUFG                         0.000     0.000 r  clk_IBUF_BUFG_inst/O
                         net (fo=85, routed)          1.022     1.022    datapath/video_inst/mmcm_adv_inst_display_clocks/inst/clk_in1
    MMCME2_ADV_X1Y0      MMCME2_ADV (Prop_mmcme2_adv_CLKIN1_CLKOUT0)
                                                     -2.040    -1.018 r  datapath/video_inst/mmcm_adv_inst_display_clocks/inst/mmcm_adv_inst/CLKOUT0
                         net (fo=1, routed)           0.989    -0.029    datapath/video_inst/mmcm_adv_inst_display_clocks/inst/clk_out1_clk_wiz_0
    BUFGCTRL_X0Y3        BUFG (Prop_bufg_I_O)         0.029    -0.000 r  datapath/video_inst/mmcm_adv_inst_display_clocks/inst/clkout1_buf/O
                         net (fo=84, routed)          0.915     0.915    datapath/video_inst/inst_dvid/TDMS_encoder_green/CLK
    SLICE_X158Y136       FDRE                                         r  datapath/video_inst/inst_dvid/TDMS_encoder_green/encoded_reg[8]/C

Slack:                    inf
  Source:                 datapath/rightChannelMemory/sdp_bl.ramb18_dp_bl.ram18_bl/CLKARDCLK
                            (rising edge-triggered cell RAMB18E1)
  Destination:            datapath/video_inst/inst_dvid/TDMS_encoder_green/encoded_reg[9]/D
                            (rising edge-triggered cell FDRE clocked by clk_out1_clk_wiz_0  {rise@0.000ns fall@20.000ns period=40.000ns})
  Path Group:             (none)
  Path Type:              Hold (Min at Fast Process Corner)
  Data Path Delay:        2.027ns  (logic 1.051ns (51.860%)  route 0.976ns (48.140%))
  Logic Levels:           6  (CARRY4=1 LUT2=1 LUT4=2 LUT6=1 RAMB18E1=1)
  Clock Uncertainty:      0.190ns  ((TSJ^2 + DJ^2)^1/2) / 2 + PE
    Total System Jitter     (TSJ):    0.050ns
    Discrete Jitter          (DJ):    0.175ns
    Phase Error              (PE):    0.099ns

    Location             Delay type                Incr(ns)  Path(ns)    Netlist Resource(s)
  -------------------------------------------------------------------    -------------------
    RAMB18_X8Y52         RAMB18E1                     0.000     0.000 r  datapath/rightChannelMemory/sdp_bl.ramb18_dp_bl.ram18_bl/CLKARDCLK
    RAMB18_X8Y52         RAMB18E1 (Prop_ramb18e1_CLKARDCLK_DOADO[4])
                                                      0.585     0.585 r  datapath/rightChannelMemory/sdp_bl.ramb18_dp_bl.ram18_bl/DOADO[4]
                         net (fo=1, routed)           0.178     0.763    datapath/rightChannelMemory/ch2[from_bram][4]
    SLICE_X155Y131       LUT6 (Prop_lut6_I5_O)        0.045     0.808 r  datapath/rightChannelMemory/dc_bias[3]_i_16__0/O
                         net (fo=1, routed)           0.000     0.808    datapath/rightChannelMemory/dc_bias[3]_i_16__0_n_0
    SLICE_X155Y131       CARRY4 (Prop_carry4_S[1]_CO[3])
                                                      0.155     0.963 r  datapath/rightChannelMemory/dc_bias_reg[3]_i_10/CO[3]
                         net (fo=2, routed)           0.300     1.263    datapath/video_inst/Inst_vga/vga_signal_generator_inst/CO[0]
    SLICE_X155Y132       LUT4 (Prop_lut4_I1_O)        0.046     1.309 f  datapath/video_inst/Inst_vga/vga_signal_generator_inst/dc_bias[3]_i_8/O
                         net (fo=8, routed)           0.332     1.641    datapath/video_inst/Inst_vga/vga_signal_generator_inst/position_reg[row][7]_0
    SLICE_X157Y135       LUT2 (Prop_lut2_I0_O)        0.110     1.751 f  datapath/video_inst/Inst_vga/vga_signal_generator_inst/dc_bias[1]_i_2/O
                         net (fo=4, routed)           0.166     1.917    datapath/video_inst/inst_dvid/TDMS_encoder_green/encoded_reg[8]_0
    SLICE_X158Y136       LUT4 (Prop_lut4_I3_O)        0.110     2.027 r  datapath/video_inst/inst_dvid/TDMS_encoder_green/encoded[9]_i_1/O
                         net (fo=1, routed)           0.000     2.027    datapath/video_inst/inst_dvid/TDMS_encoder_green/encoded[9]_i_1_n_0
    SLICE_X158Y136       FDRE                                         r  datapath/video_inst/inst_dvid/TDMS_encoder_green/encoded_reg[9]/D
  -------------------------------------------------------------------    -------------------

                         (clock clk_out1_clk_wiz_0 rise edge)
                                                      0.000     0.000 r  
    BUFGCTRL_X0Y4        BUFG                         0.000     0.000 r  clk_IBUF_BUFG_inst/O
                         net (fo=85, routed)          1.022     1.022    datapath/video_inst/mmcm_adv_inst_display_clocks/inst/clk_in1
    MMCME2_ADV_X1Y0      MMCME2_ADV (Prop_mmcme2_adv_CLKIN1_CLKOUT0)
                                                     -2.040    -1.018 r  datapath/video_inst/mmcm_adv_inst_display_clocks/inst/mmcm_adv_inst/CLKOUT0
                         net (fo=1, routed)           0.989    -0.029    datapath/video_inst/mmcm_adv_inst_display_clocks/inst/clk_out1_clk_wiz_0
    BUFGCTRL_X0Y3        BUFG (Prop_bufg_I_O)         0.029    -0.000 r  datapath/video_inst/mmcm_adv_inst_display_clocks/inst/clkout1_buf/O
                         net (fo=84, routed)          0.915     0.915    datapath/video_inst/inst_dvid/TDMS_encoder_green/CLK
    SLICE_X158Y136       FDRE                                         r  datapath/video_inst/inst_dvid/TDMS_encoder_green/encoded_reg[9]/C





--------------------------------------------------------------------------------------
Path Group:  (none)
From Clock:  
  To Clock:  clk_out2_clk_wiz_1

Max Delay            30 Endpoints
Min Delay            30 Endpoints
--------------------------------------------------------------------------------------


Max Delay Paths
--------------------------------------------------------------------------------------
Slack:                    inf
  Source:                 reset_n
                            (input port)
  Destination:            datapath/Audio_Codec/initialize_audio/twi_controller/FSM_gray_state_reg[0]/CE
                            (rising edge-triggered cell FDRE clocked by clk_out2_clk_wiz_1  {rise@0.000ns fall@4.000ns period=8.000ns})
  Path Group:             (none)
  Path Type:              Setup (Max at Slow Process Corner)
  Data Path Delay:        7.998ns  (logic 1.434ns (17.926%)  route 6.564ns (82.074%))
  Logic Levels:           4  (IBUF=1 LUT5=1 LUT6=2)
  Clock Path Skew:        1.703ns (DCD - SCD + CPR)
    Destination Clock Delay (DCD):    1.703ns
    Source Clock Delay      (SCD):    0.000ns
    Clock Pessimism Removal (CPR):    0.000ns
  Clock Uncertainty:      0.166ns  ((TSJ^2 + DJ^2)^1/2) / 2 + PE
    Total System Jitter     (TSJ):    0.050ns
    Discrete Jitter          (DJ):    0.125ns
    Phase Error              (PE):    0.099ns

    Location             Delay type                Incr(ns)  Path(ns)    Netlist Resource(s)
  -------------------------------------------------------------------    -------------------
    G4                                                0.000     0.000 r  reset_n (IN)
                         net (fo=0)                   0.000     0.000    reset_n
    G4                   IBUF (Prop_ibuf_I_O)         1.062     1.062 r  reset_n_IBUF_inst/O
                         net (fo=32, routed)          5.018     6.079    datapath/Audio_Codec/initialize_audio/twi_controller/reset_n_IBUF
    SLICE_X159Y118       LUT5 (Prop_lut5_I4_O)        0.124     6.203 f  datapath/Audio_Codec/initialize_audio/twi_controller/FSM_gray_state[3]_i_10/O
                         net (fo=1, routed)           0.781     6.984    datapath/Audio_Codec/initialize_audio/twi_controller/FSM_gray_state[3]_i_10_n_0
    SLICE_X160Y118       LUT6 (Prop_lut6_I3_O)        0.124     7.108 r  datapath/Audio_Codec/initialize_audio/twi_controller/FSM_gray_state[3]_i_3/O
                         net (fo=1, routed)           0.435     7.543    datapath/Audio_Codec/initialize_audio/twi_controller/FSM_gray_state[3]_i_3_n_0
    SLICE_X162Y119       LUT6 (Prop_lut6_I0_O)        0.124     7.667 r  datapath/Audio_Codec/initialize_audio/twi_controller/FSM_gray_state[3]_i_1/O
                         net (fo=4, routed)           0.331     7.998    datapath/Audio_Codec/initialize_audio/twi_controller/FSM_gray_state[3]_i_1_n_0
    SLICE_X162Y118       FDRE                                         r  datapath/Audio_Codec/initialize_audio/twi_controller/FSM_gray_state_reg[0]/CE
  -------------------------------------------------------------------    -------------------

                         (clock clk_out2_clk_wiz_1 rise edge)
                                                      0.000     0.000 r  
    BUFGCTRL_X0Y4        BUFG                         0.000     0.000 r  clk_IBUF_BUFG_inst/O
                         net (fo=85, routed)          1.643     1.643    datapath/Audio_Codec/audiocodec_master_clock/inst/clk_in1
    MMCME2_ADV_X0Y2      MMCME2_ADV (Prop_mmcme2_adv_CLKIN1_CLKOUT1)
                                                     -3.494    -1.851 r  datapath/Audio_Codec/audiocodec_master_clock/inst/mmcm_adv_inst/CLKOUT1
                         net (fo=1, routed)           1.760    -0.091    datapath/Audio_Codec/audiocodec_master_clock/inst/clk_out2_clk_wiz_1
    BUFGCTRL_X0Y2        BUFG (Prop_bufg_I_O)         0.091     0.000 r  datapath/Audio_Codec/audiocodec_master_clock/inst/clkout2_buf/O
                         net (fo=115, routed)         1.703     1.703    datapath/Audio_Codec/initialize_audio/twi_controller/CLK
    SLICE_X162Y118       FDRE                                         r  datapath/Audio_Codec/initialize_audio/twi_controller/FSM_gray_state_reg[0]/C

Slack:                    inf
  Source:                 reset_n
                            (input port)
  Destination:            datapath/Audio_Codec/initialize_audio/twi_controller/FSM_gray_state_reg[1]/CE
                            (rising edge-triggered cell FDRE clocked by clk_out2_clk_wiz_1  {rise@0.000ns fall@4.000ns period=8.000ns})
  Path Group:             (none)
  Path Type:              Setup (Max at Slow Process Corner)
  Data Path Delay:        7.998ns  (logic 1.434ns (17.926%)  route 6.564ns (82.074%))
  Logic Levels:           4  (IBUF=1 LUT5=1 LUT6=2)
  Clock Path Skew:        1.703ns (DCD - SCD + CPR)
    Destination Clock Delay (DCD):    1.703ns
    Source Clock Delay      (SCD):    0.000ns
    Clock Pessimism Removal (CPR):    0.000ns
  Clock Uncertainty:      0.166ns  ((TSJ^2 + DJ^2)^1/2) / 2 + PE
    Total System Jitter     (TSJ):    0.050ns
    Discrete Jitter          (DJ):    0.125ns
    Phase Error              (PE):    0.099ns

    Location             Delay type                Incr(ns)  Path(ns)    Netlist Resource(s)
  -------------------------------------------------------------------    -------------------
    G4                                                0.000     0.000 r  reset_n (IN)
                         net (fo=0)                   0.000     0.000    reset_n
    G4                   IBUF (Prop_ibuf_I_O)         1.062     1.062 r  reset_n_IBUF_inst/O
                         net (fo=32, routed)          5.018     6.079    datapath/Audio_Codec/initialize_audio/twi_controller/reset_n_IBUF
    SLICE_X159Y118       LUT5 (Prop_lut5_I4_O)        0.124     6.203 f  datapath/Audio_Codec/initialize_audio/twi_controller/FSM_gray_state[3]_i_10/O
                         net (fo=1, routed)           0.781     6.984    datapath/Audio_Codec/initialize_audio/twi_controller/FSM_gray_state[3]_i_10_n_0
    SLICE_X160Y118       LUT6 (Prop_lut6_I3_O)        0.124     7.108 r  datapath/Audio_Codec/initialize_audio/twi_controller/FSM_gray_state[3]_i_3/O
                         net (fo=1, routed)           0.435     7.543    datapath/Audio_Codec/initialize_audio/twi_controller/FSM_gray_state[3]_i_3_n_0
    SLICE_X162Y119       LUT6 (Prop_lut6_I0_O)        0.124     7.667 r  datapath/Audio_Codec/initialize_audio/twi_controller/FSM_gray_state[3]_i_1/O
                         net (fo=4, routed)           0.331     7.998    datapath/Audio_Codec/initialize_audio/twi_controller/FSM_gray_state[3]_i_1_n_0
    SLICE_X162Y118       FDRE                                         r  datapath/Audio_Codec/initialize_audio/twi_controller/FSM_gray_state_reg[1]/CE
  -------------------------------------------------------------------    -------------------

                         (clock clk_out2_clk_wiz_1 rise edge)
                                                      0.000     0.000 r  
    BUFGCTRL_X0Y4        BUFG                         0.000     0.000 r  clk_IBUF_BUFG_inst/O
                         net (fo=85, routed)          1.643     1.643    datapath/Audio_Codec/audiocodec_master_clock/inst/clk_in1
    MMCME2_ADV_X0Y2      MMCME2_ADV (Prop_mmcme2_adv_CLKIN1_CLKOUT1)
                                                     -3.494    -1.851 r  datapath/Audio_Codec/audiocodec_master_clock/inst/mmcm_adv_inst/CLKOUT1
                         net (fo=1, routed)           1.760    -0.091    datapath/Audio_Codec/audiocodec_master_clock/inst/clk_out2_clk_wiz_1
    BUFGCTRL_X0Y2        BUFG (Prop_bufg_I_O)         0.091     0.000 r  datapath/Audio_Codec/audiocodec_master_clock/inst/clkout2_buf/O
                         net (fo=115, routed)         1.703     1.703    datapath/Audio_Codec/initialize_audio/twi_controller/CLK
    SLICE_X162Y118       FDRE                                         r  datapath/Audio_Codec/initialize_audio/twi_controller/FSM_gray_state_reg[1]/C

Slack:                    inf
  Source:                 reset_n
                            (input port)
  Destination:            datapath/Audio_Codec/initialize_audio/twi_controller/FSM_gray_state_reg[2]/CE
                            (rising edge-triggered cell FDRE clocked by clk_out2_clk_wiz_1  {rise@0.000ns fall@4.000ns period=8.000ns})
  Path Group:             (none)
  Path Type:              Setup (Max at Slow Process Corner)
  Data Path Delay:        7.998ns  (logic 1.434ns (17.926%)  route 6.564ns (82.074%))
  Logic Levels:           4  (IBUF=1 LUT5=1 LUT6=2)
  Clock Path Skew:        1.703ns (DCD - SCD + CPR)
    Destination Clock Delay (DCD):    1.703ns
    Source Clock Delay      (SCD):    0.000ns
    Clock Pessimism Removal (CPR):    0.000ns
  Clock Uncertainty:      0.166ns  ((TSJ^2 + DJ^2)^1/2) / 2 + PE
    Total System Jitter     (TSJ):    0.050ns
    Discrete Jitter          (DJ):    0.125ns
    Phase Error              (PE):    0.099ns

    Location             Delay type                Incr(ns)  Path(ns)    Netlist Resource(s)
  -------------------------------------------------------------------    -------------------
    G4                                                0.000     0.000 r  reset_n (IN)
                         net (fo=0)                   0.000     0.000    reset_n
    G4                   IBUF (Prop_ibuf_I_O)         1.062     1.062 r  reset_n_IBUF_inst/O
                         net (fo=32, routed)          5.018     6.079    datapath/Audio_Codec/initialize_audio/twi_controller/reset_n_IBUF
    SLICE_X159Y118       LUT5 (Prop_lut5_I4_O)        0.124     6.203 f  datapath/Audio_Codec/initialize_audio/twi_controller/FSM_gray_state[3]_i_10/O
                         net (fo=1, routed)           0.781     6.984    datapath/Audio_Codec/initialize_audio/twi_controller/FSM_gray_state[3]_i_10_n_0
    SLICE_X160Y118       LUT6 (Prop_lut6_I3_O)        0.124     7.108 r  datapath/Audio_Codec/initialize_audio/twi_controller/FSM_gray_state[3]_i_3/O
                         net (fo=1, routed)           0.435     7.543    datapath/Audio_Codec/initialize_audio/twi_controller/FSM_gray_state[3]_i_3_n_0
    SLICE_X162Y119       LUT6 (Prop_lut6_I0_O)        0.124     7.667 r  datapath/Audio_Codec/initialize_audio/twi_controller/FSM_gray_state[3]_i_1/O
                         net (fo=4, routed)           0.331     7.998    datapath/Audio_Codec/initialize_audio/twi_controller/FSM_gray_state[3]_i_1_n_0
    SLICE_X162Y118       FDRE                                         r  datapath/Audio_Codec/initialize_audio/twi_controller/FSM_gray_state_reg[2]/CE
  -------------------------------------------------------------------    -------------------

                         (clock clk_out2_clk_wiz_1 rise edge)
                                                      0.000     0.000 r  
    BUFGCTRL_X0Y4        BUFG                         0.000     0.000 r  clk_IBUF_BUFG_inst/O
                         net (fo=85, routed)          1.643     1.643    datapath/Audio_Codec/audiocodec_master_clock/inst/clk_in1
    MMCME2_ADV_X0Y2      MMCME2_ADV (Prop_mmcme2_adv_CLKIN1_CLKOUT1)
                                                     -3.494    -1.851 r  datapath/Audio_Codec/audiocodec_master_clock/inst/mmcm_adv_inst/CLKOUT1
                         net (fo=1, routed)           1.760    -0.091    datapath/Audio_Codec/audiocodec_master_clock/inst/clk_out2_clk_wiz_1
    BUFGCTRL_X0Y2        BUFG (Prop_bufg_I_O)         0.091     0.000 r  datapath/Audio_Codec/audiocodec_master_clock/inst/clkout2_buf/O
                         net (fo=115, routed)         1.703     1.703    datapath/Audio_Codec/initialize_audio/twi_controller/CLK
    SLICE_X162Y118       FDRE                                         r  datapath/Audio_Codec/initialize_audio/twi_controller/FSM_gray_state_reg[2]/C

Slack:                    inf
  Source:                 reset_n
                            (input port)
  Destination:            datapath/Audio_Codec/initialize_audio/twi_controller/FSM_gray_state_reg[3]/CE
                            (rising edge-triggered cell FDRE clocked by clk_out2_clk_wiz_1  {rise@0.000ns fall@4.000ns period=8.000ns})
  Path Group:             (none)
  Path Type:              Setup (Max at Slow Process Corner)
  Data Path Delay:        7.998ns  (logic 1.434ns (17.926%)  route 6.564ns (82.074%))
  Logic Levels:           4  (IBUF=1 LUT5=1 LUT6=2)
  Clock Path Skew:        1.703ns (DCD - SCD + CPR)
    Destination Clock Delay (DCD):    1.703ns
    Source Clock Delay      (SCD):    0.000ns
    Clock Pessimism Removal (CPR):    0.000ns
  Clock Uncertainty:      0.166ns  ((TSJ^2 + DJ^2)^1/2) / 2 + PE
    Total System Jitter     (TSJ):    0.050ns
    Discrete Jitter          (DJ):    0.125ns
    Phase Error              (PE):    0.099ns

    Location             Delay type                Incr(ns)  Path(ns)    Netlist Resource(s)
  -------------------------------------------------------------------    -------------------
    G4                                                0.000     0.000 r  reset_n (IN)
                         net (fo=0)                   0.000     0.000    reset_n
    G4                   IBUF (Prop_ibuf_I_O)         1.062     1.062 r  reset_n_IBUF_inst/O
                         net (fo=32, routed)          5.018     6.079    datapath/Audio_Codec/initialize_audio/twi_controller/reset_n_IBUF
    SLICE_X159Y118       LUT5 (Prop_lut5_I4_O)        0.124     6.203 f  datapath/Audio_Codec/initialize_audio/twi_controller/FSM_gray_state[3]_i_10/O
                         net (fo=1, routed)           0.781     6.984    datapath/Audio_Codec/initialize_audio/twi_controller/FSM_gray_state[3]_i_10_n_0
    SLICE_X160Y118       LUT6 (Prop_lut6_I3_O)        0.124     7.108 r  datapath/Audio_Codec/initialize_audio/twi_controller/FSM_gray_state[3]_i_3/O
                         net (fo=1, routed)           0.435     7.543    datapath/Audio_Codec/initialize_audio/twi_controller/FSM_gray_state[3]_i_3_n_0
    SLICE_X162Y119       LUT6 (Prop_lut6_I0_O)        0.124     7.667 r  datapath/Audio_Codec/initialize_audio/twi_controller/FSM_gray_state[3]_i_1/O
                         net (fo=4, routed)           0.331     7.998    datapath/Audio_Codec/initialize_audio/twi_controller/FSM_gray_state[3]_i_1_n_0
    SLICE_X162Y118       FDRE                                         r  datapath/Audio_Codec/initialize_audio/twi_controller/FSM_gray_state_reg[3]/CE
  -------------------------------------------------------------------    -------------------

                         (clock clk_out2_clk_wiz_1 rise edge)
                                                      0.000     0.000 r  
    BUFGCTRL_X0Y4        BUFG                         0.000     0.000 r  clk_IBUF_BUFG_inst/O
                         net (fo=85, routed)          1.643     1.643    datapath/Audio_Codec/audiocodec_master_clock/inst/clk_in1
    MMCME2_ADV_X0Y2      MMCME2_ADV (Prop_mmcme2_adv_CLKIN1_CLKOUT1)
                                                     -3.494    -1.851 r  datapath/Audio_Codec/audiocodec_master_clock/inst/mmcm_adv_inst/CLKOUT1
                         net (fo=1, routed)           1.760    -0.091    datapath/Audio_Codec/audiocodec_master_clock/inst/clk_out2_clk_wiz_1
    BUFGCTRL_X0Y2        BUFG (Prop_bufg_I_O)         0.091     0.000 r  datapath/Audio_Codec/audiocodec_master_clock/inst/clkout2_buf/O
                         net (fo=115, routed)         1.703     1.703    datapath/Audio_Codec/initialize_audio/twi_controller/CLK
    SLICE_X162Y118       FDRE                                         r  datapath/Audio_Codec/initialize_audio/twi_controller/FSM_gray_state_reg[3]/C

Slack:                    inf
  Source:                 reset_n
                            (input port)
  Destination:            datapath/Audio_Codec/initialize_audio/initA_reg[0]/R
                            (rising edge-triggered cell FDRE clocked by clk_out2_clk_wiz_1  {rise@0.000ns fall@4.000ns period=8.000ns})
  Path Group:             (none)
  Path Type:              Setup (Max at Slow Process Corner)
  Data Path Delay:        6.680ns  (logic 1.215ns (18.185%)  route 5.465ns (81.815%))
  Logic Levels:           2  (IBUF=1 LUT1=1)
  Clock Path Skew:        1.697ns (DCD - SCD + CPR)
    Destination Clock Delay (DCD):    1.697ns
    Source Clock Delay      (SCD):    0.000ns
    Clock Pessimism Removal (CPR):    0.000ns
  Clock Uncertainty:      0.166ns  ((TSJ^2 + DJ^2)^1/2) / 2 + PE
    Total System Jitter     (TSJ):    0.050ns
    Discrete Jitter          (DJ):    0.125ns
    Phase Error              (PE):    0.099ns

    Location             Delay type                Incr(ns)  Path(ns)    Netlist Resource(s)
  -------------------------------------------------------------------    -------------------
    G4                                                0.000     0.000 f  reset_n (IN)
                         net (fo=0)                   0.000     0.000    reset_n
    G4                   IBUF (Prop_ibuf_I_O)         1.062     1.062 f  reset_n_IBUF_inst/O
                         net (fo=32, routed)          4.483     5.545    datapath/Audio_Codec/audio_inout/reset_n_IBUF
    SLICE_X158Y121       LUT1 (Prop_lut1_I0_O)        0.153     5.698 r  datapath/Audio_Codec/audio_inout/processQ[9]_i_1/O
                         net (fo=68, routed)          0.983     6.680    datapath/Audio_Codec/initialize_audio/SR[0]
    SLICE_X158Y122       FDRE                                         r  datapath/Audio_Codec/initialize_audio/initA_reg[0]/R
  -------------------------------------------------------------------    -------------------

                         (clock clk_out2_clk_wiz_1 rise edge)
                                                      0.000     0.000 r  
    BUFGCTRL_X0Y4        BUFG                         0.000     0.000 r  clk_IBUF_BUFG_inst/O
                         net (fo=85, routed)          1.643     1.643    datapath/Audio_Codec/audiocodec_master_clock/inst/clk_in1
    MMCME2_ADV_X0Y2      MMCME2_ADV (Prop_mmcme2_adv_CLKIN1_CLKOUT1)
                                                     -3.494    -1.851 r  datapath/Audio_Codec/audiocodec_master_clock/inst/mmcm_adv_inst/CLKOUT1
                         net (fo=1, routed)           1.760    -0.091    datapath/Audio_Codec/audiocodec_master_clock/inst/clk_out2_clk_wiz_1
    BUFGCTRL_X0Y2        BUFG (Prop_bufg_I_O)         0.091     0.000 r  datapath/Audio_Codec/audiocodec_master_clock/inst/clkout2_buf/O
                         net (fo=115, routed)         1.697     1.697    datapath/Audio_Codec/initialize_audio/CLK
    SLICE_X158Y122       FDRE                                         r  datapath/Audio_Codec/initialize_audio/initA_reg[0]/C

Slack:                    inf
  Source:                 reset_n
                            (input port)
  Destination:            datapath/Audio_Codec/initialize_audio/initA_reg[1]/R
                            (rising edge-triggered cell FDRE clocked by clk_out2_clk_wiz_1  {rise@0.000ns fall@4.000ns period=8.000ns})
  Path Group:             (none)
  Path Type:              Setup (Max at Slow Process Corner)
  Data Path Delay:        6.680ns  (logic 1.215ns (18.185%)  route 5.465ns (81.815%))
  Logic Levels:           2  (IBUF=1 LUT1=1)
  Clock Path Skew:        1.697ns (DCD - SCD + CPR)
    Destination Clock Delay (DCD):    1.697ns
    Source Clock Delay      (SCD):    0.000ns
    Clock Pessimism Removal (CPR):    0.000ns
  Clock Uncertainty:      0.166ns  ((TSJ^2 + DJ^2)^1/2) / 2 + PE
    Total System Jitter     (TSJ):    0.050ns
    Discrete Jitter          (DJ):    0.125ns
    Phase Error              (PE):    0.099ns

    Location             Delay type                Incr(ns)  Path(ns)    Netlist Resource(s)
  -------------------------------------------------------------------    -------------------
    G4                                                0.000     0.000 f  reset_n (IN)
                         net (fo=0)                   0.000     0.000    reset_n
    G4                   IBUF (Prop_ibuf_I_O)         1.062     1.062 f  reset_n_IBUF_inst/O
                         net (fo=32, routed)          4.483     5.545    datapath/Audio_Codec/audio_inout/reset_n_IBUF
    SLICE_X158Y121       LUT1 (Prop_lut1_I0_O)        0.153     5.698 r  datapath/Audio_Codec/audio_inout/processQ[9]_i_1/O
                         net (fo=68, routed)          0.983     6.680    datapath/Audio_Codec/initialize_audio/SR[0]
    SLICE_X158Y122       FDRE                                         r  datapath/Audio_Codec/initialize_audio/initA_reg[1]/R
  -------------------------------------------------------------------    -------------------

                         (clock clk_out2_clk_wiz_1 rise edge)
                                                      0.000     0.000 r  
    BUFGCTRL_X0Y4        BUFG                         0.000     0.000 r  clk_IBUF_BUFG_inst/O
                         net (fo=85, routed)          1.643     1.643    datapath/Audio_Codec/audiocodec_master_clock/inst/clk_in1
    MMCME2_ADV_X0Y2      MMCME2_ADV (Prop_mmcme2_adv_CLKIN1_CLKOUT1)
                                                     -3.494    -1.851 r  datapath/Audio_Codec/audiocodec_master_clock/inst/mmcm_adv_inst/CLKOUT1
                         net (fo=1, routed)           1.760    -0.091    datapath/Audio_Codec/audiocodec_master_clock/inst/clk_out2_clk_wiz_1
    BUFGCTRL_X0Y2        BUFG (Prop_bufg_I_O)         0.091     0.000 r  datapath/Audio_Codec/audiocodec_master_clock/inst/clkout2_buf/O
                         net (fo=115, routed)         1.697     1.697    datapath/Audio_Codec/initialize_audio/CLK
    SLICE_X158Y122       FDRE                                         r  datapath/Audio_Codec/initialize_audio/initA_reg[1]/C

Slack:                    inf
  Source:                 reset_n
                            (input port)
  Destination:            datapath/Audio_Codec/initialize_audio/initA_reg[2]/R
                            (rising edge-triggered cell FDRE clocked by clk_out2_clk_wiz_1  {rise@0.000ns fall@4.000ns period=8.000ns})
  Path Group:             (none)
  Path Type:              Setup (Max at Slow Process Corner)
  Data Path Delay:        6.680ns  (logic 1.215ns (18.185%)  route 5.465ns (81.815%))
  Logic Levels:           2  (IBUF=1 LUT1=1)
  Clock Path Skew:        1.697ns (DCD - SCD + CPR)
    Destination Clock Delay (DCD):    1.697ns
    Source Clock Delay      (SCD):    0.000ns
    Clock Pessimism Removal (CPR):    0.000ns
  Clock Uncertainty:      0.166ns  ((TSJ^2 + DJ^2)^1/2) / 2 + PE
    Total System Jitter     (TSJ):    0.050ns
    Discrete Jitter          (DJ):    0.125ns
    Phase Error              (PE):    0.099ns

    Location             Delay type                Incr(ns)  Path(ns)    Netlist Resource(s)
  -------------------------------------------------------------------    -------------------
    G4                                                0.000     0.000 f  reset_n (IN)
                         net (fo=0)                   0.000     0.000    reset_n
    G4                   IBUF (Prop_ibuf_I_O)         1.062     1.062 f  reset_n_IBUF_inst/O
                         net (fo=32, routed)          4.483     5.545    datapath/Audio_Codec/audio_inout/reset_n_IBUF
    SLICE_X158Y121       LUT1 (Prop_lut1_I0_O)        0.153     5.698 r  datapath/Audio_Codec/audio_inout/processQ[9]_i_1/O
                         net (fo=68, routed)          0.983     6.680    datapath/Audio_Codec/initialize_audio/SR[0]
    SLICE_X159Y122       FDRE                                         r  datapath/Audio_Codec/initialize_audio/initA_reg[2]/R
  -------------------------------------------------------------------    -------------------

                         (clock clk_out2_clk_wiz_1 rise edge)
                                                      0.000     0.000 r  
    BUFGCTRL_X0Y4        BUFG                         0.000     0.000 r  clk_IBUF_BUFG_inst/O
                         net (fo=85, routed)          1.643     1.643    datapath/Audio_Codec/audiocodec_master_clock/inst/clk_in1
    MMCME2_ADV_X0Y2      MMCME2_ADV (Prop_mmcme2_adv_CLKIN1_CLKOUT1)
                                                     -3.494    -1.851 r  datapath/Audio_Codec/audiocodec_master_clock/inst/mmcm_adv_inst/CLKOUT1
                         net (fo=1, routed)           1.760    -0.091    datapath/Audio_Codec/audiocodec_master_clock/inst/clk_out2_clk_wiz_1
    BUFGCTRL_X0Y2        BUFG (Prop_bufg_I_O)         0.091     0.000 r  datapath/Audio_Codec/audiocodec_master_clock/inst/clkout2_buf/O
                         net (fo=115, routed)         1.697     1.697    datapath/Audio_Codec/initialize_audio/CLK
    SLICE_X159Y122       FDRE                                         r  datapath/Audio_Codec/initialize_audio/initA_reg[2]/C

Slack:                    inf
  Source:                 reset_n
                            (input port)
  Destination:            datapath/Audio_Codec/initialize_audio/initA_reg[3]/R
                            (rising edge-triggered cell FDRE clocked by clk_out2_clk_wiz_1  {rise@0.000ns fall@4.000ns period=8.000ns})
  Path Group:             (none)
  Path Type:              Setup (Max at Slow Process Corner)
  Data Path Delay:        6.680ns  (logic 1.215ns (18.185%)  route 5.465ns (81.815%))
  Logic Levels:           2  (IBUF=1 LUT1=1)
  Clock Path Skew:        1.697ns (DCD - SCD + CPR)
    Destination Clock Delay (DCD):    1.697ns
    Source Clock Delay      (SCD):    0.000ns
    Clock Pessimism Removal (CPR):    0.000ns
  Clock Uncertainty:      0.166ns  ((TSJ^2 + DJ^2)^1/2) / 2 + PE
    Total System Jitter     (TSJ):    0.050ns
    Discrete Jitter          (DJ):    0.125ns
    Phase Error              (PE):    0.099ns

    Location             Delay type                Incr(ns)  Path(ns)    Netlist Resource(s)
  -------------------------------------------------------------------    -------------------
    G4                                                0.000     0.000 f  reset_n (IN)
                         net (fo=0)                   0.000     0.000    reset_n
    G4                   IBUF (Prop_ibuf_I_O)         1.062     1.062 f  reset_n_IBUF_inst/O
                         net (fo=32, routed)          4.483     5.545    datapath/Audio_Codec/audio_inout/reset_n_IBUF
    SLICE_X158Y121       LUT1 (Prop_lut1_I0_O)        0.153     5.698 r  datapath/Audio_Codec/audio_inout/processQ[9]_i_1/O
                         net (fo=68, routed)          0.983     6.680    datapath/Audio_Codec/initialize_audio/SR[0]
    SLICE_X159Y122       FDRE                                         r  datapath/Audio_Codec/initialize_audio/initA_reg[3]/R
  -------------------------------------------------------------------    -------------------

                         (clock clk_out2_clk_wiz_1 rise edge)
                                                      0.000     0.000 r  
    BUFGCTRL_X0Y4        BUFG                         0.000     0.000 r  clk_IBUF_BUFG_inst/O
                         net (fo=85, routed)          1.643     1.643    datapath/Audio_Codec/audiocodec_master_clock/inst/clk_in1
    MMCME2_ADV_X0Y2      MMCME2_ADV (Prop_mmcme2_adv_CLKIN1_CLKOUT1)
                                                     -3.494    -1.851 r  datapath/Audio_Codec/audiocodec_master_clock/inst/mmcm_adv_inst/CLKOUT1
                         net (fo=1, routed)           1.760    -0.091    datapath/Audio_Codec/audiocodec_master_clock/inst/clk_out2_clk_wiz_1
    BUFGCTRL_X0Y2        BUFG (Prop_bufg_I_O)         0.091     0.000 r  datapath/Audio_Codec/audiocodec_master_clock/inst/clkout2_buf/O
                         net (fo=115, routed)         1.697     1.697    datapath/Audio_Codec/initialize_audio/CLK
    SLICE_X159Y122       FDRE                                         r  datapath/Audio_Codec/initialize_audio/initA_reg[3]/C

Slack:                    inf
  Source:                 reset_n
                            (input port)
  Destination:            datapath/Audio_Codec/initialize_audio/initA_reg[4]/R
                            (rising edge-triggered cell FDRE clocked by clk_out2_clk_wiz_1  {rise@0.000ns fall@4.000ns period=8.000ns})
  Path Group:             (none)
  Path Type:              Setup (Max at Slow Process Corner)
  Data Path Delay:        6.680ns  (logic 1.215ns (18.185%)  route 5.465ns (81.815%))
  Logic Levels:           2  (IBUF=1 LUT1=1)
  Clock Path Skew:        1.697ns (DCD - SCD + CPR)
    Destination Clock Delay (DCD):    1.697ns
    Source Clock Delay      (SCD):    0.000ns
    Clock Pessimism Removal (CPR):    0.000ns
  Clock Uncertainty:      0.166ns  ((TSJ^2 + DJ^2)^1/2) / 2 + PE
    Total System Jitter     (TSJ):    0.050ns
    Discrete Jitter          (DJ):    0.125ns
    Phase Error              (PE):    0.099ns

    Location             Delay type                Incr(ns)  Path(ns)    Netlist Resource(s)
  -------------------------------------------------------------------    -------------------
    G4                                                0.000     0.000 f  reset_n (IN)
                         net (fo=0)                   0.000     0.000    reset_n
    G4                   IBUF (Prop_ibuf_I_O)         1.062     1.062 f  reset_n_IBUF_inst/O
                         net (fo=32, routed)          4.483     5.545    datapath/Audio_Codec/audio_inout/reset_n_IBUF
    SLICE_X158Y121       LUT1 (Prop_lut1_I0_O)        0.153     5.698 r  datapath/Audio_Codec/audio_inout/processQ[9]_i_1/O
                         net (fo=68, routed)          0.983     6.680    datapath/Audio_Codec/initialize_audio/SR[0]
    SLICE_X159Y122       FDRE                                         r  datapath/Audio_Codec/initialize_audio/initA_reg[4]/R
  -------------------------------------------------------------------    -------------------

                         (clock clk_out2_clk_wiz_1 rise edge)
                                                      0.000     0.000 r  
    BUFGCTRL_X0Y4        BUFG                         0.000     0.000 r  clk_IBUF_BUFG_inst/O
                         net (fo=85, routed)          1.643     1.643    datapath/Audio_Codec/audiocodec_master_clock/inst/clk_in1
    MMCME2_ADV_X0Y2      MMCME2_ADV (Prop_mmcme2_adv_CLKIN1_CLKOUT1)
                                                     -3.494    -1.851 r  datapath/Audio_Codec/audiocodec_master_clock/inst/mmcm_adv_inst/CLKOUT1
                         net (fo=1, routed)           1.760    -0.091    datapath/Audio_Codec/audiocodec_master_clock/inst/clk_out2_clk_wiz_1
    BUFGCTRL_X0Y2        BUFG (Prop_bufg_I_O)         0.091     0.000 r  datapath/Audio_Codec/audiocodec_master_clock/inst/clkout2_buf/O
                         net (fo=115, routed)         1.697     1.697    datapath/Audio_Codec/initialize_audio/CLK
    SLICE_X159Y122       FDRE                                         r  datapath/Audio_Codec/initialize_audio/initA_reg[4]/C

Slack:                    inf
  Source:                 reset_n
                            (input port)
  Destination:            datapath/Audio_Codec/initialize_audio/initA_reg[5]/R
                            (rising edge-triggered cell FDRE clocked by clk_out2_clk_wiz_1  {rise@0.000ns fall@4.000ns period=8.000ns})
  Path Group:             (none)
  Path Type:              Setup (Max at Slow Process Corner)
  Data Path Delay:        6.680ns  (logic 1.215ns (18.185%)  route 5.465ns (81.815%))
  Logic Levels:           2  (IBUF=1 LUT1=1)
  Clock Path Skew:        1.697ns (DCD - SCD + CPR)
    Destination Clock Delay (DCD):    1.697ns
    Source Clock Delay      (SCD):    0.000ns
    Clock Pessimism Removal (CPR):    0.000ns
  Clock Uncertainty:      0.166ns  ((TSJ^2 + DJ^2)^1/2) / 2 + PE
    Total System Jitter     (TSJ):    0.050ns
    Discrete Jitter          (DJ):    0.125ns
    Phase Error              (PE):    0.099ns

    Location             Delay type                Incr(ns)  Path(ns)    Netlist Resource(s)
  -------------------------------------------------------------------    -------------------
    G4                                                0.000     0.000 f  reset_n (IN)
                         net (fo=0)                   0.000     0.000    reset_n
    G4                   IBUF (Prop_ibuf_I_O)         1.062     1.062 f  reset_n_IBUF_inst/O
                         net (fo=32, routed)          4.483     5.545    datapath/Audio_Codec/audio_inout/reset_n_IBUF
    SLICE_X158Y121       LUT1 (Prop_lut1_I0_O)        0.153     5.698 r  datapath/Audio_Codec/audio_inout/processQ[9]_i_1/O
                         net (fo=68, routed)          0.983     6.680    datapath/Audio_Codec/initialize_audio/SR[0]
    SLICE_X159Y122       FDRE                                         r  datapath/Audio_Codec/initialize_audio/initA_reg[5]/R
  -------------------------------------------------------------------    -------------------

                         (clock clk_out2_clk_wiz_1 rise edge)
                                                      0.000     0.000 r  
    BUFGCTRL_X0Y4        BUFG                         0.000     0.000 r  clk_IBUF_BUFG_inst/O
                         net (fo=85, routed)          1.643     1.643    datapath/Audio_Codec/audiocodec_master_clock/inst/clk_in1
    MMCME2_ADV_X0Y2      MMCME2_ADV (Prop_mmcme2_adv_CLKIN1_CLKOUT1)
                                                     -3.494    -1.851 r  datapath/Audio_Codec/audiocodec_master_clock/inst/mmcm_adv_inst/CLKOUT1
                         net (fo=1, routed)           1.760    -0.091    datapath/Audio_Codec/audiocodec_master_clock/inst/clk_out2_clk_wiz_1
    BUFGCTRL_X0Y2        BUFG (Prop_bufg_I_O)         0.091     0.000 r  datapath/Audio_Codec/audiocodec_master_clock/inst/clkout2_buf/O
                         net (fo=115, routed)         1.697     1.697    datapath/Audio_Codec/initialize_audio/CLK
    SLICE_X159Y122       FDRE                                         r  datapath/Audio_Codec/initialize_audio/initA_reg[5]/C





Min Delay Paths
--------------------------------------------------------------------------------------
Slack:                    inf
  Source:                 sda
                            (input port)
  Destination:            datapath/Audio_Codec/initialize_audio/twi_controller/dSda_reg/D
                            (rising edge-triggered cell FDRE clocked by clk_out2_clk_wiz_1  {rise@0.000ns fall@4.000ns period=8.000ns})
  Path Group:             (none)
  Path Type:              Hold (Min at Fast Process Corner)
  Data Path Delay:        0.592ns  (logic 0.246ns (41.479%)  route 0.346ns (58.521%))
  Logic Levels:           1  (IBUF=1)
  Clock Path Skew:        0.913ns (DCD - SCD - CPR)
    Destination Clock Delay (DCD):    0.913ns
    Source Clock Delay      (SCD):    0.000ns
    Clock Pessimism Removal (CPR):    -0.000ns

    Location             Delay type                Incr(ns)  Path(ns)    Netlist Resource(s)
  -------------------------------------------------------------------    -------------------
    V5                                                0.000     0.000 r  sda (INOUT)
                         net (fo=1, unset)            0.000     0.000    sda_IOBUF_inst/IO
    V5                   IBUF (Prop_ibuf_I_O)         0.246     0.246 r  sda_IOBUF_inst/IBUF/O
                         net (fo=1, routed)           0.346     0.592    datapath/Audio_Codec/initialize_audio/twi_controller/sda_IBUF
    SLICE_X160Y117       FDRE                                         r  datapath/Audio_Codec/initialize_audio/twi_controller/dSda_reg/D
  -------------------------------------------------------------------    -------------------

                         (clock clk_out2_clk_wiz_1 rise edge)
                                                      0.000     0.000 r  
    BUFGCTRL_X0Y4        BUFG                         0.000     0.000 r  clk_IBUF_BUFG_inst/O
                         net (fo=85, routed)          0.879     0.879    datapath/Audio_Codec/audiocodec_master_clock/inst/clk_in1
    MMCME2_ADV_X0Y2      MMCME2_ADV (Prop_mmcme2_adv_CLKIN1_CLKOUT1)
                                                     -1.502    -0.624 r  datapath/Audio_Codec/audiocodec_master_clock/inst/mmcm_adv_inst/CLKOUT1
                         net (fo=1, routed)           0.595    -0.029    datapath/Audio_Codec/audiocodec_master_clock/inst/clk_out2_clk_wiz_1
    BUFGCTRL_X0Y2        BUFG (Prop_bufg_I_O)         0.029    -0.000 r  datapath/Audio_Codec/audiocodec_master_clock/inst/clkout2_buf/O
                         net (fo=115, routed)         0.913     0.913    datapath/Audio_Codec/initialize_audio/twi_controller/CLK
    SLICE_X160Y117       FDRE                                         r  datapath/Audio_Codec/initialize_audio/twi_controller/dSda_reg/C

Slack:                    inf
  Source:                 scl
                            (input port)
  Destination:            datapath/Audio_Codec/initialize_audio/twi_controller/dScl_reg/D
                            (rising edge-triggered cell FDRE clocked by clk_out2_clk_wiz_1  {rise@0.000ns fall@4.000ns period=8.000ns})
  Path Group:             (none)
  Path Type:              Hold (Min at Fast Process Corner)
  Data Path Delay:        0.595ns  (logic 0.263ns (44.130%)  route 0.332ns (55.870%))
  Logic Levels:           1  (IBUF=1)
  Clock Path Skew:        0.912ns (DCD - SCD - CPR)
    Destination Clock Delay (DCD):    0.912ns
    Source Clock Delay      (SCD):    0.000ns
    Clock Pessimism Removal (CPR):    -0.000ns

    Location             Delay type                Incr(ns)  Path(ns)    Netlist Resource(s)
  -------------------------------------------------------------------    -------------------
    W5                                                0.000     0.000 r  scl (INOUT)
                         net (fo=1, unset)            0.000     0.000    scl_IOBUF_inst/IO
    W5                   IBUF (Prop_ibuf_I_O)         0.263     0.263 r  scl_IOBUF_inst/IBUF/O
                         net (fo=1, routed)           0.332     0.595    datapath/Audio_Codec/initialize_audio/twi_controller/scl_IBUF
    SLICE_X163Y118       FDRE                                         r  datapath/Audio_Codec/initialize_audio/twi_controller/dScl_reg/D
  -------------------------------------------------------------------    -------------------

                         (clock clk_out2_clk_wiz_1 rise edge)
                                                      0.000     0.000 r  
    BUFGCTRL_X0Y4        BUFG                         0.000     0.000 r  clk_IBUF_BUFG_inst/O
                         net (fo=85, routed)          0.879     0.879    datapath/Audio_Codec/audiocodec_master_clock/inst/clk_in1
    MMCME2_ADV_X0Y2      MMCME2_ADV (Prop_mmcme2_adv_CLKIN1_CLKOUT1)
                                                     -1.502    -0.624 r  datapath/Audio_Codec/audiocodec_master_clock/inst/mmcm_adv_inst/CLKOUT1
                         net (fo=1, routed)           0.595    -0.029    datapath/Audio_Codec/audiocodec_master_clock/inst/clk_out2_clk_wiz_1
    BUFGCTRL_X0Y2        BUFG (Prop_bufg_I_O)         0.029    -0.000 r  datapath/Audio_Codec/audiocodec_master_clock/inst/clkout2_buf/O
                         net (fo=115, routed)         0.912     0.912    datapath/Audio_Codec/initialize_audio/twi_controller/CLK
    SLICE_X163Y118       FDRE                                         r  datapath/Audio_Codec/initialize_audio/twi_controller/dScl_reg/C

Slack:                    inf
  Source:                 reset_n
                            (input port)
  Destination:            datapath/Audio_Codec/initialize_audio/data_i_reg[0]/CE
                            (rising edge-triggered cell FDRE clocked by clk_out2_clk_wiz_1  {rise@0.000ns fall@4.000ns period=8.000ns})
  Path Group:             (none)
  Path Type:              Hold (Min at Fast Process Corner)
  Data Path Delay:        1.956ns  (logic 0.186ns (9.506%)  route 1.770ns (90.494%))
  Logic Levels:           1  (IBUF=1)
  Clock Path Skew:        0.908ns (DCD - SCD - CPR)
    Destination Clock Delay (DCD):    0.908ns
    Source Clock Delay      (SCD):    0.000ns
    Clock Pessimism Removal (CPR):    -0.000ns

    Location             Delay type                Incr(ns)  Path(ns)    Netlist Resource(s)
  -------------------------------------------------------------------    -------------------
    G4                                                0.000     0.000 r  reset_n (IN)
                         net (fo=0)                   0.000     0.000    reset_n
    G4                   IBUF (Prop_ibuf_I_O)         0.186     0.186 r  reset_n_IBUF_inst/O
                         net (fo=32, routed)          1.770     1.956    datapath/Audio_Codec/initialize_audio/reset_n_IBUF
    SLICE_X160Y122       FDRE                                         r  datapath/Audio_Codec/initialize_audio/data_i_reg[0]/CE
  -------------------------------------------------------------------    -------------------

                         (clock clk_out2_clk_wiz_1 rise edge)
                                                      0.000     0.000 r  
    BUFGCTRL_X0Y4        BUFG                         0.000     0.000 r  clk_IBUF_BUFG_inst/O
                         net (fo=85, routed)          0.879     0.879    datapath/Audio_Codec/audiocodec_master_clock/inst/clk_in1
    MMCME2_ADV_X0Y2      MMCME2_ADV (Prop_mmcme2_adv_CLKIN1_CLKOUT1)
                                                     -1.502    -0.624 r  datapath/Audio_Codec/audiocodec_master_clock/inst/mmcm_adv_inst/CLKOUT1
                         net (fo=1, routed)           0.595    -0.029    datapath/Audio_Codec/audiocodec_master_clock/inst/clk_out2_clk_wiz_1
    BUFGCTRL_X0Y2        BUFG (Prop_bufg_I_O)         0.029    -0.000 r  datapath/Audio_Codec/audiocodec_master_clock/inst/clkout2_buf/O
                         net (fo=115, routed)         0.908     0.908    datapath/Audio_Codec/initialize_audio/CLK
    SLICE_X160Y122       FDRE                                         r  datapath/Audio_Codec/initialize_audio/data_i_reg[0]/C

Slack:                    inf
  Source:                 reset_n
                            (input port)
  Destination:            datapath/Audio_Codec/initialize_audio/data_i_reg[1]/CE
                            (rising edge-triggered cell FDRE clocked by clk_out2_clk_wiz_1  {rise@0.000ns fall@4.000ns period=8.000ns})
  Path Group:             (none)
  Path Type:              Hold (Min at Fast Process Corner)
  Data Path Delay:        2.016ns  (logic 0.186ns (9.222%)  route 1.830ns (90.778%))
  Logic Levels:           1  (IBUF=1)
  Clock Path Skew:        0.908ns (DCD - SCD - CPR)
    Destination Clock Delay (DCD):    0.908ns
    Source Clock Delay      (SCD):    0.000ns
    Clock Pessimism Removal (CPR):    -0.000ns

    Location             Delay type                Incr(ns)  Path(ns)    Netlist Resource(s)
  -------------------------------------------------------------------    -------------------
    G4                                                0.000     0.000 r  reset_n (IN)
                         net (fo=0)                   0.000     0.000    reset_n
    G4                   IBUF (Prop_ibuf_I_O)         0.186     0.186 r  reset_n_IBUF_inst/O
                         net (fo=32, routed)          1.830     2.016    datapath/Audio_Codec/initialize_audio/reset_n_IBUF
    SLICE_X161Y122       FDRE                                         r  datapath/Audio_Codec/initialize_audio/data_i_reg[1]/CE
  -------------------------------------------------------------------    -------------------

                         (clock clk_out2_clk_wiz_1 rise edge)
                                                      0.000     0.000 r  
    BUFGCTRL_X0Y4        BUFG                         0.000     0.000 r  clk_IBUF_BUFG_inst/O
                         net (fo=85, routed)          0.879     0.879    datapath/Audio_Codec/audiocodec_master_clock/inst/clk_in1
    MMCME2_ADV_X0Y2      MMCME2_ADV (Prop_mmcme2_adv_CLKIN1_CLKOUT1)
                                                     -1.502    -0.624 r  datapath/Audio_Codec/audiocodec_master_clock/inst/mmcm_adv_inst/CLKOUT1
                         net (fo=1, routed)           0.595    -0.029    datapath/Audio_Codec/audiocodec_master_clock/inst/clk_out2_clk_wiz_1
    BUFGCTRL_X0Y2        BUFG (Prop_bufg_I_O)         0.029    -0.000 r  datapath/Audio_Codec/audiocodec_master_clock/inst/clkout2_buf/O
                         net (fo=115, routed)         0.908     0.908    datapath/Audio_Codec/initialize_audio/CLK
    SLICE_X161Y122       FDRE                                         r  datapath/Audio_Codec/initialize_audio/data_i_reg[1]/C

Slack:                    inf
  Source:                 reset_n
                            (input port)
  Destination:            datapath/Audio_Codec/initialize_audio/msg_reg/CE
                            (rising edge-triggered cell FDRE clocked by clk_out2_clk_wiz_1  {rise@0.000ns fall@4.000ns period=8.000ns})
  Path Group:             (none)
  Path Type:              Hold (Min at Fast Process Corner)
  Data Path Delay:        2.016ns  (logic 0.186ns (9.222%)  route 1.830ns (90.778%))
  Logic Levels:           1  (IBUF=1)
  Clock Path Skew:        0.908ns (DCD - SCD - CPR)
    Destination Clock Delay (DCD):    0.908ns
    Source Clock Delay      (SCD):    0.000ns
    Clock Pessimism Removal (CPR):    -0.000ns

    Location             Delay type                Incr(ns)  Path(ns)    Netlist Resource(s)
  -------------------------------------------------------------------    -------------------
    G4                                                0.000     0.000 r  reset_n (IN)
                         net (fo=0)                   0.000     0.000    reset_n
    G4                   IBUF (Prop_ibuf_I_O)         0.186     0.186 r  reset_n_IBUF_inst/O
                         net (fo=32, routed)          1.830     2.016    datapath/Audio_Codec/initialize_audio/reset_n_IBUF
    SLICE_X161Y122       FDRE                                         r  datapath/Audio_Codec/initialize_audio/msg_reg/CE
  -------------------------------------------------------------------    -------------------

                         (clock clk_out2_clk_wiz_1 rise edge)
                                                      0.000     0.000 r  
    BUFGCTRL_X0Y4        BUFG                         0.000     0.000 r  clk_IBUF_BUFG_inst/O
                         net (fo=85, routed)          0.879     0.879    datapath/Audio_Codec/audiocodec_master_clock/inst/clk_in1
    MMCME2_ADV_X0Y2      MMCME2_ADV (Prop_mmcme2_adv_CLKIN1_CLKOUT1)
                                                     -1.502    -0.624 r  datapath/Audio_Codec/audiocodec_master_clock/inst/mmcm_adv_inst/CLKOUT1
                         net (fo=1, routed)           0.595    -0.029    datapath/Audio_Codec/audiocodec_master_clock/inst/clk_out2_clk_wiz_1
    BUFGCTRL_X0Y2        BUFG (Prop_bufg_I_O)         0.029    -0.000 r  datapath/Audio_Codec/audiocodec_master_clock/inst/clkout2_buf/O
                         net (fo=115, routed)         0.908     0.908    datapath/Audio_Codec/initialize_audio/CLK
    SLICE_X161Y122       FDRE                                         r  datapath/Audio_Codec/initialize_audio/msg_reg/C

Slack:                    inf
  Source:                 reset_n
                            (input port)
  Destination:            datapath/Audio_Codec/initialize_audio/data_i_reg[3]/CE
                            (rising edge-triggered cell FDRE clocked by clk_out2_clk_wiz_1  {rise@0.000ns fall@4.000ns period=8.000ns})
  Path Group:             (none)
  Path Type:              Hold (Min at Fast Process Corner)
  Data Path Delay:        2.074ns  (logic 0.186ns (8.961%)  route 1.889ns (91.039%))
  Logic Levels:           1  (IBUF=1)
  Clock Path Skew:        0.909ns (DCD - SCD - CPR)
    Destination Clock Delay (DCD):    0.909ns
    Source Clock Delay      (SCD):    0.000ns
    Clock Pessimism Removal (CPR):    -0.000ns

    Location             Delay type                Incr(ns)  Path(ns)    Netlist Resource(s)
  -------------------------------------------------------------------    -------------------
    G4                                                0.000     0.000 r  reset_n (IN)
                         net (fo=0)                   0.000     0.000    reset_n
    G4                   IBUF (Prop_ibuf_I_O)         0.186     0.186 r  reset_n_IBUF_inst/O
                         net (fo=32, routed)          1.889     2.074    datapath/Audio_Codec/initialize_audio/reset_n_IBUF
    SLICE_X161Y121       FDRE                                         r  datapath/Audio_Codec/initialize_audio/data_i_reg[3]/CE
  -------------------------------------------------------------------    -------------------

                         (clock clk_out2_clk_wiz_1 rise edge)
                                                      0.000     0.000 r  
    BUFGCTRL_X0Y4        BUFG                         0.000     0.000 r  clk_IBUF_BUFG_inst/O
                         net (fo=85, routed)          0.879     0.879    datapath/Audio_Codec/audiocodec_master_clock/inst/clk_in1
    MMCME2_ADV_X0Y2      MMCME2_ADV (Prop_mmcme2_adv_CLKIN1_CLKOUT1)
                                                     -1.502    -0.624 r  datapath/Audio_Codec/audiocodec_master_clock/inst/mmcm_adv_inst/CLKOUT1
                         net (fo=1, routed)           0.595    -0.029    datapath/Audio_Codec/audiocodec_master_clock/inst/clk_out2_clk_wiz_1
    BUFGCTRL_X0Y2        BUFG (Prop_bufg_I_O)         0.029    -0.000 r  datapath/Audio_Codec/audiocodec_master_clock/inst/clkout2_buf/O
                         net (fo=115, routed)         0.909     0.909    datapath/Audio_Codec/initialize_audio/CLK
    SLICE_X161Y121       FDRE                                         r  datapath/Audio_Codec/initialize_audio/data_i_reg[3]/C

Slack:                    inf
  Source:                 reset_n
                            (input port)
  Destination:            datapath/Audio_Codec/initialize_audio/data_i_reg[4]/CE
                            (rising edge-triggered cell FDRE clocked by clk_out2_clk_wiz_1  {rise@0.000ns fall@4.000ns period=8.000ns})
  Path Group:             (none)
  Path Type:              Hold (Min at Fast Process Corner)
  Data Path Delay:        2.074ns  (logic 0.186ns (8.961%)  route 1.889ns (91.039%))
  Logic Levels:           1  (IBUF=1)
  Clock Path Skew:        0.909ns (DCD - SCD - CPR)
    Destination Clock Delay (DCD):    0.909ns
    Source Clock Delay      (SCD):    0.000ns
    Clock Pessimism Removal (CPR):    -0.000ns

    Location             Delay type                Incr(ns)  Path(ns)    Netlist Resource(s)
  -------------------------------------------------------------------    -------------------
    G4                                                0.000     0.000 r  reset_n (IN)
                         net (fo=0)                   0.000     0.000    reset_n
    G4                   IBUF (Prop_ibuf_I_O)         0.186     0.186 r  reset_n_IBUF_inst/O
                         net (fo=32, routed)          1.889     2.074    datapath/Audio_Codec/initialize_audio/reset_n_IBUF
    SLICE_X161Y121       FDRE                                         r  datapath/Audio_Codec/initialize_audio/data_i_reg[4]/CE
  -------------------------------------------------------------------    -------------------

                         (clock clk_out2_clk_wiz_1 rise edge)
                                                      0.000     0.000 r  
    BUFGCTRL_X0Y4        BUFG                         0.000     0.000 r  clk_IBUF_BUFG_inst/O
                         net (fo=85, routed)          0.879     0.879    datapath/Audio_Codec/audiocodec_master_clock/inst/clk_in1
    MMCME2_ADV_X0Y2      MMCME2_ADV (Prop_mmcme2_adv_CLKIN1_CLKOUT1)
                                                     -1.502    -0.624 r  datapath/Audio_Codec/audiocodec_master_clock/inst/mmcm_adv_inst/CLKOUT1
                         net (fo=1, routed)           0.595    -0.029    datapath/Audio_Codec/audiocodec_master_clock/inst/clk_out2_clk_wiz_1
    BUFGCTRL_X0Y2        BUFG (Prop_bufg_I_O)         0.029    -0.000 r  datapath/Audio_Codec/audiocodec_master_clock/inst/clkout2_buf/O
                         net (fo=115, routed)         0.909     0.909    datapath/Audio_Codec/initialize_audio/CLK
    SLICE_X161Y121       FDRE                                         r  datapath/Audio_Codec/initialize_audio/data_i_reg[4]/C

Slack:                    inf
  Source:                 reset_n
                            (input port)
  Destination:            datapath/Audio_Codec/initialize_audio/data_i_reg[5]/CE
                            (rising edge-triggered cell FDRE clocked by clk_out2_clk_wiz_1  {rise@0.000ns fall@4.000ns period=8.000ns})
  Path Group:             (none)
  Path Type:              Hold (Min at Fast Process Corner)
  Data Path Delay:        2.074ns  (logic 0.186ns (8.961%)  route 1.889ns (91.039%))
  Logic Levels:           1  (IBUF=1)
  Clock Path Skew:        0.909ns (DCD - SCD - CPR)
    Destination Clock Delay (DCD):    0.909ns
    Source Clock Delay      (SCD):    0.000ns
    Clock Pessimism Removal (CPR):    -0.000ns

    Location             Delay type                Incr(ns)  Path(ns)    Netlist Resource(s)
  -------------------------------------------------------------------    -------------------
    G4                                                0.000     0.000 r  reset_n (IN)
                         net (fo=0)                   0.000     0.000    reset_n
    G4                   IBUF (Prop_ibuf_I_O)         0.186     0.186 r  reset_n_IBUF_inst/O
                         net (fo=32, routed)          1.889     2.074    datapath/Audio_Codec/initialize_audio/reset_n_IBUF
    SLICE_X161Y121       FDRE                                         r  datapath/Audio_Codec/initialize_audio/data_i_reg[5]/CE
  -------------------------------------------------------------------    -------------------

                         (clock clk_out2_clk_wiz_1 rise edge)
                                                      0.000     0.000 r  
    BUFGCTRL_X0Y4        BUFG                         0.000     0.000 r  clk_IBUF_BUFG_inst/O
                         net (fo=85, routed)          0.879     0.879    datapath/Audio_Codec/audiocodec_master_clock/inst/clk_in1
    MMCME2_ADV_X0Y2      MMCME2_ADV (Prop_mmcme2_adv_CLKIN1_CLKOUT1)
                                                     -1.502    -0.624 r  datapath/Audio_Codec/audiocodec_master_clock/inst/mmcm_adv_inst/CLKOUT1
                         net (fo=1, routed)           0.595    -0.029    datapath/Audio_Codec/audiocodec_master_clock/inst/clk_out2_clk_wiz_1
    BUFGCTRL_X0Y2        BUFG (Prop_bufg_I_O)         0.029    -0.000 r  datapath/Audio_Codec/audiocodec_master_clock/inst/clkout2_buf/O
                         net (fo=115, routed)         0.909     0.909    datapath/Audio_Codec/initialize_audio/CLK
    SLICE_X161Y121       FDRE                                         r  datapath/Audio_Codec/initialize_audio/data_i_reg[5]/C

Slack:                    inf
  Source:                 reset_n
                            (input port)
  Destination:            datapath/Audio_Codec/initialize_audio/data_i_reg[7]/CE
                            (rising edge-triggered cell FDRE clocked by clk_out2_clk_wiz_1  {rise@0.000ns fall@4.000ns period=8.000ns})
  Path Group:             (none)
  Path Type:              Hold (Min at Fast Process Corner)
  Data Path Delay:        2.074ns  (logic 0.186ns (8.961%)  route 1.889ns (91.039%))
  Logic Levels:           1  (IBUF=1)
  Clock Path Skew:        0.909ns (DCD - SCD - CPR)
    Destination Clock Delay (DCD):    0.909ns
    Source Clock Delay      (SCD):    0.000ns
    Clock Pessimism Removal (CPR):    -0.000ns

    Location             Delay type                Incr(ns)  Path(ns)    Netlist Resource(s)
  -------------------------------------------------------------------    -------------------
    G4                                                0.000     0.000 r  reset_n (IN)
                         net (fo=0)                   0.000     0.000    reset_n
    G4                   IBUF (Prop_ibuf_I_O)         0.186     0.186 r  reset_n_IBUF_inst/O
                         net (fo=32, routed)          1.889     2.074    datapath/Audio_Codec/initialize_audio/reset_n_IBUF
    SLICE_X161Y121       FDRE                                         r  datapath/Audio_Codec/initialize_audio/data_i_reg[7]/CE
  -------------------------------------------------------------------    -------------------

                         (clock clk_out2_clk_wiz_1 rise edge)
                                                      0.000     0.000 r  
    BUFGCTRL_X0Y4        BUFG                         0.000     0.000 r  clk_IBUF_BUFG_inst/O
                         net (fo=85, routed)          0.879     0.879    datapath/Audio_Codec/audiocodec_master_clock/inst/clk_in1
    MMCME2_ADV_X0Y2      MMCME2_ADV (Prop_mmcme2_adv_CLKIN1_CLKOUT1)
                                                     -1.502    -0.624 r  datapath/Audio_Codec/audiocodec_master_clock/inst/mmcm_adv_inst/CLKOUT1
                         net (fo=1, routed)           0.595    -0.029    datapath/Audio_Codec/audiocodec_master_clock/inst/clk_out2_clk_wiz_1
    BUFGCTRL_X0Y2        BUFG (Prop_bufg_I_O)         0.029    -0.000 r  datapath/Audio_Codec/audiocodec_master_clock/inst/clkout2_buf/O
                         net (fo=115, routed)         0.909     0.909    datapath/Audio_Codec/initialize_audio/CLK
    SLICE_X161Y121       FDRE                                         r  datapath/Audio_Codec/initialize_audio/data_i_reg[7]/C

Slack:                    inf
  Source:                 reset_n
                            (input port)
  Destination:            datapath/Audio_Codec/initialize_audio/data_i_reg[2]/CE
                            (rising edge-triggered cell FDRE clocked by clk_out2_clk_wiz_1  {rise@0.000ns fall@4.000ns period=8.000ns})
  Path Group:             (none)
  Path Type:              Hold (Min at Fast Process Corner)
  Data Path Delay:        2.118ns  (logic 0.186ns (8.775%)  route 1.933ns (91.225%))
  Logic Levels:           1  (IBUF=1)
  Clock Path Skew:        0.910ns (DCD - SCD - CPR)
    Destination Clock Delay (DCD):    0.910ns
    Source Clock Delay      (SCD):    0.000ns
    Clock Pessimism Removal (CPR):    -0.000ns

    Location             Delay type                Incr(ns)  Path(ns)    Netlist Resource(s)
  -------------------------------------------------------------------    -------------------
    G4                                                0.000     0.000 r  reset_n (IN)
                         net (fo=0)                   0.000     0.000    reset_n
    G4                   IBUF (Prop_ibuf_I_O)         0.186     0.186 r  reset_n_IBUF_inst/O
                         net (fo=32, routed)          1.933     2.118    datapath/Audio_Codec/initialize_audio/reset_n_IBUF
    SLICE_X160Y120       FDRE                                         r  datapath/Audio_Codec/initialize_audio/data_i_reg[2]/CE
  -------------------------------------------------------------------    -------------------

                         (clock clk_out2_clk_wiz_1 rise edge)
                                                      0.000     0.000 r  
    BUFGCTRL_X0Y4        BUFG                         0.000     0.000 r  clk_IBUF_BUFG_inst/O
                         net (fo=85, routed)          0.879     0.879    datapath/Audio_Codec/audiocodec_master_clock/inst/clk_in1
    MMCME2_ADV_X0Y2      MMCME2_ADV (Prop_mmcme2_adv_CLKIN1_CLKOUT1)
                                                     -1.502    -0.624 r  datapath/Audio_Codec/audiocodec_master_clock/inst/mmcm_adv_inst/CLKOUT1
                         net (fo=1, routed)           0.595    -0.029    datapath/Audio_Codec/audiocodec_master_clock/inst/clk_out2_clk_wiz_1
    BUFGCTRL_X0Y2        BUFG (Prop_bufg_I_O)         0.029    -0.000 r  datapath/Audio_Codec/audiocodec_master_clock/inst/clkout2_buf/O
                         net (fo=115, routed)         0.910     0.910    datapath/Audio_Codec/initialize_audio/CLK
    SLICE_X160Y120       FDRE                                         r  datapath/Audio_Codec/initialize_audio/data_i_reg[2]/C





